scenario,species,year,B,peel,cutoff
baseline,ANC,1971,338.33161240935226,0,2023
baseline,ANC,1972,338.33161240935226,0,2023
baseline,ANC,1973,338.33161240935226,0,2023
baseline,ANC,1974,338.33161240935226,0,2023
baseline,ANC,1975,338.33161240935226,0,2023
baseline,ANC,1976,338.33161240935226,0,2023
baseline,ANC,1977,338.33161240935226,0,2023
baseline,ANC,1978,338.33161240935226,0,2023
baseline,ANC,1979,338.33161240935226,0,2023
baseline,ANC,1980,338.33161240935226,0,2023
baseline,ANC,1981,338.33161240935226,0,2023
baseline,ANC,1982,338.33161240935226,0,2023
baseline,ANC,1983,338.33161240935226,0,2023
baseline,ANC,1984,338.33161240935226,0,2023
baseline,ANC,1985,338.33161240935226,0,2023
baseline,ANC,1986,338.33161240935226,0,2023
baseline,ANC,1987,338.33161240935226,0,2023
baseline,ANC,1988,338.33161240935226,0,2023
baseline,ANC,1989,338.33161240935226,0,2023
baseline,ANC,1990,338.33161240935226,0,2023
baseline,ANC,1991,338.33161240935226,0,2023
baseline,ANC,1992,338.33161240935226,0,2023
baseline,ANC,1993,338.33161240935226,0,2023
baseline,ANC,1994,338.33161240935226,0,2023
baseline,ANC,1995,338.33161240935226,0,2023
baseline,ANC,1996,338.33161240935226,0,2023
baseline,ANC,1997,338.33161240935226,0,2023
baseline,ANC,1998,338.33161240935226,0,2023
baseline,ANC,1999,338.33161240935226,0,2023
baseline,ANC,2000,338.33161240935226,0,2023
baseline,ANC,2001,338.33161240935226,0,2023
baseline,ANC,2002,335.73608332955195,0,2023
baseline,ANC,2003,317.64641881449296,0,2023
baseline,ANC,2004,275.0090770584071,0,2023
baseline,ANC,2005,268.7872163187998,0,2023
baseline,ANC,2006,250.53636544318724,0,2023
baseline,ANC,2007,239.01615598861534,0,2023
baseline,ANC,2008,238.36303527686727,0,2023
baseline,ANC,2009,231.2328910101881,0,2023
baseline,ANC,2010,231.4158478001761,0,2023
baseline,ANC,2011,239.25589271396962,0,2023
baseline,ANC,2012,244.17606201296627,0,2023
baseline,ANC,2013,281.03601012628536,0,2023
baseline,ANC,2014,333.73753502520145,0,2023
baseline,ANC,2015,384.3815842056963,0,2023
baseline,ANC,2016,440.5894888706608,0,2023
baseline,ANC,2017,446.09540303696735,0,2023
baseline,ANC,2018,488.106528614037,0,2023
baseline,ANC,2019,547.9703382462095,0,2023
baseline,ANC,2020,604.8733378185668,0,2023
baseline,ANC,2021,682.9513131751277,0,2023
baseline,ANC,2022,762.7610086424746,0,2023
baseline,ANC,2023,832.2922676792479,0,2023
baseline,CMA,1971,497.64607549993474,0,2023
baseline,CMA,1972,493.7818530563149,0,2023
baseline,CMA,1973,490.3777291495382,0,2023
baseline,CMA,1974,485.3857101480427,0,2023
baseline,CMA,1975,477.2109272076377,0,2023
baseline,CMA,1976,465.1191501734941,0,2023
baseline,CMA,1977,450.4622260037009,0,2023
baseline,CMA,1978,430.1656765768718,0,2023
baseline,CMA,1979,418.15170566429936,0,2023
baseline,CMA,1980,404.84130468493106,0,2023
baseline,CMA,1981,395.01718884185243,0,2023
baseline,CMA,1982,384.0934631715513,0,2023
baseline,CMA,1983,374.4621744582602,0,2023
baseline,CMA,1984,365.4809095213878,0,2023
baseline,CMA,1985,351.29553191133266,0,2023
baseline,CMA,1986,342.6298724699245,0,2023
baseline,CMA,1987,328.2247235773965,0,2023
baseline,CMA,1988,315.6152442404789,0,2023
baseline,CMA,1989,296.2136024277204,0,2023
baseline,CMA,1990,286.8684300248237,0,2023
baseline,CMA,1991,269.1875898908222,0,2023
baseline,CMA,1992,268.072878094462,0,2023
baseline,CMA,1993,263.52436253805513,0,2023
baseline,CMA,1994,257.5611329555315,0,2023
baseline,CMA,1995,251.76994583993584,0,2023
baseline,CMA,1996,243.8706610837138,0,2023
baseline,CMA,1997,241.4679599478168,0,2023
baseline,CMA,1998,239.23402529962854,0,2023
baseline,CMA,1999,234.87679397608167,0,2023
baseline,CMA,2000,227.72164673331372,0,2023
baseline,CMA,2001,225.86762112070585,0,2023
baseline,CMA,2002,223.49798285700248,0,2023
baseline,CMA,2003,218.13798463364037,0,2023
baseline,CMA,2004,209.1704673919376,0,2023
baseline,CMA,2005,200.20959661168888,0,2023
baseline,CMA,2006,192.40341416075694,0,2023
baseline,CMA,2007,186.9528808954785,0,2023
baseline,CMA,2008,181.98477659440155,0,2023
baseline,CMA,2009,176.36918895407652,0,2023
baseline,CMA,2010,170.1940865532918,0,2023
baseline,CMA,2011,162.2214809447635,0,2023
baseline,CMA,2012,155.22447334044014,0,2023
baseline,CMA,2013,149.49779063364048,0,2023
baseline,CMA,2014,143.1817081213918,0,2023
baseline,CMA,2015,136.21245707102975,0,2023
baseline,CMA,2016,117.91014961601756,0,2023
baseline,CMA,2017,105.85425989553791,0,2023
baseline,CMA,2018,93.75312066093021,0,2023
baseline,CMA,2019,85.86547951928718,0,2023
baseline,CMA,2020,76.71362878337202,0,2023
baseline,CMA,2021,72.19023840585376,0,2023
baseline,CMA,2022,68.01384289194273,0,2023
baseline,CMA,2023,65.49838497875626,0,2023
baseline,DMF,1971,446.7122256751527,0,2023
baseline,DMF,1972,449.5229981459507,0,2023
baseline,DMF,1973,434.8453075019447,0,2023
baseline,DMF,1974,403.94215498886956,0,2023
baseline,DMF,1975,390.29489859234513,0,2023
baseline,DMF,1976,380.09618403536336,0,2023
baseline,DMF,1977,361.7692491542622,0,2023
baseline,DMF,1978,334.24451548144674,0,2023
baseline,DMF,1979,315.2775926788108,0,2023
baseline,DMF,1980,298.5227433338224,0,2023
baseline,DMF,1981,288.763349803592,0,2023
baseline,DMF,1982,277.74535006348935,0,2023
baseline,DMF,1983,269.83423142395435,0,2023
baseline,DMF,1984,258.68419823017996,0,2023
baseline,DMF,1985,253.04439193578222,0,2023
baseline,DMF,1986,247.05805689303952,0,2023
baseline,DMF,1987,232.33183098580926,0,2023
baseline,DMF,1988,218.16635032690922,0,2023
baseline,DMF,1989,208.89120452926844,0,2023
baseline,DMF,1990,204.9892747247707,0,2023
baseline,DMF,1991,199.4019759737771,0,2023
baseline,DMF,1992,200.30322654686813,0,2023
baseline,DMF,1993,201.72191405041988,0,2023
baseline,DMF,1994,200.21379001000076,0,2023
baseline,DMF,1995,194.48336259240455,0,2023
baseline,DMF,1996,188.2591866254873,0,2023
baseline,DMF,1997,184.62464014498124,0,2023
baseline,DMF,1998,179.20959797157303,0,2023
baseline,DMF,1999,167.13270262501808,0,2023
baseline,DMF,2000,161.1035053979947,0,2023
baseline,DMF,2001,159.1932960290479,0,2023
baseline,DMF,2002,158.0913749456469,0,2023
baseline,DMF,2003,156.4197396722939,0,2023
baseline,DMF,2004,152.4996481209439,0,2023
baseline,DMF,2005,153.68069005888026,0,2023
baseline,DMF,2006,155.0042405830019,0,2023
baseline,DMF,2007,158.46120177863614,0,2023
baseline,DMF,2008,165.4446975713241,0,2023
baseline,DMF,2009,171.21206754640147,0,2023
baseline,DMF,2010,173.56785866510504,0,2023
baseline,DMF,2011,170.97775541215833,0,2023
baseline,DMF,2012,174.15499747176173,0,2023
baseline,DMF,2013,184.48774410531882,0,2023
baseline,DMF,2014,189.55262926962192,0,2023
baseline,DMF,2015,195.2600456701496,0,2023
baseline,DMF,2016,198.85682472981122,0,2023
baseline,DMF,2017,201.15046205782724,0,2023
baseline,DMF,2018,194.34495820310582,0,2023
baseline,DMF,2019,186.94570158968523,0,2023
baseline,DMF,2020,176.9714111657277,0,2023
baseline,DMF,2021,176.4339090960062,0,2023
baseline,DMF,2022,177.07352231552935,0,2023
baseline,DMF,2023,179.52746652595695,0,2023
baseline,LPF,1971,953.6356651412267,0,2023
baseline,LPF,1972,931.2093039905834,0,2023
baseline,LPF,1973,916.4419588143444,0,2023
baseline,LPF,1974,896.795198972845,0,2023
baseline,LPF,1975,871.5314118294951,0,2023
baseline,LPF,1976,837.0110529725856,0,2023
baseline,LPF,1977,797.3149756165396,0,2023
baseline,LPF,1978,749.5485129059095,0,2023
baseline,LPF,1979,722.3292443009719,0,2023
baseline,LPF,1980,694.3872491201249,0,2023
baseline,LPF,1981,670.4560861697549,0,2023
baseline,LPF,1982,646.0210336394277,0,2023
baseline,LPF,1983,624.0447655336685,0,2023
baseline,LPF,1984,602.5957321048987,0,2023
baseline,LPF,1985,574.0424120049071,0,2023
baseline,LPF,1986,555.0025098960746,0,2023
baseline,LPF,1987,528.685165371804,0,2023
baseline,LPF,1988,507.59078463548803,0,2023
baseline,LPF,1989,475.2690564155378,0,2023
baseline,LPF,1990,457.36666802933604,0,2023
baseline,LPF,1991,430.5897587924891,0,2023
baseline,LPF,1992,430.8383935416499,0,2023
baseline,LPF,1993,425.83447351643605,0,2023
baseline,LPF,1994,421.054783841071,0,2023
baseline,LPF,1995,416.32738831145133,0,2023
baseline,LPF,1996,409.95991322975897,0,2023
baseline,LPF,1997,413.9586805987397,0,2023
baseline,LPF,1998,417.8170163716683,0,2023
baseline,LPF,1999,416.3651462733177,0,2023
baseline,LPF,2000,411.1227009897561,0,2023
baseline,LPF,2001,412.8970365818223,0,2023
baseline,LPF,2002,411.6088892501294,0,2023
baseline,LPF,2003,407.83207650052,0,2023
baseline,LPF,2004,401.6530811133815,0,2023
baseline,LPF,2005,395.8070489960628,0,2023
baseline,LPF,2006,392.6849747555479,0,2023
baseline,LPF,2007,391.4465381631487,0,2023
baseline,LPF,2008,389.93637985542233,0,2023
baseline,LPF,2009,388.10615791198893,0,2023
baseline,LPF,2010,384.9738143107051,0,2023
baseline,LPF,2011,380.7135447545109,0,2023
baseline,LPF,2012,376.7062277807512,0,2023
baseline,LPF,2013,374.9355257837468,0,2023
baseline,LPF,2014,369.66930514044725,0,2023
baseline,LPF,2015,364.7702628066536,0,2023
baseline,LPF,2016,344.1177219349155,0,2023
baseline,LPF,2017,328.30769558984224,0,2023
baseline,LPF,2018,311.54487049436443,0,2023
baseline,LPF,2019,300.1469164939388,0,2023
baseline,LPF,2020,284.13209189275,0,2023
baseline,LPF,2021,265.06863386078425,0,2023
baseline,LPF,2022,251.57008938463886,0,2023
baseline,LPF,2023,246.0970824823659,0,2023
baseline,MPF,1971,449.5812897794483,0,2023
baseline,MPF,1972,452.40535552759815,0,2023
baseline,MPF,1973,442.26669765566714,0,2023
baseline,MPF,1974,429.40188611198147,0,2023
baseline,MPF,1975,424.4028591078651,0,2023
baseline,MPF,1976,403.90994060130964,0,2023
baseline,MPF,1977,389.33621702612623,0,2023
baseline,MPF,1978,358.9771000640866,0,2023
baseline,MPF,1979,344.8505682079885,0,2023
baseline,MPF,1980,332.9712468306075,0,2023
baseline,MPF,1981,333.2289438686225,0,2023
baseline,MPF,1982,328.93557801185756,0,2023
baseline,MPF,1983,327.7928906252548,0,2023
baseline,MPF,1984,323.7228317449522,0,2023
baseline,MPF,1985,301.54462597091697,0,2023
baseline,MPF,1986,297.4417764724595,0,2023
baseline,MPF,1987,280.1828288185416,0,2023
baseline,MPF,1988,269.5468068627542,0,2023
baseline,MPF,1989,247.10959411175028,0,2023
baseline,MPF,1990,248.05815544384888,0,2023
baseline,MPF,1991,236.58387516461747,0,2023
baseline,MPF,1992,257.8204543199604,0,2023
baseline,MPF,1993,266.66782504324703,0,2023
baseline,MPF,1994,268.5783670404522,0,2023
baseline,MPF,1995,272.28754605924354,0,2023
baseline,MPF,1996,264.8219517721764,0,2023
baseline,MPF,1997,273.61570006370306,0,2023
baseline,MPF,1998,280.24786311270003,0,2023
baseline,MPF,1999,279.6232369469894,0,2023
baseline,MPF,2000,270.9104344000953,0,2023
baseline,MPF,2001,278.62493526178633,0,2023
baseline,MPF,2002,277.8607260670266,0,2023
baseline,MPF,2003,265.1400532234093,0,2023
baseline,MPF,2004,246.5605449473327,0,2023
baseline,MPF,2005,227.23401711281593,0,2023
baseline,MPF,2006,217.05833603905683,0,2023
baseline,MPF,2007,215.12138469696984,0,2023
baseline,MPF,2008,213.5746330659256,0,2023
baseline,MPF,2009,210.26453239340213,0,2023
baseline,MPF,2010,201.97722633832706,0,2023
baseline,MPF,2011,194.85568523510298,0,2023
baseline,MPF,2012,187.8516807776129,0,2023
baseline,MPF,2013,185.27675981739966,0,2023
baseline,MPF,2014,178.24338611951174,0,2023
baseline,MPF,2015,169.09536095026854,0,2023
baseline,MPF,2016,136.6909177808866,0,2023
baseline,MPF,2017,122.13038783550124,0,2023
baseline,MPF,2018,114.26793445023084,0,2023
baseline,MPF,2019,110.85381450270546,0,2023
baseline,MPF,2020,105.4782140319112,0,2023
baseline,MPF,2021,109.19995011519929,0,2023
baseline,MPF,2022,113.28424141809174,0,2023
baseline,MPF,2023,116.10828611210867,0,2023
baseline,NTU,1971,64.95628038677934,0,2023
baseline,NTU,1972,75.16919502899687,0,2023
baseline,NTU,1973,76.57760324671256,0,2023
baseline,NTU,1974,75.26948480992858,0,2023
baseline,NTU,1975,74.10438666071114,0,2023
baseline,NTU,1976,69.53280362862554,0,2023
baseline,NTU,1977,65.78069963423191,0,2023
baseline,NTU,1978,57.69164488575331,0,2023
baseline,NTU,1979,56.421568606661594,0,2023
baseline,NTU,1980,55.14389015586487,0,2023
baseline,NTU,1981,56.950017132118916,0,2023
baseline,NTU,1982,55.60952378734238,0,2023
baseline,NTU,1983,54.66136152707536,0,2023
baseline,NTU,1984,52.18293935902817,0,2023
baseline,NTU,1985,45.58679227657972,0,2023
baseline,NTU,1986,46.41635388071902,0,2023
baseline,NTU,1987,42.624707065749426,0,2023
baseline,NTU,1988,41.45730432603325,0,2023
baseline,NTU,1989,36.71081242190204,0,2023
baseline,NTU,1990,39.2318428401044,0,2023
baseline,NTU,1991,35.24108804235538,0,2023
baseline,NTU,1992,42.6269933053873,0,2023
baseline,NTU,1993,41.71523160574005,0,2023
baseline,NTU,1994,39.29098361931881,0,2023
baseline,NTU,1995,38.25114816618637,0,2023
baseline,NTU,1996,35.22702474455287,0,2023
baseline,NTU,1997,38.1390539228402,0,2023
baseline,NTU,1998,38.07340930678537,0,2023
baseline,NTU,1999,35.76147756130978,0,2023
baseline,NTU,2000,31.962146238495965,0,2023
baseline,NTU,2001,32.63721181335193,0,2023
baseline,NTU,2002,32.08039884589043,0,2023
baseline,NTU,2003,29.40211614156468,0,2023
baseline,NTU,2004,27.380470810211992,0,2023
baseline,NTU,2005,26.42631956897543,0,2023
baseline,NTU,2006,25.746374599960937,0,2023
baseline,NTU,2007,25.838470516082577,0,2023
baseline,NTU,2008,25.957528137270618,0,2023
baseline,NTU,2009,25.163720035746515,0,2023
baseline,NTU,2010,24.93206333390188,0,2023
baseline,NTU,2011,24.630768327681494,0,2023
baseline,NTU,2012,25.10146274105944,0,2023
baseline,NTU,2013,25.634993723766947,0,2023
baseline,NTU,2014,25.874040081542223,0,2023
baseline,NTU,2015,26.018648054607784,0,2023
baseline,NTU,2016,26.201717642340213,0,2023
baseline,NTU,2017,26.79192975488094,0,2023
baseline,NTU,2018,26.571264189817867,0,2023
baseline,NTU,2019,26.282073042428586,0,2023
baseline,NTU,2020,26.8483152511991,0,2023
baseline,NTU,2021,27.974489498548728,0,2023
baseline,NTU,2022,28.240001069604848,0,2023
baseline,NTU,2023,27.897638639796387,0,2023
baseline,SAR,1971,205.05841783466443,0,2023
baseline,SAR,1972,205.05841783466443,0,2023
baseline,SAR,1973,237.85377644661736,0,2023
baseline,SAR,1974,262.1913148322074,0,2023
baseline,SAR,1975,271.2376034856256,0,2023
baseline,SAR,1976,263.4892256107165,0,2023
baseline,SAR,1977,245.59018527038748,0,2023
baseline,SAR,1978,215.0915857190776,0,2023
baseline,SAR,1979,218.38124782628176,0,2023
baseline,SAR,1980,209.23987181064348,0,2023
baseline,SAR,1981,205.04292852633205,0,2023
baseline,SAR,1982,189.41203356810442,0,2023
baseline,SAR,1983,179.91492164270412,0,2023
baseline,SAR,1984,166.05216760022677,0,2023
baseline,SAR,1985,140.52313772941892,0,2023
baseline,SAR,1986,138.50759575554108,0,2023
baseline,SAR,1987,122.2248666789047,0,2023
baseline,SAR,1988,114.35601142710641,0,2023
baseline,SAR,1989,97.77955177266249,0,2023
baseline,SAR,1990,96.69726527044523,0,2023
baseline,SAR,1991,83.20288918039168,0,2023
baseline,SAR,1992,97.23131834266697,0,2023
baseline,SAR,1993,92.36694667985778,0,2023
baseline,SAR,1994,91.20993755347888,0,2023
baseline,SAR,1995,88.89276661426626,0,2023
baseline,SAR,1996,84.07297991219052,0,2023
baseline,SAR,1997,90.61849785935169,0,2023
baseline,SAR,1998,90.94061323786688,0,2023
baseline,SAR,1999,83.39355129780165,0,2023
baseline,SAR,2000,75.28728073342002,0,2023
baseline,SAR,2001,73.63744980119269,0,2023
baseline,SAR,2002,70.01385012911362,0,2023
baseline,SAR,2003,66.28645470041728,0,2023
baseline,SAR,2004,58.31047316094121,0,2023
baseline,SAR,2005,60.15089764258195,0,2023
baseline,SAR,2006,62.363324635939755,0,2023
baseline,SAR,2007,67.26134239954834,0,2023
baseline,SAR,2008,72.50715144794964,0,2023
baseline,SAR,2009,77.07372100332113,0,2023
baseline,SAR,2010,81.40452444182498,0,2023
baseline,SAR,2011,84.9314500171302,0,2023
baseline,SAR,2012,86.44665086907828,0,2023
baseline,SAR,2013,89.78655221409802,0,2023
baseline,SAR,2014,92.62128130697944,0,2023
baseline,SAR,2015,94.98683407888738,0,2023
baseline,SAR,2016,98.57201854096307,0,2023
baseline,SAR,2017,105.75518332996634,0,2023
baseline,SAR,2018,110.57373702796772,0,2023
baseline,SAR,2019,116.06358309344168,0,2023
baseline,SAR,2020,117.50421425977646,0,2023
baseline,SAR,2021,124.84110965657531,0,2023
baseline,SAR,2022,129.3376386646238,0,2023
baseline,SAR,2023,127.66512598265928,0,2023
baseline,SCP,1971,256.1922330661528,0,2023
baseline,SCP,1972,256.1922330661528,0,2023
baseline,SCP,1973,256.1922330661528,0,2023
baseline,SCP,1974,256.1922330661528,0,2023
baseline,SCP,1975,256.1922330661528,0,2023
baseline,SCP,1976,257.76313913702927,0,2023
baseline,SCP,1977,249.28681364091295,0,2023
baseline,SCP,1978,224.18702730547793,0,2023
baseline,SCP,1979,221.34524704344219,0,2023
baseline,SCP,1980,210.70928249122798,0,2023
baseline,SCP,1981,205.78358421832525,0,2023
baseline,SCP,1982,196.7191642436281,0,2023
baseline,SCP,1983,189.35033208805663,0,2023
baseline,SCP,1984,182.8936004351648,0,2023
baseline,SCP,1985,168.28854744643758,0,2023
baseline,SCP,1986,162.92055773082777,0,2023
baseline,SCP,1987,149.4493307177274,0,2023
baseline,SCP,1988,138.191785502271,0,2023
baseline,SCP,1989,118.27806484584056,0,2023
baseline,SCP,1990,110.9365998739174,0,2023
baseline,SCP,1991,95.12012109947894,0,2023
baseline,SCP,1992,97.45636150848841,0,2023
baseline,SCP,1993,96.04581993990381,0,2023
baseline,SCP,1994,95.03943541802441,0,2023
baseline,SCP,1995,93.96544274536535,0,2023
baseline,SCP,1996,92.23663708707693,0,2023
baseline,SCP,1997,98.17382131388595,0,2023
baseline,SCP,1998,103.91279073492325,0,2023
baseline,SCP,1999,107.89585418033009,0,2023
baseline,SCP,2000,107.13128262441323,0,2023
baseline,SCP,2001,111.633720369865,0,2023
baseline,SCP,2002,114.7151697563242,0,2023
baseline,SCP,2003,115.48492142000194,0,2023
baseline,SCP,2004,112.82993944761907,0,2023
baseline,SCP,2005,110.77181485098978,0,2023
baseline,SCP,2006,110.44707360169772,0,2023
baseline,SCP,2007,111.15641837569984,0,2023
baseline,SCP,2008,111.48688361760436,0,2023
baseline,SCP,2009,112.00204562741526,0,2023
baseline,SCP,2010,112.16977321426515,0,2023
baseline,SCP,2011,112.19435976898355,0,2023
baseline,SCP,2012,111.04267324422239,0,2023
baseline,SCP,2013,110.58286240951796,0,2023
baseline,SCP,2014,108.80779244881438,0,2023
baseline,SCP,2015,106.67481140330587,0,2023
baseline,SCP,2016,91.73860235903759,0,2023
baseline,SCP,2017,87.28582622867529,0,2023
baseline,SCP,2018,86.80886617691078,0,2023
baseline,SCP,2019,86.25501142179644,0,2023
baseline,SCP,2020,85.56367402468312,0,2023
baseline,SCP,2021,86.26347763630575,0,2023
baseline,SCP,2022,87.57540483008688,0,2023
baseline,SCP,2023,90.79646941255774,0,2023
baseline,ANC,1971,333.69797758603386,1,2022
baseline,ANC,1972,333.69797758603386,1,2022
baseline,ANC,1973,333.69797758603386,1,2022
baseline,ANC,1974,333.69797758603386,1,2022
baseline,ANC,1975,333.69797758603386,1,2022
baseline,ANC,1976,333.69797758603386,1,2022
baseline,ANC,1977,333.69797758603386,1,2022
baseline,ANC,1978,333.69797758603386,1,2022
baseline,ANC,1979,333.69797758603386,1,2022
baseline,ANC,1980,333.69797758603386,1,2022
baseline,ANC,1981,333.69797758603386,1,2022
baseline,ANC,1982,333.69797758603386,1,2022
baseline,ANC,1983,333.69797758603386,1,2022
baseline,ANC,1984,333.69797758603386,1,2022
baseline,ANC,1985,333.69797758603386,1,2022
baseline,ANC,1986,333.69797758603386,1,2022
baseline,ANC,1987,333.69797758603386,1,2022
baseline,ANC,1988,333.69797758603386,1,2022
baseline,ANC,1989,333.69797758603386,1,2022
baseline,ANC,1990,333.69797758603386,1,2022
baseline,ANC,1991,333.69797758603386,1,2022
baseline,ANC,1992,333.69797758603386,1,2022
baseline,ANC,1993,333.69797758603386,1,2022
baseline,ANC,1994,333.69797758603386,1,2022
baseline,ANC,1995,333.69797758603386,1,2022
baseline,ANC,1996,333.69797758603386,1,2022
baseline,ANC,1997,333.69797758603386,1,2022
baseline,ANC,1998,333.69797758603386,1,2022
baseline,ANC,1999,333.69797758603386,1,2022
baseline,ANC,2000,333.69797758603386,1,2022
baseline,ANC,2001,333.69797758603386,1,2022
baseline,ANC,2002,331.43095434268236,1,2022
baseline,ANC,2003,313.6390753858626,1,2022
baseline,ANC,2004,271.2657442089046,1,2022
baseline,ANC,2005,264.8043279466759,1,2022
baseline,ANC,2006,246.31159170347473,1,2022
baseline,ANC,2007,234.40283890054152,1,2022
baseline,ANC,2008,233.19196664006554,1,2022
baseline,ANC,2009,225.44331205017045,1,2022
baseline,ANC,2010,224.90235727733855,1,2022
baseline,ANC,2011,231.90794209749495,1,2022
baseline,ANC,2012,235.92518856048608,1,2022
baseline,ANC,2013,271.37966920983877,1,2022
baseline,ANC,2014,322.7312347455807,1,2022
baseline,ANC,2015,372.31029215559204,1,2022
baseline,ANC,2016,428.01962900645054,1,2022
baseline,ANC,2017,435.19358618549273,1,2022
baseline,ANC,2018,477.9898028347694,1,2022
baseline,ANC,2019,538.6047548500833,1,2022
baseline,ANC,2020,596.3438366985569,1,2022
baseline,ANC,2021,675.8501890893485,1,2022
baseline,ANC,2022,757.7004038870406,1,2022
baseline,CMA,1971,488.7972497610952,1,2022
baseline,CMA,1972,484.73648154287264,1,2022
baseline,CMA,1973,481.2031119044462,1,2022
baseline,CMA,1974,476.07600373866234,1,2022
baseline,CMA,1975,467.753472875134,1,2022
baseline,CMA,1976,455.4510175314863,1,2022
baseline,CMA,1977,440.6211975640962,1,2022
baseline,CMA,1978,420.12887184510396,1,2022
baseline,CMA,1979,408.03760099658604,1,2022
baseline,CMA,1980,394.6867027578361,1,2022
baseline,CMA,1981,384.8824850706432,1,2022
baseline,CMA,1982,373.9961861182223,1,2022
baseline,CMA,1983,364.4248522142915,1,2022
baseline,CMA,1984,355.51621429539637,1,2022
baseline,CMA,1985,341.4100507978463,1,2022
baseline,CMA,1986,332.83538905605315,1,2022
baseline,CMA,1987,318.55976035137587,1,2022
baseline,CMA,1988,306.08556254777,1,2022
baseline,CMA,1989,286.8841546548051,1,2022
baseline,CMA,1990,277.67064268667764,1,2022
baseline,CMA,1991,260.2220693743559,1,2022
baseline,CMA,1992,259.1498999981541,1,2022
baseline,CMA,1993,254.71729786461364,1,2022
baseline,CMA,1994,248.88689484342632,1,2022
baseline,CMA,1995,243.2236909417915,1,2022
baseline,CMA,1996,235.48472528353165,1,2022
baseline,CMA,1997,233.12530231454892,1,2022
baseline,CMA,1998,230.95759264698856,1,2022
baseline,CMA,1999,226.70891908402578,1,2022
baseline,CMA,2000,219.73152314402262,1,2022
baseline,CMA,2001,217.94627763035308,1,2022
baseline,CMA,2002,215.6359004885022,1,2022
baseline,CMA,2003,210.42239774385325,1,2022
baseline,CMA,2004,201.64099953073477,1,2022
baseline,CMA,2005,192.9157892069517,1,2022
baseline,CMA,2006,185.26108796989288,1,2022
baseline,CMA,2007,179.94168557668442,1,2022
baseline,CMA,2008,175.12737022099958,1,2022
baseline,CMA,2009,169.67389046786835,1,2022
baseline,CMA,2010,163.66997249336782,1,2022
baseline,CMA,2011,155.93525972947242,1,2022
baseline,CMA,2012,149.17033595849122,1,2022
baseline,CMA,2013,143.6598061010965,1,2022
baseline,CMA,2014,137.5863056012263,1,2022
baseline,CMA,2015,130.92383981591877,1,2022
baseline,CMA,2016,113.28622888494235,1,2022
baseline,CMA,2017,101.83557983357235,1,2022
baseline,CMA,2018,90.16875210300589,1,2022
baseline,CMA,2019,82.55707542330337,1,2022
baseline,CMA,2020,73.71838589875237,1,2022
baseline,CMA,2021,69.2659664273779,1,2022
baseline,CMA,2022,65.1810058102163,1,2022
baseline,DMF,1971,443.2184172651559,1,2022
baseline,DMF,1972,446.04652257982667,1,2022
baseline,DMF,1973,431.28345053320083,1,2022
baseline,DMF,1974,400.12762501886874,1,2022
baseline,DMF,1975,386.37474903167646,1,2022
baseline,DMF,1976,376.3707705733777,1,2022
baseline,DMF,1977,358.1929047469269,1,2022
baseline,DMF,1978,330.73067485825237,1,2022
baseline,DMF,1979,311.8888849402735,1,2022
baseline,DMF,1980,295.21952392344434,1,2022
baseline,DMF,1981,285.54384423283045,1,2022
baseline,DMF,1982,274.5601197968927,1,2022
baseline,DMF,1983,266.6714402011111,1,2022
baseline,DMF,1984,255.52865262645176,1,2022
baseline,DMF,1985,249.9107042214517,1,2022
baseline,DMF,1986,244.0011553582406,1,2022
baseline,DMF,1987,229.324889922947,1,2022
baseline,DMF,1988,215.22708153213216,1,2022
baseline,DMF,1989,205.99604781973474,1,2022
baseline,DMF,1990,202.16058994872287,1,2022
baseline,DMF,1991,196.6129116182177,1,2022
baseline,DMF,1992,197.56105698787192,1,2022
baseline,DMF,1993,198.96139591327207,1,2022
baseline,DMF,1994,197.46100839370413,1,2022
baseline,DMF,1995,191.78081469717787,1,2022
baseline,DMF,1996,185.6066118219,1,2022
baseline,DMF,1997,182.029106570754,1,2022
baseline,DMF,1998,176.65186773755704,1,2022
baseline,DMF,1999,164.63968070550754,1,2022
baseline,DMF,2000,158.64822430559573,1,2022
baseline,DMF,2001,156.77266530156638,1,2022
baseline,DMF,2002,155.81446779598622,1,2022
baseline,DMF,2003,154.30513039038564,1,2022
baseline,DMF,2004,150.59088074174355,1,2022
baseline,DMF,2005,151.9734582618551,1,2022
baseline,DMF,2006,153.50600505290103,1,2022
baseline,DMF,2007,157.20276932707645,1,2022
baseline,DMF,2008,164.44613265388804,1,2022
baseline,DMF,2009,170.515731900787,1,2022
baseline,DMF,2010,173.2130751619963,1,2022
baseline,DMF,2011,170.98919803969216,1,2022
baseline,DMF,2012,174.56331705480787,1,2022
baseline,DMF,2013,185.3439309426488,1,2022
baseline,DMF,2014,190.8962533636211,1,2022
baseline,DMF,2015,197.16054173196682,1,2022
baseline,DMF,2016,201.37822236250838,1,2022
baseline,DMF,2017,204.42663395711585,1,2022
baseline,DMF,2018,198.2494914473008,1,2022
baseline,DMF,2019,191.34440343111106,1,2022
baseline,DMF,2020,181.85682980533673,1,2022
baseline,DMF,2021,181.8082453870965,1,2022
baseline,DMF,2022,183.01029154864918,1,2022
baseline,LPF,1971,939.8019468527516,1,2022
baseline,LPF,1972,917.308607940829,1,2022
baseline,LPF,1973,902.6299142085339,1,2022
baseline,LPF,1974,883.2208277635604,1,2022
baseline,LPF,1975,858.3268646162919,1,2022
baseline,LPF,1976,824.3715102783838,1,2022
baseline,LPF,1977,785.3828407078939,1,2022
baseline,LPF,1978,738.4985403701486,1,2022
baseline,LPF,1979,711.9502044207437,1,2022
baseline,LPF,1980,684.7041983337903,1,2022
baseline,LPF,1981,661.4141014188539,1,2022
baseline,LPF,1982,637.6398921854334,1,2022
baseline,LPF,1983,616.2634126175151,1,2022
baseline,LPF,1984,595.3711716732337,1,2022
baseline,LPF,1985,567.4046684932223,1,2022
baseline,LPF,1986,548.8040499032227,1,2022
baseline,LPF,1987,522.9877515584983,1,2022
baseline,LPF,1988,502.30476048711984,1,2022
baseline,LPF,1989,470.4339430684143,1,2022
baseline,LPF,1990,452.80389776503654,1,2022
baseline,LPF,1991,426.3787560072106,1,2022
baseline,LPF,1992,426.75435644790207,1,2022
baseline,LPF,1993,421.95890563447455,1,2022
baseline,LPF,1994,417.36048038259634,1,2022
baseline,LPF,1995,412.7876344816445,1,2022
baseline,LPF,1996,406.55245260786717,1,2022
baseline,LPF,1997,410.58917782307174,1,2022
baseline,LPF,1998,414.4946428665722,1,2022
baseline,LPF,1999,413.0805539305152,1,2022
baseline,LPF,2000,407.8801423642516,1,2022
baseline,LPF,2001,409.6306369749207,1,2022
baseline,LPF,2002,408.28061889195925,1,2022
baseline,LPF,2003,404.4433672730309,1,2022
baseline,LPF,2004,398.18338453156275,1,2022
baseline,LPF,2005,392.2348481141822,1,2022
baseline,LPF,2006,388.9919855354378,1,2022
baseline,LPF,2007,387.6288196812863,1,2022
baseline,LPF,2008,386.00817974007975,1,2022
baseline,LPF,2009,384.0676094696071,1,2022
baseline,LPF,2010,380.8049089243686,1,2022
baseline,LPF,2011,376.41648720093906,1,2022
baseline,LPF,2012,372.321573215871,1,2022
baseline,LPF,2013,370.48147715538414,1,2022
baseline,LPF,2014,365.14806220081374,1,2022
baseline,LPF,2015,360.20107920368963,1,2022
baseline,LPF,2016,339.69356718311485,1,2022
baseline,LPF,2017,323.87283766891466,1,2022
baseline,LPF,2018,306.88328350396324,1,2022
baseline,LPF,2019,295.2398685411604,1,2022
baseline,LPF,2020,278.98998588343903,1,2022
baseline,LPF,2021,259.67469816946243,1,2022
baseline,LPF,2022,245.9272209526726,1,2022
baseline,MPF,1971,433.72820672777044,1,2022
baseline,MPF,1972,436.1345262887454,1,2022
baseline,MPF,1973,425.05041108754534,1,2022
baseline,MPF,1974,411.8265769119505,1,2022
baseline,MPF,1975,406.97387294593517,1,2022
baseline,MPF,1976,386.5719401436325,1,2022
baseline,MPF,1977,372.3696736697424,1,2022
baseline,MPF,1978,342.3921037771121,1,2022
baseline,MPF,1979,328.73753691698124,1,2022
baseline,MPF,1980,317.39241756751477,1,2022
baseline,MPF,1981,318.1874564887791,1,2022
baseline,MPF,1982,314.35162724736415,1,2022
baseline,MPF,1983,313.5989425985397,1,2022
baseline,MPF,1984,309.8444072685992,1,2022
baseline,MPF,1985,288.0517232008302,1,2022
baseline,MPF,1986,284.4054119686585,1,2022
baseline,MPF,1987,267.661766086393,1,2022
baseline,MPF,1988,257.58945433568874,1,2022
baseline,MPF,1989,235.87784972486654,1,2022
baseline,MPF,1990,237.36540830466677,1,2022
baseline,MPF,1991,226.5082799837563,1,2022
baseline,MPF,1992,248.07984697505157,1,2022
baseline,MPF,1993,257.10724905628484,1,2022
baseline,MPF,1994,259.1198579440249,1,2022
baseline,MPF,1995,262.8667256171871,1,2022
baseline,MPF,1996,255.47373402737549,1,2022
baseline,MPF,1997,264.4953667524861,1,2022
baseline,MPF,1998,271.2149614334567,1,2022
baseline,MPF,1999,270.5357743359789,1,2022
baseline,MPF,2000,261.71221916795406,1,2022
baseline,MPF,2001,269.4955758732372,1,2022
baseline,MPF,2002,268.6503862878429,1,2022
baseline,MPF,2003,255.94983597461575,1,2022
baseline,MPF,2004,237.5836724939567,1,2022
baseline,MPF,2005,218.73665659940326,1,2022
baseline,MPF,2006,208.9712069425715,1,2022
baseline,MPF,2007,207.39852579785054,1,2022
baseline,MPF,2008,206.15642461705485,1,2022
baseline,MPF,2009,203.11530932264023,1,2022
baseline,MPF,2010,195.10088576453978,1,2022
baseline,MPF,2011,188.36077033530194,1,2022
baseline,MPF,2012,181.60945621851494,1,2022
baseline,MPF,2013,179.22508079696985,1,2022
baseline,MPF,2014,172.37049873191273,1,2022
baseline,MPF,2015,163.52064240000806,1,2022
baseline,MPF,2016,131.60447778801458,1,2022
baseline,MPF,2017,118.02435668116996,1,2022
baseline,MPF,2018,111.2431710347533,1,2022
baseline,MPF,2019,108.61585495204679,1,2022
baseline,MPF,2020,103.98295719744343,1,2022
baseline,MPF,2021,108.2166488264381,1,2022
baseline,MPF,2022,112.90256857864897,1,2022
baseline,NTU,1971,64.18534513506658,1,2022
baseline,NTU,1972,74.40929650842203,1,2022
baseline,NTU,1973,75.77220280826701,1,2022
baseline,NTU,1974,74.42951814978751,1,2022
baseline,NTU,1975,73.24652105725455,1,2022
baseline,NTU,1976,68.7101569380147,1,2022
baseline,NTU,1977,65.04855711722675,1,2022
baseline,NTU,1978,57.08499206520001,1,2022
baseline,NTU,1979,55.97555824191011,1,2022
baseline,NTU,1980,54.75246293050421,1,2022
baseline,NTU,1981,56.55566039767003,1,2022
baseline,NTU,1982,55.165520570482236,1,2022
baseline,NTU,1983,54.205907359676445,1,2022
baseline,NTU,1984,51.73551572234278,1,2022
baseline,NTU,1985,45.19163389234315,1,2022
baseline,NTU,1986,46.078985677567474,1,2022
baseline,NTU,1987,42.31263873889576,1,2022
baseline,NTU,1988,41.172740292978325,1,2022
baseline,NTU,1989,36.464181897076934,1,2022
baseline,NTU,1990,38.98199515341552,1,2022
baseline,NTU,1991,35.000553916994456,1,2022
baseline,NTU,1992,42.334502347642534,1,2022
baseline,NTU,1993,41.36775482406875,1,2022
baseline,NTU,1994,38.94399932934516,1,2022
baseline,NTU,1995,37.93012637781091,1,2022
baseline,NTU,1996,34.93943233546144,1,2022
baseline,NTU,1997,37.822630867537136,1,2022
baseline,NTU,1998,37.74320991531635,1,2022
baseline,NTU,1999,35.45908105243536,1,2022
baseline,NTU,2000,31.722844098425146,1,2022
baseline,NTU,2001,32.4137401501719,1,2022
baseline,NTU,2002,31.852874990567862,1,2022
baseline,NTU,2003,29.19447123670689,1,2022
baseline,NTU,2004,27.20128739324633,1,2022
baseline,NTU,2005,26.256754680941803,1,2022
baseline,NTU,2006,25.581975731066745,1,2022
baseline,NTU,2007,25.674737845487495,1,2022
baseline,NTU,2008,25.79277141678451,1,2022
baseline,NTU,2009,24.99914308658618,1,2022
baseline,NTU,2010,24.768063800948585,1,2022
baseline,NTU,2011,24.46290800150128,1,2022
baseline,NTU,2012,24.922129164446627,1,2022
baseline,NTU,2013,25.44193938868276,1,2022
baseline,NTU,2014,25.677003042987366,1,2022
baseline,NTU,2015,25.822065329550014,1,2022
baseline,NTU,2016,26.0049508136804,1,2022
baseline,NTU,2017,26.584234304689257,1,2022
baseline,NTU,2018,26.329517889531058,1,2022
baseline,NTU,2019,25.99760359276148,1,2022
baseline,NTU,2020,26.525533170149128,1,2022
baseline,NTU,2021,27.61071628690121,1,2022
baseline,NTU,2022,27.852292221719154,1,2022
baseline,SAR,1971,192.0624055544312,1,2022
baseline,SAR,1972,192.0624055544312,1,2022
baseline,SAR,1973,225.5350267295151,1,2022
baseline,SAR,1974,252.99844591791802,1,2022
baseline,SAR,1975,266.0987019839674,1,2022
baseline,SAR,1976,262.22561341325536,1,2022
baseline,SAR,1977,245.81737578561902,1,2022
baseline,SAR,1978,213.81152548764797,1,2022
baseline,SAR,1979,217.06066732157367,1,2022
baseline,SAR,1980,208.31329554422652,1,2022
baseline,SAR,1981,204.35494533366554,1,2022
baseline,SAR,1982,188.49282029452561,1,2022
baseline,SAR,1983,178.3196287300775,1,2022
baseline,SAR,1984,163.94109957117493,1,2022
baseline,SAR,1985,137.9430477584225,1,2022
baseline,SAR,1986,134.80769697803044,1,2022
baseline,SAR,1987,118.80732261940226,1,2022
baseline,SAR,1988,110.80725478689696,1,2022
baseline,SAR,1989,95.19986778190153,1,2022
baseline,SAR,1990,93.58106994757722,1,2022
baseline,SAR,1991,80.77087111558725,1,2022
baseline,SAR,1992,93.57778264007044,1,2022
baseline,SAR,1993,89.07017241913458,1,2022
baseline,SAR,1994,88.2332339800054,1,2022
baseline,SAR,1995,86.41614603655975,1,2022
baseline,SAR,1996,82.14850493295376,1,2022
baseline,SAR,1997,88.77963839061513,1,2022
baseline,SAR,1998,89.76988859130367,1,2022
baseline,SAR,1999,82.9334923576226,1,2022
baseline,SAR,2000,74.99286446176357,1,2022
baseline,SAR,2001,73.3273354773913,1,2022
baseline,SAR,2002,69.53013687092951,1,2022
baseline,SAR,2003,65.4176429134767,1,2022
baseline,SAR,2004,57.0158964710388,1,2022
baseline,SAR,2005,58.27184654636874,1,2022
baseline,SAR,2006,60.00547933320128,1,2022
baseline,SAR,2007,64.52017106625392,1,2022
baseline,SAR,2008,69.60670836326379,1,2022
baseline,SAR,2009,74.28916888132858,1,2022
baseline,SAR,2010,78.99093491118266,1,2022
baseline,SAR,2011,83.14322753764898,1,2022
baseline,SAR,2012,85.45463174414319,1,2022
baseline,SAR,2013,89.60864919158156,1,2022
baseline,SAR,2014,93.37705815351167,1,2022
baseline,SAR,2015,96.77491517421126,1,2022
baseline,SAR,2016,101.44049382703793,1,2022
baseline,SAR,2017,109.99338897880007,1,2022
baseline,SAR,2018,116.48396358715664,1,2022
baseline,SAR,2019,123.66057538522931,1,2022
baseline,SAR,2020,126.79671030014498,1,2022
baseline,SAR,2021,135.50683730602935,1,2022
baseline,SAR,2022,141.46951691347542,1,2022
baseline,SCP,1971,256.89897627620985,1,2022
baseline,SCP,1972,256.89897627620985,1,2022
baseline,SCP,1973,256.89897627620985,1,2022
baseline,SCP,1974,256.89897627620985,1,2022
baseline,SCP,1975,256.89897627620985,1,2022
baseline,SCP,1976,258.35138742382804,1,2022
baseline,SCP,1977,249.7547294026012,1,2022
baseline,SCP,1978,224.41035974335819,1,2022
baseline,SCP,1979,221.457797077858,1,2022
baseline,SCP,1980,210.70810643735297,1,2022
baseline,SCP,1981,205.6768384175465,1,2022
baseline,SCP,1982,196.48453214213964,1,2022
baseline,SCP,1983,189.04873751674137,1,2022
baseline,SCP,1984,182.53041866890632,1,2022
baseline,SCP,1985,167.79602817427025,1,2022
baseline,SCP,1986,162.35376825535906,1,2022
baseline,SCP,1987,148.78712963262493,1,2022
baseline,SCP,1988,137.48423170965788,1,2022
baseline,SCP,1989,117.52460664408804,1,2022
baseline,SCP,1990,110.14424801018174,1,2022
baseline,SCP,1991,94.30954378933376,1,2022
baseline,SCP,1992,96.59034458217494,1,2022
baseline,SCP,1993,95.12684250009728,1,2022
baseline,SCP,1994,94.0767366580105,1,2022
baseline,SCP,1995,92.97251577454834,1,2022
baseline,SCP,1996,91.22838751562526,1,2022
baseline,SCP,1997,97.11050215790023,1,2022
baseline,SCP,1998,102.80738087391552,1,2022
baseline,SCP,1999,106.78351739554284,1,2022
baseline,SCP,2000,106.07483612121084,1,2022
baseline,SCP,2001,110.60944984006821,1,2022
baseline,SCP,2002,113.72228507329682,1,2022
baseline,SCP,2003,114.55948724372438,1,2022
baseline,SCP,2004,112.00301852524846,1,2022
baseline,SCP,2005,110.05573965784791,1,2022
baseline,SCP,2006,109.8358293479306,1,2022
baseline,SCP,2007,110.65144540625074,1,2022
baseline,SCP,2008,111.098617895031,1,2022
baseline,SCP,2009,111.73535625423331,1,2022
baseline,SCP,2010,112.03177544740147,1,2022
baseline,SCP,2011,112.19128931324633,1,2022
baseline,SCP,2012,111.19571925022784,1,2022
baseline,SCP,2013,110.8989013125089,1,2022
baseline,SCP,2014,109.29309499143855,1,2022
baseline,SCP,2015,107.33295071023696,1,2022
baseline,SCP,2016,92.54127588435516,1,2022
baseline,SCP,2017,88.21875586718873,1,2022
baseline,SCP,2018,87.9031497223216,1,2022
baseline,SCP,2019,87.52515481777762,1,2022
baseline,SCP,2020,87.01974157545014,1,2022
baseline,SCP,2021,87.94150974213089,1,2022
baseline,SCP,2022,89.51320963833851,1,2022
baseline,ANC,1971,346.6470795956938,2,2021
baseline,ANC,1972,346.6470795956938,2,2021
baseline,ANC,1973,346.6470795956938,2,2021
baseline,ANC,1974,346.6470795956938,2,2021
baseline,ANC,1975,346.6470795956938,2,2021
baseline,ANC,1976,346.6470795956938,2,2021
baseline,ANC,1977,346.6470795956938,2,2021
baseline,ANC,1978,346.6470795956938,2,2021
baseline,ANC,1979,346.6470795956938,2,2021
baseline,ANC,1980,346.6470795956938,2,2021
baseline,ANC,1981,346.6470795956938,2,2021
baseline,ANC,1982,346.6470795956938,2,2021
baseline,ANC,1983,346.6470795956938,2,2021
baseline,ANC,1984,346.6470795956938,2,2021
baseline,ANC,1985,346.6470795956938,2,2021
baseline,ANC,1986,346.6470795956938,2,2021
baseline,ANC,1987,346.6470795956938,2,2021
baseline,ANC,1988,346.6470795956938,2,2021
baseline,ANC,1989,346.6470795956938,2,2021
baseline,ANC,1990,346.6470795956938,2,2021
baseline,ANC,1991,346.6470795956938,2,2021
baseline,ANC,1992,346.6470795956938,2,2021
baseline,ANC,1993,346.6470795956938,2,2021
baseline,ANC,1994,346.6470795956938,2,2021
baseline,ANC,1995,346.6470795956938,2,2021
baseline,ANC,1996,346.6470795956938,2,2021
baseline,ANC,1997,346.6470795956938,2,2021
baseline,ANC,1998,346.6470795956938,2,2021
baseline,ANC,1999,346.6470795956938,2,2021
baseline,ANC,2000,346.6470795956938,2,2021
baseline,ANC,2001,346.6470795956938,2,2021
baseline,ANC,2002,342.5946156678316,2,2021
baseline,ANC,2003,323.4485109880822,2,2021
baseline,ANC,2004,279.8380600489193,2,2021
baseline,ANC,2005,273.05817971042717,2,2021
baseline,ANC,2006,254.57188726679536,2,2021
baseline,ANC,2007,243.0339145686552,2,2021
baseline,ANC,2008,242.58460477883344,2,2021
baseline,ANC,2009,235.9532885343963,2,2021
baseline,ANC,2010,236.84830372545082,2,2021
baseline,ANC,2011,245.6741132498709,2,2021
baseline,ANC,2012,251.95078287125278,2,2021
baseline,ANC,2013,290.285049031508,2,2021
baseline,ANC,2014,345.39960578148424,2,2021
baseline,ANC,2015,399.44040571070127,2,2021
baseline,ANC,2016,460.7781270520917,2,2021
baseline,ANC,2017,473.6272679174063,2,2021
baseline,ANC,2018,523.3750197423442,2,2021
baseline,ANC,2019,592.147410753816,2,2021
baseline,ANC,2020,658.9282793988546,2,2021
baseline,ANC,2021,748.0712881958029,2,2021
baseline,CMA,1971,495.6766769967265,2,2021
baseline,CMA,1972,491.4046351088569,2,2021
baseline,CMA,1973,487.67649567897774,2,2021
baseline,CMA,1974,482.3596140684802,2,2021
baseline,CMA,1975,473.85289785258465,2,2021
baseline,CMA,1976,461.3293446791434,2,2021
baseline,CMA,1977,446.2722860679368,2,2021
baseline,CMA,1978,425.5028245629384,2,2021
baseline,CMA,1979,413.0980966932639,2,2021
baseline,CMA,1980,399.4448274225509,2,2021
baseline,CMA,1981,389.35806445185847,2,2021
baseline,CMA,1982,378.20103107544514,2,2021
baseline,CMA,1983,368.3626114489661,2,2021
baseline,CMA,1984,359.18986329386905,2,2021
baseline,CMA,1985,344.8321034176313,2,2021
baseline,CMA,1986,335.9917710920468,2,2021
baseline,CMA,1987,321.485230792979,2,2021
baseline,CMA,1988,308.768576901682,2,2021
baseline,CMA,1989,289.3605697248805,2,2021
baseline,CMA,1990,279.881713704403,2,2021
baseline,CMA,1991,262.2320238056115,2,2021
baseline,CMA,1992,260.84696923034085,2,2021
baseline,CMA,1993,256.1617114650874,2,2021
baseline,CMA,1994,250.09906278591018,2,2021
baseline,CMA,1995,244.21018822304717,2,2021
baseline,CMA,1996,236.26993508556916,2,2021
baseline,CMA,1997,233.62819584037402,2,2021
baseline,CMA,1998,231.20251275356398,2,2021
baseline,CMA,1999,226.7392888932987,2,2021
baseline,CMA,2000,219.61368683008982,2,2021
baseline,CMA,2001,217.59520636750713,2,2021
baseline,CMA,2002,215.0431402934257,2,2021
baseline,CMA,2003,209.6659985246806,2,2021
baseline,CMA,2004,200.75904732544163,2,2021
baseline,CMA,2005,191.94918660815128,2,2021
baseline,CMA,2006,184.14479513394835,2,2021
baseline,CMA,2007,178.66282050342522,2,2021
baseline,CMA,2008,173.70872348934276,2,2021
baseline,CMA,2009,168.12494856410183,2,2021
baseline,CMA,2010,162.00002436218483,2,2021
baseline,CMA,2011,154.20240158703024,2,2021
baseline,CMA,2012,147.37992806664423,2,2021
baseline,CMA,2013,141.80622269855616,2,2021
baseline,CMA,2014,135.6967281710741,2,2021
baseline,CMA,2015,129.05544780590105,2,2021
baseline,CMA,2016,111.76320577355878,2,2021
baseline,CMA,2017,100.57193469345519,2,2021
baseline,CMA,2018,89.00728960650045,2,2021
baseline,CMA,2019,81.39099346088133,2,2021
baseline,CMA,2020,72.59015473367961,2,2021
baseline,CMA,2021,68.00521097252322,2,2021
baseline,DMF,1971,461.51325101470604,2,2021
baseline,DMF,1972,459.1923402968652,2,2021
baseline,DMF,1973,441.8365106256171,2,2021
baseline,DMF,1974,410.51696650360464,2,2021
baseline,DMF,1975,396.03403293554084,2,2021
baseline,DMF,1976,385.416135360575,2,2021
baseline,DMF,1977,367.2718459366887,2,2021
baseline,DMF,1978,340.8517602317743,2,2021
baseline,DMF,1979,322.9011440309644,2,2021
baseline,DMF,1980,307.14295797102324,2,2021
baseline,DMF,1981,298.122394905368,2,2021
baseline,DMF,1982,287.8508411171701,2,2021
baseline,DMF,1983,280.7903142593234,2,2021
baseline,DMF,1984,270.3922313471394,2,2021
baseline,DMF,1985,265.40108779679946,2,2021
baseline,DMF,1986,259.8330695816954,2,2021
baseline,DMF,1987,245.46574514950856,2,2021
baseline,DMF,1988,231.6249006652598,2,2021
baseline,DMF,1989,222.74167222788878,2,2021
baseline,DMF,1990,219.08384077106862,2,2021
baseline,DMF,1991,213.60510088020192,2,2021
baseline,DMF,1992,214.5656612722116,2,2021
baseline,DMF,1993,216.01911189809027,2,2021
baseline,DMF,1994,214.19102402820232,2,2021
baseline,DMF,1995,207.8287164282327,2,2021
baseline,DMF,1996,200.9580828830831,2,2021
baseline,DMF,1997,196.83305580431033,2,2021
baseline,DMF,1998,190.94245944815182,2,2021
baseline,DMF,1999,178.17769534433967,2,2021
baseline,DMF,2000,171.84079959490361,2,2021
baseline,DMF,2001,169.79880745466642,2,2021
baseline,DMF,2002,168.63799634357682,2,2021
baseline,DMF,2003,166.7909213608591,2,2021
baseline,DMF,2004,162.47330598024902,2,2021
baseline,DMF,2005,163.44417292712114,2,2021
baseline,DMF,2006,164.42974579910808,2,2021
baseline,DMF,2007,167.5278164921302,2,2021
baseline,DMF,2008,174.0516444118896,2,2021
baseline,DMF,2009,178.96309811535085,2,2021
baseline,DMF,2010,179.94484026416146,2,2021
baseline,DMF,2011,175.8243860429829,2,2021
baseline,DMF,2012,177.87712868737196,2,2021
baseline,DMF,2013,187.06275464260082,2,2021
baseline,DMF,2014,190.36925431161282,2,2021
baseline,DMF,2015,194.13684617349963,2,2021
baseline,DMF,2016,195.5291914323092,2,2021
baseline,DMF,2017,195.45575318177342,2,2021
baseline,DMF,2018,186.07315043139207,2,2021
baseline,DMF,2019,176.42442316066595,2,2021
baseline,DMF,2020,164.68614108135836,2,2021
baseline,DMF,2021,162.23459876844618,2,2021
baseline,LPF,1971,943.5680007921603,2,2021
baseline,LPF,1972,920.3729438928943,2,2021
baseline,LPF,1973,905.2927635393842,2,2021
baseline,LPF,1974,885.5282830480458,2,2021
baseline,LPF,1975,860.2124980943424,2,2021
baseline,LPF,1976,825.8241347629929,2,2021
baseline,LPF,1977,786.3969412603204,2,2021
baseline,LPF,1978,739.0630452655588,2,2021
baseline,LPF,1979,712.2658050001087,2,2021
baseline,LPF,1980,684.7944497497435,2,2021
baseline,LPF,1981,661.3283275379506,2,2021
baseline,LPF,1982,637.3905350929721,2,2021
baseline,LPF,1983,615.8796116231546,2,2021
baseline,LPF,1984,594.8784806135423,2,2021
baseline,LPF,1985,566.8057345867247,2,2021
baseline,LPF,1986,548.0989561239104,2,2021
baseline,LPF,1987,522.2191630747787,2,2021
baseline,LPF,1988,501.47238150205465,2,2021
baseline,LPF,1989,469.5815429565939,2,2021
baseline,LPF,1990,451.8657437212811,2,2021
baseline,LPF,1991,425.4309812774361,2,2021
baseline,LPF,1992,425.66527947159176,2,2021
baseline,LPF,1993,420.81349113144705,2,2021
baseline,LPF,1994,416.1608548585769,2,2021
baseline,LPF,1995,411.54528689787617,2,2021
baseline,LPF,1996,405.2926869617361,2,2021
baseline,LPF,1997,409.21997988419025,2,2021
baseline,LPF,1998,413.0494943199213,2,2021
baseline,LPF,1999,411.59481955939845,2,2021
baseline,LPF,2000,406.4331352464954,2,2021
baseline,LPF,2001,408.14443908173587,2,2021
baseline,LPF,2002,406.7900608334857,2,2021
baseline,LPF,2003,402.98799848202435,2,2021
baseline,LPF,2004,396.7806740576341,2,2021
baseline,LPF,2005,390.88835678364035,2,2021
baseline,LPF,2006,387.6686907403608,2,2021
baseline,LPF,2007,386.31926241524303,2,2021
baseline,LPF,2008,384.74206952316604,2,2021
baseline,LPF,2009,382.8496959413074,2,2021
baseline,LPF,2010,379.6280443425775,2,2021
baseline,LPF,2011,375.2878351417364,2,2021
baseline,LPF,2012,371.3118218407796,2,2021
baseline,LPF,2013,369.5978264083018,2,2021
baseline,LPF,2014,364.40344329599793,2,2021
baseline,LPF,2015,359.6082536207384,2,2021
baseline,LPF,2016,339.5903183518118,2,2021
baseline,LPF,2017,323.8988945661066,2,2021
baseline,LPF,2018,306.7781787957924,2,2021
baseline,LPF,2019,295.01792884703525,2,2021
baseline,LPF,2020,278.683716892839,2,2021
baseline,LPF,2021,259.262854135707,2,2021
baseline,MPF,1971,474.4049944230514,2,2021
baseline,MPF,1972,475.60518294137125,2,2021
baseline,MPF,1973,464.1759897704087,2,2021
baseline,MPF,1974,450.23496211621614,2,2021
baseline,MPF,1975,444.3420103465362,2,2021
baseline,MPF,1976,423.36766037056435,2,2021
baseline,MPF,1977,408.01128511306706,2,2021
baseline,MPF,1978,376.7688821524964,2,2021
baseline,MPF,1979,361.20231702863407,2,2021
baseline,MPF,1980,348.14992985878155,2,2021
baseline,MPF,1981,347.5859551685964,2,2021
baseline,MPF,1982,342.78358260546054,2,2021
baseline,MPF,1983,341.23602098447407,2,2021
baseline,MPF,1984,336.78723967668424,2,2021
baseline,MPF,1985,314.26947328825395,2,2021
baseline,MPF,1986,309.6277740693503,2,2021
baseline,MPF,1987,291.9430469415317,2,2021
baseline,MPF,1988,280.7680926618526,2,2021
baseline,MPF,1989,257.80516629108575,2,2021
baseline,MPF,1990,258.28837575461444,2,2021
baseline,MPF,1991,246.45543324526724,2,2021
baseline,MPF,1992,267.3953562369676,2,2021
baseline,MPF,1993,276.11773928508654,2,2021
baseline,MPF,1994,277.91544857071705,2,2021
baseline,MPF,1995,281.7274464725194,2,2021
baseline,MPF,1996,274.1770853019983,2,2021
baseline,MPF,1997,282.547917847464,2,2021
baseline,MPF,1998,288.91237772311797,2,2021
baseline,MPF,1999,288.2980387557924,2,2021
baseline,MPF,2000,279.87410629049043,2,2021
baseline,MPF,2001,287.6679018100233,2,2021
baseline,MPF,2002,287.1743452430938,2,2021
baseline,MPF,2003,274.43758734722866,2,2021
baseline,MPF,2004,255.6127491272546,2,2021
baseline,MPF,2005,235.66862542400196,2,2021
baseline,MPF,2006,225.03398510256298,2,2021
baseline,MPF,2007,222.6600345769674,2,2021
baseline,MPF,2008,220.68333604924214,2,2021
baseline,MPF,2009,216.9252006413297,2,2021
baseline,MPF,2010,208.15292475797816,2,2021
baseline,MPF,2011,200.3461306247428,2,2021
baseline,MPF,2012,192.87232242030393,2,2021
baseline,MPF,2013,189.91099285998376,2,2021
baseline,MPF,2014,182.50800007304156,2,2021
baseline,MPF,2015,172.8235052277464,2,2021
baseline,MPF,2016,139.93554121436463,2,2021
baseline,MPF,2017,124.06527310840988,2,2021
baseline,MPF,2018,114.74332071675802,2,2021
baseline,MPF,2019,110.2641060028025,2,2021
baseline,MPF,2020,103.92089883300812,2,2021
baseline,MPF,2021,106.87830093056834,2,2021
baseline,NTU,1971,64.63078720805882,2,2021
baseline,NTU,1972,74.23132330085728,2,2021
baseline,NTU,1973,75.92851870094594,2,2021
baseline,NTU,1974,74.87285838549813,2,2021
baseline,NTU,1975,73.7630902852976,2,2021
baseline,NTU,1976,69.20377226070893,2,2021
baseline,NTU,1977,65.2586151543246,2,2021
baseline,NTU,1978,56.994580722051666,2,2021
baseline,NTU,1979,55.51028398346948,2,2021
baseline,NTU,1980,54.14661850699575,2,2021
baseline,NTU,1981,55.90360794294661,2,2021
baseline,NTU,1982,54.64513943685626,2,2021
baseline,NTU,1983,53.71886810303198,2,2021
baseline,NTU,1984,51.263802019287446,2,2021
baseline,NTU,1985,44.704176286950194,2,2021
baseline,NTU,1986,45.3591635882764,2,2021
baseline,NTU,1987,41.63674539620064,2,2021
baseline,NTU,1988,40.45254654097251,2,2021
baseline,NTU,1989,35.846428888877554,2,2021
baseline,NTU,1990,38.24541565089776,2,2021
baseline,NTU,1991,34.4295126515479,2,2021
baseline,NTU,1992,41.60267822755765,2,2021
baseline,NTU,1993,40.888058491826676,2,2021
baseline,NTU,1994,38.54497869904135,2,2021
baseline,NTU,1995,37.51826545858573,2,2021
baseline,NTU,1996,34.55292618357102,2,2021
baseline,NTU,1997,37.36073713827952,2,2021
baseline,NTU,1998,37.37512430423328,2,2021
baseline,NTU,1999,35.19680729569823,2,2021
baseline,NTU,2000,31.541368964579043,2,2021
baseline,NTU,2001,32.22234558780181,2,2021
baseline,NTU,2002,31.607386273143113,2,2021
baseline,NTU,2003,28.931532830963054,2,2021
baseline,NTU,2004,26.90764125630271,2,2021
baseline,NTU,2005,25.951999678360846,2,2021
baseline,NTU,2006,25.289804661441124,2,2021
baseline,NTU,2007,25.400768963784895,2,2021
baseline,NTU,2008,25.544488222215758,2,2021
baseline,NTU,2009,24.7718401064404,2,2021
baseline,NTU,2010,24.550470294491603,2,2021
baseline,NTU,2011,24.279353580697,2,2021
baseline,NTU,2012,24.807887926102584,2,2021
baseline,NTU,2013,25.401691623399056,2,2021
baseline,NTU,2014,25.694757038944672,2,2021
baseline,NTU,2015,25.914062395384725,2,2021
baseline,NTU,2016,26.18409859420256,2,2021
baseline,NTU,2017,26.87183900576644,2,2021
baseline,NTU,2018,26.77255259851171,2,2021
baseline,NTU,2019,26.678844493760316,2,2021
baseline,NTU,2020,27.469837995190296,2,2021
baseline,NTU,2021,28.830695380900384,2,2021
baseline,SAR,1971,179.08800699235192,2,2021
baseline,SAR,1972,179.08800699235192,2,2021
baseline,SAR,1973,212.01196102048135,2,2021
baseline,SAR,1974,240.97727107709028,2,2021
baseline,SAR,1975,256.80871699726197,2,2021
baseline,SAR,1976,256.96780849814405,2,2021
baseline,SAR,1977,242.5107720581907,2,2021
baseline,SAR,1978,210.0006335946693,2,2021
baseline,SAR,1979,213.5299609981908,2,2021
baseline,SAR,1980,205.37272543808265,2,2021
baseline,SAR,1981,202.2869749580143,2,2021
baseline,SAR,1982,186.97481888428703,2,2021
baseline,SAR,1983,176.63030740798752,2,2021
baseline,SAR,1984,162.15039894609382,2,2021
baseline,SAR,1985,136.12727133337208,2,2021
baseline,SAR,1986,131.7950405094906,2,2021
baseline,SAR,1987,116.02697304930804,2,2021
baseline,SAR,1988,107.6650211725118,2,2021
baseline,SAR,1989,92.6803024852839,2,2021
baseline,SAR,1990,89.8550586654948,2,2021
baseline,SAR,1991,77.0990496463865,2,2021
baseline,SAR,1992,87.7236509891331,2,2021
baseline,SAR,1993,83.03999546228331,2,2021
baseline,SAR,1994,82.21322543537656,2,2021
baseline,SAR,1995,80.70644730988023,2,2021
baseline,SAR,1996,77.01645174427951,2,2021
baseline,SAR,1997,83.47864283837697,2,2021
baseline,SAR,1998,85.35740321944009,2,2021
baseline,SAR,1999,79.88501796198472,2,2021
baseline,SAR,2000,72.79467289082929,2,2021
baseline,SAR,2001,71.5788717410471,2,2021
baseline,SAR,2002,68.29669994591875,2,2021
baseline,SAR,2003,64.32457317539439,2,2021
baseline,SAR,2004,55.68432020393691,2,2021
baseline,SAR,2005,56.36215392848913,2,2021
baseline,SAR,2006,57.415557198988125,2,2021
baseline,SAR,2007,61.23907529555511,2,2021
baseline,SAR,2008,65.88176071423955,2,2021
baseline,SAR,2009,70.44787691090443,2,2021
baseline,SAR,2010,75.36223914354377,2,2021
baseline,SAR,2011,80.04147460127264,2,2021
baseline,SAR,2012,83.20073635424743,2,2021
baseline,SAR,2013,88.30023273677733,2,2021
baseline,SAR,2014,93.31355584287824,2,2021
baseline,SAR,2015,98.12715530685726,2,2021
baseline,SAR,2016,104.35605135656425,2,2021
baseline,SAR,2017,114.04940699567467,2,2021
baseline,SAR,2018,122.62867739796462,2,2021
baseline,SAR,2019,133.0690438447926,2,2021
baseline,SAR,2020,140.42968596842567,2,2021
baseline,SAR,2021,153.5642564650077,2,2021
baseline,SCP,1971,68.70406737785954,2,2021
baseline,SCP,1972,68.70406737785954,2,2021
baseline,SCP,1973,68.70406737785954,2,2021
baseline,SCP,1974,68.70406737785954,2,2021
baseline,SCP,1975,68.70406737785954,2,2021
baseline,SCP,1976,73.28971880965273,2,2021
baseline,SCP,1977,71.44735941364284,2,2021
baseline,SCP,1978,60.0117656122348,2,2021
baseline,SCP,1979,62.77101126634663,2,2021
baseline,SCP,1980,58.488332967303265,2,2021
baseline,SCP,1981,59.18089578396511,2,2021
baseline,SCP,1982,56.5828447555109,2,2021
baseline,SCP,1983,54.694468276092124,2,2021
baseline,SCP,1984,52.57541234581747,2,2021
baseline,SCP,1985,46.56051137681008,2,2021
baseline,SCP,1986,45.530786352634784,2,2021
baseline,SCP,1987,41.18141802203837,2,2021
baseline,SCP,1988,38.31069545605021,2,2021
baseline,SCP,1989,33.70551318202127,2,2021
baseline,SCP,1990,32.638303228573236,2,2021
baseline,SCP,1991,29.42592404854204,2,2021
baseline,SCP,1992,32.22811282437778,2,2021
baseline,SCP,1993,32.022252390332625,2,2021
baseline,SCP,1994,31.57673889905764,2,2021
baseline,SCP,1995,30.864803794271204,2,2021
baseline,SCP,1996,29.798465160742403,2,2021
baseline,SCP,1997,32.31747248163664,2,2021
baseline,SCP,1998,33.604141187451454,2,2021
baseline,SCP,1999,33.24414635754653,2,2021
baseline,SCP,2000,31.1905735634982,2,2021
baseline,SCP,2001,31.104399545653756,2,2021
baseline,SCP,2002,31.238956285958036,2,2021
baseline,SCP,2003,30.75241602657968,2,2021
baseline,SCP,2004,28.921268063112258,2,2021
baseline,SCP,2005,28.73881698514554,2,2021
baseline,SCP,2006,28.93879947715455,2,2021
baseline,SCP,2007,29.240378860307278,2,2021
baseline,SCP,2008,29.38239601930871,2,2021
baseline,SCP,2009,29.456196379669425,2,2021
baseline,SCP,2010,29.45071719972508,2,2021
baseline,SCP,2011,29.60607678604739,2,2021
baseline,SCP,2012,29.62030499346525,2,2021
baseline,SCP,2013,29.737856287891155,2,2021
baseline,SCP,2014,29.788721373215406,2,2021
baseline,SCP,2015,29.7379951366431,2,2021
baseline,SCP,2016,29.51293431436909,2,2021
baseline,SCP,2017,28.6453664404734,2,2021
baseline,SCP,2018,26.760115586695218,2,2021
baseline,SCP,2019,25.249620423247585,2,2021
baseline,SCP,2020,24.12045930819202,2,2021
baseline,SCP,2021,22.982450737641138,2,2021
baseline,ANC,1971,357.4833574642378,3,2020
baseline,ANC,1972,357.4833574642378,3,2020
baseline,ANC,1973,357.4833574642378,3,2020
baseline,ANC,1974,357.4833574642378,3,2020
baseline,ANC,1975,357.4833574642378,3,2020
baseline,ANC,1976,357.4833574642378,3,2020
baseline,ANC,1977,357.4833574642378,3,2020
baseline,ANC,1978,357.4833574642378,3,2020
baseline,ANC,1979,357.4833574642378,3,2020
baseline,ANC,1980,357.4833574642378,3,2020
baseline,ANC,1981,357.4833574642378,3,2020
baseline,ANC,1982,357.4833574642378,3,2020
baseline,ANC,1983,357.4833574642378,3,2020
baseline,ANC,1984,357.4833574642378,3,2020
baseline,ANC,1985,357.4833574642378,3,2020
baseline,ANC,1986,357.4833574642378,3,2020
baseline,ANC,1987,357.4833574642378,3,2020
baseline,ANC,1988,357.4833574642378,3,2020
baseline,ANC,1989,357.4833574642378,3,2020
baseline,ANC,1990,357.4833574642378,3,2020
baseline,ANC,1991,357.4833574642378,3,2020
baseline,ANC,1992,357.4833574642378,3,2020
baseline,ANC,1993,357.4833574642378,3,2020
baseline,ANC,1994,357.4833574642378,3,2020
baseline,ANC,1995,357.4833574642378,3,2020
baseline,ANC,1996,357.4833574642378,3,2020
baseline,ANC,1997,357.4833574642378,3,2020
baseline,ANC,1998,357.4833574642378,3,2020
baseline,ANC,1999,357.4833574642378,3,2020
baseline,ANC,2000,357.4833574642378,3,2020
baseline,ANC,2001,357.4833574642378,3,2020
baseline,ANC,2002,351.829442026539,3,2020
baseline,ANC,2003,331.41493096040807,3,2020
baseline,ANC,2004,286.94419979242605,3,2020
baseline,ANC,2005,280.4875801962286,3,2020
baseline,ANC,2006,262.4488079313821,3,2020
baseline,ANC,2007,251.70168619418334,3,2020
baseline,ANC,2008,252.373869269941,3,2020
baseline,ANC,2009,246.9830245206496,3,2020
baseline,ANC,2010,249.35019089853097,3,2020
baseline,ANC,2011,259.8509068400959,3,2020
baseline,ANC,2012,267.89864878679396,3,2020
baseline,ANC,2013,308.6699700689859,3,2020
baseline,ANC,2014,366.21520173635247,3,2020
baseline,ANC,2015,421.4291137247723,3,2020
baseline,ANC,2016,482.9930677417451,3,2020
baseline,ANC,2017,493.52327514712573,3,2020
baseline,ANC,2018,541.2033553883083,3,2020
baseline,ANC,2019,606.2912371154357,3,2020
baseline,ANC,2020,667.1131222375101,3,2020
baseline,CMA,1971,468.06389266611035,3,2020
baseline,CMA,1972,464.0712594106641,3,2020
baseline,CMA,1973,460.6350936500077,3,2020
baseline,CMA,1974,455.562508565652,3,2020
baseline,CMA,1975,447.25410116603564,3,2020
baseline,CMA,1976,434.835157449053,3,2020
baseline,CMA,1977,419.9245365464048,3,2020
baseline,CMA,1978,399.2951870999485,3,2020
baseline,CMA,1979,387.2114802159541,3,2020
baseline,CMA,1980,373.90179629260007,3,2020
baseline,CMA,1981,364.21158020986064,3,2020
baseline,CMA,1982,353.45061012111375,3,2020
baseline,CMA,1983,344.0187112061448,3,2020
baseline,CMA,1984,335.24951602156904,3,2020
baseline,CMA,1985,321.28103109538824,3,2020
baseline,CMA,1986,312.8324253231952,3,2020
baseline,CMA,1987,298.73615260670874,3,2020
baseline,CMA,1988,286.4257095595163,3,2020
baseline,CMA,1989,267.49730099390695,3,2020
baseline,CMA,1990,258.3997832032192,3,2020
baseline,CMA,1991,241.25792416503683,3,2020
baseline,CMA,1992,240.10340037646247,3,2020
baseline,CMA,1993,235.73544433330275,3,2020
baseline,CMA,1994,230.00012784135825,3,2020
baseline,CMA,1995,224.42615388222842,3,2020
baseline,CMA,1996,216.83573725713694,3,2020
baseline,CMA,1997,214.37802504022798,3,2020
baseline,CMA,1998,212.1561132981669,3,2020
baseline,CMA,1999,207.9386062356948,3,2020
baseline,CMA,2000,201.1370958880118,3,2020
baseline,CMA,2001,199.30370494254478,3,2020
baseline,CMA,2002,196.94608046948218,3,2020
baseline,CMA,2003,191.85024083979172,3,2020
baseline,CMA,2004,183.27055378462123,3,2020
baseline,CMA,2005,174.81934205977737,3,2020
baseline,CMA,2006,167.27712752291237,3,2020
baseline,CMA,2007,162.016791055212,3,2020
baseline,CMA,2008,157.30716940203408,3,2020
baseline,CMA,2009,151.97898384513422,3,2020
baseline,CMA,2010,146.13300897274428,3,2020
baseline,CMA,2011,138.66742608169585,3,2020
baseline,CMA,2012,132.17908567119818,3,2020
baseline,CMA,2013,126.8992701535582,3,2020
baseline,CMA,2014,121.15660358384359,3,2020
baseline,CMA,2015,114.95220740988916,3,2020
baseline,CMA,2016,98.72782039363143,3,2020
baseline,CMA,2017,88.30615518595535,3,2020
baseline,CMA,2018,77.33624750855806,3,2020
baseline,CMA,2019,70.1870985905375,3,2020
baseline,CMA,2020,61.92337838854271,3,2020
baseline,DMF,1971,414.6877862466405,3,2020
baseline,DMF,1972,416.3602356560266,3,2020
baseline,DMF,1973,401.97515172053556,3,2020
baseline,DMF,1974,371.7430365174299,3,2020
baseline,DMF,1975,359.42365761557704,3,2020
baseline,DMF,1976,350.52307376895106,3,2020
baseline,DMF,1977,333.0097129661457,3,2020
baseline,DMF,1978,306.32477849478875,3,2020
baseline,DMF,1979,287.72197742441875,3,2020
baseline,DMF,1980,271.8688257041604,3,2020
baseline,DMF,1981,263.2358693055844,3,2020
baseline,DMF,1982,254.0100542750543,3,2020
baseline,DMF,1983,247.92143873072584,3,2020
baseline,DMF,1984,238.57031204910066,3,2020
baseline,DMF,1985,234.43978839325817,3,2020
baseline,DMF,1986,228.93142278147576,3,2020
baseline,DMF,1987,215.25193986588022,3,2020
baseline,DMF,1988,201.83241654877816,3,2020
baseline,DMF,1989,193.45915089621099,3,2020
baseline,DMF,1990,189.89118671601256,3,2020
baseline,DMF,1991,185.42977370412152,3,2020
baseline,DMF,1992,186.86976248879648,3,2020
baseline,DMF,1993,190.34462722041,3,2020
baseline,DMF,1994,190.57859878555067,3,2020
baseline,DMF,1995,185.95530143263488,3,2020
baseline,DMF,1996,180.6285734732873,3,2020
baseline,DMF,1997,177.39945679982046,3,2020
baseline,DMF,1998,172.97223154464248,3,2020
baseline,DMF,1999,161.68810779977574,3,2020
baseline,DMF,2000,156.14821395380872,3,2020
baseline,DMF,2001,154.17947314975967,3,2020
baseline,DMF,2002,153.22171087910345,3,2020
baseline,DMF,2003,151.6111012423489,3,2020
baseline,DMF,2004,147.28647606808426,3,2020
baseline,DMF,2005,147.9517379381546,3,2020
baseline,DMF,2006,148.65337080973143,3,2020
baseline,DMF,2007,151.52502593321088,3,2020
baseline,DMF,2008,158.00074241144165,3,2020
baseline,DMF,2009,163.25752627436768,3,2020
baseline,DMF,2010,164.91837673172952,3,2020
baseline,DMF,2011,161.71106273420762,3,2020
baseline,DMF,2012,164.3346265326761,3,2020
baseline,DMF,2013,174.25273711261073,3,2020
baseline,DMF,2014,178.94956288700917,3,2020
baseline,DMF,2015,184.41724615933254,3,2020
baseline,DMF,2016,187.8311877963254,3,2020
baseline,DMF,2017,190.73014071680336,3,2020
baseline,DMF,2018,184.89894927163925,3,2020
baseline,DMF,2019,178.3199927832268,3,2020
baseline,DMF,2020,169.3515321662729,3,2020
baseline,LPF,1971,809.5324781908878,3,2020
baseline,LPF,1972,789.5765869613514,3,2020
baseline,LPF,1973,776.9917092897484,3,2020
baseline,LPF,1974,760.1001988739988,3,2020
baseline,LPF,1975,738.4154032889721,3,2020
baseline,LPF,1976,708.6420086574369,3,2020
baseline,LPF,1977,674.4059901956194,3,2020
baseline,LPF,1978,633.2324226692186,3,2020
baseline,LPF,1979,610.6235476469035,3,2020
baseline,LPF,1980,587.3897826723281,3,2020
baseline,LPF,1981,567.773363236344,3,2020
baseline,LPF,1982,547.855664844953,3,2020
baseline,LPF,1983,529.9315473517215,3,2020
baseline,LPF,1984,512.188537158342,3,2020
baseline,LPF,1985,487.8001632541934,3,2020
baseline,LPF,1986,471.7364761371413,3,2020
baseline,LPF,1987,449.05387636750277,3,2020
baseline,LPF,1988,430.99634521661756,3,2020
baseline,LPF,1989,402.42166108145875,3,2020
baseline,LPF,1990,386.69447466462503,3,2020
baseline,LPF,1991,363.104941414407,3,2020
baseline,LPF,1992,364.19397219008283,3,2020
baseline,LPF,1993,360.72492490453556,3,2020
baseline,LPF,1994,357.30483679670755,3,2020
baseline,LPF,1995,353.750910042186,3,2020
baseline,LPF,1996,348.4777367455315,3,2020
baseline,LPF,1997,352.582414253899,3,2020
baseline,LPF,1998,356.64178211993226,3,2020
baseline,LPF,1999,355.47198671852243,3,2020
baseline,LPF,2000,350.7437950937822,3,2020
baseline,LPF,2001,352.4054791196119,3,2020
baseline,LPF,2002,350.6801117063257,3,2020
baseline,LPF,2003,346.5742783347128,3,2020
baseline,LPF,2004,340.01511387950416,3,2020
baseline,LPF,2005,333.6866229590381,3,2020
baseline,LPF,2006,329.86480594975154,3,2020
baseline,LPF,2007,327.8110171885154,3,2020
baseline,LPF,2008,325.53897093989855,3,2020
baseline,LPF,2009,322.9243473785661,3,2020
baseline,LPF,2010,318.9219186800129,3,2020
baseline,LPF,2011,313.7979881424509,3,2020
baseline,LPF,2012,309.1249633259148,3,2020
baseline,LPF,2013,306.7210520101905,3,2020
baseline,LPF,2014,300.9402370411092,3,2020
baseline,LPF,2015,295.6294549251482,3,2020
baseline,LPF,2016,276.3151712424752,3,2020
baseline,LPF,2017,260.3498777913389,3,2020
baseline,LPF,2018,242.29765760196244,3,2020
baseline,LPF,2019,229.6434183680473,3,2020
baseline,LPF,2020,212.51327553051212,3,2020
baseline,MPF,1971,474.6332841609346,3,2020
baseline,MPF,1972,476.04090239286023,3,2020
baseline,MPF,1973,464.4606104093529,3,2020
baseline,MPF,1974,450.6035466847927,3,2020
baseline,MPF,1975,445.09708062268226,3,2020
baseline,MPF,1976,424.8193926000146,3,2020
baseline,MPF,1977,410.19362853817455,3,2020
baseline,MPF,1978,379.7726891823861,3,2020
baseline,MPF,1979,364.835239070071,3,2020
baseline,MPF,1980,352.42090200131094,3,2020
baseline,MPF,1981,352.45597975005893,3,2020
baseline,MPF,1982,348.0733624745958,3,2020
baseline,MPF,1983,346.882111968655,3,2020
baseline,MPF,1984,342.71858165807816,3,2020
baseline,MPF,1985,320.52435212129245,3,2020
baseline,MPF,1986,316.502808895596,3,2020
baseline,MPF,1987,299.19480036712514,3,2020
baseline,MPF,1988,288.58271937266977,3,2020
baseline,MPF,1989,265.9321017285252,3,2020
baseline,MPF,1990,267.25539620572465,3,2020
baseline,MPF,1991,255.54334306649642,3,2020
baseline,MPF,1992,277.5831879836057,3,2020
baseline,MPF,1993,286.3671131211128,3,2020
baseline,MPF,1994,288.03358437859606,3,2020
baseline,MPF,1995,291.58706569870265,3,2020
baseline,MPF,1996,283.73263959161767,3,2020
baseline,MPF,1997,292.7575643195776,3,2020
baseline,MPF,1998,299.2960030199597,3,2020
baseline,MPF,1999,298.34059038465983,3,2020
baseline,MPF,2000,289.0241416112328,3,2020
baseline,MPF,2001,296.7662148600116,3,2020
baseline,MPF,2002,295.778660706362,3,2020
baseline,MPF,2003,282.51023261054223,3,2020
baseline,MPF,2004,263.26218469395474,3,2020
baseline,MPF,2005,243.33836309295876,3,2020
baseline,MPF,2006,232.82855394862437,3,2020
baseline,MPF,2007,230.63647937058778,3,2020
baseline,MPF,2008,228.605863209128,3,2020
baseline,MPF,2009,224.685903491373,3,2020
baseline,MPF,2010,215.69295608569539,3,2020
baseline,MPF,2011,207.80435934672636,3,2020
baseline,MPF,2012,199.803734542813,3,2020
baseline,MPF,2013,196.24629899949355,3,2020
baseline,MPF,2014,187.94308604728604,3,2020
baseline,MPF,2015,177.52916048029698,3,2020
baseline,MPF,2016,142.22717342133527,3,2020
baseline,MPF,2017,127.01602684210812,3,2020
baseline,MPF,2018,119.36638894454117,3,2020
baseline,MPF,2019,115.89383080182355,3,2020
baseline,MPF,2020,110.32740616858374,3,2020
baseline,NTU,1971,396.60806415793405,3,2020
baseline,NTU,1972,405.99840937008037,3,2020
baseline,NTU,1973,408.58861490283823,3,2020
baseline,NTU,1974,407.70843675384396,3,2020
baseline,NTU,1975,405.23091834368313,3,2020
baseline,NTU,1976,393.81759713440573,3,2020
baseline,NTU,1977,379.2819589309096,3,2020
baseline,NTU,1978,352.3051401752491,3,2020
baseline,NTU,1979,333.75606312468705,3,2020
baseline,NTU,1980,316.42310331661486,3,2020
baseline,NTU,1981,306.065801907856,3,2020
baseline,NTU,1982,294.4379039015908,3,2020
baseline,NTU,1983,284.56945151462355,3,2020
baseline,NTU,1984,273.9924719897658,3,2020
baseline,NTU,1985,256.24002517738154,3,2020
baseline,NTU,1986,246.41627162066342,3,2020
baseline,NTU,1987,231.98678150758337,3,2020
baseline,NTU,1988,220.1648695916821,3,2020
baseline,NTU,1989,202.42636165695845,3,2020
baseline,NTU,1990,195.17721767951016,3,2020
baseline,NTU,1991,181.40093956638327,3,2020
baseline,NTU,1992,182.485129440187,3,2020
baseline,NTU,1993,180.43709233158697,3,2020
baseline,NTU,1994,177.56309496190767,3,2020
baseline,NTU,1995,176.02658853898365,3,2020
baseline,NTU,1996,172.4555503903256,3,2020
baseline,NTU,1997,174.24363300530263,3,2020
baseline,NTU,1998,175.88383478046927,3,2020
baseline,NTU,1999,176.64585619221816,3,2020
baseline,NTU,2000,175.1232109073326,3,2020
baseline,NTU,2001,177.3550891060567,3,2020
baseline,NTU,2002,179.18403485892728,3,2020
baseline,NTU,2003,178.24890988771907,3,2020
baseline,NTU,2004,175.88699486237212,3,2020
baseline,NTU,2005,172.5912772046026,3,2020
baseline,NTU,2006,170.96294042349655,3,2020
baseline,NTU,2007,170.64691451246506,3,2020
baseline,NTU,2008,170.4311057142401,3,2020
baseline,NTU,2009,169.57727701204826,3,2020
baseline,NTU,2010,168.8132201151364,3,2020
baseline,NTU,2011,167.05032122310269,3,2020
baseline,NTU,2012,165.80722357817413,3,2020
baseline,NTU,2013,165.40207249234183,3,2020
baseline,NTU,2014,164.06640651436345,3,2020
baseline,NTU,2015,161.8261448837883,3,2020
baseline,NTU,2016,150.33688030588962,3,2020
baseline,NTU,2017,143.78287511322804,3,2020
baseline,NTU,2018,139.65693060838313,3,2020
baseline,NTU,2019,136.6808146092251,3,2020
baseline,NTU,2020,133.7949827458351,3,2020
baseline,SAR,1971,209.64663731219213,3,2020
baseline,SAR,1972,209.64663731219213,3,2020
baseline,SAR,1973,246.68656825827918,3,2020
baseline,SAR,1974,276.8756141378473,3,2020
baseline,SAR,1975,290.8805846948419,3,2020
baseline,SAR,1976,285.48734666412383,3,2020
baseline,SAR,1977,266.4958030079926,3,2020
baseline,SAR,1978,231.39479933673718,3,2020
baseline,SAR,1979,233.89084101359458,3,2020
baseline,SAR,1980,223.9688273442744,3,2020
baseline,SAR,1981,219.28631217942035,3,2020
baseline,SAR,1982,202.71668363836199,3,2020
baseline,SAR,1983,192.11216356916765,3,2020
baseline,SAR,1984,177.33791232540926,3,2020
baseline,SAR,1985,149.563100155712,3,2020
baseline,SAR,1986,145.55352512743622,3,2020
baseline,SAR,1987,128.09504214895503,3,2020
baseline,SAR,1988,119.09372666011215,3,2020
baseline,SAR,1989,102.24880572076567,3,2020
baseline,SAR,1990,100.31650197717914,3,2020
baseline,SAR,1991,87.40743028012028,3,2020
baseline,SAR,1992,101.20344805921535,3,2020
baseline,SAR,1993,97.83756977790347,3,2020
baseline,SAR,1994,97.62251513557783,3,2020
baseline,SAR,1995,95.76594539780334,3,2020
baseline,SAR,1996,91.19582460460981,3,2020
baseline,SAR,1997,97.90667999170567,3,2020
baseline,SAR,1998,98.84181775155626,3,2020
baseline,SAR,1999,91.4940569092575,3,2020
baseline,SAR,2000,82.82659261355046,3,2020
baseline,SAR,2001,80.3238908376744,3,2020
baseline,SAR,2002,75.91071905707824,3,2020
baseline,SAR,2003,71.39635316505318,3,2020
baseline,SAR,2004,62.53629833943679,3,2020
baseline,SAR,2005,63.51687497441725,3,2020
baseline,SAR,2006,65.09380806960895,3,2020
baseline,SAR,2007,69.50134490921364,3,2020
baseline,SAR,2008,74.53602151633255,3,2020
baseline,SAR,2009,79.23912593049074,3,2020
baseline,SAR,2010,83.9225017804134,3,2020
baseline,SAR,2011,88.14369522380424,3,2020
baseline,SAR,2012,90.6658531323627,3,2020
baseline,SAR,2013,95.30093486192011,3,2020
baseline,SAR,2014,99.72579041259549,3,2020
baseline,SAR,2015,103.95450941797824,3,2020
baseline,SAR,2016,109.57882731763763,3,2020
baseline,SAR,2017,119.44314307290358,3,2020
baseline,SAR,2018,127.14740312550175,3,2020
baseline,SAR,2019,135.19135682160305,3,2020
baseline,SAR,2020,138.79022271822996,3,2020
baseline,SCP,1971,269.0078493096079,3,2020
baseline,SCP,1972,269.0078493096079,3,2020
baseline,SCP,1973,269.0078493096079,3,2020
baseline,SCP,1974,269.0078493096079,3,2020
baseline,SCP,1975,269.0078493096079,3,2020
baseline,SCP,1976,269.48446285452144,3,2020
baseline,SCP,1977,260.04980025578175,3,2020
baseline,SCP,1978,233.98681156216728,3,2020
baseline,SCP,1979,230.5856973079157,3,2020
baseline,SCP,1980,219.36629166928373,3,2020
baseline,SCP,1981,213.89082210798088,3,2020
baseline,SCP,1982,204.22653520552618,3,2020
baseline,SCP,1983,196.48431603503104,3,2020
baseline,SCP,1984,189.69652517668362,3,2020
baseline,SCP,1985,174.67823850200557,3,2020
baseline,SCP,1986,169.0665179455366,3,2020
baseline,SCP,1987,155.3171249444721,3,2020
baseline,SCP,1988,143.9398856682989,3,2020
baseline,SCP,1989,123.79684078941986,3,2020
baseline,SCP,1990,116.33714014590919,3,2020
baseline,SCP,1991,100.22862767613996,3,2020
baseline,SCP,1992,102.51225000573011,3,2020
baseline,SCP,1993,100.91667357764415,3,2020
baseline,SCP,1994,99.76891288647373,3,2020
baseline,SCP,1995,98.60697262333647,3,2020
baseline,SCP,1996,96.80616726873767,3,2020
baseline,SCP,1997,102.71823662911312,3,2020
baseline,SCP,1998,108.37792599720885,3,2020
baseline,SCP,1999,112.2833981486294,3,2020
baseline,SCP,2000,111.50715455243945,3,2020
baseline,SCP,2001,115.9940695961836,3,2020
baseline,SCP,2002,118.99784880143659,3,2020
baseline,SCP,2003,119.72579477869776,3,2020
baseline,SCP,2004,117.0901934428743,3,2020
baseline,SCP,2005,115.07137461705923,3,2020
baseline,SCP,2006,114.76619917306368,3,2020
baseline,SCP,2007,115.4826194284305,3,2020
baseline,SCP,2008,115.82823471230553,3,2020
baseline,SCP,2009,116.35465226230953,3,2020
baseline,SCP,2010,116.53542330904406,3,2020
baseline,SCP,2011,116.56578922641667,3,2020
baseline,SCP,2012,115.47550165520471,3,2020
baseline,SCP,2013,115.07629629379292,3,2020
baseline,SCP,2014,113.39189543459261,3,2020
baseline,SCP,2015,111.37200496167335,3,2020
baseline,SCP,2016,96.71661436341206,3,2020
baseline,SCP,2017,92.35439205511452,3,2020
baseline,SCP,2018,91.88874263403585,3,2020
baseline,SCP,2019,91.33409155910564,3,2020
baseline,SCP,2020,90.64792242432166,3,2020
baseline,ANC,1971,309.3569191965847,4,2019
baseline,ANC,1972,309.3569191965847,4,2019
baseline,ANC,1973,309.3569191965847,4,2019
baseline,ANC,1974,309.3569191965847,4,2019
baseline,ANC,1975,309.3569191965847,4,2019
baseline,ANC,1976,309.3569191965847,4,2019
baseline,ANC,1977,309.3569191965847,4,2019
baseline,ANC,1978,309.3569191965847,4,2019
baseline,ANC,1979,309.3569191965847,4,2019
baseline,ANC,1980,309.3569191965847,4,2019
baseline,ANC,1981,309.3569191965847,4,2019
baseline,ANC,1982,309.3569191965847,4,2019
baseline,ANC,1983,309.3569191965847,4,2019
baseline,ANC,1984,309.3569191965847,4,2019
baseline,ANC,1985,309.3569191965847,4,2019
baseline,ANC,1986,309.3569191965847,4,2019
baseline,ANC,1987,309.3569191965847,4,2019
baseline,ANC,1988,309.3569191965847,4,2019
baseline,ANC,1989,309.3569191965847,4,2019
baseline,ANC,1990,309.3569191965847,4,2019
baseline,ANC,1991,309.3569191965847,4,2019
baseline,ANC,1992,309.3569191965847,4,2019
baseline,ANC,1993,309.3569191965847,4,2019
baseline,ANC,1994,309.3569191965847,4,2019
baseline,ANC,1995,309.3569191965847,4,2019
baseline,ANC,1996,309.3569191965847,4,2019
baseline,ANC,1997,309.3569191965847,4,2019
baseline,ANC,1998,309.3569191965847,4,2019
baseline,ANC,1999,309.3569191965847,4,2019
baseline,ANC,2000,309.3569191965847,4,2019
baseline,ANC,2001,309.3569191965847,4,2019
baseline,ANC,2002,301.1490936253757,4,2019
baseline,ANC,2003,279.50676666958464,4,2019
baseline,ANC,2004,236.62002124731023,4,2019
baseline,ANC,2005,228.55999055805168,4,2019
baseline,ANC,2006,210.2743803308808,4,2019
baseline,ANC,2007,198.65585564161822,4,2019
baseline,ANC,2008,197.2837171504565,4,2019
baseline,ANC,2009,189.98953645729492,4,2019
baseline,ANC,2010,190.13437361724752,4,2019
baseline,ANC,2011,198.1807526603002,4,2019
baseline,ANC,2012,204.11418971060183,4,2019
baseline,ANC,2013,240.38054016170952,4,2019
baseline,ANC,2014,295.19485192950214,4,2019
baseline,ANC,2015,352.14302171358446,4,2019
baseline,ANC,2016,420.7874163763494,4,2019
baseline,ANC,2017,449.9419744469399,4,2019
baseline,ANC,2018,517.8096401489626,4,2019
baseline,ANC,2019,609.7594564528372,4,2019
baseline,CMA,1971,466.3935755076419,4,2019
baseline,CMA,1972,463.09667298507907,4,2019
baseline,CMA,1973,460.121500838128,4,2019
baseline,CMA,1974,455.52737973924235,4,2019
baseline,CMA,1975,447.7976922127347,4,2019
baseline,CMA,1976,436.0973844907853,4,2019
baseline,CMA,1977,421.90563011447114,4,2019
baseline,CMA,1978,402.0510118264508,4,2019
baseline,CMA,1979,390.2040655632419,4,2019
baseline,CMA,1980,377.10430266915824,4,2019
baseline,CMA,1981,367.52066376461295,4,2019
baseline,CMA,1982,356.87127034197675,4,2019
baseline,CMA,1983,347.4521351602713,4,2019
baseline,CMA,1984,338.62346607996125,4,2019
baseline,CMA,1985,324.65877785902927,4,2019
baseline,CMA,1986,316.0308437094495,4,2019
baseline,CMA,1987,301.8291026662381,4,2019
baseline,CMA,1988,289.3105678811282,4,2019
baseline,CMA,1989,270.2377268984187,4,2019
baseline,CMA,1990,260.79881102048506,4,2019
baseline,CMA,1991,243.40727861872847,4,2019
baseline,CMA,1992,241.7723202560076,4,2019
baseline,CMA,1993,236.99002339081028,4,2019
baseline,CMA,1994,230.83499867064623,4,2019
baseline,CMA,1995,224.83624228265333,4,2019
baseline,CMA,1996,216.81059155686626,4,2019
baseline,CMA,1997,213.81487689671366,4,2019
baseline,CMA,1998,211.06942231366236,4,2019
baseline,CMA,1999,206.3589500433139,4,2019
baseline,CMA,2000,199.1100939168371,4,2019
baseline,CMA,2001,196.74325154423798,4,2019
baseline,CMA,2002,193.81679396849114,4,2019
baseline,CMA,2003,188.20219151796823,4,2019
baseline,CMA,2004,179.13030394838265,4,2019
baseline,CMA,2005,170.21541705537808,4,2019
baseline,CMA,2006,162.1602419086281,4,2019
baseline,CMA,2007,156.37488126203962,4,2019
baseline,CMA,2008,151.16236160147662,4,2019
baseline,CMA,2009,145.3436889616579,4,2019
baseline,CMA,2010,139.02804171872936,4,2019
baseline,CMA,2011,131.1474560143053,4,2019
baseline,CMA,2012,124.26175834851534,4,2019
baseline,CMA,2013,118.57169693190927,4,2019
baseline,CMA,2014,112.48758083281763,4,2019
baseline,CMA,2015,106.02015513290883,4,2019
baseline,CMA,2016,90.08930731193972,4,2019
baseline,CMA,2017,79.7821424031164,4,2019
baseline,CMA,2018,68.83236667439056,4,2019
baseline,CMA,2019,61.64227298255088,4,2019
baseline,DMF,1971,377.4734020482942,4,2019
baseline,DMF,1972,376.80806086561455,4,2019
baseline,DMF,1973,362.1462561843731,4,2019
baseline,DMF,1974,334.49881685550184,4,2019
baseline,DMF,1975,323.90626100281145,4,2019
baseline,DMF,1976,316.1442961673836,4,2019
baseline,DMF,1977,300.4865092071888,4,2019
baseline,DMF,1978,276.85072965547295,4,2019
baseline,DMF,1979,261.27173200416246,4,2019
baseline,DMF,1980,248.04962970120096,4,2019
baseline,DMF,1981,241.4009304202207,4,2019
baseline,DMF,1982,233.78805638264018,4,2019
baseline,DMF,1983,229.24589264080018,4,2019
baseline,DMF,1984,221.09211398531588,4,2019
baseline,DMF,1985,217.93987909987956,4,2019
baseline,DMF,1986,213.0744321560848,4,2019
baseline,DMF,1987,199.8075441874347,4,2019
baseline,DMF,1988,187.06469837234397,4,2019
baseline,DMF,1989,179.47948243928568,4,2019
baseline,DMF,1990,176.5345270309749,4,2019
baseline,DMF,1991,172.2873961554263,4,2019
baseline,DMF,1992,173.77154645710186,4,2019
baseline,DMF,1993,176.75293607677875,4,2019
baseline,DMF,1994,175.82589709670353,4,2019
baseline,DMF,1995,169.6099311910785,4,2019
baseline,DMF,1996,162.82605360311703,4,2019
baseline,DMF,1997,158.35409979184533,4,2019
baseline,DMF,1998,152.6053263799784,4,2019
baseline,DMF,1999,140.1063083699629,4,2019
baseline,DMF,2000,133.85323077668036,4,2019
baseline,DMF,2001,131.21094569719463,4,2019
baseline,DMF,2002,130.49002185733727,4,2019
baseline,DMF,2003,128.8253258595296,4,2019
baseline,DMF,2004,124.21657335560066,4,2019
baseline,DMF,2005,124.47263558940283,4,2019
baseline,DMF,2006,124.35443673736147,4,2019
baseline,DMF,2007,126.11119656406704,4,2019
baseline,DMF,2008,131.0917444064998,4,2019
baseline,DMF,2009,134.32452996894423,4,2019
baseline,DMF,2010,133.55098330809298,4,2019
baseline,DMF,2011,127.83725902361232,4,2019
baseline,DMF,2012,127.83136032558295,4,2019
baseline,DMF,2013,134.75219249224074,4,2019
baseline,DMF,2014,135.94955810266623,4,2019
baseline,DMF,2015,137.62905841864986,4,2019
baseline,DMF,2016,136.87300305578012,4,2019
baseline,DMF,2017,135.5253379624792,4,2019
baseline,DMF,2018,126.20542040080626,4,2019
baseline,DMF,2019,116.63321786336874,4,2019
baseline,LPF,1971,761.5944719578749,4,2019
baseline,LPF,1972,744.1990489244672,4,2019
baseline,LPF,1973,733.1444673890908,4,2019
baseline,LPF,1974,717.9422957810257,4,2019
baseline,LPF,1975,698.4288904949765,4,2019
baseline,LPF,1976,671.5690303242035,4,2019
baseline,LPF,1977,640.3671899606461,4,2019
baseline,LPF,1978,602.6778514149553,4,2019
baseline,LPF,1979,581.9048531384938,4,2019
baseline,LPF,1980,560.4541680364449,4,2019
baseline,LPF,1981,542.3312617030556,4,2019
baseline,LPF,1982,523.9468764126824,4,2019
baseline,LPF,1983,507.25904129912016,4,2019
baseline,LPF,1984,490.5329860790505,4,2019
baseline,LPF,1985,467.5149374954831,4,2019
baseline,LPF,1986,452.2494574436244,4,2019
baseline,LPF,1987,430.7060058289556,4,2019
baseline,LPF,1988,413.5488773143314,4,2019
baseline,LPF,1989,386.28566021174584,4,2019
baseline,LPF,1990,371.15884598453033,4,2019
baseline,LPF,1991,348.582244303559,4,2019
baseline,LPF,1992,349.6846028367423,4,2019
baseline,LPF,1993,346.3585806677257,4,2019
baseline,LPF,1994,343.00937699884014,4,2019
baseline,LPF,1995,339.4777761122222,4,2019
baseline,LPF,1996,334.2192055366381,4,2019
baseline,LPF,1997,337.9918193733439,4,2019
baseline,LPF,1998,341.68975862568266,4,2019
baseline,LPF,1999,340.19254990648005,4,2019
baseline,LPF,2000,335.295287243124,4,2019
baseline,LPF,2001,336.62555137035145,4,2019
baseline,LPF,2002,334.7129602027524,4,2019
baseline,LPF,2003,330.45941503414736,4,2019
baseline,LPF,2004,323.77410674979774,4,2019
baseline,LPF,2005,317.32245362975186,4,2019
baseline,LPF,2006,313.3100306376196,4,2019
baseline,LPF,2007,311.01315835631516,4,2019
baseline,LPF,2008,308.4757753079898,4,2019
baseline,LPF,2009,305.56030247280097,4,2019
baseline,LPF,2010,301.22875415430747,4,2019
baseline,LPF,2011,295.767260440661,4,2019
baseline,LPF,2012,290.7841364245616,4,2019
baseline,LPF,2013,288.0516884854939,4,2019
baseline,LPF,2014,281.95411001135625,4,2019
baseline,LPF,2015,276.33860488613414,4,2019
baseline,LPF,2016,257.02329640841043,4,2019
baseline,LPF,2017,240.79846171807225,4,2019
baseline,LPF,2018,222.39160117708207,4,2019
baseline,LPF,2019,209.43850569147187,4,2019
baseline,MPF,1971,490.86748766302384,4,2019
baseline,MPF,1972,492.3811750758126,4,2019
baseline,MPF,1973,480.64125754902744,4,2019
baseline,MPF,1974,466.58640362035055,4,2019
baseline,MPF,1975,460.8894966738021,4,2019
baseline,MPF,1976,440.06363138793256,4,2019
baseline,MPF,1977,424.9243532649793,4,2019
baseline,MPF,1978,393.6624336892206,4,2019
baseline,MPF,1979,378.3729788909182,4,2019
baseline,MPF,1980,365.69680357650066,4,2019
baseline,MPF,1981,365.62362971360693,4,2019
baseline,MPF,1982,361.08268050945435,4,2019
baseline,MPF,1983,359.78548101423416,4,2019
baseline,MPF,1984,355.56265292303857,4,2019
baseline,MPF,1985,333.0299781118471,4,2019
baseline,MPF,1986,328.87005495675027,4,2019
baseline,MPF,1987,311.1844862921603,4,2019
baseline,MPF,1988,300.26549312523827,4,2019
baseline,MPF,1989,276.96580507227105,4,2019
baseline,MPF,1990,278.10277577200895,4,2019
baseline,MPF,1991,265.86291970152973,4,2019
baseline,MPF,1992,288.1398344009456,4,2019
baseline,MPF,1993,297.0987281337596,4,2019
baseline,MPF,1994,299.0586684036436,4,2019
baseline,MPF,1995,302.77217499875024,4,2019
baseline,MPF,1996,295.1691892330853,4,2019
baseline,MPF,1997,304.79564639426695,4,2019
baseline,MPF,1998,311.87901633186044,4,2019
baseline,MPF,1999,311.249060344623,4,2019
baseline,MPF,2000,301.81720064227017,4,2019
baseline,MPF,2001,309.6297522846882,4,2019
baseline,MPF,2002,308.537792690571,4,2019
baseline,MPF,2003,295.25265909025103,4,2019
baseline,MPF,2004,275.8451592010791,4,2019
baseline,MPF,2005,255.77849020746342,4,2019
baseline,MPF,2006,245.07562588032428,4,2019
baseline,MPF,2007,242.7755477673842,4,2019
baseline,MPF,2008,240.66196524885333,4,2019
baseline,MPF,2009,236.72816149928553,4,2019
baseline,MPF,2010,227.75243625653124,4,2019
baseline,MPF,2011,219.97172964616485,4,2019
baseline,MPF,2012,211.86746850181717,4,2019
baseline,MPF,2013,208.21484059216462,4,2019
baseline,MPF,2014,199.71699241343399,4,2019
baseline,MPF,2015,189.18080153809206,4,2019
baseline,MPF,2016,152.3799666106417,4,2019
baseline,MPF,2017,137.30636651896475,4,2019
baseline,MPF,2018,130.40649164889845,4,2019
baseline,MPF,2019,127.48696115628843,4,2019
baseline,NTU,1971,374.44423502271303,4,2019
baseline,NTU,1972,384.1298446566012,4,2019
baseline,NTU,1973,387.7509539734775,4,2019
baseline,NTU,1974,388.074663638008,4,2019
baseline,NTU,1975,386.7682251294226,4,2019
baseline,NTU,1976,376.90874561542677,4,2019
baseline,NTU,1977,363.82682469002765,4,2019
baseline,NTU,1978,338.5658114869738,4,2019
baseline,NTU,1979,321.27607489710323,4,2019
baseline,NTU,1980,304.9261791743927,4,2019
baseline,NTU,1981,295.2096385269319,4,2019
baseline,NTU,1982,284.1315883357902,4,2019
baseline,NTU,1983,274.6880979901698,4,2019
baseline,NTU,1984,264.45076326465966,4,2019
baseline,NTU,1985,247.06200284545835,4,2019
baseline,NTU,1986,237.42783951782405,4,2019
baseline,NTU,1987,223.20362491892203,4,2019
baseline,NTU,1988,211.53214529439938,4,2019
baseline,NTU,1989,194.02369662947106,4,2019
baseline,NTU,1990,186.86022323163456,4,2019
baseline,NTU,1991,173.25916360207643,4,2019
baseline,NTU,1992,174.28356870461488,4,2019
baseline,NTU,1993,172.1857420791765,4,2019
baseline,NTU,1994,169.2033311058839,4,2019
baseline,NTU,1995,167.56555537583563,4,2019
baseline,NTU,1996,163.85329554645935,4,2019
baseline,NTU,1997,165.37786151049568,4,2019
baseline,NTU,1998,166.74423583435623,4,2019
baseline,NTU,1999,167.26220333719556,4,2019
baseline,NTU,2000,165.5970376157792,4,2019
baseline,NTU,2001,167.6501936282992,4,2019
baseline,NTU,2002,169.435022981541,4,2019
baseline,NTU,2003,168.42787512640066,4,2019
baseline,NTU,2004,166.01421684553284,4,2019
baseline,NTU,2005,162.65258916504186,4,2019
baseline,NTU,2006,161.0072335783161,4,2019
baseline,NTU,2007,160.6790062659056,4,2019
baseline,NTU,2008,160.44721495625095,4,2019
baseline,NTU,2009,159.55178454641646,4,2019
baseline,NTU,2010,158.7227708320193,4,2019
baseline,NTU,2011,156.8406787586418,4,2019
baseline,NTU,2012,155.5581758527161,4,2019
baseline,NTU,2013,155.14107785500127,4,2019
baseline,NTU,2014,153.78535988866636,4,2019
baseline,NTU,2015,151.46062025477403,4,2019
baseline,NTU,2016,140.11370491329606,4,2019
baseline,NTU,2017,133.20289353921817,4,2019
baseline,NTU,2018,128.47931539429834,4,2019
baseline,NTU,2019,125.05412876926466,4,2019
baseline,SAR,1971,227.5524619098963,4,2019
baseline,SAR,1972,227.5524619098963,4,2019
baseline,SAR,1973,265.67610653404154,4,2019
baseline,SAR,1974,294.8634536904838,4,2019
baseline,SAR,1975,306.56710346207905,4,2019
baseline,SAR,1976,298.6225340118416,4,2019
baseline,SAR,1977,277.68431464218213,4,2019
baseline,SAR,1978,242.23651134455636,4,2019
baseline,SAR,1979,245.62307097453774,4,2019
baseline,SAR,1980,234.97900890888153,4,2019
baseline,SAR,1981,230.03804099424494,4,2019
baseline,SAR,1982,212.5699822108336,4,2019
baseline,SAR,1983,201.77940230489565,4,2019
baseline,SAR,1984,186.72776459691684,4,2019
baseline,SAR,1985,158.14148162936084,4,2019
baseline,SAR,1986,155.15312785129345,4,2019
baseline,SAR,1987,136.74159396365982,4,2019
baseline,SAR,1988,127.69435119013886,4,2019
baseline,SAR,1989,109.26977727183852,4,2019
baseline,SAR,1990,107.8603604249417,4,2019
baseline,SAR,1991,93.47249932201376,4,2019
baseline,SAR,1992,108.73944350702807,4,2019
baseline,SAR,1993,104.24014571386655,4,2019
baseline,SAR,1994,102.80170426381883,4,2019
baseline,SAR,1995,99.67341434449239,4,2019
baseline,SAR,1996,93.94357954906945,4,2019
baseline,SAR,1997,100.88796214086574,4,2019
baseline,SAR,1998,101.23870525507552,4,2019
baseline,SAR,1999,92.91985078151727,4,2019
baseline,SAR,2000,83.61354139707656,4,2019
baseline,SAR,2001,81.40868667138108,4,2019
baseline,SAR,2002,77.36911477880733,4,2019
baseline,SAR,2003,73.17929783692045,4,2019
baseline,SAR,2004,64.74328214809788,4,2019
baseline,SAR,2005,66.44009793750405,4,2019
baseline,SAR,2006,68.65741936475966,4,2019
baseline,SAR,2007,73.64745141853741,4,2019
baseline,SAR,2008,79.13248708958591,4,2019
baseline,SAR,2009,84.11684900398502,4,2019
baseline,SAR,2010,88.94709930572857,4,2019
baseline,SAR,2011,93.21615227846686,4,2019
baseline,SAR,2012,95.68312424198565,4,2019
baseline,SAR,2013,100.19508465555414,4,2019
baseline,SAR,2014,104.29136665687098,4,2019
baseline,SAR,2015,108.03716656214296,4,2019
baseline,SAR,2016,113.04008321616962,4,2019
baseline,SAR,2017,121.76180616399269,4,2019
baseline,SAR,2018,128.17275171771382,4,2019
baseline,SAR,2019,135.31841283699018,4,2019
baseline,SCP,1971,71.20424133607143,4,2019
baseline,SCP,1972,71.20424133607143,4,2019
baseline,SCP,1973,71.20424133607143,4,2019
baseline,SCP,1974,71.20424133607143,4,2019
baseline,SCP,1975,71.20424133607143,4,2019
baseline,SCP,1976,76.36902530313742,4,2019
baseline,SCP,1977,74.65611163512354,4,2019
baseline,SCP,1978,63.06813830367556,4,2019
baseline,SCP,1979,66.32762368618708,4,2019
baseline,SCP,1980,62.08617094100278,4,2019
baseline,SCP,1981,62.946466041859225,4,2019
baseline,SCP,1982,60.158600845582406,4,2019
baseline,SCP,1983,58.17549751152347,4,2019
baseline,SCP,1984,55.91101048805704,4,2019
baseline,SCP,1985,49.226669402972256,4,2019
baseline,SCP,1986,48.24057757726766,4,2019
baseline,SCP,1987,43.370849603929756,4,2019
baseline,SCP,1988,40.335170132848155,4,2019
baseline,SCP,1989,35.21985819167175,4,2019
baseline,SCP,1990,34.39621453903055,4,2019
baseline,SCP,1991,30.978238223019282,4,2019
baseline,SCP,1992,34.503146490941525,4,2019
baseline,SCP,1993,34.499786044611966,4,2019
baseline,SCP,1994,34.08441352346364,4,2019
baseline,SCP,1995,33.24894122068531,4,2019
baseline,SCP,1996,31.98967821587526,4,2019
baseline,SCP,1997,34.839444957648766,4,2019
baseline,SCP,1998,36.18502605568419,4,2019
baseline,SCP,1999,35.537482270328,4,2019
baseline,SCP,2000,33.01578657210733,4,2019
baseline,SCP,2001,32.80676523869207,4,2019
baseline,SCP,2002,32.841146474666246,4,2019
baseline,SCP,2003,32.1800977315497,4,2019
baseline,SCP,2004,30.170404014678386,4,2019
baseline,SCP,2005,29.946098829938872,4,2019
baseline,SCP,2006,30.152260702875882,4,2019
baseline,SCP,2007,30.46606758391445,4,2019
baseline,SCP,2008,30.614991972640237,4,2019
baseline,SCP,2009,30.703217480567627,4,2019
baseline,SCP,2010,30.715431694211677,4,2019
baseline,SCP,2011,30.935159708099526,4,2019
baseline,SCP,2012,31.06887150819704,4,2019
baseline,SCP,2013,31.3692909415685,4,2019
baseline,SCP,2014,31.624053939814036,4,2019
baseline,SCP,2015,31.82728500673794,4,2019
baseline,SCP,2016,31.8966761597789,4,2019
baseline,SCP,2017,31.479714085258603,4,2019
baseline,SCP,2018,30.09762505540803,4,2019
baseline,SCP,2019,29.187503805911934,4,2019
baseline,ANC,1971,309.4718306341225,5,2018
baseline,ANC,1972,309.4718306341225,5,2018
baseline,ANC,1973,309.4718306341225,5,2018
baseline,ANC,1974,309.4718306341225,5,2018
baseline,ANC,1975,309.4718306341225,5,2018
baseline,ANC,1976,309.4718306341225,5,2018
baseline,ANC,1977,309.4718306341225,5,2018
baseline,ANC,1978,309.4718306341225,5,2018
baseline,ANC,1979,309.4718306341225,5,2018
baseline,ANC,1980,309.4718306341225,5,2018
baseline,ANC,1981,309.4718306341225,5,2018
baseline,ANC,1982,309.4718306341225,5,2018
baseline,ANC,1983,309.4718306341225,5,2018
baseline,ANC,1984,309.4718306341225,5,2018
baseline,ANC,1985,309.4718306341225,5,2018
baseline,ANC,1986,309.4718306341225,5,2018
baseline,ANC,1987,309.4718306341225,5,2018
baseline,ANC,1988,309.4718306341225,5,2018
baseline,ANC,1989,309.4718306341225,5,2018
baseline,ANC,1990,309.4718306341225,5,2018
baseline,ANC,1991,309.4718306341225,5,2018
baseline,ANC,1992,309.4718306341225,5,2018
baseline,ANC,1993,309.4718306341225,5,2018
baseline,ANC,1994,309.4718306341225,5,2018
baseline,ANC,1995,309.4718306341225,5,2018
baseline,ANC,1996,309.4718306341225,5,2018
baseline,ANC,1997,309.4718306341225,5,2018
baseline,ANC,1998,309.4718306341225,5,2018
baseline,ANC,1999,309.4718306341225,5,2018
baseline,ANC,2000,309.4718306341225,5,2018
baseline,ANC,2001,309.4718306341225,5,2018
baseline,ANC,2002,303.4118811977606,5,2018
baseline,ANC,2003,283.5622414347865,5,2018
baseline,ANC,2004,241.86034296278962,5,2018
baseline,ANC,2005,234.96907132848858,5,2018
baseline,ANC,2006,217.3860996087713,5,2018
baseline,ANC,2007,206.38337426039644,5,2018
baseline,ANC,2008,205.73327323101583,5,2018
baseline,ANC,2009,198.97560758004272,5,2018
baseline,ANC,2010,199.63224457781527,5,2018
baseline,ANC,2011,208.13742383331646,5,2018
baseline,ANC,2012,214.30466651866382,5,2018
baseline,ANC,2013,251.50027119285394,5,2018
baseline,ANC,2014,307.10016767445364,5,2018
baseline,ANC,2015,363.0385826583575,5,2018
baseline,ANC,2016,429.4011404084901,5,2018
baseline,ANC,2017,452.83361160154067,5,2018
baseline,ANC,2018,514.7873077530023,5,2018
baseline,CMA,1971,428.9378745533613,5,2018
baseline,CMA,1972,425.9576521830621,5,2018
baseline,CMA,1973,423.31973909324535,5,2018
baseline,CMA,1974,418.99701738338285,5,2018
baseline,CMA,1975,411.4641779630696,5,2018
baseline,CMA,1976,399.8734765126957,5,2018
baseline,CMA,1977,385.8245206507494,5,2018
baseline,CMA,1978,366.1427798527156,5,2018
baseline,CMA,1979,354.7341083199441,5,2018
baseline,CMA,1980,342.0959421039297,5,2018
baseline,CMA,1981,333.0294774301427,5,2018
baseline,CMA,1982,322.89657538478497,5,2018
baseline,CMA,1983,314.01507207260784,5,2018
baseline,CMA,1984,305.7299525055225,5,2018
baseline,CMA,1985,292.3264980862942,5,2018
baseline,CMA,1986,284.27807151964146,5,2018
baseline,CMA,1987,270.6979941656458,5,2018
baseline,CMA,1988,258.82439239878335,5,2018
baseline,CMA,1989,240.5353648775416,5,2018
baseline,CMA,1990,231.76150623250695,5,2018
baseline,CMA,1991,215.2156422654527,5,2018
baseline,CMA,1992,214.04371179847436,5,2018
baseline,CMA,1993,209.80053872519358,5,2018
baseline,CMA,1994,204.17610904297948,5,2018
baseline,CMA,1995,198.6924469985955,5,2018
baseline,CMA,1996,191.2223439157557,5,2018
baseline,CMA,1997,188.56821067860588,5,2018
baseline,CMA,1998,186.16763178229434,5,2018
baseline,CMA,1999,181.8422485000145,5,2018
baseline,CMA,2000,175.09299455585665,5,2018
baseline,CMA,2001,173.07316313844632,5,2018
baseline,CMA,2002,170.56534797176306,5,2018
baseline,CMA,2003,165.45304507787668,5,2018
baseline,CMA,2004,156.95609411994548,5,2018
baseline,CMA,2005,148.64890230283697,5,2018
baseline,CMA,2006,141.1245596314035,5,2018
baseline,CMA,2007,135.81885827911177,5,2018
baseline,CMA,2008,131.1015623115114,5,2018
baseline,CMA,2009,125.7810292846313,5,2018
baseline,CMA,2010,119.99067949291516,5,2018
baseline,CMA,2011,112.65845107895275,5,2018
baseline,CMA,2012,106.34261316193415,5,2018
baseline,CMA,2013,101.16914674611206,5,2018
baseline,CMA,2014,95.69272091339357,5,2018
baseline,CMA,2015,89.87619910989851,5,2018
baseline,CMA,2016,75.32804824479915,5,2018
baseline,CMA,2017,65.89022308049597,5,2018
baseline,CMA,2018,55.64429075727674,5,2018
baseline,DMF,1971,344.75712494233966,5,2018
baseline,DMF,1972,344.77139966228674,5,2018
baseline,DMF,1973,330.60647147842843,5,2018
baseline,DMF,1974,303.6264285261314,5,2018
baseline,DMF,1975,293.72748572248764,5,2018
baseline,DMF,1976,286.79093793057314,5,2018
baseline,DMF,1977,272.2051581482674,5,2018
baseline,DMF,1978,249.89584218221023,5,2018
baseline,DMF,1979,235.48630859927462,5,2018
baseline,DMF,1980,223.49441116117166,5,2018
baseline,DMF,1981,217.77376791543367,5,2018
baseline,DMF,1982,211.07137384899812,5,2018
baseline,DMF,1983,207.40973987472,5,2018
baseline,DMF,1984,200.06071182394456,5,2018
baseline,DMF,1985,197.58839185397596,5,2018
baseline,DMF,1986,193.27562500399435,5,2018
baseline,DMF,1987,180.74726415183181,5,2018
baseline,DMF,1988,168.83710333054506,5,2018
baseline,DMF,1989,162.01881819320943,5,2018
baseline,DMF,1990,159.78101706166515,5,2018
baseline,DMF,1991,156.22302478863182,5,2018
baseline,DMF,1992,158.2885580207798,5,2018
baseline,DMF,1993,161.7098791925144,5,2018
baseline,DMF,1994,161.1067517597282,5,2018
baseline,DMF,1995,155.1843063126634,5,2018
baseline,DMF,1996,148.67129981055282,5,2018
baseline,DMF,1997,144.42293720829508,5,2018
baseline,DMF,1998,138.92358120694908,5,2018
baseline,DMF,1999,126.83638102350739,5,2018
baseline,DMF,2000,120.91309285014368,5,2018
baseline,DMF,2001,118.41211174356904,5,2018
baseline,DMF,2002,117.69322448498639,5,2018
baseline,DMF,2003,115.97806618407722,5,2018
baseline,DMF,2004,111.3722888585902,5,2018
baseline,DMF,2005,111.54759440907213,5,2018
baseline,DMF,2006,111.29164424722826,5,2018
baseline,DMF,2007,112.87725339798659,5,2018
baseline,DMF,2008,117.60297487805802,5,2018
baseline,DMF,2009,120.56386797930051,5,2018
baseline,DMF,2010,119.63439636846469,5,2018
baseline,DMF,2011,113.87639981181042,5,2018
baseline,DMF,2012,113.56920311107021,5,2018
baseline,DMF,2013,120.07227367520461,5,2018
baseline,DMF,2014,120.87594385811249,5,2018
baseline,DMF,2015,122.12157143855401,5,2018
baseline,DMF,2016,120.87957133186224,5,2018
baseline,DMF,2017,119.41195723886014,5,2018
baseline,DMF,2018,110.48237475653382,5,2018
baseline,LPF,1971,636.1392349367559,5,2018
baseline,LPF,1972,621.2522954032275,5,2018
baseline,LPF,1973,612.1611892214701,5,2018
baseline,LPF,1974,599.0276675191575,5,2018
baseline,LPF,1975,581.9871204561714,5,2018
baseline,LPF,1976,558.2986809890592,5,2018
baseline,LPF,1977,530.6707907697022,5,2018
baseline,LPF,1978,497.2590020977007,5,2018
baseline,LPF,1979,479.6787163846848,5,2018
baseline,LPF,1980,461.4643897198609,5,2018
baseline,LPF,1981,446.33571594870153,5,2018
baseline,LPF,1982,431.0208139583636,5,2018
baseline,LPF,1983,417.11591891233576,5,2018
baseline,LPF,1984,402.9448313189195,5,2018
baseline,LPF,1985,382.85443680818776,5,2018
baseline,LPF,1986,369.8937141036807,5,2018
baseline,LPF,1987,351.09283068183487,5,2018
baseline,LPF,1988,336.40797097179853,5,2018
baseline,LPF,1989,312.21545879786873,5,2018
baseline,LPF,1990,299.17457714307903,5,2018
baseline,LPF,1991,279.4068979577171,5,2018
baseline,LPF,1992,281.5955880963449,5,2018
baseline,LPF,1993,279.6313940467556,5,2018
baseline,LPF,1994,277.51493730030023,5,2018
baseline,LPF,1995,275.11915265046747,5,2018
baseline,LPF,1996,270.95432121568064,5,2018
baseline,LPF,1997,275.1736109870175,5,2018
baseline,LPF,1998,279.2995449489921,5,2018
baseline,LPF,1999,278.2723368024454,5,2018
baseline,LPF,2000,274.0186419028759,5,2018
baseline,LPF,2001,275.6605288231937,5,2018
baseline,LPF,2002,273.9704725699034,5,2018
baseline,LPF,2003,269.9865644175602,5,2018
baseline,LPF,2004,263.60857580263007,5,2018
baseline,LPF,2005,257.47614312305916,5,2018
baseline,LPF,2006,253.68459978721597,5,2018
baseline,LPF,2007,251.53444799103573,5,2018
baseline,LPF,2008,249.1274413326501,5,2018
baseline,LPF,2009,246.2948887729799,5,2018
baseline,LPF,2010,242.0123852147888,5,2018
baseline,LPF,2011,236.59882995711862,5,2018
baseline,LPF,2012,231.7279224239778,5,2018
baseline,LPF,2013,229.08131523200367,5,2018
baseline,LPF,2014,223.11305936686298,5,2018
baseline,LPF,2015,217.65349010833634,5,2018
baseline,LPF,2016,199.4657195484433,5,2018
baseline,LPF,2017,183.59288405994968,5,2018
baseline,LPF,2018,165.16992937052225,5,2018
baseline,MPF,1971,513.7756026906253,5,2018
baseline,MPF,1972,515.245219768275,5,2018
baseline,MPF,1973,504.08145806836495,5,2018
baseline,MPF,1974,489.84212543047005,5,2018
baseline,MPF,1975,483.3002144746617,5,2018
baseline,MPF,1976,461.7515017478804,5,2018
baseline,MPF,1977,445.42567666959144,5,2018
baseline,MPF,1978,412.90951779921454,5,2018
baseline,MPF,1979,396.3731596849084,5,2018
baseline,MPF,1980,382.42096577523466,5,2018
baseline,MPF,1981,381.31339010406344,5,2018
baseline,MPF,1982,375.930515159375,5,2018
baseline,MPF,1983,373.9808447155977,5,2018
baseline,MPF,1984,369.1945243045634,5,2018
baseline,MPF,1985,345.91990833973927,5,2018
baseline,MPF,1986,341.1029176941198,5,2018
baseline,MPF,1987,322.62658848556237,5,2018
baseline,MPF,1988,310.9532676488401,5,2018
baseline,MPF,1989,286.6847145016399,5,2018
baseline,MPF,1990,287.29487432355745,5,2018
baseline,MPF,1991,274.3440513486458,5,2018
baseline,MPF,1992,296.58959851942944,5,2018
baseline,MPF,1993,305.4730344769601,5,2018
baseline,MPF,1994,307.2330088706628,5,2018
baseline,MPF,1995,310.94318013072115,5,2018
baseline,MPF,1996,302.97431892878967,5,2018
baseline,MPF,1997,312.28483703493066,5,2018
baseline,MPF,1998,319.1255895038337,5,2018
baseline,MPF,1999,318.3846813241455,5,2018
baseline,MPF,2000,308.92144970247676,5,2018
baseline,MPF,2001,316.858273316395,5,2018
baseline,MPF,2002,315.95332918525276,5,2018
baseline,MPF,2003,302.25545284730157,5,2018
baseline,MPF,2004,282.1450704014663,5,2018
baseline,MPF,2005,261.03222824420396,5,2018
baseline,MPF,2006,249.6981009253972,5,2018
baseline,MPF,2007,246.85776386164335,5,2018
baseline,MPF,2008,244.1861023663877,5,2018
baseline,MPF,2009,239.64094261618283,5,2018
baseline,MPF,2010,229.9587327843754,5,2018
baseline,MPF,2011,221.20932231051188,5,2018
baseline,MPF,2012,212.4910236729194,5,2018
baseline,MPF,2013,208.38792781807803,5,2018
baseline,MPF,2014,199.4071140919289,5,2018
baseline,MPF,2015,188.15353475200303,5,2018
baseline,MPF,2016,151.04157036364762,5,2018
baseline,MPF,2017,134.3029946357007,5,2018
baseline,MPF,2018,125.29838703050658,5,2018
baseline,NTU,1971,358.571497706389,5,2018
baseline,NTU,1972,368.1856742939278,5,2018
baseline,NTU,1973,372.3452302036668,5,2018
baseline,NTU,1974,373.3536752143064,5,2018
baseline,NTU,1975,372.6716302944818,5,2018
baseline,NTU,1976,363.93756121403544,5,2018
baseline,NTU,1977,352.07660812335564,5,2018
baseline,NTU,1978,328.6610529593603,5,2018
baseline,NTU,1979,312.67818949416335,5,2018
baseline,NTU,1980,297.4649507550022,5,2018
baseline,NTU,1981,288.49890388774696,5,2018
baseline,NTU,1982,278.1422999016256,5,2018
baseline,NTU,1983,269.2825654305828,5,2018
baseline,NTU,1984,259.55240237877064,5,2018
baseline,NTU,1985,242.74622031515597,5,2018
baseline,NTU,1986,233.46992231853991,5,2018
baseline,NTU,1987,219.63147486225853,5,2018
baseline,NTU,1988,208.2408382882421,5,2018
baseline,NTU,1989,191.0319127735881,5,2018
baseline,NTU,1990,184.0477009016989,5,2018
baseline,NTU,1991,170.6401135562251,5,2018
baseline,NTU,1992,171.76468688786002,5,2018
baseline,NTU,1993,169.74155969782169,5,2018
baseline,NTU,1994,166.7404849119455,5,2018
baseline,NTU,1995,165.10647615225636,5,2018
baseline,NTU,1996,161.26769371964562,5,2018
baseline,NTU,1997,162.61590279767626,5,2018
baseline,NTU,1998,163.7752269182944,5,2018
baseline,NTU,1999,164.07347813809227,5,2018
baseline,NTU,2000,162.19286456494223,5,2018
baseline,NTU,2001,164.06394275043354,5,2018
baseline,NTU,2002,165.639431240157,5,2018
baseline,NTU,2003,164.2670670061218,5,2018
baseline,NTU,2004,161.43079175566186,5,2018
baseline,NTU,2005,157.54140244403078,5,2018
baseline,NTU,2006,155.48717666275525,5,2018
baseline,NTU,2007,154.76349457250632,5,2018
baseline,NTU,2008,154.11218140515362,5,2018
baseline,NTU,2009,152.7644757511826,5,2018
baseline,NTU,2010,151.44448810599326,5,2018
baseline,NTU,2011,148.9711970336589,5,2018
baseline,NTU,2012,147.185255076393,5,2018
baseline,NTU,2013,146.3055727652221,5,2018
baseline,NTU,2014,144.4802981163773,5,2018
baseline,NTU,2015,141.6100500596504,5,2018
baseline,NTU,2016,129.89999332468875,5,2018
baseline,NTU,2017,122.15011562137177,5,2018
baseline,NTU,2018,116.37135435421496,5,2018
baseline,SAR,1971,247.01561019075325,5,2018
baseline,SAR,1972,247.01561019075325,5,2018
baseline,SAR,1973,283.0087087367117,5,2018
baseline,SAR,1974,307.04653002774,5,2018
baseline,SAR,1975,312.8731149380665,5,2018
baseline,SAR,1976,301.54316922869464,5,2018
baseline,SAR,1977,280.501664508323,5,2018
baseline,SAR,1978,247.25066471494054,5,2018
baseline,SAR,1979,251.11853947865802,5,2018
baseline,SAR,1980,240.75047021811554,5,2018
baseline,SAR,1981,235.6708317278139,5,2018
baseline,SAR,1982,218.43281673662167,5,2018
baseline,SAR,1983,208.1823097858061,5,2018
baseline,SAR,1984,193.3442794101823,5,2018
baseline,SAR,1985,164.47949855733322,5,2018
baseline,SAR,1986,161.93422996262154,5,2018
baseline,SAR,1987,142.54653858396367,5,2018
baseline,SAR,1988,133.01978676450435,5,2018
baseline,SAR,1989,113.35907340209135,5,2018
baseline,SAR,1990,112.11323023255488,5,2018
baseline,SAR,1991,97.21963426309355,5,2018
baseline,SAR,1992,113.4077590111704,5,2018
baseline,SAR,1993,108.83378046470548,5,2018
baseline,SAR,1994,107.32026186358088,5,2018
baseline,SAR,1995,103.89764931720745,5,2018
baseline,SAR,1996,97.82731764824675,5,2018
baseline,SAR,1997,104.40953514310289,5,2018
baseline,SAR,1998,104.23231554273534,5,2018
baseline,SAR,1999,95.60870763867669,5,2018
baseline,SAR,2000,86.48910344186591,5,2018
baseline,SAR,2001,84.01213359437655,5,2018
baseline,SAR,2002,79.85304059633442,5,2018
baseline,SAR,2003,75.92186141488449,5,2018
baseline,SAR,2004,67.7101109999936,5,2018
baseline,SAR,2005,69.61849157814922,5,2018
baseline,SAR,2006,71.99724815288836,5,2018
baseline,SAR,2007,77.09536919606988,5,2018
baseline,SAR,2008,82.53381416696276,5,2018
baseline,SAR,2009,87.2888940143204,5,2018
baseline,SAR,2010,91.7300158597521,5,2018
baseline,SAR,2011,95.4561096497915,5,2018
baseline,SAR,2012,97.37626870053714,5,2018
baseline,SAR,2013,101.40759666751764,5,2018
baseline,SAR,2014,104.99488205707877,5,2018
baseline,SAR,2015,108.24340164938614,5,2018
baseline,SAR,2016,112.77015293900288,5,2018
baseline,SAR,2017,121.0414398037438,5,2018
baseline,SAR,2018,126.72627609517177,5,2018
baseline,SCP,1971,247.69049237016745,5,2018
baseline,SCP,1972,247.69049237016745,5,2018
baseline,SCP,1973,247.69049237016745,5,2018
baseline,SCP,1974,247.69049237016745,5,2018
baseline,SCP,1975,247.69049237016745,5,2018
baseline,SCP,1976,250.9201088346087,5,2018
baseline,SCP,1977,243.70128795483734,5,2018
baseline,SCP,1978,219.0235722606045,5,2018
baseline,SCP,1979,216.6985296463804,5,2018
baseline,SCP,1980,206.35255428057764,5,2018
baseline,SCP,1981,201.5711559682666,5,2018
baseline,SCP,1982,192.459336610825,5,2018
baseline,SCP,1983,185.22010783339886,5,2018
baseline,SCP,1984,178.91401923108998,5,2018
baseline,SCP,1985,164.1632797962969,5,2018
baseline,SCP,1986,158.7787612791883,5,2018
baseline,SCP,1987,145.24023593330517,5,2018
baseline,SCP,1988,133.992030766417,5,2018
baseline,SCP,1989,114.10152733631675,5,2018
baseline,SCP,1990,106.6614231196167,5,2018
baseline,SCP,1991,90.93169073332228,5,2018
baseline,SCP,1992,92.98737816214091,5,2018
baseline,SCP,1993,91.419543081633,5,2018
baseline,SCP,1994,90.33455911850987,5,2018
baseline,SCP,1995,89.26711979736008,5,2018
baseline,SCP,1996,87.59771281393654,5,2018
baseline,SCP,1997,93.26720209763205,5,2018
baseline,SCP,1998,98.76337625972796,5,2018
baseline,SCP,1999,102.64157982757781,5,2018
baseline,SCP,2000,102.03811992186769,5,2018
baseline,SCP,2001,106.44964749111286,5,2018
baseline,SCP,2002,109.35149091368068,5,2018
baseline,SCP,2003,110.13272465568048,5,2018
baseline,SCP,2004,107.67170860163064,5,2018
baseline,SCP,2005,105.84231993816552,5,2018
baseline,SCP,2006,105.6605451154228,5,2018
baseline,SCP,2007,106.4733742085407,5,2018
baseline,SCP,2008,106.98515207217564,5,2018
baseline,SCP,2009,107.72028850388382,5,2018
baseline,SCP,2010,108.1536684676002,5,2018
baseline,SCP,2011,108.45977055935683,5,2018
baseline,SCP,2012,107.71343503667678,5,2018
baseline,SCP,2013,107.63829550436057,5,2018
baseline,SCP,2014,106.39085128578971,5,2018
baseline,SCP,2015,104.83401914235326,5,2018
baseline,SCP,2016,91.36832513854782,5,2018
baseline,SCP,2017,87.43894071259845,5,2018
baseline,SCP,2018,87.06378774300718,5,2018
post_1987,ANC,1971,325.7518711363169,0,2023
post_1987,ANC,1972,325.7518711363169,0,2023
post_1987,ANC,1973,325.7518711363169,0,2023
post_1987,ANC,1974,325.7518711363169,0,2023
post_1987,ANC,1975,325.7518711363169,0,2023
post_1987,ANC,1976,325.7518711363169,0,2023
post_1987,ANC,1977,325.7518711363169,0,2023
post_1987,ANC,1978,325.7518711363169,0,2023
post_1987,ANC,1979,325.7518711363169,0,2023
post_1987,ANC,1980,325.7518711363169,0,2023
post_1987,ANC,1981,325.7518711363169,0,2023
post_1987,ANC,1982,325.7518711363169,0,2023
post_1987,ANC,1983,325.7518711363169,0,2023
post_1987,ANC,1984,325.7518711363169,0,2023
post_1987,ANC,1985,325.7518711363169,0,2023
post_1987,ANC,1986,325.7518711363169,0,2023
post_1987,ANC,1987,325.7518711363169,0,2023
post_1987,ANC,1988,325.7518711363169,0,2023
post_1987,ANC,1989,325.7518711363169,0,2023
post_1987,ANC,1990,325.7518711363169,0,2023
post_1987,ANC,1991,325.7518711363169,0,2023
post_1987,ANC,1992,325.7518711363169,0,2023
post_1987,ANC,1993,325.7518711363169,0,2023
post_1987,ANC,1994,325.7518711363169,0,2023
post_1987,ANC,1995,325.7518711363169,0,2023
post_1987,ANC,1996,325.7518711363169,0,2023
post_1987,ANC,1997,325.7518711363169,0,2023
post_1987,ANC,1998,325.7518711363169,0,2023
post_1987,ANC,1999,325.7518711363169,0,2023
post_1987,ANC,2000,325.7518711363169,0,2023
post_1987,ANC,2001,325.7518711363169,0,2023
post_1987,ANC,2002,321.2182378298393,0,2023
post_1987,ANC,2003,301.95256754536985,0,2023
post_1987,ANC,2004,259.91337978577013,0,2023
post_1987,ANC,2005,254.42009483297844,0,2023
post_1987,ANC,2006,237.43810723581845,0,2023
post_1987,ANC,2007,227.2377754380813,0,2023
post_1987,ANC,2008,227.74929380484076,0,2023
post_1987,ANC,2009,221.84315390956837,0,2023
post_1987,ANC,2010,223.3656458255864,0,2023
post_1987,ANC,2011,232.64830738125346,0,2023
post_1987,ANC,2012,239.14039723796068,0,2023
post_1987,ANC,2013,277.8288405739307,0,2023
post_1987,ANC,2014,332.3107457446613,0,2023
post_1987,ANC,2015,383.88068356766365,0,2023
post_1987,ANC,2016,439.9345247067525,0,2023
post_1987,ANC,2017,444.24928339356876,0,2023
post_1987,ANC,2018,485.0615984224512,0,2023
post_1987,ANC,2019,542.0961840028535,0,2023
post_1987,ANC,2020,593.2095035686932,0,2023
post_1987,ANC,2021,662.9601013303171,0,2023
post_1987,ANC,2022,730.5284370611495,0,2023
post_1987,ANC,2023,784.7814250981307,0,2023
post_1987,CMA,1971,299.28079371720355,0,2023
post_1987,CMA,1972,299.28079371720355,0,2023
post_1987,CMA,1973,299.28079371720355,0,2023
post_1987,CMA,1974,299.28079371720355,0,2023
post_1987,CMA,1975,299.28079371720355,0,2023
post_1987,CMA,1976,299.28079371720355,0,2023
post_1987,CMA,1977,299.28079371720355,0,2023
post_1987,CMA,1978,299.28079371720355,0,2023
post_1987,CMA,1979,299.28079371720355,0,2023
post_1987,CMA,1980,299.28079371720355,0,2023
post_1987,CMA,1981,299.28079371720355,0,2023
post_1987,CMA,1982,299.28079371720355,0,2023
post_1987,CMA,1983,299.28079371720355,0,2023
post_1987,CMA,1984,299.28079371720355,0,2023
post_1987,CMA,1985,299.28079371720355,0,2023
post_1987,CMA,1986,299.28079371720355,0,2023
post_1987,CMA,1987,299.28079371720355,0,2023
post_1987,CMA,1988,299.28079371720355,0,2023
post_1987,CMA,1989,302.7598811763006,0,2023
post_1987,CMA,1990,310.0503389245958,0,2023
post_1987,CMA,1991,306.8740840095483,0,2023
post_1987,CMA,1992,316.87794736551075,0,2023
post_1987,CMA,1993,319.23214256072026,0,2023
post_1987,CMA,1994,318.8533579281127,0,2023
post_1987,CMA,1995,318.74225558058953,0,2023
post_1987,CMA,1996,316.69558198612185,0,2023
post_1987,CMA,1997,319.6746704388302,0,2023
post_1987,CMA,1998,321.4330606434524,0,2023
post_1987,CMA,1999,320.59211292070506,0,2023
post_1987,CMA,2000,318.2078618565465,0,2023
post_1987,CMA,2001,321.5091256141748,0,2023
post_1987,CMA,2002,322.8090495236467,0,2023
post_1987,CMA,2003,320.9987387351342,0,2023
post_1987,CMA,2004,316.95113216286,0,2023
post_1987,CMA,2005,315.0934946849594,0,2023
post_1987,CMA,2006,314.91034247202987,0,2023
post_1987,CMA,2007,316.9067993894847,0,2023
post_1987,CMA,2008,318.2945553713998,0,2023
post_1987,CMA,2009,318.26983605184967,0,2023
post_1987,CMA,2010,317.71137063973646,0,2023
post_1987,CMA,2011,315.60534702450025,0,2023
post_1987,CMA,2012,315.46207212718684,0,2023
post_1987,CMA,2013,316.50020392391394,0,2023
post_1987,CMA,2014,316.24841406500286,0,2023
post_1987,CMA,2015,315.2417766561463,0,2023
post_1987,CMA,2016,301.5433457980534,0,2023
post_1987,CMA,2017,301.0610114140774,0,2023
post_1987,CMA,2018,300.79161531456947,0,2023
post_1987,CMA,2019,304.6384150161606,0,2023
post_1987,CMA,2020,304.3537714106407,0,2023
post_1987,CMA,2021,310.5323094206125,0,2023
post_1987,CMA,2022,313.9948349621763,0,2023
post_1987,CMA,2023,317.02629842132734,0,2023
post_1987,DMF,1971,265.0741077225119,0,2023
post_1987,DMF,1972,265.0741077225119,0,2023
post_1987,DMF,1973,265.0741077225119,0,2023
post_1987,DMF,1974,265.0741077225119,0,2023
post_1987,DMF,1975,265.0741077225119,0,2023
post_1987,DMF,1976,265.0741077225119,0,2023
post_1987,DMF,1977,265.0741077225119,0,2023
post_1987,DMF,1978,265.0741077225119,0,2023
post_1987,DMF,1979,265.0741077225119,0,2023
post_1987,DMF,1980,265.0741077225119,0,2023
post_1987,DMF,1981,265.0741077225119,0,2023
post_1987,DMF,1982,265.0741077225119,0,2023
post_1987,DMF,1983,265.0741077225119,0,2023
post_1987,DMF,1984,265.0741077225119,0,2023
post_1987,DMF,1985,265.0741077225119,0,2023
post_1987,DMF,1986,265.0741077225119,0,2023
post_1987,DMF,1987,265.0741077225119,0,2023
post_1987,DMF,1988,265.0741077225119,0,2023
post_1987,DMF,1989,236.9439447047107,0,2023
post_1987,DMF,1990,221.10056633236468,0,2023
post_1987,DMF,1991,207.98500081973023,0,2023
post_1987,DMF,1992,203.88953665077082,0,2023
post_1987,DMF,1993,205.44342345969002,0,2023
post_1987,DMF,1994,204.8343732541337,0,2023
post_1987,DMF,1995,199.9786746536472,0,2023
post_1987,DMF,1996,196.4681998837399,0,2023
post_1987,DMF,1997,196.10390613532522,0,2023
post_1987,DMF,1998,195.81341737210937,0,2023
post_1987,DMF,1999,189.07087597321174,0,2023
post_1987,DMF,2000,189.40763470361284,0,2023
post_1987,DMF,2001,194.03391382263595,0,2023
post_1987,DMF,2002,198.9580586999894,0,2023
post_1987,DMF,2003,203.79552630968993,0,2023
post_1987,DMF,2004,205.6722856407917,0,2023
post_1987,DMF,2005,212.68220324021516,0,2023
post_1987,DMF,2006,219.76015357614153,0,2023
post_1987,DMF,2007,229.18558440920276,0,2023
post_1987,DMF,2008,242.71703006422342,0,2023
post_1987,DMF,2009,254.77989850683676,0,2023
post_1987,DMF,2010,262.38206998333703,0,2023
post_1987,DMF,2011,264.80437833410457,0,2023
post_1987,DMF,2012,274.75269023723644,0,2023
post_1987,DMF,2013,292.3666326547059,0,2023
post_1987,DMF,2014,303.379394828164,0,2023
post_1987,DMF,2015,314.8109562596082,0,2023
post_1987,DMF,2016,323.47223894410695,0,2023
post_1987,DMF,2017,329.3439003034928,0,2023
post_1987,DMF,2018,323.64243802247853,0,2023
post_1987,DMF,2019,318.85102102216,0,2023
post_1987,DMF,2020,313.0403894700727,0,2023
post_1987,DMF,2021,319.0959735682352,0,2023
post_1987,DMF,2022,326.7617925661774,0,2023
post_1987,DMF,2023,336.3806797381585,0,2023
post_1987,LPF,1971,409.2292703095431,0,2023
post_1987,LPF,1972,409.2292703095431,0,2023
post_1987,LPF,1973,409.2292703095431,0,2023
post_1987,LPF,1974,409.2292703095431,0,2023
post_1987,LPF,1975,409.2292703095431,0,2023
post_1987,LPF,1976,409.2292703095431,0,2023
post_1987,LPF,1977,409.2292703095431,0,2023
post_1987,LPF,1978,409.2292703095431,0,2023
post_1987,LPF,1979,409.2292703095431,0,2023
post_1987,LPF,1980,409.2292703095431,0,2023
post_1987,LPF,1981,409.2292703095431,0,2023
post_1987,LPF,1982,409.2292703095431,0,2023
post_1987,LPF,1983,409.2292703095431,0,2023
post_1987,LPF,1984,409.2292703095431,0,2023
post_1987,LPF,1985,409.2292703095431,0,2023
post_1987,LPF,1986,409.2292703095431,0,2023
post_1987,LPF,1987,409.2292703095431,0,2023
post_1987,LPF,1988,409.2292703095431,0,2023
post_1987,LPF,1989,384.31545666891316,0,2023
post_1987,LPF,1990,378.83028121756774,0,2023
post_1987,LPF,1991,364.85394090150095,0,2023
post_1987,LPF,1992,379.95449143176063,0,2023
post_1987,LPF,1993,386.0134541214691,0,2023
post_1987,LPF,1994,390.464349723794,0,2023
post_1987,LPF,1995,393.38813702041045,0,2023
post_1987,LPF,1996,393.5449343264455,0,2023
post_1987,LPF,1997,405.08862896350007,0,2023
post_1987,LPF,1998,413.42863172003933,0,2023
post_1987,LPF,1999,413.6770333917609,0,2023
post_1987,LPF,2000,409.0433718971016,0,2023
post_1987,LPF,2001,413.62122424948666,0,2023
post_1987,LPF,2002,413.0194074817348,0,2023
post_1987,LPF,2003,409.55422994038787,0,2023
post_1987,LPF,2004,404.00105412364707,0,2023
post_1987,LPF,2005,399.89257371100916,0,2023
post_1987,LPF,2006,399.6429069162489,0,2023
post_1987,LPF,2007,401.3211243404936,0,2023
post_1987,LPF,2008,402.0321609754438,0,2023
post_1987,LPF,2009,402.12146808646844,0,2023
post_1987,LPF,2010,400.59705209096836,0,2023
post_1987,LPF,2011,398.19861358914505,0,2023
post_1987,LPF,2012,396.30258022129107,0,2023
post_1987,LPF,2013,397.24002685502256,0,2023
post_1987,LPF,2014,393.73603838679026,0,2023
post_1987,LPF,2015,391.26148031308566,0,2023
post_1987,LPF,2016,369.7079318179693,0,2023
post_1987,LPF,2017,361.5427746860356,0,2023
post_1987,LPF,2018,354.0146711715771,0,2023
post_1987,LPF,2019,352.5046113700784,0,2023
post_1987,LPF,2020,345.91964065854734,0,2023
post_1987,LPF,2021,337.79818258279073,0,2023
post_1987,LPF,2022,336.8384914520506,0,2023
post_1987,LPF,2023,343.4954064618574,0,2023
post_1987,MPF,1971,549.7552821941761,0,2023
post_1987,MPF,1972,549.7552821941761,0,2023
post_1987,MPF,1973,549.7552821941761,0,2023
post_1987,MPF,1974,549.7552821941761,0,2023
post_1987,MPF,1975,549.7552821941761,0,2023
post_1987,MPF,1976,549.7552821941761,0,2023
post_1987,MPF,1977,549.7552821941761,0,2023
post_1987,MPF,1978,549.7552821941761,0,2023
post_1987,MPF,1979,549.7552821941761,0,2023
post_1987,MPF,1980,549.7552821941761,0,2023
post_1987,MPF,1981,549.7552821941761,0,2023
post_1987,MPF,1982,549.7552821941761,0,2023
post_1987,MPF,1983,549.7552821941761,0,2023
post_1987,MPF,1984,549.7552821941761,0,2023
post_1987,MPF,1985,549.7552821941761,0,2023
post_1987,MPF,1986,549.7552821941761,0,2023
post_1987,MPF,1987,549.7552821941761,0,2023
post_1987,MPF,1988,549.7552821941761,0,2023
post_1987,MPF,1989,490.171865576012,0,2023
post_1987,MPF,1990,514.5723751353426,0,2023
post_1987,MPF,1991,503.8403143352889,0,2023
post_1987,MPF,1992,559.2447098604423,0,2023
post_1987,MPF,1993,565.7039514131241,0,2023
post_1987,MPF,1994,564.2719423479608,0,2023
post_1987,MPF,1995,572.5573167290439,0,2023
post_1987,MPF,1996,564.7582820734877,0,2023
post_1987,MPF,1997,586.1875973492288,0,2023
post_1987,MPF,1998,593.6964304051637,0,2023
post_1987,MPF,1999,592.605728518878,0,2023
post_1987,MPF,2000,587.715302945593,0,2023
post_1987,MPF,2001,605.5399271132032,0,2023
post_1987,MPF,2002,605.6377840781154,0,2023
post_1987,MPF,2003,596.6462432198474,0,2023
post_1987,MPF,2004,589.7714953254454,0,2023
post_1987,MPF,2005,586.0928851264941,0,2023
post_1987,MPF,2006,593.80015814297,0,2023
post_1987,MPF,2007,604.6573715161948,0,2023
post_1987,MPF,2008,609.631960794399,0,2023
post_1987,MPF,2009,611.2152680486198,0,2023
post_1987,MPF,2010,608.7658219256257,0,2023
post_1987,MPF,2011,610.7006071247282,0,2023
post_1987,MPF,2012,613.5062561265113,0,2023
post_1987,MPF,2013,620.0141537416524,0,2023
post_1987,MPF,2014,619.4065869374335,0,2023
post_1987,MPF,2015,618.7585091183793,0,2023
post_1987,MPF,2016,600.0269443337152,0,2023
post_1987,MPF,2017,605.5507854753525,0,2023
post_1987,MPF,2018,610.1348559788528,0,2023
post_1987,MPF,2019,618.3528620375861,0,2023
post_1987,MPF,2020,619.0394515972498,0,2023
post_1987,MPF,2021,632.6823759051539,0,2023
post_1987,MPF,2022,636.0678580696938,0,2023
post_1987,MPF,2023,637.4490223281986,0,2023
post_1987,NTU,1971,153.47253005657063,0,2023
post_1987,NTU,1972,153.47253005657063,0,2023
post_1987,NTU,1973,153.47253005657063,0,2023
post_1987,NTU,1974,153.47253005657063,0,2023
post_1987,NTU,1975,153.47253005657063,0,2023
post_1987,NTU,1976,153.47253005657063,0,2023
post_1987,NTU,1977,153.47253005657063,0,2023
post_1987,NTU,1978,153.47253005657063,0,2023
post_1987,NTU,1979,153.47253005657063,0,2023
post_1987,NTU,1980,153.47253005657063,0,2023
post_1987,NTU,1981,153.47253005657063,0,2023
post_1987,NTU,1982,153.47253005657063,0,2023
post_1987,NTU,1983,153.47253005657063,0,2023
post_1987,NTU,1984,153.47253005657063,0,2023
post_1987,NTU,1985,153.47253005657063,0,2023
post_1987,NTU,1986,153.47253005657063,0,2023
post_1987,NTU,1987,153.47253005657063,0,2023
post_1987,NTU,1988,153.47253005657063,0,2023
post_1987,NTU,1989,165.91391393356454,0,2023
post_1987,NTU,1990,178.64105685021104,0,2023
post_1987,NTU,1991,170.72686997844713,0,2023
post_1987,NTU,1992,190.56089756264964,0,2023
post_1987,NTU,1993,185.80640786937911,0,2023
post_1987,NTU,1994,184.95343156249268,0,2023
post_1987,NTU,1995,187.94163091642096,0,2023
post_1987,NTU,1996,184.1980196479973,0,2023
post_1987,NTU,1997,192.4566142692318,0,2023
post_1987,NTU,1998,191.81807775620013,0,2023
post_1987,NTU,1999,191.21145929738202,0,2023
post_1987,NTU,2000,188.49617219954834,0,2023
post_1987,NTU,2001,194.6204721975497,0,2023
post_1987,NTU,2002,193.30109543895213,0,2023
post_1987,NTU,2003,189.91158357403413,0,2023
post_1987,NTU,2004,188.65662076516446,0,2023
post_1987,NTU,2005,187.68508810554812,0,2023
post_1987,NTU,2006,190.17176453154036,0,2023
post_1987,NTU,2007,191.57158727149923,0,2023
post_1987,NTU,2008,191.43398170332802,0,2023
post_1987,NTU,2009,190.9479210313888,0,2023
post_1987,NTU,2010,191.1357764512362,0,2023
post_1987,NTU,2011,190.12297298526823,0,2023
post_1987,NTU,2012,190.34743551862366,0,2023
post_1987,NTU,2013,191.20375671302267,0,2023
post_1987,NTU,2014,189.65707837205798,0,2023
post_1987,NTU,2015,188.90538583627662,0,2023
post_1987,NTU,2016,174.6618917830168,0,2023
post_1987,NTU,2017,185.2077200759353,0,2023
post_1987,NTU,2018,190.12878530452963,0,2023
post_1987,NTU,2019,190.3234137593865,0,2023
post_1987,NTU,2020,190.28131360044569,0,2023
post_1987,NTU,2021,194.59044866433953,0,2023
post_1987,NTU,2022,195.30890192248592,0,2023
post_1987,NTU,2023,194.6227647522513,0,2023
post_1987,SAR,1971,154.60727199643577,0,2023
post_1987,SAR,1972,154.60727199643577,0,2023
post_1987,SAR,1973,154.60727199643577,0,2023
post_1987,SAR,1974,154.60727199643577,0,2023
post_1987,SAR,1975,154.60727199643577,0,2023
post_1987,SAR,1976,154.60727199643577,0,2023
post_1987,SAR,1977,154.60727199643577,0,2023
post_1987,SAR,1978,154.60727199643577,0,2023
post_1987,SAR,1979,154.60727199643577,0,2023
post_1987,SAR,1980,154.60727199643577,0,2023
post_1987,SAR,1981,154.60727199643577,0,2023
post_1987,SAR,1982,154.60727199643577,0,2023
post_1987,SAR,1983,154.60727199643577,0,2023
post_1987,SAR,1984,154.60727199643577,0,2023
post_1987,SAR,1985,154.60727199643577,0,2023
post_1987,SAR,1986,154.60727199643577,0,2023
post_1987,SAR,1987,154.60727199643577,0,2023
post_1987,SAR,1988,154.60727199643577,0,2023
post_1987,SAR,1989,100.44663161061915,0,2023
post_1987,SAR,1990,95.38954972426772,0,2023
post_1987,SAR,1991,89.78974281251759,0,2023
post_1987,SAR,1992,92.90943987535445,0,2023
post_1987,SAR,1993,89.38980778985764,0,2023
post_1987,SAR,1994,92.9136625978303,0,2023
post_1987,SAR,1995,94.74419497641236,0,2023
post_1987,SAR,1996,94.79141461977301,0,2023
post_1987,SAR,1997,95.84180507358859,0,2023
post_1987,SAR,1998,95.6493369647436,0,2023
post_1987,SAR,1999,93.13910561913168,0,2023
post_1987,SAR,2000,92.20240244200153,0,2023
post_1987,SAR,2001,93.15046881964533,0,2023
post_1987,SAR,2002,93.28572178133412,0,2023
post_1987,SAR,2003,93.1030413293584,0,2023
post_1987,SAR,2004,86.85908799153513,0,2023
post_1987,SAR,2005,91.02648764290271,0,2023
post_1987,SAR,2006,94.52850488434206,0,2023
post_1987,SAR,2007,101.65149823969737,0,2023
post_1987,SAR,2008,109.38322030561001,0,2023
post_1987,SAR,2009,116.94085971157645,0,2023
post_1987,SAR,2010,125.16303279974719,0,2023
post_1987,SAR,2011,132.74672355955133,0,2023
post_1987,SAR,2012,137.8947932304065,0,2023
post_1987,SAR,2013,151.2566174013016,0,2023
post_1987,SAR,2014,159.21481175167241,0,2023
post_1987,SAR,2015,164.5829493706046,0,2023
post_1987,SAR,2016,143.6758060720114,0,2023
post_1987,SAR,2017,168.38460697548254,0,2023
post_1987,SAR,2018,191.79058993070902,0,2023
post_1987,SAR,2019,202.7391150659658,0,2023
post_1987,SAR,2020,203.66170351619098,0,2023
post_1987,SAR,2021,222.67659750925614,0,2023
post_1987,SAR,2022,227.2774453526141,0,2023
post_1987,SAR,2023,225.61974874407323,0,2023
post_1987,SCP,1971,149.94355445000699,0,2023
post_1987,SCP,1972,149.94355445000699,0,2023
post_1987,SCP,1973,149.94355445000699,0,2023
post_1987,SCP,1974,149.94355445000699,0,2023
post_1987,SCP,1975,149.94355445000699,0,2023
post_1987,SCP,1976,149.94355445000699,0,2023
post_1987,SCP,1977,149.94355445000699,0,2023
post_1987,SCP,1978,149.94355445000699,0,2023
post_1987,SCP,1979,149.94355445000699,0,2023
post_1987,SCP,1980,149.94355445000699,0,2023
post_1987,SCP,1981,149.94355445000699,0,2023
post_1987,SCP,1982,149.94355445000699,0,2023
post_1987,SCP,1983,149.94355445000699,0,2023
post_1987,SCP,1984,149.94355445000699,0,2023
post_1987,SCP,1985,149.94355445000699,0,2023
post_1987,SCP,1986,149.94355445000699,0,2023
post_1987,SCP,1987,149.94355445000699,0,2023
post_1987,SCP,1988,149.94355445000699,0,2023
post_1987,SCP,1989,137.40852115712482,0,2023
post_1987,SCP,1990,134.25967595087837,0,2023
post_1987,SCP,1991,123.3743147761528,0,2023
post_1987,SCP,1992,128.02812347247786,0,2023
post_1987,SCP,1993,128.95627521429992,0,2023
post_1987,SCP,1994,130.02603358369245,0,2023
post_1987,SCP,1995,130.81521449472618,0,2023
post_1987,SCP,1996,130.80207038320614,0,2023
post_1987,SCP,1997,138.33126351112236,0,2023
post_1987,SCP,1998,145.3010242804547,0,2023
post_1987,SCP,1999,150.2019862201331,0,2023
post_1987,SCP,2000,150.3119851079827,0,2023
post_1987,SCP,2001,155.80231446611796,0,2023
post_1987,SCP,2002,159.92944245127856,0,2023
post_1987,SCP,2003,161.4926128501861,0,2023
post_1987,SCP,2004,159.50747103175198,0,2023
post_1987,SCP,2005,158.22481712891883,0,2023
post_1987,SCP,2006,158.74714540460158,0,2023
post_1987,SCP,2007,160.2807977555972,0,2023
post_1987,SCP,2008,161.15853961896497,0,2023
post_1987,SCP,2009,161.9767889694772,0,2023
post_1987,SCP,2010,162.21590812765666,0,2023
post_1987,SCP,2011,162.12259936967067,0,2023
post_1987,SCP,2012,160.57281827579817,0,2023
post_1987,SCP,2013,159.65882005162132,0,2023
post_1987,SCP,2014,156.92497226053732,0,2023
post_1987,SCP,2015,153.61125624267024,0,2023
post_1987,SCP,2016,134.65770132576122,0,2023
post_1987,SCP,2017,129.17059346752754,0,2023
post_1987,SCP,2018,129.08201630155963,0,2023
post_1987,SCP,2019,128.8854973203258,0,2023
post_1987,SCP,2020,128.36730977188085,0,2023
post_1987,SCP,2021,129.65381742354197,0,2023
post_1987,SCP,2022,131.729374594812,0,2023
post_1987,SCP,2023,135.46900953349706,0,2023
post_1987,ANC,1971,325.2951449023272,1,2022
post_1987,ANC,1972,325.2951449023272,1,2022
post_1987,ANC,1973,325.2951449023272,1,2022
post_1987,ANC,1974,325.2951449023272,1,2022
post_1987,ANC,1975,325.2951449023272,1,2022
post_1987,ANC,1976,325.2951449023272,1,2022
post_1987,ANC,1977,325.2951449023272,1,2022
post_1987,ANC,1978,325.2951449023272,1,2022
post_1987,ANC,1979,325.2951449023272,1,2022
post_1987,ANC,1980,325.2951449023272,1,2022
post_1987,ANC,1981,325.2951449023272,1,2022
post_1987,ANC,1982,325.2951449023272,1,2022
post_1987,ANC,1983,325.2951449023272,1,2022
post_1987,ANC,1984,325.2951449023272,1,2022
post_1987,ANC,1985,325.2951449023272,1,2022
post_1987,ANC,1986,325.2951449023272,1,2022
post_1987,ANC,1987,325.2951449023272,1,2022
post_1987,ANC,1988,325.2951449023272,1,2022
post_1987,ANC,1989,325.2951449023272,1,2022
post_1987,ANC,1990,325.2951449023272,1,2022
post_1987,ANC,1991,325.2951449023272,1,2022
post_1987,ANC,1992,325.2951449023272,1,2022
post_1987,ANC,1993,325.2951449023272,1,2022
post_1987,ANC,1994,325.2951449023272,1,2022
post_1987,ANC,1995,325.2951449023272,1,2022
post_1987,ANC,1996,325.2951449023272,1,2022
post_1987,ANC,1997,325.2951449023272,1,2022
post_1987,ANC,1998,325.2951449023272,1,2022
post_1987,ANC,1999,325.2951449023272,1,2022
post_1987,ANC,2000,325.2951449023272,1,2022
post_1987,ANC,2001,325.2951449023272,1,2022
post_1987,ANC,2002,320.66701810860786,1,2022
post_1987,ANC,2003,301.273022171836,1,2022
post_1987,ANC,2004,259.0142286568722,1,2022
post_1987,ANC,2005,253.1473726738562,1,2022
post_1987,ANC,2006,235.7953382282058,1,2022
post_1987,ANC,2007,225.20394309351207,1,2022
post_1987,ANC,2008,225.26514997836196,1,2022
post_1987,ANC,2009,218.89514476579845,1,2022
post_1987,ANC,2010,219.89756879415938,1,2022
post_1987,ANC,2011,228.60098284282623,1,2022
post_1987,ANC,2012,234.46678071010618,1,2022
post_1987,ANC,2013,272.17203857752264,1,2022
post_1987,ANC,2014,325.77958006592326,1,2022
post_1987,ANC,2015,376.71473330340933,1,2022
post_1987,ANC,2016,432.6451822874677,1,2022
post_1987,ANC,2017,438.4757050394129,1,2022
post_1987,ANC,2018,479.97149128866903,1,2022
post_1987,ANC,2019,537.4097021972465,1,2022
post_1987,ANC,2020,588.7202774542951,1,2022
post_1987,ANC,2021,658.8754677539788,1,2022
post_1987,ANC,2022,727.0892873885385,1,2022
post_1987,CMA,1971,298.57497429642996,1,2022
post_1987,CMA,1972,298.57497429642996,1,2022
post_1987,CMA,1973,298.57497429642996,1,2022
post_1987,CMA,1974,298.57497429642996,1,2022
post_1987,CMA,1975,298.57497429642996,1,2022
post_1987,CMA,1976,298.57497429642996,1,2022
post_1987,CMA,1977,298.57497429642996,1,2022
post_1987,CMA,1978,298.57497429642996,1,2022
post_1987,CMA,1979,298.57497429642996,1,2022
post_1987,CMA,1980,298.57497429642996,1,2022
post_1987,CMA,1981,298.57497429642996,1,2022
post_1987,CMA,1982,298.57497429642996,1,2022
post_1987,CMA,1983,298.57497429642996,1,2022
post_1987,CMA,1984,298.57497429642996,1,2022
post_1987,CMA,1985,298.57497429642996,1,2022
post_1987,CMA,1986,298.57497429642996,1,2022
post_1987,CMA,1987,298.57497429642996,1,2022
post_1987,CMA,1988,298.57497429642996,1,2022
post_1987,CMA,1989,300.0794394798314,1,2022
post_1987,CMA,1990,306.5597264943256,1,2022
post_1987,CMA,1991,303.0887229894939,1,2022
post_1987,CMA,1992,312.9372583048364,1,2022
post_1987,CMA,1993,315.39138081339314,1,2022
post_1987,CMA,1994,315.0878875936951,1,2022
post_1987,CMA,1995,315.01611423606573,1,2022
post_1987,CMA,1996,312.97569190966186,1,2022
post_1987,CMA,1997,315.9151699299334,1,2022
post_1987,CMA,1998,317.70679104825507,1,2022
post_1987,CMA,1999,316.9130823844426,1,2022
post_1987,CMA,2000,314.52858532787405,1,2022
post_1987,CMA,2001,317.7809067626436,1,2022
post_1987,CMA,2002,319.1134250006332,1,2022
post_1987,CMA,2003,317.34210860747123,1,2022
post_1987,CMA,2004,313.26416103342024,1,2022
post_1987,CMA,2005,311.32642767308965,1,2022
post_1987,CMA,2006,311.04570641403427,1,2022
post_1987,CMA,2007,312.99003781334335,1,2022
post_1987,CMA,2008,314.3932385398088,1,2022
post_1987,CMA,2009,314.39959675703597,1,2022
post_1987,CMA,2010,313.8423922769078,1,2022
post_1987,CMA,2011,311.7698864161723,1,2022
post_1987,CMA,2012,311.57369982482976,1,2022
post_1987,CMA,2013,312.58696972639734,1,2022
post_1987,CMA,2014,312.31662360287976,1,2022
post_1987,CMA,2015,311.3441491243855,1,2022
post_1987,CMA,2016,297.64234722762643,1,2022
post_1987,CMA,2017,297.2508335535262,1,2022
post_1987,CMA,2018,297.0372106429262,1,2022
post_1987,CMA,2019,300.7326412122596,1,2022
post_1987,CMA,2020,300.5377899882507,1,2022
post_1987,CMA,2021,306.4213962402439,1,2022
post_1987,CMA,2022,309.9548861538445,1,2022
post_1987,DMF,1971,266.98461257631425,1,2022
post_1987,DMF,1972,266.98461257631425,1,2022
post_1987,DMF,1973,266.98461257631425,1,2022
post_1987,DMF,1974,266.98461257631425,1,2022
post_1987,DMF,1975,266.98461257631425,1,2022
post_1987,DMF,1976,266.98461257631425,1,2022
post_1987,DMF,1977,266.98461257631425,1,2022
post_1987,DMF,1978,266.98461257631425,1,2022
post_1987,DMF,1979,266.98461257631425,1,2022
post_1987,DMF,1980,266.98461257631425,1,2022
post_1987,DMF,1981,266.98461257631425,1,2022
post_1987,DMF,1982,266.98461257631425,1,2022
post_1987,DMF,1983,266.98461257631425,1,2022
post_1987,DMF,1984,266.98461257631425,1,2022
post_1987,DMF,1985,266.98461257631425,1,2022
post_1987,DMF,1986,266.98461257631425,1,2022
post_1987,DMF,1987,266.98461257631425,1,2022
post_1987,DMF,1988,266.98461257631425,1,2022
post_1987,DMF,1989,237.99192152574284,1,2022
post_1987,DMF,1990,221.27506595465366,1,2022
post_1987,DMF,1991,207.51947988372748,1,2022
post_1987,DMF,1992,202.84372551623738,1,2022
post_1987,DMF,1993,204.13340232411485,1,2022
post_1987,DMF,1994,203.34550397615587,1,2022
post_1987,DMF,1995,198.40062497420854,1,2022
post_1987,DMF,1996,194.86651048815463,1,2022
post_1987,DMF,1997,194.454682026298,1,2022
post_1987,DMF,1998,194.24193823067046,1,2022
post_1987,DMF,1999,187.67226993680276,1,2022
post_1987,DMF,2000,188.10695371776697,1,2022
post_1987,DMF,2001,192.8531039269317,1,2022
post_1987,DMF,2002,197.99442430758876,1,2022
post_1987,DMF,2003,203.1340485822953,1,2022
post_1987,DMF,2004,205.3937317546296,1,2022
post_1987,DMF,2005,212.8275082029758,1,2022
post_1987,DMF,2006,220.43913608329078,1,2022
post_1987,DMF,2007,230.56447569136748,1,2022
post_1987,DMF,2008,244.95606971426594,1,2022
post_1987,DMF,2009,258.08080891054357,1,2022
post_1987,DMF,2010,266.867295622784,1,2022
post_1987,DMF,2011,270.5365589957337,1,2022
post_1987,DMF,2012,281.74262823640595,1,2022
post_1987,DMF,2013,300.78231291436225,1,2022
post_1987,DMF,2014,313.32584095854793,1,2022
post_1987,DMF,2015,326.3427081595722,1,2022
post_1987,DMF,2016,336.5883950015806,1,2022
post_1987,DMF,2017,344.11925965263544,1,2022
post_1987,DMF,2018,339.5896476272024,1,2022
post_1987,DMF,2019,335.6517217310973,1,2022
post_1987,DMF,2020,330.6269781119699,1,2022
post_1987,DMF,2021,337.43671762692094,1,2022
post_1987,DMF,2022,345.98204489034623,1,2022
post_1987,LPF,1971,380.9944104271222,1,2022
post_1987,LPF,1972,380.9944104271222,1,2022
post_1987,LPF,1973,380.9944104271222,1,2022
post_1987,LPF,1974,380.9944104271222,1,2022
post_1987,LPF,1975,380.9944104271222,1,2022
post_1987,LPF,1976,380.9944104271222,1,2022
post_1987,LPF,1977,380.9944104271222,1,2022
post_1987,LPF,1978,380.9944104271222,1,2022
post_1987,LPF,1979,380.9944104271222,1,2022
post_1987,LPF,1980,380.9944104271222,1,2022
post_1987,LPF,1981,380.9944104271222,1,2022
post_1987,LPF,1982,380.9944104271222,1,2022
post_1987,LPF,1983,380.9944104271222,1,2022
post_1987,LPF,1984,380.9944104271222,1,2022
post_1987,LPF,1985,380.9944104271222,1,2022
post_1987,LPF,1986,380.9944104271222,1,2022
post_1987,LPF,1987,380.9944104271222,1,2022
post_1987,LPF,1988,380.9944104271222,1,2022
post_1987,LPF,1989,357.4970349627472,1,2022
post_1987,LPF,1990,356.26586776713174,1,2022
post_1987,LPF,1991,345.4275627395147,1,2022
post_1987,LPF,1992,364.5521824950027,1,2022
post_1987,LPF,1993,370.7556108994151,1,2022
post_1987,LPF,1994,374.2159964736395,1,2022
post_1987,LPF,1995,375.8145011647034,1,2022
post_1987,LPF,1996,374.75051240965126,1,2022
post_1987,LPF,1997,385.87731275419486,1,2022
post_1987,LPF,1998,391.99573867921407,1,2022
post_1987,LPF,1999,389.4826237678578,1,2022
post_1987,LPF,2000,383.30448005812093,1,2022
post_1987,LPF,2001,387.98539809295914,1,2022
post_1987,LPF,2002,386.35576844484194,1,2022
post_1987,LPF,2003,382.4619175029052,1,2022
post_1987,LPF,2004,377.22857174147913,1,2022
post_1987,LPF,2005,374.0835481431959,1,2022
post_1987,LPF,2006,375.0101650874794,1,2022
post_1987,LPF,2007,377.3843827858688,1,2022
post_1987,LPF,2008,378.24805726979906,1,2022
post_1987,LPF,2009,378.3694736911094,1,2022
post_1987,LPF,2010,376.8900333211697,1,2022
post_1987,LPF,2011,374.8081303610372,1,2022
post_1987,LPF,2012,373.5283854412123,1,2022
post_1987,LPF,2013,375.17064450762126,1,2022
post_1987,LPF,2014,372.0139744908485,1,2022
post_1987,LPF,2015,370.43550561559886,1,2022
post_1987,LPF,2016,349.615169507829,1,2022
post_1987,LPF,2017,345.31489316882914,1,2022
post_1987,LPF,2018,341.6456236152852,1,2022
post_1987,LPF,2019,343.816263710946,1,2022
post_1987,LPF,2020,339.82093755774446,1,2022
post_1987,LPF,2021,334.54742081869335,1,2022
post_1987,LPF,2022,337.1320636731052,1,2022
post_1987,MPF,1971,228.8347476465484,1,2022
post_1987,MPF,1972,228.8347476465484,1,2022
post_1987,MPF,1973,228.8347476465484,1,2022
post_1987,MPF,1974,228.8347476465484,1,2022
post_1987,MPF,1975,228.8347476465484,1,2022
post_1987,MPF,1976,228.8347476465484,1,2022
post_1987,MPF,1977,228.8347476465484,1,2022
post_1987,MPF,1978,228.8347476465484,1,2022
post_1987,MPF,1979,228.8347476465484,1,2022
post_1987,MPF,1980,228.8347476465484,1,2022
post_1987,MPF,1981,228.8347476465484,1,2022
post_1987,MPF,1982,228.8347476465484,1,2022
post_1987,MPF,1983,228.8347476465484,1,2022
post_1987,MPF,1984,228.8347476465484,1,2022
post_1987,MPF,1985,228.8347476465484,1,2022
post_1987,MPF,1986,228.8347476465484,1,2022
post_1987,MPF,1987,228.8347476465484,1,2022
post_1987,MPF,1988,228.8347476465484,1,2022
post_1987,MPF,1989,202.8765317669537,1,2022
post_1987,MPF,1990,201.21496669791,1,2022
post_1987,MPF,1991,188.98246128779417,1,2022
post_1987,MPF,1992,208.77795266130184,1,2022
post_1987,MPF,1993,218.73564286699406,1,2022
post_1987,MPF,1994,223.100881331241,1,2022
post_1987,MPF,1995,230.20910855061774,1,2022
post_1987,MPF,1996,226.71204816186577,1,2022
post_1987,MPF,1997,238.25118200332486,1,2022
post_1987,MPF,1998,248.5573288676015,1,2022
post_1987,MPF,1999,252.59257862681469,1,2022
post_1987,MPF,2000,249.07494927810652,1,2022
post_1987,MPF,2001,261.4961756502712,1,2022
post_1987,MPF,2002,266.29818226314944,1,2022
post_1987,MPF,2003,257.97045888282753,1,2022
post_1987,MPF,2004,242.5541652658323,1,2022
post_1987,MPF,2005,225.02238983652535,1,2022
post_1987,MPF,2006,216.65230014855368,1,2022
post_1987,MPF,2007,216.49763895794246,1,2022
post_1987,MPF,2008,216.82334767331153,1,2022
post_1987,MPF,2009,215.42440810925098,1,2022
post_1987,MPF,2010,208.98275272288095,1,2022
post_1987,MPF,2011,203.20037680298918,1,2022
post_1987,MPF,2012,198.08816962486856,1,2022
post_1987,MPF,2013,197.700342007044,1,2022
post_1987,MPF,2014,192.71613371959958,1,2022
post_1987,MPF,2015,185.14952893891444,1,2022
post_1987,MPF,2016,153.24321013264301,1,2022
post_1987,MPF,2017,138.07193654309518,1,2022
post_1987,MPF,2018,129.2284129841274,1,2022
post_1987,MPF,2019,125.94309739298154,1,2022
post_1987,MPF,2020,120.72693807715915,1,2022
post_1987,MPF,2021,126.22500413821167,1,2022
post_1987,MPF,2022,131.99606319544762,1,2022
post_1987,NTU,1971,272.4689494317375,1,2022
post_1987,NTU,1972,272.4689494317375,1,2022
post_1987,NTU,1973,272.4689494317375,1,2022
post_1987,NTU,1974,272.4689494317375,1,2022
post_1987,NTU,1975,272.4689494317375,1,2022
post_1987,NTU,1976,272.4689494317375,1,2022
post_1987,NTU,1977,272.4689494317375,1,2022
post_1987,NTU,1978,272.4689494317375,1,2022
post_1987,NTU,1979,272.4689494317375,1,2022
post_1987,NTU,1980,272.4689494317375,1,2022
post_1987,NTU,1981,272.4689494317375,1,2022
post_1987,NTU,1982,272.4689494317375,1,2022
post_1987,NTU,1983,272.4689494317375,1,2022
post_1987,NTU,1984,272.4689494317375,1,2022
post_1987,NTU,1985,272.4689494317375,1,2022
post_1987,NTU,1986,272.4689494317375,1,2022
post_1987,NTU,1987,272.4689494317375,1,2022
post_1987,NTU,1988,272.4689494317375,1,2022
post_1987,NTU,1989,227.9649490655001,1,2022
post_1987,NTU,1990,209.2756338481083,1,2022
post_1987,NTU,1991,182.9521770965419,1,2022
post_1987,NTU,1992,182.34990186811103,1,2022
post_1987,NTU,1993,177.842288851891,1,2022
post_1987,NTU,1994,172.2619761096675,1,2022
post_1987,NTU,1995,169.86292637032363,1,2022
post_1987,NTU,1996,164.6975505865723,1,2022
post_1987,NTU,1997,167.01509495478263,1,2022
post_1987,NTU,1998,169.82287283210005,1,2022
post_1987,NTU,1999,172.17171494158308,1,2022
post_1987,NTU,2000,172.1925176280059,1,2022
post_1987,NTU,2001,177.43445410126665,1,2022
post_1987,NTU,2002,182.5177121452755,1,2022
post_1987,NTU,2003,184.58168042464314,1,2022
post_1987,NTU,2004,185.17482268507138,1,2022
post_1987,NTU,2005,184.8990187047527,1,2022
post_1987,NTU,2006,186.97176485897717,1,2022
post_1987,NTU,2007,190.8555909248536,1,2022
post_1987,NTU,2008,195.09334383537885,1,2022
post_1987,NTU,2009,199.06937464801348,1,2022
post_1987,NTU,2010,203.43091718217119,1,2022
post_1987,NTU,2011,207.093741478844,1,2022
post_1987,NTU,2012,211.15018837296347,1,2022
post_1987,NTU,2013,216.3488989165495,1,2022
post_1987,NTU,2014,220.52773419704786,1,2022
post_1987,NTU,2015,223.98906242641723,1,2022
post_1987,NTU,2016,213.6456266058382,1,2022
post_1987,NTU,2017,212.7019741696334,1,2022
post_1987,NTU,2018,217.09637798261372,1,2022
post_1987,NTU,2019,222.61019383316165,1,2022
post_1987,NTU,2020,228.46955020919958,1,2022
post_1987,NTU,2021,238.88544749456784,1,2022
post_1987,NTU,2022,251.131888279018,1,2022
post_1987,SAR,1971,1021.415455214803,1,2022
post_1987,SAR,1972,1021.415455214803,1,2022
post_1987,SAR,1973,1021.415455214803,1,2022
post_1987,SAR,1974,1021.415455214803,1,2022
post_1987,SAR,1975,1021.415455214803,1,2022
post_1987,SAR,1976,1021.415455214803,1,2022
post_1987,SAR,1977,1021.415455214803,1,2022
post_1987,SAR,1978,1021.415455214803,1,2022
post_1987,SAR,1979,1021.415455214803,1,2022
post_1987,SAR,1980,1021.415455214803,1,2022
post_1987,SAR,1981,1021.415455214803,1,2022
post_1987,SAR,1982,1021.415455214803,1,2022
post_1987,SAR,1983,1021.415455214803,1,2022
post_1987,SAR,1984,1021.415455214803,1,2022
post_1987,SAR,1985,1021.415455214803,1,2022
post_1987,SAR,1986,1021.415455214803,1,2022
post_1987,SAR,1987,1021.415455214803,1,2022
post_1987,SAR,1988,1021.415455214803,1,2022
post_1987,SAR,1989,735.0888430339004,1,2022
post_1987,SAR,1990,617.8430184786305,1,2022
post_1987,SAR,1991,476.50060808544004,1,2022
post_1987,SAR,1992,462.2574882937254,1,2022
post_1987,SAR,1993,429.5379860207582,1,2022
post_1987,SAR,1994,410.24085708364476,1,2022
post_1987,SAR,1995,396.8288835858091,1,2022
post_1987,SAR,1996,384.1429064384754,1,2022
post_1987,SAR,1997,403.1763104746795,1,2022
post_1987,SAR,1998,423.2511745950372,1,2022
post_1987,SAR,1999,437.30570666782455,1,2022
post_1987,SAR,2000,441.47119161521397,1,2022
post_1987,SAR,2001,465.1090948731909,1,2022
post_1987,SAR,2002,487.6988827357312,1,2022
post_1987,SAR,2003,505.68684777891025,1,2022
post_1987,SAR,2004,514.4960637471576,1,2022
post_1987,SAR,2005,530.9859023532673,1,2022
post_1987,SAR,2006,554.259086123007,1,2022
post_1987,SAR,2007,585.3216687955858,1,2022
post_1987,SAR,2008,620.3051380857692,1,2022
post_1987,SAR,2009,657.1689649432093,1,2022
post_1987,SAR,2010,696.4090733168019,1,2022
post_1987,SAR,2011,736.5675623701018,1,2022
post_1987,SAR,2012,775.0195956914905,1,2022
post_1987,SAR,2013,821.6003044298673,1,2022
post_1987,SAR,2014,867.0904953175739,1,2022
post_1987,SAR,2015,909.9363657052377,1,2022
post_1987,SAR,2016,912.3123120770094,1,2022
post_1987,SAR,2017,950.0033811853596,1,2022
post_1987,SAR,2018,1002.3240004653948,1,2022
post_1987,SAR,2019,1058.2943403427273,1,2022
post_1987,SAR,2020,1109.9944585223477,1,2022
post_1987,SAR,2021,1178.228301708757,1,2022
post_1987,SAR,2022,1250.1840279935793,1,2022
post_1987,SCP,1971,166.45076874964175,1,2022
post_1987,SCP,1972,166.45076874964175,1,2022
post_1987,SCP,1973,166.45076874964175,1,2022
post_1987,SCP,1974,166.45076874964175,1,2022
post_1987,SCP,1975,166.45076874964175,1,2022
post_1987,SCP,1976,166.45076874964175,1,2022
post_1987,SCP,1977,166.45076874964175,1,2022
post_1987,SCP,1978,166.45076874964175,1,2022
post_1987,SCP,1979,166.45076874964175,1,2022
post_1987,SCP,1980,166.45076874964175,1,2022
post_1987,SCP,1981,166.45076874964175,1,2022
post_1987,SCP,1982,166.45076874964175,1,2022
post_1987,SCP,1983,166.45076874964175,1,2022
post_1987,SCP,1984,166.45076874964175,1,2022
post_1987,SCP,1985,166.45076874964175,1,2022
post_1987,SCP,1986,166.45076874964175,1,2022
post_1987,SCP,1987,166.45076874964175,1,2022
post_1987,SCP,1988,166.45076874964175,1,2022
post_1987,SCP,1989,185.196061308862,1,2022
post_1987,SCP,1990,193.09539545638407,1,2022
post_1987,SCP,1991,186.983955602064,1,2022
post_1987,SCP,1992,197.90112337692946,1,2022
post_1987,SCP,1993,195.02650294678133,1,2022
post_1987,SCP,1994,194.73093560063288,1,2022
post_1987,SCP,1995,194.01701731374493,1,2022
post_1987,SCP,1996,192.8428526205689,1,2022
post_1987,SCP,1997,198.9964896853035,1,2022
post_1987,SCP,1998,198.15713785057028,1,2022
post_1987,SCP,1999,195.98615433211467,1,2022
post_1987,SCP,2000,191.49718892800885,1,2022
post_1987,SCP,2001,195.61935404586046,1,2022
post_1987,SCP,2002,194.09928314497625,1,2022
post_1987,SCP,2003,191.48275595539624,1,2022
post_1987,SCP,2004,187.68107345630216,1,2022
post_1987,SCP,2005,187.60239086280933,1,2022
post_1987,SCP,2006,188.58489617063705,1,2022
post_1987,SCP,2007,189.00446891565306,1,2022
post_1987,SCP,2008,187.85340092988682,1,2022
post_1987,SCP,2009,187.1923200553931,1,2022
post_1987,SCP,2010,186.00063012089888,1,2022
post_1987,SCP,2011,184.95549049957663,1,2022
post_1987,SCP,2012,182.65358995640986,1,2022
post_1987,SCP,2013,182.34787670459923,1,2022
post_1987,SCP,2014,179.5505349844892,1,2022
post_1987,SCP,2015,177.68865649241945,1,2022
post_1987,SCP,2016,157.80870478721747,1,2022
post_1987,SCP,2017,167.8603127254964,1,2022
post_1987,SCP,2018,176.94936639175043,1,2022
post_1987,SCP,2019,177.62688877953974,1,2022
post_1987,SCP,2020,176.33157861838131,1,2022
post_1987,SCP,2021,178.38389638876302,1,2022
post_1987,SCP,2022,179.8823352005139,1,2022
post_1987,ANC,1971,342.5798159485672,2,2021
post_1987,ANC,1972,342.5798159485672,2,2021
post_1987,ANC,1973,342.5798159485672,2,2021
post_1987,ANC,1974,342.5798159485672,2,2021
post_1987,ANC,1975,342.5798159485672,2,2021
post_1987,ANC,1976,342.5798159485672,2,2021
post_1987,ANC,1977,342.5798159485672,2,2021
post_1987,ANC,1978,342.5798159485672,2,2021
post_1987,ANC,1979,342.5798159485672,2,2021
post_1987,ANC,1980,342.5798159485672,2,2021
post_1987,ANC,1981,342.5798159485672,2,2021
post_1987,ANC,1982,342.5798159485672,2,2021
post_1987,ANC,1983,342.5798159485672,2,2021
post_1987,ANC,1984,342.5798159485672,2,2021
post_1987,ANC,1985,342.5798159485672,2,2021
post_1987,ANC,1986,342.5798159485672,2,2021
post_1987,ANC,1987,342.5798159485672,2,2021
post_1987,ANC,1988,342.5798159485672,2,2021
post_1987,ANC,1989,342.5798159485672,2,2021
post_1987,ANC,1990,342.5798159485672,2,2021
post_1987,ANC,1991,342.5798159485672,2,2021
post_1987,ANC,1992,342.5798159485672,2,2021
post_1987,ANC,1993,342.5798159485672,2,2021
post_1987,ANC,1994,342.5798159485672,2,2021
post_1987,ANC,1995,342.5798159485672,2,2021
post_1987,ANC,1996,342.5798159485672,2,2021
post_1987,ANC,1997,342.5798159485672,2,2021
post_1987,ANC,1998,342.5798159485672,2,2021
post_1987,ANC,1999,342.5798159485672,2,2021
post_1987,ANC,2000,342.5798159485672,2,2021
post_1987,ANC,2001,342.5798159485672,2,2021
post_1987,ANC,2002,336.27987899352854,2,2021
post_1987,ANC,2003,315.5763883003424,2,2021
post_1987,ANC,2004,271.88468629703385,2,2021
post_1987,ANC,2005,265.86054671361933,2,2021
post_1987,ANC,2006,248.54318439617023,2,2021
post_1987,ANC,2007,238.4352192925907,2,2021
post_1987,ANC,2008,239.50874390028358,2,2021
post_1987,ANC,2009,234.49566047297577,2,2021
post_1987,ANC,2010,237.21456792918437,2,2021
post_1987,ANC,2011,248.04213887039953,2,2021
post_1987,ANC,2012,256.4270118233812,2,2021
post_1987,ANC,2013,297.5092543224777,2,2021
post_1987,ANC,2014,355.1839217220035,2,2021
post_1987,ANC,2015,410.3012914390607,2,2021
post_1987,ANC,2016,470.9662279271283,2,2021
post_1987,ANC,2017,480.09525765956175,2,2021
post_1987,ANC,2018,526.0708920865242,2,2021
post_1987,ANC,2019,588.4508994077574,2,2021
post_1987,ANC,2020,644.8547807765159,2,2021
post_1987,ANC,2021,719.7779436891773,2,2021
post_1987,CMA,1971,296.232325604989,2,2021
post_1987,CMA,1972,296.232325604989,2,2021
post_1987,CMA,1973,296.232325604989,2,2021
post_1987,CMA,1974,296.232325604989,2,2021
post_1987,CMA,1975,296.232325604989,2,2021
post_1987,CMA,1976,296.232325604989,2,2021
post_1987,CMA,1977,296.232325604989,2,2021
post_1987,CMA,1978,296.232325604989,2,2021
post_1987,CMA,1979,296.232325604989,2,2021
post_1987,CMA,1980,296.232325604989,2,2021
post_1987,CMA,1981,296.232325604989,2,2021
post_1987,CMA,1982,296.232325604989,2,2021
post_1987,CMA,1983,296.232325604989,2,2021
post_1987,CMA,1984,296.232325604989,2,2021
post_1987,CMA,1985,296.232325604989,2,2021
post_1987,CMA,1986,296.232325604989,2,2021
post_1987,CMA,1987,296.232325604989,2,2021
post_1987,CMA,1988,296.232325604989,2,2021
post_1987,CMA,1989,296.9973798118375,2,2021
post_1987,CMA,1990,303.1368637926605,2,2021
post_1987,CMA,1991,299.54023030199767,2,2021
post_1987,CMA,1992,309.26894889144313,2,2021
post_1987,CMA,1993,311.7344667557589,2,2021
post_1987,CMA,1994,311.43121074972186,2,2021
post_1987,CMA,1995,311.3544548255864,2,2021
post_1987,CMA,1996,309.30000882357933,2,2021
post_1987,CMA,1997,312.19871954522563,2,2021
post_1987,CMA,1998,313.9834691488437,2,2021
post_1987,CMA,1999,313.186845210428,2,2021
post_1987,CMA,2000,310.7759625591024,2,2021
post_1987,CMA,2001,313.98812494888375,2,2021
post_1987,CMA,2002,315.3003350474638,2,2021
post_1987,CMA,2003,313.51096649707563,2,2021
post_1987,CMA,2004,309.380405048067,2,2021
post_1987,CMA,2005,307.3794450081439,2,2021
post_1987,CMA,2006,307.0252820101746,2,2021
post_1987,CMA,2007,308.92433341899226,2,2021
post_1987,CMA,2008,310.3083020496141,2,2021
post_1987,CMA,2009,310.2994446961023,2,2021
post_1987,CMA,2010,309.70549727373054,2,2021
post_1987,CMA,2011,307.6284898789145,2,2021
post_1987,CMA,2012,307.3792040121013,2,2021
post_1987,CMA,2013,308.36618221114037,2,2021
post_1987,CMA,2014,308.0390943961607,2,2021
post_1987,CMA,2015,307.0500053729995,2,2021
post_1987,CMA,2016,293.1992781921479,2,2021
post_1987,CMA,2017,292.93605500444573,2,2021
post_1987,CMA,2018,292.77172604557217,2,2021
post_1987,CMA,2019,296.35168930348226,2,2021
post_1987,CMA,2020,296.1609673217976,2,2021
post_1987,CMA,2021,301.83443149078306,2,2021
post_1987,DMF,1971,251.20431959652848,2,2021
post_1987,DMF,1972,251.20431959652848,2,2021
post_1987,DMF,1973,251.20431959652848,2,2021
post_1987,DMF,1974,251.20431959652848,2,2021
post_1987,DMF,1975,251.20431959652848,2,2021
post_1987,DMF,1976,251.20431959652848,2,2021
post_1987,DMF,1977,251.20431959652848,2,2021
post_1987,DMF,1978,251.20431959652848,2,2021
post_1987,DMF,1979,251.20431959652848,2,2021
post_1987,DMF,1980,251.20431959652848,2,2021
post_1987,DMF,1981,251.20431959652848,2,2021
post_1987,DMF,1982,251.20431959652848,2,2021
post_1987,DMF,1983,251.20431959652848,2,2021
post_1987,DMF,1984,251.20431959652848,2,2021
post_1987,DMF,1985,251.20431959652848,2,2021
post_1987,DMF,1986,251.20431959652848,2,2021
post_1987,DMF,1987,251.20431959652848,2,2021
post_1987,DMF,1988,251.20431959652848,2,2021
post_1987,DMF,1989,226.170723033726,2,2021
post_1987,DMF,1990,212.3312324177043,2,2021
post_1987,DMF,1991,200.7699695433961,2,2021
post_1987,DMF,1992,197.62044193838963,2,2021
post_1987,DMF,1993,200.00125314600558,2,2021
post_1987,DMF,1994,199.9517704238379,2,2021
post_1987,DMF,1995,195.4677457415352,2,2021
post_1987,DMF,1996,192.28627315151442,2,2021
post_1987,DMF,1997,192.08256552578382,2,2021
post_1987,DMF,1998,191.88357664429887,2,2021
post_1987,DMF,1999,185.04744961272982,2,2021
post_1987,DMF,2000,185.2700221993151,2,2021
post_1987,DMF,2001,189.72715565650824,2,2021
post_1987,DMF,2002,194.45906478361002,2,2021
post_1987,DMF,2003,198.96083058902732,2,2021
post_1987,DMF,2004,200.3513849571433,2,2021
post_1987,DMF,2005,206.8952740353101,2,2021
post_1987,DMF,2006,213.4447921106943,2,2021
post_1987,DMF,2007,222.39992506206292,2,2021
post_1987,DMF,2008,235.42655080231478,2,2021
post_1987,DMF,2009,246.8581527999955,2,2021
post_1987,DMF,2010,253.64892086344832,2,2021
post_1987,DMF,2011,255.3215669027173,2,2021
post_1987,DMF,2012,264.6275553078555,2,2021
post_1987,DMF,2013,281.75112039943133,2,2021
post_1987,DMF,2014,292.02687525134786,2,2021
post_1987,DMF,2015,302.7581635825587,2,2021
post_1987,DMF,2016,310.6221036023695,2,2021
post_1987,DMF,2017,316.2683681544542,2,2021
post_1987,DMF,2018,309.5063440952148,2,2021
post_1987,DMF,2019,303.61165661894904,2,2021
post_1987,DMF,2020,296.923790395707,2,2021
post_1987,DMF,2021,301.87157641060577,2,2021
post_1987,LPF,1971,361.446242816135,2,2021
post_1987,LPF,1972,361.446242816135,2,2021
post_1987,LPF,1973,361.446242816135,2,2021
post_1987,LPF,1974,361.446242816135,2,2021
post_1987,LPF,1975,361.446242816135,2,2021
post_1987,LPF,1976,361.446242816135,2,2021
post_1987,LPF,1977,361.446242816135,2,2021
post_1987,LPF,1978,361.446242816135,2,2021
post_1987,LPF,1979,361.446242816135,2,2021
post_1987,LPF,1980,361.446242816135,2,2021
post_1987,LPF,1981,361.446242816135,2,2021
post_1987,LPF,1982,361.446242816135,2,2021
post_1987,LPF,1983,361.446242816135,2,2021
post_1987,LPF,1984,361.446242816135,2,2021
post_1987,LPF,1985,361.446242816135,2,2021
post_1987,LPF,1986,361.446242816135,2,2021
post_1987,LPF,1987,361.446242816135,2,2021
post_1987,LPF,1988,361.446242816135,2,2021
post_1987,LPF,1989,342.1987986276489,2,2021
post_1987,LPF,1990,347.83169170661307,2,2021
post_1987,LPF,1991,339.05778461894795,2,2021
post_1987,LPF,1992,362.5594607116835,2,2021
post_1987,LPF,1993,364.92284915194836,2,2021
post_1987,LPF,1994,365.6693177045881,2,2021
post_1987,LPF,1995,365.6397947339718,2,2021
post_1987,LPF,1996,363.7027698010252,2,2021
post_1987,LPF,1997,375.30280987770186,2,2021
post_1987,LPF,1998,378.5377596754778,2,2021
post_1987,LPF,1999,373.5722615637853,2,2021
post_1987,LPF,2000,367.38213596797266,2,2021
post_1987,LPF,2001,373.78598566905487,2,2021
post_1987,LPF,2002,371.4013278983372,2,2021
post_1987,LPF,2003,367.7077417693551,2,2021
post_1987,LPF,2004,363.5131010347907,2,2021
post_1987,LPF,2005,361.9782669013328,2,2021
post_1987,LPF,2006,364.1935282748496,2,2021
post_1987,LPF,2007,366.72459942432937,2,2021
post_1987,LPF,2008,367.0079209536128,2,2021
post_1987,LPF,2009,366.7625640295916,2,2021
post_1987,LPF,2010,365.1556537864391,2,2021
post_1987,LPF,2011,363.423280864865,2,2021
post_1987,LPF,2012,362.78765016076136,2,2021
post_1987,LPF,2013,364.96598935628344,2,2021
post_1987,LPF,2014,361.48787489108605,2,2021
post_1987,LPF,2015,360.65066500156803,2,2021
post_1987,LPF,2016,340.1733991963002,2,2021
post_1987,LPF,2017,341.29288362555667,2,2021
post_1987,LPF,2018,340.67717570132845,2,2021
post_1987,LPF,2019,344.79369176604797,2,2021
post_1987,LPF,2020,340.86435615235496,2,2021
post_1987,LPF,2021,336.7753853175666,2,2021
post_1987,MPF,1971,242.84532102723904,2,2021
post_1987,MPF,1972,242.84532102723904,2,2021
post_1987,MPF,1973,242.84532102723904,2,2021
post_1987,MPF,1974,242.84532102723904,2,2021
post_1987,MPF,1975,242.84532102723904,2,2021
post_1987,MPF,1976,242.84532102723904,2,2021
post_1987,MPF,1977,242.84532102723904,2,2021
post_1987,MPF,1978,242.84532102723904,2,2021
post_1987,MPF,1979,242.84532102723904,2,2021
post_1987,MPF,1980,242.84532102723904,2,2021
post_1987,MPF,1981,242.84532102723904,2,2021
post_1987,MPF,1982,242.84532102723904,2,2021
post_1987,MPF,1983,242.84532102723904,2,2021
post_1987,MPF,1984,242.84532102723904,2,2021
post_1987,MPF,1985,242.84532102723904,2,2021
post_1987,MPF,1986,242.84532102723904,2,2021
post_1987,MPF,1987,242.84532102723904,2,2021
post_1987,MPF,1988,242.84532102723904,2,2021
post_1987,MPF,1989,219.69163045905714,2,2021
post_1987,MPF,1990,219.23257081081331,2,2021
post_1987,MPF,1991,207.75522721548364,2,2021
post_1987,MPF,1992,228.050515003261,2,2021
post_1987,MPF,1993,238.79864810979163,2,2021
post_1987,MPF,1994,243.90482296130637,2,2021
post_1987,MPF,1995,251.71211457459688,2,2021
post_1987,MPF,1996,248.66940021778845,2,2021
post_1987,MPF,1997,260.57818363270013,2,2021
post_1987,MPF,1998,271.41616877175534,2,2021
post_1987,MPF,1999,276.03354216210903,2,2021
post_1987,MPF,2000,272.8641601518344,2,2021
post_1987,MPF,2001,285.6132414041749,2,2021
post_1987,MPF,2002,290.83076673488245,2,2021
post_1987,MPF,2003,282.47295716304853,2,2021
post_1987,MPF,2004,266.36619391949864,2,2021
post_1987,MPF,2005,247.3848861261066,2,2021
post_1987,MPF,2006,237.71347021182183,2,2021
post_1987,MPF,2007,236.32616356011044,2,2021
post_1987,MPF,2008,235.4133463771932,2,2021
post_1987,MPF,2009,232.78501658384073,2,2021
post_1987,MPF,2010,225.05040380492412,2,2021
post_1987,MPF,2011,217.71538744175044,2,2021
post_1987,MPF,2012,211.12632791266526,2,2021
post_1987,MPF,2013,209.33923789575655,2,2021
post_1987,MPF,2014,202.95805171663156,2,2021
post_1987,MPF,2015,193.83465614434593,2,2021
post_1987,MPF,2016,159.88209603621698,2,2021
post_1987,MPF,2017,142.09051964038642,2,2021
post_1987,MPF,2018,130.8464301324754,2,2021
post_1987,MPF,2019,125.52901277802304,2,2021
post_1987,MPF,2020,118.44082631028563,2,2021
post_1987,MPF,2021,121.971020582894,2,2021
post_1987,NTU,1971,275.43842960999774,2,2021
post_1987,NTU,1972,275.43842960999774,2,2021
post_1987,NTU,1973,275.43842960999774,2,2021
post_1987,NTU,1974,275.43842960999774,2,2021
post_1987,NTU,1975,275.43842960999774,2,2021
post_1987,NTU,1976,275.43842960999774,2,2021
post_1987,NTU,1977,275.43842960999774,2,2021
post_1987,NTU,1978,275.43842960999774,2,2021
post_1987,NTU,1979,275.43842960999774,2,2021
post_1987,NTU,1980,275.43842960999774,2,2021
post_1987,NTU,1981,275.43842960999774,2,2021
post_1987,NTU,1982,275.43842960999774,2,2021
post_1987,NTU,1983,275.43842960999774,2,2021
post_1987,NTU,1984,275.43842960999774,2,2021
post_1987,NTU,1985,275.43842960999774,2,2021
post_1987,NTU,1986,275.43842960999774,2,2021
post_1987,NTU,1987,275.43842960999774,2,2021
post_1987,NTU,1988,275.43842960999774,2,2021
post_1987,NTU,1989,228.54951015201016,2,2021
post_1987,NTU,1990,208.6154044324412,2,2021
post_1987,NTU,1991,181.0964110086167,2,2021
post_1987,NTU,1992,179.95523717951914,2,2021
post_1987,NTU,1993,174.96748847160504,2,2021
post_1987,NTU,1994,169.0729184791457,2,2021
post_1987,NTU,1995,166.40791031685026,2,2021
post_1987,NTU,1996,161.1237996585384,2,2021
post_1987,NTU,1997,163.33366314325312,2,2021
post_1987,NTU,1998,166.0892730381521,2,2021
post_1987,NTU,1999,168.45534198316992,2,2021
post_1987,NTU,2000,168.58316380371807,2,2021
post_1987,NTU,2001,173.86494863195082,2,2021
post_1987,NTU,2002,178.9696362700627,2,2021
post_1987,NTU,2003,181.23516189539274,2,2021
post_1987,NTU,2004,182.1511004769974,2,2021
post_1987,NTU,2005,182.28576708372245,2,2021
post_1987,NTU,2006,184.73327969703996,2,2021
post_1987,NTU,2007,189.02121388223992,2,2021
post_1987,NTU,2008,193.7704278079592,2,2021
post_1987,NTU,2009,198.36714397742784,2,2021
post_1987,NTU,2010,203.46595417142467,2,2021
post_1987,NTU,2011,207.9975631216405,2,2021
post_1987,NTU,2012,213.04639343313497,2,2021
post_1987,NTU,2013,219.34054923085725,2,2021
post_1987,NTU,2014,224.8426381390772,2,2021
post_1987,NTU,2015,229.81448845195592,2,2021
post_1987,NTU,2016,221.61254398896853,2,2021
post_1987,NTU,2017,222.43354142777602,2,2021
post_1987,NTU,2018,228.46764725976405,2,2021
post_1987,NTU,2019,235.73641890655475,2,2021
post_1987,NTU,2020,243.53098199171862,2,2021
post_1987,NTU,2021,256.03201558336895,2,2021
post_1987,SAR,1971,990.6460274301756,2,2021
post_1987,SAR,1972,990.6460274301756,2,2021
post_1987,SAR,1973,990.6460274301756,2,2021
post_1987,SAR,1974,990.6460274301756,2,2021
post_1987,SAR,1975,990.6460274301756,2,2021
post_1987,SAR,1976,990.6460274301756,2,2021
post_1987,SAR,1977,990.6460274301756,2,2021
post_1987,SAR,1978,990.6460274301756,2,2021
post_1987,SAR,1979,990.6460274301756,2,2021
post_1987,SAR,1980,990.6460274301756,2,2021
post_1987,SAR,1981,990.6460274301756,2,2021
post_1987,SAR,1982,990.6460274301756,2,2021
post_1987,SAR,1983,990.6460274301756,2,2021
post_1987,SAR,1984,990.6460274301756,2,2021
post_1987,SAR,1985,990.6460274301756,2,2021
post_1987,SAR,1986,990.6460274301756,2,2021
post_1987,SAR,1987,990.6460274301756,2,2021
post_1987,SAR,1988,990.6460274301756,2,2021
post_1987,SAR,1989,709.3252016203267,2,2021
post_1987,SAR,1990,592.9975455637846,2,2021
post_1987,SAR,1991,451.7820022121527,2,2021
post_1987,SAR,1992,436.5426898249098,2,2021
post_1987,SAR,1993,403.1393815627121,2,2021
post_1987,SAR,1994,383.0147630947121,2,2021
post_1987,SAR,1995,368.7221641212834,2,2021
post_1987,SAR,1996,355.15030865423773,2,2021
post_1987,SAR,1997,372.52831000446815,2,2021
post_1987,SAR,1998,391.14845712847307,2,2021
post_1987,SAR,1999,403.99552039878716,2,2021
post_1987,SAR,2000,407.2830933200094,2,2021
post_1987,SAR,2001,429.52728280406154,2,2021
post_1987,SAR,2002,451.04896770184996,2,2021
post_1987,SAR,2003,468.2873392627349,2,2021
post_1987,SAR,2004,476.5325439323614,2,2021
post_1987,SAR,2005,492.435599812325,2,2021
post_1987,SAR,2006,515.1194190867412,2,2021
post_1987,SAR,2007,545.8196611990419,2,2021
post_1987,SAR,2008,580.8989943781504,2,2021
post_1987,SAR,2009,618.4849772268439,2,2021
post_1987,SAR,2010,659.1743775544832,2,2021
post_1987,SAR,2011,701.6255772409551,2,2021
post_1987,SAR,2012,743.2586611855934,2,2021
post_1987,SAR,2013,793.9641169245026,2,2021
post_1987,SAR,2014,844.8160731273719,2,2021
post_1987,SAR,2015,894.3032573946464,2,2021
post_1987,SAR,2016,902.9231622765808,2,2021
post_1987,SAR,2017,948.1093272130995,2,2021
post_1987,SAR,2018,1010.6186552556403,2,2021
post_1987,SAR,2019,1078.9660309197664,2,2021
post_1987,SAR,2020,1145.028559470417,2,2021
post_1987,SAR,2021,1230.2079432036871,2,2021
post_1987,SCP,1971,136.91838298157484,2,2021
post_1987,SCP,1972,136.91838298157484,2,2021
post_1987,SCP,1973,136.91838298157484,2,2021
post_1987,SCP,1974,136.91838298157484,2,2021
post_1987,SCP,1975,136.91838298157484,2,2021
post_1987,SCP,1976,136.91838298157484,2,2021
post_1987,SCP,1977,136.91838298157484,2,2021
post_1987,SCP,1978,136.91838298157484,2,2021
post_1987,SCP,1979,136.91838298157484,2,2021
post_1987,SCP,1980,136.91838298157484,2,2021
post_1987,SCP,1981,136.91838298157484,2,2021
post_1987,SCP,1982,136.91838298157484,2,2021
post_1987,SCP,1983,136.91838298157484,2,2021
post_1987,SCP,1984,136.91838298157484,2,2021
post_1987,SCP,1985,136.91838298157484,2,2021
post_1987,SCP,1986,136.91838298157484,2,2021
post_1987,SCP,1987,136.91838298157484,2,2021
post_1987,SCP,1988,136.91838298157484,2,2021
post_1987,SCP,1989,121.03187484549682,2,2021
post_1987,SCP,1990,115.9943853836901,2,2021
post_1987,SCP,1991,103.14227355300274,2,2021
post_1987,SCP,1992,106.84169868886846,2,2021
post_1987,SCP,1993,106.88598185864258,2,2021
post_1987,SCP,1994,107.21525404875193,2,2021
post_1987,SCP,1995,107.39285056622218,2,2021
post_1987,SCP,1996,106.8781385119501,2,2021
post_1987,SCP,1997,113.98009857463899,2,2021
post_1987,SCP,1998,120.68515850692432,2,2021
post_1987,SCP,1999,125.42130629282748,2,2021
post_1987,SCP,2000,125.3614250471685,2,2021
post_1987,SCP,2001,130.75068154292154,2,2021
post_1987,SCP,2002,134.75872756087458,2,2021
post_1987,SCP,2003,136.28491459249025,2,2021
post_1987,SCP,2004,134.32318309986425,2,2021
post_1987,SCP,2005,133.09513087110594,2,2021
post_1987,SCP,2006,133.7510868773126,2,2021
post_1987,SCP,2007,135.5174818855919,2,2021
post_1987,SCP,2008,136.79051987299155,2,2021
post_1987,SCP,2009,138.16110473067477,2,2021
post_1987,SCP,2010,139.0860295933771,2,2021
post_1987,SCP,2011,139.77975050389028,2,2021
post_1987,SCP,2012,139.12765821353375,2,2021
post_1987,SCP,2013,139.21371444908627,2,2021
post_1987,SCP,2014,137.69797191671515,2,2021
post_1987,SCP,2015,135.72679897121196,2,2021
post_1987,SCP,2016,118.54975692562637,2,2021
post_1987,SCP,2017,114.3833850684641,2,2021
post_1987,SCP,2018,115.60601607369999,2,2021
post_1987,SCP,2019,116.82642468020757,2,2021
post_1987,SCP,2020,117.84459670072937,2,2021
post_1987,SCP,2021,120.74077678986252,2,2021
post_1987,ANC,1971,359.3261511167889,3,2020
post_1987,ANC,1972,359.3261511167889,3,2020
post_1987,ANC,1973,359.3261511167889,3,2020
post_1987,ANC,1974,359.3261511167889,3,2020
post_1987,ANC,1975,359.3261511167889,3,2020
post_1987,ANC,1976,359.3261511167889,3,2020
post_1987,ANC,1977,359.3261511167889,3,2020
post_1987,ANC,1978,359.3261511167889,3,2020
post_1987,ANC,1979,359.3261511167889,3,2020
post_1987,ANC,1980,359.3261511167889,3,2020
post_1987,ANC,1981,359.3261511167889,3,2020
post_1987,ANC,1982,359.3261511167889,3,2020
post_1987,ANC,1983,359.3261511167889,3,2020
post_1987,ANC,1984,359.3261511167889,3,2020
post_1987,ANC,1985,359.3261511167889,3,2020
post_1987,ANC,1986,359.3261511167889,3,2020
post_1987,ANC,1987,359.3261511167889,3,2020
post_1987,ANC,1988,359.3261511167889,3,2020
post_1987,ANC,1989,359.3261511167889,3,2020
post_1987,ANC,1990,359.3261511167889,3,2020
post_1987,ANC,1991,359.3261511167889,3,2020
post_1987,ANC,1992,359.3261511167889,3,2020
post_1987,ANC,1993,359.3261511167889,3,2020
post_1987,ANC,1994,359.3261511167889,3,2020
post_1987,ANC,1995,359.3261511167889,3,2020
post_1987,ANC,1996,359.3261511167889,3,2020
post_1987,ANC,1997,359.3261511167889,3,2020
post_1987,ANC,1998,359.3261511167889,3,2020
post_1987,ANC,1999,359.3261511167889,3,2020
post_1987,ANC,2000,359.3261511167889,3,2020
post_1987,ANC,2001,359.3261511167889,3,2020
post_1987,ANC,2002,353.17719390883235,3,2020
post_1987,ANC,2003,332.7170712640861,3,2020
post_1987,ANC,2004,288.86944756265785,3,2020
post_1987,ANC,2005,283.61082659547424,3,2020
post_1987,ANC,2006,266.9531342380594,3,2020
post_1987,ANC,2007,257.7698513120829,3,2020
post_1987,ANC,2008,260.21234510112066,3,2020
post_1987,ANC,2009,256.7049447834919,3,2020
post_1987,ANC,2010,261.1797536912364,3,2020
post_1987,ANC,2011,274.02574213190496,3,2020
post_1987,ANC,2012,284.581997069286,3,2020
post_1987,ANC,2013,328.72149681674796,3,2020
post_1987,ANC,2014,389.4746454106782,3,2020
post_1987,ANC,2015,446.6637139952956,3,2020
post_1987,ANC,2016,508.8723029825107,3,2020
post_1987,ANC,2017,517.5498052971573,3,2020
post_1987,ANC,2018,563.5872334419606,3,2020
post_1987,ANC,2019,625.3336047886687,3,2020
post_1987,ANC,2020,680.4595289729285,3,2020
post_1987,CMA,1971,297.8264413021231,3,2020
post_1987,CMA,1972,297.8264413021231,3,2020
post_1987,CMA,1973,297.8264413021231,3,2020
post_1987,CMA,1974,297.8264413021231,3,2020
post_1987,CMA,1975,297.8264413021231,3,2020
post_1987,CMA,1976,297.8264413021231,3,2020
post_1987,CMA,1977,297.8264413021231,3,2020
post_1987,CMA,1978,297.8264413021231,3,2020
post_1987,CMA,1979,297.8264413021231,3,2020
post_1987,CMA,1980,297.8264413021231,3,2020
post_1987,CMA,1981,297.8264413021231,3,2020
post_1987,CMA,1982,297.8264413021231,3,2020
post_1987,CMA,1983,297.8264413021231,3,2020
post_1987,CMA,1984,297.8264413021231,3,2020
post_1987,CMA,1985,297.8264413021231,3,2020
post_1987,CMA,1986,297.8264413021231,3,2020
post_1987,CMA,1987,297.8264413021231,3,2020
post_1987,CMA,1988,297.8264413021231,3,2020
post_1987,CMA,1989,297.427378442283,3,2020
post_1987,CMA,1990,303.22619769905907,3,2020
post_1987,CMA,1991,299.47057739318996,3,2020
post_1987,CMA,1992,309.3417914099638,3,2020
post_1987,CMA,1993,312.0217276921791,3,2020
post_1987,CMA,1994,311.88815258676385,3,2020
post_1987,CMA,1995,311.94565728889495,3,2020
post_1987,CMA,1996,309.9770666104309,3,2020
post_1987,CMA,1997,312.9629517435365,3,2020
post_1987,CMA,1998,314.86673938168195,3,2020
post_1987,CMA,1999,314.1889074649482,3,2020
post_1987,CMA,2000,311.8641329760983,3,2020
post_1987,CMA,2001,315.1104743465695,3,2020
post_1987,CMA,2002,316.5177267261754,3,2020
post_1987,CMA,2003,314.8555902221246,3,2020
post_1987,CMA,2004,310.81946915628987,3,2020
post_1987,CMA,2005,308.8782574276304,3,2020
post_1987,CMA,2006,308.53185982324294,3,2020
post_1987,CMA,2007,310.4571270149543,3,2020
post_1987,CMA,2008,311.93103046764975,3,2020
post_1987,CMA,2009,312.0312617055432,3,2020
post_1987,CMA,2010,311.5440856149271,3,2020
post_1987,CMA,2011,309.60389964462064,3,2020
post_1987,CMA,2012,309.43157740290366,3,2020
post_1987,CMA,2013,310.4741674267913,3,2020
post_1987,CMA,2014,310.26994343521494,3,2020
post_1987,CMA,2015,309.45183956424887,3,2020
post_1987,CMA,2016,296.15434034024685,3,2020
post_1987,CMA,2017,296.0525609979833,3,2020
post_1987,CMA,2018,295.93869114270615,3,2020
post_1987,CMA,2019,299.4400143110557,3,2020
post_1987,CMA,2020,299.38409206677494,3,2020
post_1987,DMF,1971,263.44125949444174,3,2020
post_1987,DMF,1972,263.44125949444174,3,2020
post_1987,DMF,1973,263.44125949444174,3,2020
post_1987,DMF,1974,263.44125949444174,3,2020
post_1987,DMF,1975,263.44125949444174,3,2020
post_1987,DMF,1976,263.44125949444174,3,2020
post_1987,DMF,1977,263.44125949444174,3,2020
post_1987,DMF,1978,263.44125949444174,3,2020
post_1987,DMF,1979,263.44125949444174,3,2020
post_1987,DMF,1980,263.44125949444174,3,2020
post_1987,DMF,1981,263.44125949444174,3,2020
post_1987,DMF,1982,263.44125949444174,3,2020
post_1987,DMF,1983,263.44125949444174,3,2020
post_1987,DMF,1984,263.44125949444174,3,2020
post_1987,DMF,1985,263.44125949444174,3,2020
post_1987,DMF,1986,263.44125949444174,3,2020
post_1987,DMF,1987,263.44125949444174,3,2020
post_1987,DMF,1988,263.44125949444174,3,2020
post_1987,DMF,1989,238.74405140194008,3,2020
post_1987,DMF,1990,224.34134131620897,3,2020
post_1987,DMF,1991,211.83148318766348,3,2020
post_1987,DMF,1992,207.93280110102316,3,2020
post_1987,DMF,1993,209.60995449641175,3,2020
post_1987,DMF,1994,209.0902626729904,3,2020
post_1987,DMF,1995,204.24906244093486,3,2020
post_1987,DMF,1996,200.70041143656695,3,2020
post_1987,DMF,1997,200.26730370675375,3,2020
post_1987,DMF,1998,199.89332270106837,3,2020
post_1987,DMF,1999,192.9752819108915,3,2020
post_1987,DMF,2000,193.0621648380735,3,2020
post_1987,DMF,2001,197.54480048470506,3,2020
post_1987,DMF,2002,202.41517544734526,3,2020
post_1987,DMF,2003,207.3090106463186,3,2020
post_1987,DMF,2004,209.36680874530927,3,2020
post_1987,DMF,2005,216.67098341607553,3,2020
post_1987,DMF,2006,224.2232206137834,3,2020
post_1987,DMF,2007,234.40818394272918,3,2020
post_1987,DMF,2008,248.96684949920026,3,2020
post_1987,DMF,2009,262.42278480723115,3,2020
post_1987,DMF,2010,271.65237528207365,3,2020
post_1987,DMF,2011,275.88404424356344,3,2020
post_1987,DMF,2012,287.72664959501185,3,2020
post_1987,DMF,2013,307.64674072228706,3,2020
post_1987,DMF,2014,321.2235666915517,3,2020
post_1987,DMF,2015,335.48559010369763,3,2020
post_1987,DMF,2016,347.08058040121875,3,2020
post_1987,DMF,2017,356.62487733872257,3,2020
post_1987,DMF,2018,353.24038918016345,3,2020
post_1987,DMF,2019,349.8145933900971,3,2020
post_1987,DMF,2020,345.20671358837757,3,2020
post_1987,LPF,1971,359.9182384345325,3,2020
post_1987,LPF,1972,359.9182384345325,3,2020
post_1987,LPF,1973,359.9182384345325,3,2020
post_1987,LPF,1974,359.9182384345325,3,2020
post_1987,LPF,1975,359.9182384345325,3,2020
post_1987,LPF,1976,359.9182384345325,3,2020
post_1987,LPF,1977,359.9182384345325,3,2020
post_1987,LPF,1978,359.9182384345325,3,2020
post_1987,LPF,1979,359.9182384345325,3,2020
post_1987,LPF,1980,359.9182384345325,3,2020
post_1987,LPF,1981,359.9182384345325,3,2020
post_1987,LPF,1982,359.9182384345325,3,2020
post_1987,LPF,1983,359.9182384345325,3,2020
post_1987,LPF,1984,359.9182384345325,3,2020
post_1987,LPF,1985,359.9182384345325,3,2020
post_1987,LPF,1986,359.9182384345325,3,2020
post_1987,LPF,1987,359.9182384345325,3,2020
post_1987,LPF,1988,359.9182384345325,3,2020
post_1987,LPF,1989,336.9459376983189,3,2020
post_1987,LPF,1990,337.19471799678604,3,2020
post_1987,LPF,1991,327.2775391070046,3,2020
post_1987,LPF,1992,347.1972164100476,3,2020
post_1987,LPF,1993,352.5537358925817,3,2020
post_1987,LPF,1994,355.11371376849934,3,2020
post_1987,LPF,1995,356.00379202437375,3,2020
post_1987,LPF,1996,354.4582584148558,3,2020
post_1987,LPF,1997,365.29247525597896,3,2020
post_1987,LPF,1998,370.43781760015327,3,2020
post_1987,LPF,1999,367.0035830407839,3,2020
post_1987,LPF,2000,360.59669913439177,3,2020
post_1987,LPF,2001,365.47405755323285,3,2020
post_1987,LPF,2002,363.53019383941404,3,2020
post_1987,LPF,2003,359.55875032523295,3,2020
post_1987,LPF,2004,354.47955690983116,3,2020
post_1987,LPF,2005,351.67386663004646,3,2020
post_1987,LPF,2006,352.8578932591683,3,2020
post_1987,LPF,2007,355.2235691422652,3,2020
post_1987,LPF,2008,355.8641919193867,3,2020
post_1987,LPF,2009,355.7341382733675,3,2020
post_1987,LPF,2010,353.99643146922665,3,2020
post_1987,LPF,2011,351.8125593023756,3,2020
post_1987,LPF,2012,350.6168864690511,3,2020
post_1987,LPF,2013,352.382732175256,3,2020
post_1987,LPF,2014,349.0253515471357,3,2020
post_1987,LPF,2015,347.49329614566193,3,2020
post_1987,LPF,2016,326.7889890513514,3,2020
post_1987,LPF,2017,323.6518445054185,3,2020
post_1987,LPF,2018,320.20198180321,3,2020
post_1987,LPF,2019,322.4695280541055,3,2020
post_1987,LPF,2020,318.25458970214254,3,2020
post_1987,MPF,1971,256.58986739805295,3,2020
post_1987,MPF,1972,256.58986739805295,3,2020
post_1987,MPF,1973,256.58986739805295,3,2020
post_1987,MPF,1974,256.58986739805295,3,2020
post_1987,MPF,1975,256.58986739805295,3,2020
post_1987,MPF,1976,256.58986739805295,3,2020
post_1987,MPF,1977,256.58986739805295,3,2020
post_1987,MPF,1978,256.58986739805295,3,2020
post_1987,MPF,1979,256.58986739805295,3,2020
post_1987,MPF,1980,256.58986739805295,3,2020
post_1987,MPF,1981,256.58986739805295,3,2020
post_1987,MPF,1982,256.58986739805295,3,2020
post_1987,MPF,1983,256.58986739805295,3,2020
post_1987,MPF,1984,256.58986739805295,3,2020
post_1987,MPF,1985,256.58986739805295,3,2020
post_1987,MPF,1986,256.58986739805295,3,2020
post_1987,MPF,1987,256.58986739805295,3,2020
post_1987,MPF,1988,256.58986739805295,3,2020
post_1987,MPF,1989,232.3236870159828,3,2020
post_1987,MPF,1990,232.54585022915583,3,2020
post_1987,MPF,1991,221.25856623811228,3,2020
post_1987,MPF,1992,243.44206162508416,3,2020
post_1987,MPF,1993,254.92055197240134,3,2020
post_1987,MPF,1994,260.0976949872096,3,2020
post_1987,MPF,1995,268.3146751666129,3,2020
post_1987,MPF,1996,264.8902793791082,3,2020
post_1987,MPF,1997,277.1330781064914,3,2020
post_1987,MPF,1998,287.89773382142766,3,2020
post_1987,MPF,1999,292.1849408021185,3,2020
post_1987,MPF,2000,288.51004808569957,3,2020
post_1987,MPF,2001,301.36530955539797,3,2020
post_1987,MPF,2002,306.1616953152396,3,2020
post_1987,MPF,2003,297.289266697459,3,2020
post_1987,MPF,2004,281.0256165798461,3,2020
post_1987,MPF,2005,262.49140211386106,3,2020
post_1987,MPF,2006,253.55813407449608,3,2020
post_1987,MPF,2007,252.96704842127374,3,2020
post_1987,MPF,2008,252.6205142657491,3,2020
post_1987,MPF,2009,250.45580142785954,3,2020
post_1987,MPF,2010,243.14282664911417,3,2020
post_1987,MPF,2011,236.4543945061895,3,2020
post_1987,MPF,2012,230.00532510457165,3,2020
post_1987,MPF,2013,228.224422546596,3,2020
post_1987,MPF,2014,221.42260221043418,3,2020
post_1987,MPF,2015,212.09486691644256,3,2020
post_1987,MPF,2016,175.08964600592606,3,2020
post_1987,MPF,2017,159.1366772507323,3,2020
post_1987,MPF,2018,151.32185729217372,3,2020
post_1987,MPF,2019,148.50664528908777,3,2020
post_1987,MPF,2020,143.51498560693835,3,2020
post_1987,NTU,1971,170.4476243435314,3,2020
post_1987,NTU,1972,170.4476243435314,3,2020
post_1987,NTU,1973,170.4476243435314,3,2020
post_1987,NTU,1974,170.4476243435314,3,2020
post_1987,NTU,1975,170.4476243435314,3,2020
post_1987,NTU,1976,170.4476243435314,3,2020
post_1987,NTU,1977,170.4476243435314,3,2020
post_1987,NTU,1978,170.4476243435314,3,2020
post_1987,NTU,1979,170.4476243435314,3,2020
post_1987,NTU,1980,170.4476243435314,3,2020
post_1987,NTU,1981,170.4476243435314,3,2020
post_1987,NTU,1982,170.4476243435314,3,2020
post_1987,NTU,1983,170.4476243435314,3,2020
post_1987,NTU,1984,170.4476243435314,3,2020
post_1987,NTU,1985,170.4476243435314,3,2020
post_1987,NTU,1986,170.4476243435314,3,2020
post_1987,NTU,1987,170.4476243435314,3,2020
post_1987,NTU,1988,170.4476243435314,3,2020
post_1987,NTU,1989,179.79083899972002,3,2020
post_1987,NTU,1990,194.4768287010279,3,2020
post_1987,NTU,1991,188.29537960946402,3,2020
post_1987,NTU,1992,208.93376315445582,3,2020
post_1987,NTU,1993,206.73130112712778,3,2020
post_1987,NTU,1994,205.42299109123633,3,2020
post_1987,NTU,1995,208.64837568533713,3,2020
post_1987,NTU,1996,205.46175940287822,3,2020
post_1987,NTU,1997,213.78107054655845,3,2020
post_1987,NTU,1998,214.33561251915052,3,2020
post_1987,NTU,1999,213.79047080994306,3,2020
post_1987,NTU,2000,211.25688692507256,3,2020
post_1987,NTU,2001,217.24937222756992,3,2020
post_1987,NTU,2002,216.92956337499024,3,2020
post_1987,NTU,2003,213.60486821267125,3,2020
post_1987,NTU,2004,212.27674816201244,3,2020
post_1987,NTU,2005,211.46828037373285,3,2020
post_1987,NTU,2006,214.00769519031562,3,2020
post_1987,NTU,2007,215.83165471385044,3,2020
post_1987,NTU,2008,216.08512284207214,3,2020
post_1987,NTU,2009,215.76726115891398,3,2020
post_1987,NTU,2010,216.1289238471565,3,2020
post_1987,NTU,2011,215.3950235794611,3,2020
post_1987,NTU,2012,215.86830872005896,3,2020
post_1987,NTU,2013,216.9159326536725,3,2020
post_1987,NTU,2014,215.88237121979142,3,2020
post_1987,NTU,2015,215.26610984358064,3,2020
post_1987,NTU,2016,203.43375486090824,3,2020
post_1987,NTU,2017,211.35960530132584,3,2020
post_1987,NTU,2018,215.98715212480056,3,2020
post_1987,NTU,2019,216.83343602423946,3,2020
post_1987,NTU,2020,217.07947702785336,3,2020
post_1987,SAR,1971,995.0195898416086,3,2020
post_1987,SAR,1972,995.0195898416086,3,2020
post_1987,SAR,1973,995.0195898416086,3,2020
post_1987,SAR,1974,995.0195898416086,3,2020
post_1987,SAR,1975,995.0195898416086,3,2020
post_1987,SAR,1976,995.0195898416086,3,2020
post_1987,SAR,1977,995.0195898416086,3,2020
post_1987,SAR,1978,995.0195898416086,3,2020
post_1987,SAR,1979,995.0195898416086,3,2020
post_1987,SAR,1980,995.0195898416086,3,2020
post_1987,SAR,1981,995.0195898416086,3,2020
post_1987,SAR,1982,995.0195898416086,3,2020
post_1987,SAR,1983,995.0195898416086,3,2020
post_1987,SAR,1984,995.0195898416086,3,2020
post_1987,SAR,1985,995.0195898416086,3,2020
post_1987,SAR,1986,995.0195898416086,3,2020
post_1987,SAR,1987,995.0195898416086,3,2020
post_1987,SAR,1988,995.0195898416086,3,2020
post_1987,SAR,1989,715.4727768271171,3,2020
post_1987,SAR,1990,600.6130733057312,3,2020
post_1987,SAR,1991,460.4585096846284,3,2020
post_1987,SAR,1992,446.31023669977503,3,2020
post_1987,SAR,1993,413.5021002695185,3,2020
post_1987,SAR,1994,393.85050908170655,3,2020
post_1987,SAR,1995,379.92633390889677,3,2020
post_1987,SAR,1996,366.5802510246886,3,2020
post_1987,SAR,1997,384.7675133831997,3,2020
post_1987,SAR,1998,404.01533151110107,3,2020
post_1987,SAR,1999,417.1992092776466,3,2020
post_1987,SAR,2000,420.3471876632179,3,2020
post_1987,SAR,2001,442.8774692310593,3,2020
post_1987,SAR,2002,464.3938632021405,3,2020
post_1987,SAR,2003,481.25347595344033,3,2020
post_1987,SAR,2004,488.8484979814272,3,2020
post_1987,SAR,2005,503.99611486087707,3,2020
post_1987,SAR,2006,525.9426129011844,3,2020
post_1987,SAR,2007,555.7522240999298,3,2020
post_1987,SAR,2008,589.6349571057441,3,2020
post_1987,SAR,2009,625.5488224140228,3,2020
post_1987,SAR,2010,664.0745363153043,3,2020
post_1987,SAR,2011,703.806548226048,3,2020
post_1987,SAR,2012,742.1046668506153,3,2020
post_1987,SAR,2013,789.0855539940738,3,2020
post_1987,SAR,2014,835.4290654227044,3,2020
post_1987,SAR,2015,879.396533777847,3,2020
post_1987,SAR,2016,881.4849375331706,3,2020
post_1987,SAR,2017,920.298603389259,3,2020
post_1987,SAR,2018,975.235610732588,3,2020
post_1987,SAR,2019,1034.806646329777,3,2020
post_1987,SAR,2020,1090.8757427341127,3,2020
post_1987,SCP,1971,136.64537036202262,3,2020
post_1987,SCP,1972,136.64537036202262,3,2020
post_1987,SCP,1973,136.64537036202262,3,2020
post_1987,SCP,1974,136.64537036202262,3,2020
post_1987,SCP,1975,136.64537036202262,3,2020
post_1987,SCP,1976,136.64537036202262,3,2020
post_1987,SCP,1977,136.64537036202262,3,2020
post_1987,SCP,1978,136.64537036202262,3,2020
post_1987,SCP,1979,136.64537036202262,3,2020
post_1987,SCP,1980,136.64537036202262,3,2020
post_1987,SCP,1981,136.64537036202262,3,2020
post_1987,SCP,1982,136.64537036202262,3,2020
post_1987,SCP,1983,136.64537036202262,3,2020
post_1987,SCP,1984,136.64537036202262,3,2020
post_1987,SCP,1985,136.64537036202262,3,2020
post_1987,SCP,1986,136.64537036202262,3,2020
post_1987,SCP,1987,136.64537036202262,3,2020
post_1987,SCP,1988,136.64537036202262,3,2020
post_1987,SCP,1989,119.77689344559977,3,2020
post_1987,SCP,1990,114.35028433144471,3,2020
post_1987,SCP,1991,101.18307227401448,3,2020
post_1987,SCP,1992,104.81632193663921,3,2020
post_1987,SCP,1993,104.73811549202,3,2020
post_1987,SCP,1994,104.95992083854078,3,2020
post_1987,SCP,1995,105.05367243431651,3,2020
post_1987,SCP,1996,104.4798848067409,3,2020
post_1987,SCP,1997,111.51420073940564,3,2020
post_1987,SCP,1998,118.10738839729287,3,2020
post_1987,SCP,1999,122.70598504981704,3,2020
post_1987,SCP,2000,122.54071783942638,3,2020
post_1987,SCP,2001,127.81087975441102,3,2020
post_1987,SCP,2002,131.69224619462847,3,2020
post_1987,SCP,2003,133.10816420898,3,2020
post_1987,SCP,2004,131.09047938256626,3,2020
post_1987,SCP,2005,129.88179837688656,3,2020
post_1987,SCP,2006,130.57336339257796,3,2020
post_1987,SCP,2007,132.3741040459708,3,2020
post_1987,SCP,2008,133.68795267014914,3,2020
post_1987,SCP,2009,135.09647433182954,3,2020
post_1987,SCP,2010,136.06620157126997,3,2020
post_1987,SCP,2011,136.8244318295039,3,2020
post_1987,SCP,2012,136.2924739945258,3,2020
post_1987,SCP,2013,136.50958619963174,3,2020
post_1987,SCP,2014,135.1538273143803,3,2020
post_1987,SCP,2015,133.37667877849077,3,2020
post_1987,SCP,2016,116.7203930053616,3,2020
post_1987,SCP,2017,112.94376197565924,3,2020
post_1987,SCP,2018,114.45623254248012,3,2020
post_1987,SCP,2019,115.98038934203043,3,2020
post_1987,SCP,2020,117.30533700487136,3,2020
post_1987,ANC,1971,322.4820400047662,4,2019
post_1987,ANC,1972,322.4820400047662,4,2019
post_1987,ANC,1973,322.4820400047662,4,2019
post_1987,ANC,1974,322.4820400047662,4,2019
post_1987,ANC,1975,322.4820400047662,4,2019
post_1987,ANC,1976,322.4820400047662,4,2019
post_1987,ANC,1977,322.4820400047662,4,2019
post_1987,ANC,1978,322.4820400047662,4,2019
post_1987,ANC,1979,322.4820400047662,4,2019
post_1987,ANC,1980,322.4820400047662,4,2019
post_1987,ANC,1981,322.4820400047662,4,2019
post_1987,ANC,1982,322.4820400047662,4,2019
post_1987,ANC,1983,322.4820400047662,4,2019
post_1987,ANC,1984,322.4820400047662,4,2019
post_1987,ANC,1985,322.4820400047662,4,2019
post_1987,ANC,1986,322.4820400047662,4,2019
post_1987,ANC,1987,322.4820400047662,4,2019
post_1987,ANC,1988,322.4820400047662,4,2019
post_1987,ANC,1989,322.4820400047662,4,2019
post_1987,ANC,1990,322.4820400047662,4,2019
post_1987,ANC,1991,322.4820400047662,4,2019
post_1987,ANC,1992,322.4820400047662,4,2019
post_1987,ANC,1993,322.4820400047662,4,2019
post_1987,ANC,1994,322.4820400047662,4,2019
post_1987,ANC,1995,322.4820400047662,4,2019
post_1987,ANC,1996,322.4820400047662,4,2019
post_1987,ANC,1997,322.4820400047662,4,2019
post_1987,ANC,1998,322.4820400047662,4,2019
post_1987,ANC,1999,322.4820400047662,4,2019
post_1987,ANC,2000,322.4820400047662,4,2019
post_1987,ANC,2001,322.4820400047662,4,2019
post_1987,ANC,2002,312.43049757635004,4,2019
post_1987,ANC,2003,289.2797150956304,4,2019
post_1987,ANC,2004,245.22371301271852,4,2019
post_1987,ANC,2005,237.72917168865155,4,2019
post_1987,ANC,2006,220.0368490988495,4,2019
post_1987,ANC,2007,209.40412157159307,4,2019
post_1987,ANC,2008,209.4584259446963,4,2019
post_1987,ANC,2009,203.739027334226,4,2019
post_1987,ANC,2010,205.77866345265943,4,2019
post_1987,ANC,2011,216.04642194824206,4,2019
post_1987,ANC,2012,224.40656396006312,4,2019
post_1987,ANC,2013,264.3102362676291,4,2019
post_1987,ANC,2014,322.702002049541,4,2019
post_1987,ANC,2015,381.6954768488125,4,2019
post_1987,ANC,2016,450.43678428843197,4,2019
post_1987,ANC,2017,475.0598232083625,4,2019
post_1987,ANC,2018,537.3438394178905,4,2019
post_1987,ANC,2019,619.4955234268241,4,2019
post_1987,CMA,1971,297.11743658553974,4,2019
post_1987,CMA,1972,297.11743658553974,4,2019
post_1987,CMA,1973,297.11743658553974,4,2019
post_1987,CMA,1974,297.11743658553974,4,2019
post_1987,CMA,1975,297.11743658553974,4,2019
post_1987,CMA,1976,297.11743658553974,4,2019
post_1987,CMA,1977,297.11743658553974,4,2019
post_1987,CMA,1978,297.11743658553974,4,2019
post_1987,CMA,1979,297.11743658553974,4,2019
post_1987,CMA,1980,297.11743658553974,4,2019
post_1987,CMA,1981,297.11743658553974,4,2019
post_1987,CMA,1982,297.11743658553974,4,2019
post_1987,CMA,1983,297.11743658553974,4,2019
post_1987,CMA,1984,297.11743658553974,4,2019
post_1987,CMA,1985,297.11743658553974,4,2019
post_1987,CMA,1986,297.11743658553974,4,2019
post_1987,CMA,1987,297.11743658553974,4,2019
post_1987,CMA,1988,297.11743658553974,4,2019
post_1987,CMA,1989,296.50003672288375,4,2019
post_1987,CMA,1990,302.4208943882446,4,2019
post_1987,CMA,1991,298.66568511469126,4,2019
post_1987,CMA,1992,308.82087081063764,4,2019
post_1987,CMA,1993,311.66323252098147,4,2019
post_1987,CMA,1994,311.6456410523269,4,2019
post_1987,CMA,1995,311.8227327290907,4,2019
post_1987,CMA,1996,309.9463010678293,4,2019
post_1987,CMA,1997,313.0496583705371,4,2019
post_1987,CMA,1998,315.05141512863236,4,2019
post_1987,CMA,1999,314.46146793224415,4,2019
post_1987,CMA,2000,312.23165386359733,4,2019
post_1987,CMA,2001,315.54372611007955,4,2019
post_1987,CMA,2002,317.0107666655073,4,2019
post_1987,CMA,2003,315.44653983852044,4,2019
post_1987,CMA,2004,311.5219596274535,4,2019
post_1987,CMA,2005,309.7124249300079,4,2019
post_1987,CMA,2006,309.4323785025429,4,2019
post_1987,CMA,2007,311.41974338215346,4,2019
post_1987,CMA,2008,312.97800203384304,4,2019
post_1987,CMA,2009,313.1634740802687,4,2019
post_1987,CMA,2010,312.7680052463495,4,2019
post_1987,CMA,2011,310.969376634385,4,2019
post_1987,CMA,2012,310.92375336034786,4,2019
post_1987,CMA,2013,312.06204978060083,4,2019
post_1987,CMA,2014,311.98841306973384,4,2019
post_1987,CMA,2015,311.3515132517895,4,2019
post_1987,CMA,2016,298.7308854504242,4,2019
post_1987,CMA,2017,298.9289247663049,4,2019
post_1987,CMA,2018,298.80112721232217,4,2019
post_1987,CMA,2019,302.1978557345643,4,2019
post_1987,DMF,1971,227.73397467215975,4,2019
post_1987,DMF,1972,227.73397467215975,4,2019
post_1987,DMF,1973,227.73397467215975,4,2019
post_1987,DMF,1974,227.73397467215975,4,2019
post_1987,DMF,1975,227.73397467215975,4,2019
post_1987,DMF,1976,227.73397467215975,4,2019
post_1987,DMF,1977,227.73397467215975,4,2019
post_1987,DMF,1978,227.73397467215975,4,2019
post_1987,DMF,1979,227.73397467215975,4,2019
post_1987,DMF,1980,227.73397467215975,4,2019
post_1987,DMF,1981,227.73397467215975,4,2019
post_1987,DMF,1982,227.73397467215975,4,2019
post_1987,DMF,1983,227.73397467215975,4,2019
post_1987,DMF,1984,227.73397467215975,4,2019
post_1987,DMF,1985,227.73397467215975,4,2019
post_1987,DMF,1986,227.73397467215975,4,2019
post_1987,DMF,1987,227.73397467215975,4,2019
post_1987,DMF,1988,227.73397467215975,4,2019
post_1987,DMF,1989,207.66447625818088,4,2019
post_1987,DMF,1990,197.89061551562378,4,2019
post_1987,DMF,1991,189.23910394966077,4,2019
post_1987,DMF,1992,188.26431087963468,4,2019
post_1987,DMF,1993,191.54210642974107,4,2019
post_1987,DMF,1994,191.55850671169054,4,2019
post_1987,DMF,1995,186.61777492671186,4,2019
post_1987,DMF,1996,182.95890663798903,4,2019
post_1987,DMF,1997,182.20209514506087,4,2019
post_1987,DMF,1998,180.94434143451628,4,2019
post_1987,DMF,1999,172.69533754994706,4,2019
post_1987,DMF,2000,171.89890994886508,4,2019
post_1987,DMF,2001,175.20088760993303,4,2019
post_1987,DMF,2002,178.63531125008498,4,2019
post_1987,DMF,2003,181.3855581989914,4,2019
post_1987,DMF,2004,180.697473938147,4,2019
post_1987,DMF,2005,185.14837402141748,4,2019
post_1987,DMF,2006,189.0862923250887,4,2019
post_1987,DMF,2007,195.0649642834186,4,2019
post_1987,DMF,2008,204.614235345633,4,2019
post_1987,DMF,2009,211.8955361220407,4,2019
post_1987,DMF,2010,214.14488690067034,4,2019
post_1987,DMF,2011,211.45838585980033,4,2019
post_1987,DMF,2012,216.6306406596401,4,2019
post_1987,DMF,2013,229.41783267614258,4,2019
post_1987,DMF,2014,234.79281183251027,4,2019
post_1987,DMF,2015,240.72508872380766,4,2019
post_1987,DMF,2016,243.7926099596278,4,2019
post_1987,DMF,2017,245.88517622753915,4,2019
post_1987,DMF,2018,235.76109560710387,4,2019
post_1987,DMF,2019,226.82459739530464,4,2019
post_1987,LPF,1971,350.7132237891514,4,2019
post_1987,LPF,1972,350.7132237891514,4,2019
post_1987,LPF,1973,350.7132237891514,4,2019
post_1987,LPF,1974,350.7132237891514,4,2019
post_1987,LPF,1975,350.7132237891514,4,2019
post_1987,LPF,1976,350.7132237891514,4,2019
post_1987,LPF,1977,350.7132237891514,4,2019
post_1987,LPF,1978,350.7132237891514,4,2019
post_1987,LPF,1979,350.7132237891514,4,2019
post_1987,LPF,1980,350.7132237891514,4,2019
post_1987,LPF,1981,350.7132237891514,4,2019
post_1987,LPF,1982,350.7132237891514,4,2019
post_1987,LPF,1983,350.7132237891514,4,2019
post_1987,LPF,1984,350.7132237891514,4,2019
post_1987,LPF,1985,350.7132237891514,4,2019
post_1987,LPF,1986,350.7132237891514,4,2019
post_1987,LPF,1987,350.7132237891514,4,2019
post_1987,LPF,1988,350.7132237891514,4,2019
post_1987,LPF,1989,327.77160583080814,4,2019
post_1987,LPF,1990,331.6336764593324,4,2019
post_1987,LPF,1991,322.59049870632003,4,2019
post_1987,LPF,1992,345.4087189652576,4,2019
post_1987,LPF,1993,348.96758694916974,4,2019
post_1987,LPF,1994,350.2930139807494,4,2019
post_1987,LPF,1995,350.55035859666486,4,2019
post_1987,LPF,1996,348.7789861275765,4,2019
post_1987,LPF,1997,360.24990711254225,4,2019
post_1987,LPF,1998,364.0814970324102,4,2019
post_1987,LPF,1999,359.51198870804177,4,2019
post_1987,LPF,2000,353.3060222199411,4,2019
post_1987,LPF,2001,359.33262125626294,4,2019
post_1987,LPF,2002,357.11719986990664,4,2019
post_1987,LPF,2003,353.439896633738,4,2019
post_1987,LPF,2004,349.13264454757007,4,2019
post_1987,LPF,2005,347.3948254263969,4,2019
post_1987,LPF,2006,349.43543443480223,4,2019
post_1987,LPF,2007,352.0280555659164,4,2019
post_1987,LPF,2008,352.5281178308682,4,2019
post_1987,LPF,2009,352.3848472488047,4,2019
post_1987,LPF,2010,350.7913905514197,4,2019
post_1987,LPF,2011,349.0338052051242,4,2019
post_1987,LPF,2012,348.46544607148996,4,2019
post_1987,LPF,2013,350.72194297336324,4,2019
post_1987,LPF,2014,347.45024696630543,4,2019
post_1987,LPF,2015,346.6122113107216,4,2019
post_1987,LPF,2016,327.16776623021923,4,2019
post_1987,LPF,2017,326.97646555708974,4,2019
post_1987,LPF,2018,324.94604353494344,4,2019
post_1987,LPF,2019,328.4273344578692,4,2019
post_1987,MPF,1971,490.0827329662972,4,2019
post_1987,MPF,1972,490.0827329662972,4,2019
post_1987,MPF,1973,490.0827329662972,4,2019
post_1987,MPF,1974,490.0827329662972,4,2019
post_1987,MPF,1975,490.0827329662972,4,2019
post_1987,MPF,1976,490.0827329662972,4,2019
post_1987,MPF,1977,490.0827329662972,4,2019
post_1987,MPF,1978,490.0827329662972,4,2019
post_1987,MPF,1979,490.0827329662972,4,2019
post_1987,MPF,1980,490.0827329662972,4,2019
post_1987,MPF,1981,490.0827329662972,4,2019
post_1987,MPF,1982,490.0827329662972,4,2019
post_1987,MPF,1983,490.0827329662972,4,2019
post_1987,MPF,1984,490.0827329662972,4,2019
post_1987,MPF,1985,490.0827329662972,4,2019
post_1987,MPF,1986,490.0827329662972,4,2019
post_1987,MPF,1987,490.0827329662972,4,2019
post_1987,MPF,1988,490.0827329662972,4,2019
post_1987,MPF,1989,414.81729145831514,4,2019
post_1987,MPF,1990,420.4213271317876,4,2019
post_1987,MPF,1991,406.9458561433351,4,2019
post_1987,MPF,1992,451.23666457509347,4,2019
post_1987,MPF,1993,465.9781890170933,4,2019
post_1987,MPF,1994,469.3882773630084,4,2019
post_1987,MPF,1995,478.80393836942596,4,2019
post_1987,MPF,1996,473.0269444512541,4,2019
post_1987,MPF,1997,491.8097252849188,4,2019
post_1987,MPF,1998,502.9611850871277,4,2019
post_1987,MPF,1999,504.96815036160757,4,2019
post_1987,MPF,2000,500.6072672486992,4,2019
post_1987,MPF,2001,517.2431787449619,4,2019
post_1987,MPF,2002,520.669580873403,4,2019
post_1987,MPF,2003,512.294393115953,4,2019
post_1987,MPF,2004,502.8486025617275,4,2019
post_1987,MPF,2005,496.1095193860128,4,2019
post_1987,MPF,2006,501.3484632721767,4,2019
post_1987,MPF,2007,512.737526470187,4,2019
post_1987,MPF,2008,520.1976709786886,4,2019
post_1987,MPF,2009,523.698144514694,4,2019
post_1987,MPF,2010,522.0120379843366,4,2019
post_1987,MPF,2011,523.3611567907586,4,2019
post_1987,MPF,2012,525.6573019002266,4,2019
post_1987,MPF,2013,532.4089732392677,4,2019
post_1987,MPF,2014,532.6358972987133,4,2019
post_1987,MPF,2015,531.7398178682836,4,2019
post_1987,MPF,2016,506.93709594134214,4,2019
post_1987,MPF,2017,510.68099148366264,4,2019
post_1987,MPF,2018,518.6872717775138,4,2019
post_1987,MPF,2019,528.9298681742988,4,2019
post_1987,NTU,1971,178.39690758394582,4,2019
post_1987,NTU,1972,178.39690758394582,4,2019
post_1987,NTU,1973,178.39690758394582,4,2019
post_1987,NTU,1974,178.39690758394582,4,2019
post_1987,NTU,1975,178.39690758394582,4,2019
post_1987,NTU,1976,178.39690758394582,4,2019
post_1987,NTU,1977,178.39690758394582,4,2019
post_1987,NTU,1978,178.39690758394582,4,2019
post_1987,NTU,1979,178.39690758394582,4,2019
post_1987,NTU,1980,178.39690758394582,4,2019
post_1987,NTU,1981,178.39690758394582,4,2019
post_1987,NTU,1982,178.39690758394582,4,2019
post_1987,NTU,1983,178.39690758394582,4,2019
post_1987,NTU,1984,178.39690758394582,4,2019
post_1987,NTU,1985,178.39690758394582,4,2019
post_1987,NTU,1986,178.39690758394582,4,2019
post_1987,NTU,1987,178.39690758394582,4,2019
post_1987,NTU,1988,178.39690758394582,4,2019
post_1987,NTU,1989,188.33954902389152,4,2019
post_1987,NTU,1990,203.36640724826927,4,2019
post_1987,NTU,1991,197.2786521875252,4,2019
post_1987,NTU,1992,218.203462746198,4,2019
post_1987,NTU,1993,216.4218310575206,4,2019
post_1987,NTU,1994,215.18728743866987,4,2019
post_1987,NTU,1995,218.41819971998876,4,2019
post_1987,NTU,1996,215.35810483756833,4,2019
post_1987,NTU,1997,223.74838654184836,4,2019
post_1987,NTU,1998,224.47228335533978,4,2019
post_1987,NTU,1999,223.97531960420991,4,2019
post_1987,NTU,2000,221.498936477987,4,2019
post_1987,NTU,2001,227.49187993097473,4,2019
post_1987,NTU,2002,227.32594629148795,4,2019
post_1987,NTU,2003,224.05232345525056,4,2019
post_1987,NTU,2004,222.7577195913962,4,2019
post_1987,NTU,2005,221.96507763863096,4,2019
post_1987,NTU,2006,224.58140330109353,4,2019
post_1987,NTU,2007,226.50376649061945,4,2019
post_1987,NTU,2008,226.87440957916579,4,2019
post_1987,NTU,2009,226.6273588190985,4,2019
post_1987,NTU,2010,227.05494372373443,4,2019
post_1987,NTU,2011,226.36528132800535,4,2019
post_1987,NTU,2012,226.99534262256358,4,2019
post_1987,NTU,2013,228.12938998415717,4,2019
post_1987,NTU,2014,227.26610722694903,4,2019
post_1987,NTU,2015,226.70822397047246,4,2019
post_1987,NTU,2016,215.77595950234723,4,2019
post_1987,NTU,2017,222.82615422422916,4,2019
post_1987,NTU,2018,226.9797147623364,4,2019
post_1987,NTU,2019,228.0225473871529,4,2019
post_1987,SAR,1971,148.6993561225276,4,2019
post_1987,SAR,1972,148.6993561225276,4,2019
post_1987,SAR,1973,148.6993561225276,4,2019
post_1987,SAR,1974,148.6993561225276,4,2019
post_1987,SAR,1975,148.6993561225276,4,2019
post_1987,SAR,1976,148.6993561225276,4,2019
post_1987,SAR,1977,148.6993561225276,4,2019
post_1987,SAR,1978,148.6993561225276,4,2019
post_1987,SAR,1979,148.6993561225276,4,2019
post_1987,SAR,1980,148.6993561225276,4,2019
post_1987,SAR,1981,148.6993561225276,4,2019
post_1987,SAR,1982,148.6993561225276,4,2019
post_1987,SAR,1983,148.6993561225276,4,2019
post_1987,SAR,1984,148.6993561225276,4,2019
post_1987,SAR,1985,148.6993561225276,4,2019
post_1987,SAR,1986,148.6993561225276,4,2019
post_1987,SAR,1987,148.6993561225276,4,2019
post_1987,SAR,1988,148.6993561225276,4,2019
post_1987,SAR,1989,116.83351002636635,4,2019
post_1987,SAR,1990,103.32478340409052,4,2019
post_1987,SAR,1991,92.14481893773628,4,2019
post_1987,SAR,1992,90.70235144484968,4,2019
post_1987,SAR,1993,84.42024259270383,4,2019
post_1987,SAR,1994,85.0074032593333,4,2019
post_1987,SAR,1995,85.48152041039818,4,2019
post_1987,SAR,1996,85.0540420102178,4,2019
post_1987,SAR,1997,85.77240066361281,4,2019
post_1987,SAR,1998,85.61297697438722,4,2019
post_1987,SAR,1999,83.03191806100624,4,2019
post_1987,SAR,2000,81.39214630871886,4,2019
post_1987,SAR,2001,81.68839694498068,4,2019
post_1987,SAR,2002,81.4986996931386,4,2019
post_1987,SAR,2003,80.93660394065009,4,2019
post_1987,SAR,2004,74.15113428955128,4,2019
post_1987,SAR,2005,75.8867372601578,4,2019
post_1987,SAR,2006,77.36027281552391,4,2019
post_1987,SAR,2007,82.0959791334924,4,2019
post_1987,SAR,2008,88.1663414071278,4,2019
post_1987,SAR,2009,94.80566958729302,4,2019
post_1987,SAR,2010,102.53469496240008,4,2019
post_1987,SAR,2011,110.36819989586743,4,2019
post_1987,SAR,2012,116.28741071664501,4,2019
post_1987,SAR,2013,128.57070460917976,4,2019
post_1987,SAR,2014,139.572038523284,4,2019
post_1987,SAR,2015,148.87817050644526,4,2019
post_1987,SAR,2016,135.2284730778151,4,2019
post_1987,SAR,2017,150.97442092692737,4,2019
post_1987,SAR,2018,179.11583630137278,4,2019
post_1987,SAR,2019,206.21856174456823,4,2019
post_1987,SCP,1971,138.8971678066532,4,2019
post_1987,SCP,1972,138.8971678066532,4,2019
post_1987,SCP,1973,138.8971678066532,4,2019
post_1987,SCP,1974,138.8971678066532,4,2019
post_1987,SCP,1975,138.8971678066532,4,2019
post_1987,SCP,1976,138.8971678066532,4,2019
post_1987,SCP,1977,138.8971678066532,4,2019
post_1987,SCP,1978,138.8971678066532,4,2019
post_1987,SCP,1979,138.8971678066532,4,2019
post_1987,SCP,1980,138.8971678066532,4,2019
post_1987,SCP,1981,138.8971678066532,4,2019
post_1987,SCP,1982,138.8971678066532,4,2019
post_1987,SCP,1983,138.8971678066532,4,2019
post_1987,SCP,1984,138.8971678066532,4,2019
post_1987,SCP,1985,138.8971678066532,4,2019
post_1987,SCP,1986,138.8971678066532,4,2019
post_1987,SCP,1987,138.8971678066532,4,2019
post_1987,SCP,1988,138.8971678066532,4,2019
post_1987,SCP,1989,118.86211753875976,4,2019
post_1987,SCP,1990,112.13883716183507,4,2019
post_1987,SCP,1991,97.83730739322881,4,2019
post_1987,SCP,1992,101.20712302083649,4,2019
post_1987,SCP,1993,100.8027393160245,4,2019
post_1987,SCP,1994,100.81478605460005,4,2019
post_1987,SCP,1995,100.8169137292708,4,2019
post_1987,SCP,1996,100.25861079963424,4,2019
post_1987,SCP,1997,107.34214045060565,4,2019
post_1987,SCP,1998,113.98693458972515,4,2019
post_1987,SCP,1999,118.68534615649807,4,2019
post_1987,SCP,2000,118.75307969234478,4,2019
post_1987,SCP,2001,124.26055971367984,4,2019
post_1987,SCP,2002,128.40420853675454,4,2019
post_1987,SCP,2003,130.19398849977864,4,2019
post_1987,SCP,2004,128.70036959436942,4,2019
post_1987,SCP,2005,128.14422974557812,4,2019
post_1987,SCP,2006,129.5423040595113,4,2019
post_1987,SCP,2007,132.07959870190388,4,2019
post_1987,SCP,2008,134.1826544240349,4,2019
post_1987,SCP,2009,136.42795489961588,4,2019
post_1987,SCP,2010,138.29392069421522,4,2019
post_1987,SCP,2011,140.0096057476742,4,2019
post_1987,SCP,2012,140.51147502230745,4,2019
post_1987,SCP,2013,141.80389902111983,4,2019
post_1987,SCP,2014,141.58904930310794,4,2019
post_1987,SCP,2015,141.01651187425216,4,2019
post_1987,SCP,2016,125.60676910538008,4,2019
post_1987,SCP,2017,123.29029965491544,4,2019
post_1987,SCP,2018,126.41567797127306,4,2019
post_1987,SCP,2019,129.60306887614954,4,2019
post_1987,ANC,1971,331.3732263565099,5,2018
post_1987,ANC,1972,331.3732263565099,5,2018
post_1987,ANC,1973,331.3732263565099,5,2018
post_1987,ANC,1974,331.3732263565099,5,2018
post_1987,ANC,1975,331.3732263565099,5,2018
post_1987,ANC,1976,331.3732263565099,5,2018
post_1987,ANC,1977,331.3732263565099,5,2018
post_1987,ANC,1978,331.3732263565099,5,2018
post_1987,ANC,1979,331.3732263565099,5,2018
post_1987,ANC,1980,331.3732263565099,5,2018
post_1987,ANC,1981,331.3732263565099,5,2018
post_1987,ANC,1982,331.3732263565099,5,2018
post_1987,ANC,1983,331.3732263565099,5,2018
post_1987,ANC,1984,331.3732263565099,5,2018
post_1987,ANC,1985,331.3732263565099,5,2018
post_1987,ANC,1986,331.3732263565099,5,2018
post_1987,ANC,1987,331.3732263565099,5,2018
post_1987,ANC,1988,331.3732263565099,5,2018
post_1987,ANC,1989,331.3732263565099,5,2018
post_1987,ANC,1990,331.3732263565099,5,2018
post_1987,ANC,1991,331.3732263565099,5,2018
post_1987,ANC,1992,331.3732263565099,5,2018
post_1987,ANC,1993,331.3732263565099,5,2018
post_1987,ANC,1994,331.3732263565099,5,2018
post_1987,ANC,1995,331.3732263565099,5,2018
post_1987,ANC,1996,331.3732263565099,5,2018
post_1987,ANC,1997,331.3732263565099,5,2018
post_1987,ANC,1998,331.3732263565099,5,2018
post_1987,ANC,1999,331.3732263565099,5,2018
post_1987,ANC,2000,331.3732263565099,5,2018
post_1987,ANC,2001,331.3732263565099,5,2018
post_1987,ANC,2002,325.1496745842776,5,2018
post_1987,ANC,2003,305.0357977938121,5,2018
post_1987,ANC,2004,262.4329528962948,5,2018
post_1987,ANC,2005,256.51957760125987,5,2018
post_1987,ANC,2006,239.61407485851583,5,2018
post_1987,ANC,2007,229.71696946055883,5,2018
post_1987,ANC,2008,230.81738212567512,5,2018
post_1987,ANC,2009,225.92707463318914,5,2018
post_1987,ANC,2010,228.7916746341833,5,2018
post_1987,ANC,2011,239.8485591850841,5,2018
post_1987,ANC,2012,248.7006472008839,5,2018
post_1987,ANC,2013,290.0661122741661,5,2018
post_1987,ANC,2014,349.47889563442465,5,2018
post_1987,ANC,2015,407.23752602838385,5,2018
post_1987,ANC,2016,473.2156969918193,5,2018
post_1987,ANC,2017,491.5899638307285,5,2018
post_1987,ANC,2018,548.1341215130465,5,2018
post_1987,CMA,1971,296.38771112341607,5,2018
post_1987,CMA,1972,296.38771112341607,5,2018
post_1987,CMA,1973,296.38771112341607,5,2018
post_1987,CMA,1974,296.38771112341607,5,2018
post_1987,CMA,1975,296.38771112341607,5,2018
post_1987,CMA,1976,296.38771112341607,5,2018
post_1987,CMA,1977,296.38771112341607,5,2018
post_1987,CMA,1978,296.38771112341607,5,2018
post_1987,CMA,1979,296.38771112341607,5,2018
post_1987,CMA,1980,296.38771112341607,5,2018
post_1987,CMA,1981,296.38771112341607,5,2018
post_1987,CMA,1982,296.38771112341607,5,2018
post_1987,CMA,1983,296.38771112341607,5,2018
post_1987,CMA,1984,296.38771112341607,5,2018
post_1987,CMA,1985,296.38771112341607,5,2018
post_1987,CMA,1986,296.38771112341607,5,2018
post_1987,CMA,1987,296.38771112341607,5,2018
post_1987,CMA,1988,296.38771112341607,5,2018
post_1987,CMA,1989,293.7111935048109,5,2018
post_1987,CMA,1990,298.9068390055912,5,2018
post_1987,CMA,1991,294.8149961443234,5,2018
post_1987,CMA,1992,305.08834773873235,5,2018
post_1987,CMA,1993,308.2309765454567,5,2018
post_1987,CMA,1994,308.497247457368,5,2018
post_1987,CMA,1995,308.88934936788615,5,2018
post_1987,CMA,1996,307.1779399156849,5,2018
post_1987,CMA,1997,310.42309493616733,5,2018
post_1987,CMA,1998,312.6142729932747,5,2018
post_1987,CMA,1999,312.21819494837274,5,2018
post_1987,CMA,2000,310.14570800059596,5,2018
post_1987,CMA,2001,313.51832316951936,5,2018
post_1987,CMA,2002,315.16295000684147,5,2018
post_1987,CMA,2003,313.8124275721101,5,2018
post_1987,CMA,2004,310.0595782534989,5,2018
post_1987,CMA,2005,308.34481866008355,5,2018
post_1987,CMA,2006,308.10626724186903,5,2018
post_1987,CMA,2007,310.14572055189603,5,2018
post_1987,CMA,2008,311.8431009981886,5,2018
post_1987,CMA,2009,312.19493077237576,5,2018
post_1987,CMA,2010,311.9685145090874,5,2018
post_1987,CMA,2011,310.3341025842913,5,2018
post_1987,CMA,2012,310.418663525936,5,2018
post_1987,CMA,2013,311.64800574113923,5,2018
post_1987,CMA,2014,311.78174697166367,5,2018
post_1987,CMA,2015,311.36135825869667,5,2018
post_1987,CMA,2016,299.5983365847306,5,2018
post_1987,CMA,2017,299.6630715845855,5,2018
post_1987,CMA,2018,299.35003917403805,5,2018
post_1987,DMF,1971,222.82040282477672,5,2018
post_1987,DMF,1972,222.82040282477672,5,2018
post_1987,DMF,1973,222.82040282477672,5,2018
post_1987,DMF,1974,222.82040282477672,5,2018
post_1987,DMF,1975,222.82040282477672,5,2018
post_1987,DMF,1976,222.82040282477672,5,2018
post_1987,DMF,1977,222.82040282477672,5,2018
post_1987,DMF,1978,222.82040282477672,5,2018
post_1987,DMF,1979,222.82040282477672,5,2018
post_1987,DMF,1980,222.82040282477672,5,2018
post_1987,DMF,1981,222.82040282477672,5,2018
post_1987,DMF,1982,222.82040282477672,5,2018
post_1987,DMF,1983,222.82040282477672,5,2018
post_1987,DMF,1984,222.82040282477672,5,2018
post_1987,DMF,1985,222.82040282477672,5,2018
post_1987,DMF,1986,222.82040282477672,5,2018
post_1987,DMF,1987,222.82040282477672,5,2018
post_1987,DMF,1988,222.82040282477672,5,2018
post_1987,DMF,1989,204.26304149312594,5,2018
post_1987,DMF,1990,195.38393193060145,5,2018
post_1987,DMF,1991,187.39011694767007,5,2018
post_1987,DMF,1992,186.92892602705695,5,2018
post_1987,DMF,1993,190.5047804802157,5,2018
post_1987,DMF,1994,190.59729310149928,5,2018
post_1987,DMF,1995,185.585418269991,5,2018
post_1987,DMF,1996,181.85027386088717,5,2018
post_1987,DMF,1997,181.00721045937038,5,2018
post_1987,DMF,1998,179.57225807920744,5,2018
post_1987,DMF,1999,171.05023268210527,5,2018
post_1987,DMF,2000,170.05315834353738,5,2018
post_1987,DMF,2001,173.15189544090174,5,2018
post_1987,DMF,2002,176.33278618499108,5,2018
post_1987,DMF,2003,178.7289646599571,5,2018
post_1987,DMF,2004,177.65605582821462,5,2018
post_1987,DMF,2005,181.80615381285688,5,2018
post_1987,DMF,2006,185.4196513125258,5,2018
post_1987,DMF,2007,191.09462457108933,5,2018
post_1987,DMF,2008,200.27747531031346,5,2018
post_1987,DMF,2009,207.0684462516082,5,2018
post_1987,DMF,2010,208.7458588845397,5,2018
post_1987,DMF,2011,205.5663516683001,5,2018
post_1987,DMF,2012,210.32353099028703,5,2018
post_1987,DMF,2013,222.71590325516445,5,2018
post_1987,DMF,2014,227.5167857891516,5,2018
post_1987,DMF,2015,232.8998935824933,5,2018
post_1987,DMF,2016,235.3945811178783,5,2018
post_1987,DMF,2017,237.3767961456065,5,2018
post_1987,DMF,2018,226.92395341877418,5,2018
post_1987,LPF,1971,368.77429185272115,5,2018
post_1987,LPF,1972,368.77429185272115,5,2018
post_1987,LPF,1973,368.77429185272115,5,2018
post_1987,LPF,1974,368.77429185272115,5,2018
post_1987,LPF,1975,368.77429185272115,5,2018
post_1987,LPF,1976,368.77429185272115,5,2018
post_1987,LPF,1977,368.77429185272115,5,2018
post_1987,LPF,1978,368.77429185272115,5,2018
post_1987,LPF,1979,368.77429185272115,5,2018
post_1987,LPF,1980,368.77429185272115,5,2018
post_1987,LPF,1981,368.77429185272115,5,2018
post_1987,LPF,1982,368.77429185272115,5,2018
post_1987,LPF,1983,368.77429185272115,5,2018
post_1987,LPF,1984,368.77429185272115,5,2018
post_1987,LPF,1985,368.77429185272115,5,2018
post_1987,LPF,1986,368.77429185272115,5,2018
post_1987,LPF,1987,368.77429185272115,5,2018
post_1987,LPF,1988,368.77429185272115,5,2018
post_1987,LPF,1989,342.7671986333964,5,2018
post_1987,LPF,1990,339.98138168449236,5,2018
post_1987,LPF,1991,328.3319616942709,5,2018
post_1987,LPF,1992,346.4628424640956,5,2018
post_1987,LPF,1993,352.5653136009597,5,2018
post_1987,LPF,1994,356.1000733823058,5,2018
post_1987,LPF,1995,357.8268281457238,5,2018
post_1987,LPF,1996,356.877053088721,5,2018
post_1987,LPF,1997,367.83242818438566,5,2018
post_1987,LPF,1998,374.08656977260466,5,2018
post_1987,LPF,1999,371.77783025451214,5,2018
post_1987,LPF,2000,365.6830960290878,5,2018
post_1987,LPF,2001,370.118426287003,5,2018
post_1987,LPF,2002,368.2750065280232,5,2018
post_1987,LPF,2003,364.20974730296246,5,2018
post_1987,LPF,2004,358.7274319961504,5,2018
post_1987,LPF,2005,355.25426977966623,5,2018
post_1987,LPF,2006,355.78890840568863,5,2018
post_1987,LPF,2007,357.89124273245903,5,2018
post_1987,LPF,2008,358.6347420114919,5,2018
post_1987,LPF,2009,358.61713686046016,5,2018
post_1987,LPF,2010,356.89816345051196,5,2018
post_1987,LPF,2011,354.5874711103127,5,2018
post_1987,LPF,2012,353.2341522135978,5,2018
post_1987,LPF,2013,354.8690443967426,5,2018
post_1987,LPF,2014,351.62807100337847,5,2018
post_1987,LPF,2015,349.9184561390877,5,2018
post_1987,LPF,2016,329.67871979122,5,2018
post_1987,LPF,2017,324.5385935716912,5,2018
post_1987,LPF,2018,318.8377386126988,5,2018
post_1987,MPF,1971,282.4653930559403,5,2018
post_1987,MPF,1972,282.4653930559403,5,2018
post_1987,MPF,1973,282.4653930559403,5,2018
post_1987,MPF,1974,282.4653930559403,5,2018
post_1987,MPF,1975,282.4653930559403,5,2018
post_1987,MPF,1976,282.4653930559403,5,2018
post_1987,MPF,1977,282.4653930559403,5,2018
post_1987,MPF,1978,282.4653930559403,5,2018
post_1987,MPF,1979,282.4653930559403,5,2018
post_1987,MPF,1980,282.4653930559403,5,2018
post_1987,MPF,1981,282.4653930559403,5,2018
post_1987,MPF,1982,282.4653930559403,5,2018
post_1987,MPF,1983,282.4653930559403,5,2018
post_1987,MPF,1984,282.4653930559403,5,2018
post_1987,MPF,1985,282.4653930559403,5,2018
post_1987,MPF,1986,282.4653930559403,5,2018
post_1987,MPF,1987,282.4653930559403,5,2018
post_1987,MPF,1988,282.4653930559403,5,2018
post_1987,MPF,1989,255.2086839053014,5,2018
post_1987,MPF,1990,255.7106714436098,5,2018
post_1987,MPF,1991,243.7308946854897,5,2018
post_1987,MPF,1992,268.23041200439974,5,2018
post_1987,MPF,1993,280.78256495421397,5,2018
post_1987,MPF,1994,286.11995386468834,5,2018
post_1987,MPF,1995,294.7934299209562,5,2018
post_1987,MPF,1996,290.8632075727063,5,2018
post_1987,MPF,1997,303.9492541448605,5,2018
post_1987,MPF,1998,315.2255146530634,5,2018
post_1987,MPF,1999,319.5223311998014,5,2018
post_1987,MPF,2000,315.27022093217676,5,2018
post_1987,MPF,2001,328.6787460896567,5,2018
post_1987,MPF,2002,333.3370795084911,5,2018
post_1987,MPF,2003,323.80068734507455,5,2018
post_1987,MPF,2004,307.04343345602996,5,2018
post_1987,MPF,2005,288.61417081414794,5,2018
post_1987,MPF,2006,280.554668041108,5,2018
post_1987,MPF,2007,281.1482090746874,5,2018
post_1987,MPF,2008,281.71932155770986,5,2018
post_1987,MPF,2009,280.3141922500378,5,2018
post_1987,MPF,2010,273.6010306305003,5,2018
post_1987,MPF,2011,267.6374250130625,5,2018
post_1987,MPF,2012,261.5607684210874,5,2018
post_1987,MPF,2013,260.311094678225,5,2018
post_1987,MPF,2014,253.4270374797998,5,2018
post_1987,MPF,2015,244.06507624237986,5,2018
post_1987,MPF,2016,202.88735097040376,5,2018
post_1987,MPF,2017,188.25554462275412,5,2018
post_1987,MPF,2018,183.73109826782277,5,2018
post_1987,NTU,1971,182.65270570760717,5,2018
post_1987,NTU,1972,182.65270570760717,5,2018
post_1987,NTU,1973,182.65270570760717,5,2018
post_1987,NTU,1974,182.65270570760717,5,2018
post_1987,NTU,1975,182.65270570760717,5,2018
post_1987,NTU,1976,182.65270570760717,5,2018
post_1987,NTU,1977,182.65270570760717,5,2018
post_1987,NTU,1978,182.65270570760717,5,2018
post_1987,NTU,1979,182.65270570760717,5,2018
post_1987,NTU,1980,182.65270570760717,5,2018
post_1987,NTU,1981,182.65270570760717,5,2018
post_1987,NTU,1982,182.65270570760717,5,2018
post_1987,NTU,1983,182.65270570760717,5,2018
post_1987,NTU,1984,182.65270570760717,5,2018
post_1987,NTU,1985,182.65270570760717,5,2018
post_1987,NTU,1986,182.65270570760717,5,2018
post_1987,NTU,1987,182.65270570760717,5,2018
post_1987,NTU,1988,182.65270570760717,5,2018
post_1987,NTU,1989,193.39779085245826,5,2018
post_1987,NTU,1990,208.77281082428908,5,2018
post_1987,NTU,1991,202.59604058828836,5,2018
post_1987,NTU,1992,223.70666043072902,5,2018
post_1987,NTU,1993,221.95611964928167,5,2018
post_1987,NTU,1994,220.8002969050971,5,2018
post_1987,NTU,1995,223.97446803306417,5,2018
post_1987,NTU,1996,221.02098002385796,5,2018
post_1987,NTU,1997,229.44474297890648,5,2018
post_1987,NTU,1998,230.21351813746887,5,2018
post_1987,NTU,1999,229.73240205329353,5,2018
post_1987,NTU,2000,227.32720878741054,5,2018
post_1987,NTU,2001,233.31128716980055,5,2018
post_1987,NTU,2002,233.27204230857,5,2018
post_1987,NTU,2003,230.01939344835733,5,2018
post_1987,NTU,2004,228.7700154350328,5,2018
post_1987,NTU,2005,227.98497140437175,5,2018
post_1987,NTU,2006,230.69549685173968,5,2018
post_1987,NTU,2007,232.68006918113807,5,2018
post_1987,NTU,2008,233.12348623244262,5,2018
post_1987,NTU,2009,232.91205189640894,5,2018
post_1987,NTU,2010,233.37586682626733,5,2018
post_1987,NTU,2011,232.68699888758866,5,2018
post_1987,NTU,2012,233.49760757316318,5,2018
post_1987,NTU,2013,234.71697969507332,5,2018
post_1987,NTU,2014,233.98093355159386,5,2018
post_1987,NTU,2015,233.43619362000527,5,2018
post_1987,NTU,2016,223.36469983321112,5,2018
post_1987,NTU,2017,229.4318773988535,5,2018
post_1987,NTU,2018,233.00676820964196,5,2018
post_1987,SAR,1971,149.64718413762495,5,2018
post_1987,SAR,1972,149.64718413762495,5,2018
post_1987,SAR,1973,149.64718413762495,5,2018
post_1987,SAR,1974,149.64718413762495,5,2018
post_1987,SAR,1975,149.64718413762495,5,2018
post_1987,SAR,1976,149.64718413762495,5,2018
post_1987,SAR,1977,149.64718413762495,5,2018
post_1987,SAR,1978,149.64718413762495,5,2018
post_1987,SAR,1979,149.64718413762495,5,2018
post_1987,SAR,1980,149.64718413762495,5,2018
post_1987,SAR,1981,149.64718413762495,5,2018
post_1987,SAR,1982,149.64718413762495,5,2018
post_1987,SAR,1983,149.64718413762495,5,2018
post_1987,SAR,1984,149.64718413762495,5,2018
post_1987,SAR,1985,149.64718413762495,5,2018
post_1987,SAR,1986,149.64718413762495,5,2018
post_1987,SAR,1987,149.64718413762495,5,2018
post_1987,SAR,1988,149.64718413762495,5,2018
post_1987,SAR,1989,122.7040122472986,5,2018
post_1987,SAR,1990,107.41620177185972,5,2018
post_1987,SAR,1991,94.89241273355069,5,2018
post_1987,SAR,1992,91.69258925180758,5,2018
post_1987,SAR,1993,85.17812512026254,5,2018
post_1987,SAR,1994,85.48913024562397,5,2018
post_1987,SAR,1995,85.77188366314316,5,2018
post_1987,SAR,1996,85.30616726606577,5,2018
post_1987,SAR,1997,85.8442951199669,5,2018
post_1987,SAR,1998,86.05785936744506,5,2018
post_1987,SAR,1999,83.94679577293108,5,2018
post_1987,SAR,2000,82.50548321833202,5,2018
post_1987,SAR,2001,82.71713974136001,5,2018
post_1987,SAR,2002,82.78822079743443,5,2018
post_1987,SAR,2003,82.45439984801081,5,2018
post_1987,SAR,2004,75.69815349630306,5,2018
post_1987,SAR,2005,77.08257021093164,5,2018
post_1987,SAR,2006,78.17475474568117,5,2018
post_1987,SAR,2007,82.64040622215217,5,2018
post_1987,SAR,2008,88.69040195271782,5,2018
post_1987,SAR,2009,95.54244884540933,5,2018
post_1987,SAR,2010,103.62738769654653,5,2018
post_1987,SAR,2011,111.93359573487236,5,2018
post_1987,SAR,2012,118.46457517121131,5,2018
post_1987,SAR,2013,131.26117931373287,5,2018
post_1987,SAR,2014,143.38047907234946,5,2018
post_1987,SAR,2015,154.21459765419027,5,2018
post_1987,SAR,2016,142.1972941179155,5,2018
post_1987,SAR,2017,157.62178886931372,5,2018
post_1987,SAR,2018,188.0259070876506,5,2018
post_1987,SCP,1971,133.38819286440588,5,2018
post_1987,SCP,1972,133.38819286440588,5,2018
post_1987,SCP,1973,133.38819286440588,5,2018
post_1987,SCP,1974,133.38819286440588,5,2018
post_1987,SCP,1975,133.38819286440588,5,2018
post_1987,SCP,1976,133.38819286440588,5,2018
post_1987,SCP,1977,133.38819286440588,5,2018
post_1987,SCP,1978,133.38819286440588,5,2018
post_1987,SCP,1979,133.38819286440588,5,2018
post_1987,SCP,1980,133.38819286440588,5,2018
post_1987,SCP,1981,133.38819286440588,5,2018
post_1987,SCP,1982,133.38819286440588,5,2018
post_1987,SCP,1983,133.38819286440588,5,2018
post_1987,SCP,1984,133.38819286440588,5,2018
post_1987,SCP,1985,133.38819286440588,5,2018
post_1987,SCP,1986,133.38819286440588,5,2018
post_1987,SCP,1987,133.38819286440588,5,2018
post_1987,SCP,1988,133.38819286440588,5,2018
post_1987,SCP,1989,115.07501547457049,5,2018
post_1987,SCP,1990,108.98416898557963,5,2018
post_1987,SCP,1991,95.44709965192062,5,2018
post_1987,SCP,1992,98.78589734980862,5,2018
post_1987,SCP,1993,98.47154805725981,5,2018
post_1987,SCP,1994,98.51113317649698,5,2018
post_1987,SCP,1995,98.48549006793453,5,2018
post_1987,SCP,1996,97.8657636716274,5,2018
post_1987,SCP,1997,104.66291102164115,5,2018
post_1987,SCP,1998,111.02348280254662,5,2018
post_1987,SCP,1999,115.46330240266117,5,2018
post_1987,SCP,2000,115.33476408385155,5,2018
post_1987,SCP,2001,120.50074238497321,5,2018
post_1987,SCP,2002,124.34342039511006,5,2018
post_1987,SCP,2003,125.84879907097509,5,2018
post_1987,SCP,2004,124.06241461470162,5,2018
post_1987,SCP,2005,123.17861993834221,5,2018
post_1987,SCP,2006,124.17697078518967,5,2018
post_1987,SCP,2007,126.27206406608902,5,2018
post_1987,SCP,2008,127.92520464107534,5,2018
post_1987,SCP,2009,129.69494198805282,5,2018
post_1987,SCP,2010,131.06365103192562,5,2018
post_1987,SCP,2011,132.25975897004474,5,2018
post_1987,SCP,2012,132.25159324184972,5,2018
post_1987,SCP,2013,132.99881737429243,5,2018
post_1987,SCP,2014,132.25452342384247,5,2018
post_1987,SCP,2015,131.1351639565072,5,2018
post_1987,SCP,2016,115.63946036662729,5,2018
post_1987,SCP,2017,112.68807103812254,5,2018
post_1987,SCP,2018,114.89845099019615,5,2018
thai_dof,ANC,1971,108.50073009189109,0,2023
thai_dof,ANC,1972,108.50073009189109,0,2023
thai_dof,ANC,1973,108.50073009189109,0,2023
thai_dof,ANC,1974,108.50073009189109,0,2023
thai_dof,ANC,1975,108.50073009189109,0,2023
thai_dof,ANC,1976,108.50073009189109,0,2023
thai_dof,ANC,1977,108.50073009189109,0,2023
thai_dof,ANC,1978,108.50073009189109,0,2023
thai_dof,ANC,1979,108.50073009189109,0,2023
thai_dof,ANC,1980,108.50073009189109,0,2023
thai_dof,ANC,1981,108.50073009189109,0,2023
thai_dof,ANC,1982,108.50073009189109,0,2023
thai_dof,ANC,1983,108.50073009189109,0,2023
thai_dof,ANC,1984,108.50073009189109,0,2023
thai_dof,ANC,1985,108.50073009189109,0,2023
thai_dof,ANC,1986,108.50073009189109,0,2023
thai_dof,ANC,1987,108.50073009189109,0,2023
thai_dof,ANC,1988,108.50073009189109,0,2023
thai_dof,ANC,1989,108.50073009189109,0,2023
thai_dof,ANC,1990,108.50073009189109,0,2023
thai_dof,ANC,1991,108.50073009189109,0,2023
thai_dof,ANC,1992,108.50073009189109,0,2023
thai_dof,ANC,1993,108.50073009189109,0,2023
thai_dof,ANC,1994,108.50073009189109,0,2023
thai_dof,ANC,1995,108.50073009189109,0,2023
thai_dof,ANC,1996,108.50073009189109,0,2023
thai_dof,ANC,1997,106.19063847894573,0,2023
thai_dof,ANC,1998,106.3129407759501,0,2023
thai_dof,ANC,1999,107.45725315434446,0,2023
thai_dof,ANC,2000,107.58094636814104,0,2023
thai_dof,ANC,2001,109.70984284483328,0,2023
thai_dof,ANC,2002,107.42037268664419,0,2023
thai_dof,ANC,2003,105.56460508701414,0,2023
thai_dof,ANC,2004,105.10828373486933,0,2023
thai_dof,ANC,2005,102.92468959248492,0,2023
thai_dof,ANC,2006,98.58200197928215,0,2023
thai_dof,ANC,2007,94.04561464180166,0,2023
thai_dof,ANC,2008,90.07494698645677,0,2023
thai_dof,ANC,2009,79.70261964183159,0,2023
thai_dof,ANC,2010,75.93711925666506,0,2023
thai_dof,ANC,2011,77.47627463215657,0,2023
thai_dof,ANC,2012,74.91027377327588,0,2023
thai_dof,ANC,2013,88.89872169273899,0,2023
thai_dof,ANC,2014,113.30969390319338,0,2023
thai_dof,ANC,2015,133.47442803122695,0,2023
thai_dof,ANC,2016,152.6129424483613,0,2023
thai_dof,ANC,2017,148.0265369113576,0,2023
thai_dof,ANC,2018,164.7698818080232,0,2023
thai_dof,ANC,2019,187.8989204153205,0,2023
thai_dof,ANC,2020,203.53431586953306,0,2023
thai_dof,ANC,2021,232.96327132543786,0,2023
thai_dof,ANC,2022,255.18930630085902,0,2023
thai_dof,ANC,2023,265.39714512133537,0,2023
thai_dof,CMA,1971,466.8034366125489,0,2023
thai_dof,CMA,1972,463.05980250511453,0,2023
thai_dof,CMA,1973,459.3528844710538,0,2023
thai_dof,CMA,1974,454.0983907797495,0,2023
thai_dof,CMA,1975,445.8979843852925,0,2023
thai_dof,CMA,1976,433.9824406096902,0,2023
thai_dof,CMA,1977,419.57979378248785,0,2023
thai_dof,CMA,1978,399.68569641760644,0,2023
thai_dof,CMA,1979,387.65176393115,0,2023
thai_dof,CMA,1980,374.46570099348503,0,2023
thai_dof,CMA,1981,364.86072684140044,0,2023
thai_dof,CMA,1982,354.32347518306767,0,2023
thai_dof,CMA,1983,345.0660341991565,0,2023
thai_dof,CMA,1984,336.439585895523,0,2023
thai_dof,CMA,1985,322.96942826302745,0,2023
thai_dof,CMA,1986,314.73684475054506,0,2023
thai_dof,CMA,1987,301.1847261006737,0,2023
thai_dof,CMA,1988,289.38096081676406,0,2023
thai_dof,CMA,1989,271.3706427559047,0,2023
thai_dof,CMA,1990,262.80036257438564,0,2023
thai_dof,CMA,1991,246.54461124477996,0,2023
thai_dof,CMA,1992,245.69032880617377,0,2023
thai_dof,CMA,1993,241.7424485224946,0,2023
thai_dof,CMA,1994,236.41131232753398,0,2023
thai_dof,CMA,1995,231.26548576224133,0,2023
thai_dof,CMA,1996,224.16687909040172,0,2023
thai_dof,CMA,1997,222.20761819531842,0,2023
thai_dof,CMA,1998,220.49725813630238,0,2023
thai_dof,CMA,1999,216.828288339385,0,2023
thai_dof,CMA,2000,210.6971657713218,0,2023
thai_dof,CMA,2001,209.5278856882214,0,2023
thai_dof,CMA,2002,207.9047465024762,0,2023
thai_dof,CMA,2003,203.75658340301146,0,2023
thai_dof,CMA,2004,196.35952635315098,0,2023
thai_dof,CMA,2005,189.22083154994394,0,2023
thai_dof,CMA,2006,183.19312722292494,0,2023
thai_dof,CMA,2007,179.49984937513264,0,2023
thai_dof,CMA,2008,176.3077945385398,0,2023
thai_dof,CMA,2009,172.4490947670684,0,2023
thai_dof,CMA,2010,168.0414070455242,0,2023
thai_dof,CMA,2011,161.85886698179547,0,2023
thai_dof,CMA,2012,156.5980769132683,0,2023
thai_dof,CMA,2013,152.53725471669557,0,2023
thai_dof,CMA,2014,147.79363499911994,0,2023
thai_dof,CMA,2015,142.32206950436583,0,2023
thai_dof,CMA,2016,125.13181229326617,0,2023
thai_dof,CMA,2017,114.5277195662274,0,2023
thai_dof,CMA,2018,104.03653811735344,0,2023
thai_dof,CMA,2019,97.59957015003401,0,2023
thai_dof,CMA,2020,89.71399560899253,0,2023
thai_dof,CMA,2021,86.54342326949569,0,2023
thai_dof,CMA,2022,83.68754153909772,0,2023
thai_dof,CMA,2023,82.34533574846941,0,2023
thai_dof,DMF,1971,421.1749437586563,0,2023
thai_dof,DMF,1972,429.09513885866846,0,2023
thai_dof,DMF,1973,421.4498157834486,0,2023
thai_dof,DMF,1974,399.4874671863618,0,2023
thai_dof,DMF,1975,393.2688839261615,0,2023
thai_dof,DMF,1976,388.06688186355353,0,2023
thai_dof,DMF,1977,373.3757520443479,0,2023
thai_dof,DMF,1978,349.1299479500161,0,2023
thai_dof,DMF,1979,331.66013891451774,0,2023
thai_dof,DMF,1980,316.2985717359209,0,2023
thai_dof,DMF,1981,307.6020187606456,0,2023
thai_dof,DMF,1982,298.092875182611,0,2023
thai_dof,DMF,1983,291.392574538067,0,2023
thai_dof,DMF,1984,280.944727231411,0,2023
thai_dof,DMF,1985,275.51876895646126,0,2023
thai_dof,DMF,1986,267.40689149792854,0,2023
thai_dof,DMF,1987,250.56229898641965,0,2023
thai_dof,DMF,1988,233.5456993208804,0,2023
thai_dof,DMF,1989,221.7099472664054,0,2023
thai_dof,DMF,1990,213.8070872976481,0,2023
thai_dof,DMF,1991,205.22050237256255,0,2023
thai_dof,DMF,1992,202.0534734876457,0,2023
thai_dof,DMF,1993,201.8641699062738,0,2023
thai_dof,DMF,1994,198.84816004044737,0,2023
thai_dof,DMF,1995,191.45391294628953,0,2023
thai_dof,DMF,1996,183.67293319207346,0,2023
thai_dof,DMF,1997,179.16843987265173,0,2023
thai_dof,DMF,1998,174.06414420378664,0,2023
thai_dof,DMF,1999,162.97206529703863,0,2023
thai_dof,DMF,2000,157.41650057045862,0,2023
thai_dof,DMF,2001,154.84453684475713,0,2023
thai_dof,DMF,2002,154.1117258593546,0,2023
thai_dof,DMF,2003,153.74610465026245,0,2023
thai_dof,DMF,2004,151.21328573415022,0,2023
thai_dof,DMF,2005,153.56778194406846,0,2023
thai_dof,DMF,2006,156.05429166360585,0,2023
thai_dof,DMF,2007,160.55755515343185,0,2023
thai_dof,DMF,2008,168.56497819546607,0,2023
thai_dof,DMF,2009,175.1717170982468,0,2023
thai_dof,DMF,2010,177.96683297978998,0,2023
thai_dof,DMF,2011,175.52602984831222,0,2023
thai_dof,DMF,2012,179.06652340050374,0,2023
thai_dof,DMF,2013,189.7640886007339,0,2023
thai_dof,DMF,2014,194.57644772120634,0,2023
thai_dof,DMF,2015,199.63948761402241,0,2023
thai_dof,DMF,2016,202.28317919128276,0,2023
thai_dof,DMF,2017,203.55476254231695,0,2023
thai_dof,DMF,2018,196.336783099788,0,2023
thai_dof,DMF,2019,188.89717175182014,0,2023
thai_dof,DMF,2020,179.09923051616036,0,2023
thai_dof,DMF,2021,179.58252973626716,0,2023
thai_dof,DMF,2022,181.3603712108458,0,2023
thai_dof,DMF,2023,184.87029245835882,0,2023
thai_dof,LPF,1971,501.6863541767254,0,2023
thai_dof,LPF,1972,501.6863541767254,0,2023
thai_dof,LPF,1973,501.6863541767254,0,2023
thai_dof,LPF,1974,501.6863541767254,0,2023
thai_dof,LPF,1975,501.6863541767254,0,2023
thai_dof,LPF,1976,501.6863541767254,0,2023
thai_dof,LPF,1977,501.6863541767254,0,2023
thai_dof,LPF,1978,501.6863541767254,0,2023
thai_dof,LPF,1979,501.6863541767254,0,2023
thai_dof,LPF,1980,501.6863541767254,0,2023
thai_dof,LPF,1981,501.6863541767254,0,2023
thai_dof,LPF,1982,501.6863541767254,0,2023
thai_dof,LPF,1983,501.6863541767254,0,2023
thai_dof,LPF,1984,501.6863541767254,0,2023
thai_dof,LPF,1985,501.6863541767254,0,2023
thai_dof,LPF,1986,501.6863541767254,0,2023
thai_dof,LPF,1987,501.6863541767254,0,2023
thai_dof,LPF,1988,501.6863541767254,0,2023
thai_dof,LPF,1989,501.6863541767254,0,2023
thai_dof,LPF,1990,501.6863541767254,0,2023
thai_dof,LPF,1991,501.6863541767254,0,2023
thai_dof,LPF,1992,501.6863541767254,0,2023
thai_dof,LPF,1993,501.6863541767254,0,2023
thai_dof,LPF,1994,501.6863541767254,0,2023
thai_dof,LPF,1995,501.6863541767254,0,2023
thai_dof,LPF,1996,501.6863541767254,0,2023
thai_dof,LPF,1997,501.6863541767254,0,2023
thai_dof,LPF,1998,501.6863541767254,0,2023
thai_dof,LPF,1999,501.6863541767254,0,2023
thai_dof,LPF,2000,501.6863541767254,0,2023
thai_dof,LPF,2001,501.6863541767254,0,2023
thai_dof,LPF,2002,488.35837834003536,0,2023
thai_dof,LPF,2003,475.4447420200745,0,2023
thai_dof,LPF,2004,462.2847544811611,0,2023
thai_dof,LPF,2005,451.8267635196544,0,2023
thai_dof,LPF,2006,445.9225336350425,0,2023
thai_dof,LPF,2007,442.9698785600905,0,2023
thai_dof,LPF,2008,440.0711615486653,0,2023
thai_dof,LPF,2009,437.13867798332546,0,2023
thai_dof,LPF,2010,432.9244574658171,0,2023
thai_dof,LPF,2011,428.11365865699116,0,2023
thai_dof,LPF,2012,423.9525879229849,0,2023
thai_dof,LPF,2013,422.64801049736786,0,2023
thai_dof,LPF,2014,417.3418650886819,0,2023
thai_dof,LPF,2015,412.93455520196255,0,2023
thai_dof,LPF,2016,389.07988979317736,0,2023
thai_dof,LPF,2017,376.7139201063644,0,2023
thai_dof,LPF,2018,365.9612557103477,0,2023
thai_dof,LPF,2019,361.47381191823615,0,2023
thai_dof,LPF,2020,352.4446797149433,0,2023
thai_dof,LPF,2021,341.90442557186503,0,2023
thai_dof,LPF,2022,338.90319699138985,0,2023
thai_dof,LPF,2023,344.06601297888227,0,2023
thai_dof,MPF,1971,794.1858583738001,0,2023
thai_dof,MPF,1972,794.1858583738001,0,2023
thai_dof,MPF,1973,794.1858583738001,0,2023
thai_dof,MPF,1974,794.1858583738001,0,2023
thai_dof,MPF,1975,794.1858583738001,0,2023
thai_dof,MPF,1976,794.1858583738001,0,2023
thai_dof,MPF,1977,794.1858583738001,0,2023
thai_dof,MPF,1978,794.1858583738001,0,2023
thai_dof,MPF,1979,794.1858583738001,0,2023
thai_dof,MPF,1980,794.1858583738001,0,2023
thai_dof,MPF,1981,794.1858583738001,0,2023
thai_dof,MPF,1982,794.1858583738001,0,2023
thai_dof,MPF,1983,794.1858583738001,0,2023
thai_dof,MPF,1984,794.1858583738001,0,2023
thai_dof,MPF,1985,794.1858583738001,0,2023
thai_dof,MPF,1986,794.1858583738001,0,2023
thai_dof,MPF,1987,794.1858583738001,0,2023
thai_dof,MPF,1988,794.1858583738001,0,2023
thai_dof,MPF,1989,794.1858583738001,0,2023
thai_dof,MPF,1990,794.1858583738001,0,2023
thai_dof,MPF,1991,794.1858583738001,0,2023
thai_dof,MPF,1992,794.1858583738001,0,2023
thai_dof,MPF,1993,794.1858583738001,0,2023
thai_dof,MPF,1994,794.1858583738001,0,2023
thai_dof,MPF,1995,794.1858583738001,0,2023
thai_dof,MPF,1996,794.1858583738001,0,2023
thai_dof,MPF,1997,794.1858583738001,0,2023
thai_dof,MPF,1998,794.1858583738001,0,2023
thai_dof,MPF,1999,794.1858583738001,0,2023
thai_dof,MPF,2000,794.1858583738001,0,2023
thai_dof,MPF,2001,794.1858583738001,0,2023
thai_dof,MPF,2002,719.4585545559564,0,2023
thai_dof,MPF,2003,646.4030714485561,0,2023
thai_dof,MPF,2004,579.0853734045304,0,2023
thai_dof,MPF,2005,519.7932377301728,0,2023
thai_dof,MPF,2006,478.9444019265911,0,2023
thai_dof,MPF,2007,452.3557549993866,0,2023
thai_dof,MPF,2008,430.58799630897875,0,2023
thai_dof,MPF,2009,410.64664510983425,0,2023
thai_dof,MPF,2010,388.56905608985124,0,2023
thai_dof,MPF,2011,369.73599702092696,0,2023
thai_dof,MPF,2012,353.6199317446887,0,2023
thai_dof,MPF,2013,343.5591942451088,0,2023
thai_dof,MPF,2014,331.3870526389162,0,2023
thai_dof,MPF,2015,318.34828012574604,0,2023
thai_dof,MPF,2016,286.39902399568865,0,2023
thai_dof,MPF,2017,264.980796288219,0,2023
thai_dof,MPF,2018,248.34984653380965,0,2023
thai_dof,MPF,2019,238.3812749321998,0,2023
thai_dof,MPF,2020,227.49860856546437,0,2023
thai_dof,MPF,2021,227.4896718146999,0,2023
thai_dof,MPF,2022,228.03142699877992,0,2023
thai_dof,MPF,2023,228.54436189455663,0,2023
thai_dof,NTU,1971,191.32795116367518,0,2023
thai_dof,NTU,1972,191.32795116367518,0,2023
thai_dof,NTU,1973,191.32795116367518,0,2023
thai_dof,NTU,1974,191.32795116367518,0,2023
thai_dof,NTU,1975,191.32795116367518,0,2023
thai_dof,NTU,1976,191.32795116367518,0,2023
thai_dof,NTU,1977,191.32795116367518,0,2023
thai_dof,NTU,1978,191.32795116367518,0,2023
thai_dof,NTU,1979,191.32795116367518,0,2023
thai_dof,NTU,1980,191.32795116367518,0,2023
thai_dof,NTU,1981,191.32795116367518,0,2023
thai_dof,NTU,1982,191.32795116367518,0,2023
thai_dof,NTU,1983,191.32795116367518,0,2023
thai_dof,NTU,1984,191.32795116367518,0,2023
thai_dof,NTU,1985,191.32795116367518,0,2023
thai_dof,NTU,1986,191.32795116367518,0,2023
thai_dof,NTU,1987,191.32795116367518,0,2023
thai_dof,NTU,1988,191.32795116367518,0,2023
thai_dof,NTU,1989,191.32795116367518,0,2023
thai_dof,NTU,1990,191.32795116367518,0,2023
thai_dof,NTU,1991,191.32795116367518,0,2023
thai_dof,NTU,1992,191.32795116367518,0,2023
thai_dof,NTU,1993,191.32795116367518,0,2023
thai_dof,NTU,1994,191.32795116367518,0,2023
thai_dof,NTU,1995,191.32795116367518,0,2023
thai_dof,NTU,1996,191.32795116367518,0,2023
thai_dof,NTU,1997,191.32795116367518,0,2023
thai_dof,NTU,1998,191.32795116367518,0,2023
thai_dof,NTU,1999,191.32795116367518,0,2023
thai_dof,NTU,2000,191.32795116367518,0,2023
thai_dof,NTU,2001,191.32795116367518,0,2023
thai_dof,NTU,2002,199.1135040718893,0,2023
thai_dof,NTU,2003,203.58882077660405,0,2023
thai_dof,NTU,2004,207.1915728658381,0,2023
thai_dof,NTU,2005,209.45365530365794,0,2023
thai_dof,NTU,2006,214.56001749562512,0,2023
thai_dof,NTU,2007,221.2921343208018,0,2023
thai_dof,NTU,2008,228.26631491013745,0,2023
thai_dof,NTU,2009,234.60154678596817,0,2023
thai_dof,NTU,2010,240.85061048701806,0,2023
thai_dof,NTU,2011,245.69852315317797,0,2023
thai_dof,NTU,2012,250.6428761856711,0,2023
thai_dof,NTU,2013,255.99636091056294,0,2023
thai_dof,NTU,2014,259.4136871368819,0,2023
thai_dof,NTU,2015,261.0004853750792,0,2023
thai_dof,NTU,2016,246.10827876189782,0,2023
thai_dof,NTU,2017,240.9015925797494,0,2023
thai_dof,NTU,2018,241.3014418169294,0,2023
thai_dof,NTU,2019,241.73678468765107,0,2023
thai_dof,NTU,2020,241.39330636038156,0,2023
thai_dof,NTU,2021,244.5893522742457,0,2023
thai_dof,NTU,2022,248.99373346140206,0,2023
thai_dof,NTU,2023,252.04731340429134,0,2023
thai_dof,SAR,1971,214.99583712001214,0,2023
thai_dof,SAR,1972,214.99583712001214,0,2023
thai_dof,SAR,1973,248.1017352533012,0,2023
thai_dof,SAR,1974,242.32743786107213,0,2023
thai_dof,SAR,1975,230.1691459303826,0,2023
thai_dof,SAR,1976,211.7942665844616,0,2023
thai_dof,SAR,1977,198.3491294489664,0,2023
thai_dof,SAR,1978,177.75410221523796,0,2023
thai_dof,SAR,1979,189.1112610136717,0,2023
thai_dof,SAR,1980,178.45944222909444,0,2023
thai_dof,SAR,1981,176.37608428104005,0,2023
thai_dof,SAR,1982,164.02898438933505,0,2023
thai_dof,SAR,1983,160.189636193962,0,2023
thai_dof,SAR,1984,151.05048945945745,0,2023
thai_dof,SAR,1985,131.9867761372639,0,2023
thai_dof,SAR,1986,134.3746287689047,0,2023
thai_dof,SAR,1987,120.31414686836588,0,2023
thai_dof,SAR,1988,114.09692789473884,0,2023
thai_dof,SAR,1989,98.29915817525352,0,2023
thai_dof,SAR,1990,96.00810396406317,0,2023
thai_dof,SAR,1991,82.06797190875744,0,2023
thai_dof,SAR,1992,94.74599624840364,0,2023
thai_dof,SAR,1993,90.58134055450164,0,2023
thai_dof,SAR,1994,91.55046723629094,0,2023
thai_dof,SAR,1995,90.38523331947061,0,2023
thai_dof,SAR,1996,86.58941086940874,0,2023
thai_dof,SAR,1997,94.1156070368223,0,2023
thai_dof,SAR,1998,95.57250913912843,0,2023
thai_dof,SAR,1999,89.0966488897093,0,2023
thai_dof,SAR,2000,81.7988653698409,0,2023
thai_dof,SAR,2001,81.2246151287618,0,2023
thai_dof,SAR,2002,64.30443159999372,0,2023
thai_dof,SAR,2003,56.49448951604579,0,2023
thai_dof,SAR,2004,47.25667265250306,0,2023
thai_dof,SAR,2005,49.2039247142924,0,2023
thai_dof,SAR,2006,51.811876587004065,0,2023
thai_dof,SAR,2007,57.46439119624666,0,2023
thai_dof,SAR,2008,63.90916788855831,0,2023
thai_dof,SAR,2009,69.79430992212431,0,2023
thai_dof,SAR,2010,75.05239861929446,0,2023
thai_dof,SAR,2011,78.84284951060576,0,2023
thai_dof,SAR,2012,80.1756203494509,0,2023
thai_dof,SAR,2013,83.36982772349434,0,2023
thai_dof,SAR,2014,85.83397242214946,0,2023
thai_dof,SAR,2015,87.55802396063548,0,2023
thai_dof,SAR,2016,90.20503646194241,0,2023
thai_dof,SAR,2017,96.1528651850332,0,2023
thai_dof,SAR,2018,99.12535508091963,0,2023
thai_dof,SAR,2019,102.90413946973413,0,2023
thai_dof,SAR,2020,102.34259501790177,0,2023
thai_dof,SAR,2021,108.94213537704383,0,2023
thai_dof,SAR,2022,111.95304991533791,0,2023
thai_dof,SAR,2023,108.42512641965173,0,2023
thai_dof,SCP,1971,139.13608873820272,0,2023
thai_dof,SCP,1972,139.13608873820272,0,2023
thai_dof,SCP,1973,139.13608873820272,0,2023
thai_dof,SCP,1974,139.13608873820272,0,2023
thai_dof,SCP,1975,139.13608873820272,0,2023
thai_dof,SCP,1976,139.13608873820272,0,2023
thai_dof,SCP,1977,139.13608873820272,0,2023
thai_dof,SCP,1978,139.13608873820272,0,2023
thai_dof,SCP,1979,139.13608873820272,0,2023
thai_dof,SCP,1980,139.13608873820272,0,2023
thai_dof,SCP,1981,139.13608873820272,0,2023
thai_dof,SCP,1982,139.13608873820272,0,2023
thai_dof,SCP,1983,139.13608873820272,0,2023
thai_dof,SCP,1984,139.13608873820272,0,2023
thai_dof,SCP,1985,139.13608873820272,0,2023
thai_dof,SCP,1986,139.13608873820272,0,2023
thai_dof,SCP,1987,139.13608873820272,0,2023
thai_dof,SCP,1988,139.13608873820272,0,2023
thai_dof,SCP,1989,139.13608873820272,0,2023
thai_dof,SCP,1990,139.13608873820272,0,2023
thai_dof,SCP,1991,139.13608873820272,0,2023
thai_dof,SCP,1992,139.13608873820272,0,2023
thai_dof,SCP,1993,139.13608873820272,0,2023
thai_dof,SCP,1994,139.13608873820272,0,2023
thai_dof,SCP,1995,139.13608873820272,0,2023
thai_dof,SCP,1996,139.13608873820272,0,2023
thai_dof,SCP,1997,139.13608873820272,0,2023
thai_dof,SCP,1998,139.13608873820272,0,2023
thai_dof,SCP,1999,139.13608873820272,0,2023
thai_dof,SCP,2000,139.13608873820272,0,2023
thai_dof,SCP,2001,139.13608873820272,0,2023
thai_dof,SCP,2002,147.22404645358117,0,2023
thai_dof,SCP,2003,152.28437687616275,0,2023
thai_dof,SCP,2004,153.12036309537885,0,2023
thai_dof,SCP,2005,153.98662194806926,0,2023
thai_dof,SCP,2006,156.463103782258,0,2023
thai_dof,SCP,2007,159.8039377086073,0,2023
thai_dof,SCP,2008,162.1867459808147,0,2023
thai_dof,SCP,2009,164.33500380880676,0,2023
thai_dof,SCP,2010,165.61440679885357,0,2023
thai_dof,SCP,2011,166.22478782631362,0,2023
thai_dof,SCP,2012,164.79042670898497,0,2023
thai_dof,SCP,2013,163.90145795045572,0,2023
thai_dof,SCP,2014,160.70839505369867,0,2023
thai_dof,SCP,2015,156.71564075973495,0,2023
thai_dof,SCP,2016,133.32051837153185,0,2023
thai_dof,SCP,2017,126.71674260591169,0,2023
thai_dof,SCP,2018,127.09167506831724,0,2023
thai_dof,SCP,2019,127.19152452662567,0,2023
thai_dof,SCP,2020,126.71920609540015,0,2023
thai_dof,SCP,2021,128.34731496705365,0,2023
thai_dof,SCP,2022,131.2219208506588,0,2023
thai_dof,SCP,2023,135.62364975643047,0,2023
thai_dof,ANC,1971,109.48262530339446,1,2022
thai_dof,ANC,1972,109.48262530339446,1,2022
thai_dof,ANC,1973,109.48262530339446,1,2022
thai_dof,ANC,1974,109.48262530339446,1,2022
thai_dof,ANC,1975,109.48262530339446,1,2022
thai_dof,ANC,1976,109.48262530339446,1,2022
thai_dof,ANC,1977,109.48262530339446,1,2022
thai_dof,ANC,1978,109.48262530339446,1,2022
thai_dof,ANC,1979,109.48262530339446,1,2022
thai_dof,ANC,1980,109.48262530339446,1,2022
thai_dof,ANC,1981,109.48262530339446,1,2022
thai_dof,ANC,1982,109.48262530339446,1,2022
thai_dof,ANC,1983,109.48262530339446,1,2022
thai_dof,ANC,1984,109.48262530339446,1,2022
thai_dof,ANC,1985,109.48262530339446,1,2022
thai_dof,ANC,1986,109.48262530339446,1,2022
thai_dof,ANC,1987,109.48262530339446,1,2022
thai_dof,ANC,1988,109.48262530339446,1,2022
thai_dof,ANC,1989,109.48262530339446,1,2022
thai_dof,ANC,1990,109.48262530339446,1,2022
thai_dof,ANC,1991,109.48262530339446,1,2022
thai_dof,ANC,1992,109.48262530339446,1,2022
thai_dof,ANC,1993,109.48262530339446,1,2022
thai_dof,ANC,1994,109.48262530339446,1,2022
thai_dof,ANC,1995,109.48262530339446,1,2022
thai_dof,ANC,1996,109.48262530339446,1,2022
thai_dof,ANC,1997,106.22180849363203,1,2022
thai_dof,ANC,1998,105.72803051072631,1,2022
thai_dof,ANC,1999,106.45450755387536,1,2022
thai_dof,ANC,2000,106.31122897451641,1,2022
thai_dof,ANC,2001,108.27086854087356,1,2022
thai_dof,ANC,2002,105.70515454646174,1,2022
thai_dof,ANC,2003,103.92602392669279,1,2022
thai_dof,ANC,2004,103.68293429978614,1,2022
thai_dof,ANC,2005,101.77650599231123,1,2022
thai_dof,ANC,2006,97.7036114338735,1,2022
thai_dof,ANC,2007,93.41243550978145,1,2022
thai_dof,ANC,2008,89.62949853796182,1,2022
thai_dof,ANC,2009,79.3706889263943,1,2022
thai_dof,ANC,2010,75.63629224341217,1,2022
thai_dof,ANC,2011,77.12834365021,1,2022
thai_dof,ANC,2012,74.44139483127032,1,2022
thai_dof,ANC,2013,88.00069271498077,1,2022
thai_dof,ANC,2014,111.6979232093979,1,2022
thai_dof,ANC,2015,130.98132431066142,1,2022
thai_dof,ANC,2016,149.07574815942792,1,2022
thai_dof,ANC,2017,145.2079930608779,1,2022
thai_dof,ANC,2018,161.16332360403484,1,2022
thai_dof,ANC,2019,182.74821187348007,1,2022
thai_dof,ANC,2020,196.88587610007247,1,2022
thai_dof,ANC,2021,224.44730936635466,1,2022
thai_dof,ANC,2022,245.27806034935946,1,2022
thai_dof,CMA,1971,465.7082701962759,1,2022
thai_dof,CMA,1972,461.957750070404,1,2022
thai_dof,CMA,1973,458.2683696560403,1,2022
thai_dof,CMA,1974,453.0343161935277,1,2022
thai_dof,CMA,1975,444.85931142095126,1,2022
thai_dof,CMA,1976,432.95528827775274,1,2022
thai_dof,CMA,1977,418.5877220670765,1,2022
thai_dof,CMA,1978,398.71488259675965,1,2022
thai_dof,CMA,1979,386.6668145996934,1,2022
thai_dof,CMA,1980,373.47203568340933,1,2022
thai_dof,CMA,1981,363.8654927957446,1,2022
thai_dof,CMA,1982,353.32185397695815,1,2022
thai_dof,CMA,1983,344.0485159190468,1,2022
thai_dof,CMA,1984,335.3970948171888,1,2022
thai_dof,CMA,1985,321.88798872614086,1,2022
thai_dof,CMA,1986,313.6145763849064,1,2022
thai_dof,CMA,1987,300.022245141332,1,2022
thai_dof,CMA,1988,288.1667386470134,1,2022
thai_dof,CMA,1989,270.09856959990015,1,2022
thai_dof,CMA,1990,261.4543128290642,1,2022
thai_dof,CMA,1991,245.12937356928242,1,2022
thai_dof,CMA,1992,244.1754762614484,1,2022
thai_dof,CMA,1993,240.13577908248212,1,2022
thai_dof,CMA,1994,234.71485239048477,1,2022
thai_dof,CMA,1995,229.47169525780706,1,2022
thai_dof,CMA,1996,222.27148481744376,1,2022
thai_dof,CMA,1997,220.17242928977618,1,2022
thai_dof,CMA,1998,218.32665173766648,1,2022
thai_dof,CMA,1999,214.5314466752485,1,2022
thai_dof,CMA,2000,208.27941516244346,1,2022
thai_dof,CMA,2001,206.95493671613747,1,2022
thai_dof,CMA,2002,205.21769769223656,1,2022
thai_dof,CMA,2003,200.93337113230692,1,2022
thai_dof,CMA,2004,193.3671180712705,1,2022
thai_dof,CMA,2005,186.06335811194765,1,2022
thai_dof,CMA,2006,179.8106540661373,1,2022
thai_dof,CMA,2007,175.88003042547828,1,2022
thai_dof,CMA,2008,172.4594794969392,1,2022
thai_dof,CMA,2009,168.37727424404468,1,2022
thai_dof,CMA,2010,163.7472798864821,1,2022
thai_dof,CMA,2011,157.39550722658356,1,2022
thai_dof,CMA,2012,151.96180965585913,1,2022
thai_dof,CMA,2013,147.7262986234604,1,2022
thai_dof,CMA,2014,142.82577774184048,1,2022
thai_dof,CMA,2015,137.26010479240094,1,2022
thai_dof,CMA,2016,120.26032186894001,1,2022
thai_dof,CMA,2017,109.85098816315255,1,2022
thai_dof,CMA,2018,99.4080646041379,1,2022
thai_dof,CMA,2019,92.89082860678697,1,2022
thai_dof,CMA,2020,84.9816777779141,1,2022
thai_dof,CMA,2021,81.55218686187496,1,2022
thai_dof,CMA,2022,78.46637849733834,1,2022
thai_dof,DMF,1971,420.5361492685548,1,2022
thai_dof,DMF,1972,428.77571867029184,1,2022
thai_dof,DMF,1973,421.3332580279874,1,2022
thai_dof,DMF,1974,399.4280210911286,1,2022
thai_dof,DMF,1975,393.23999825479706,1,2022
thai_dof,DMF,1976,388.07791384893363,1,2022
thai_dof,DMF,1977,373.31713950614284,1,2022
thai_dof,DMF,1978,348.9201982756607,1,2022
thai_dof,DMF,1979,331.32011391353075,1,2022
thai_dof,DMF,1980,315.82039881623905,1,2022
thai_dof,DMF,1981,307.01209530447557,1,2022
thai_dof,DMF,1982,297.3993856417144,1,2022
thai_dof,DMF,1983,290.604252182681,1,2022
thai_dof,DMF,1984,280.05599052112285,1,2022
thai_dof,DMF,1985,274.5435755157892,1,2022
thai_dof,DMF,1986,266.35426462763644,1,2022
thai_dof,DMF,1987,249.42432811772443,1,2022
thai_dof,DMF,1988,232.3212653242029,1,2022
thai_dof,DMF,1989,220.39899194069952,1,2022
thai_dof,DMF,1990,212.42144005785215,1,2022
thai_dof,DMF,1991,203.775619134659,1,2022
thai_dof,DMF,1992,200.55221581062142,1,2022
thai_dof,DMF,1993,200.30790604600014,1,2022
thai_dof,DMF,1994,197.26062095424015,1,2022
thai_dof,DMF,1995,189.86130152740182,1,2022
thai_dof,DMF,1996,182.08217018621795,1,2022
thai_dof,DMF,1997,177.55386105786602,1,2022
thai_dof,DMF,1998,172.4487163690137,1,2022
thai_dof,DMF,1999,161.38980717428655,1,2022
thai_dof,DMF,2000,155.8442784987762,1,2022
thai_dof,DMF,2001,153.26718753990116,1,2022
thai_dof,DMF,2002,153.38047351731137,1,2022
thai_dof,DMF,2003,153.49738930032714,1,2022
thai_dof,DMF,2004,151.2654472586861,1,2022
thai_dof,DMF,2005,153.84004377023538,1,2022
thai_dof,DMF,2006,156.48481838434594,1,2022
thai_dof,DMF,2007,161.11235724286487,1,2022
thai_dof,DMF,2008,169.22751888331214,1,2022
thai_dof,DMF,2009,175.94860382119117,1,2022
thai_dof,DMF,2010,178.86753374315055,1,2022
thai_dof,DMF,2011,176.57651363844823,1,2022
thai_dof,DMF,2012,180.37279064701946,1,2022
thai_dof,DMF,2013,191.37145870669946,1,2022
thai_dof,DMF,2014,196.45948621129992,1,2022
thai_dof,DMF,2015,201.88620283970454,1,2022
thai_dof,DMF,2016,204.96009495013453,1,2022
thai_dof,DMF,2017,206.98742515806015,1,2022
thai_dof,DMF,2018,200.39967729998108,1,2022
thai_dof,DMF,2019,193.3759230029412,1,2022
thai_dof,DMF,2020,183.88286239737542,1,2022
thai_dof,DMF,2021,184.73258516115172,1,2022
thai_dof,DMF,2022,186.96937729628814,1,2022
thai_dof,LPF,1971,328.37829147470586,1,2022
thai_dof,LPF,1972,328.37829147470586,1,2022
thai_dof,LPF,1973,328.37829147470586,1,2022
thai_dof,LPF,1974,328.37829147470586,1,2022
thai_dof,LPF,1975,328.37829147470586,1,2022
thai_dof,LPF,1976,328.37829147470586,1,2022
thai_dof,LPF,1977,328.37829147470586,1,2022
thai_dof,LPF,1978,328.37829147470586,1,2022
thai_dof,LPF,1979,328.37829147470586,1,2022
thai_dof,LPF,1980,328.37829147470586,1,2022
thai_dof,LPF,1981,328.37829147470586,1,2022
thai_dof,LPF,1982,328.37829147470586,1,2022
thai_dof,LPF,1983,328.37829147470586,1,2022
thai_dof,LPF,1984,328.37829147470586,1,2022
thai_dof,LPF,1985,328.37829147470586,1,2022
thai_dof,LPF,1986,328.37829147470586,1,2022
thai_dof,LPF,1987,328.37829147470586,1,2022
thai_dof,LPF,1988,328.37829147470586,1,2022
thai_dof,LPF,1989,328.37829147470586,1,2022
thai_dof,LPF,1990,328.37829147470586,1,2022
thai_dof,LPF,1991,328.37829147470586,1,2022
thai_dof,LPF,1992,328.37829147470586,1,2022
thai_dof,LPF,1993,328.37829147470586,1,2022
thai_dof,LPF,1994,328.37829147470586,1,2022
thai_dof,LPF,1995,328.37829147470586,1,2022
thai_dof,LPF,1996,328.37829147470586,1,2022
thai_dof,LPF,1997,328.37829147470586,1,2022
thai_dof,LPF,1998,328.37829147470586,1,2022
thai_dof,LPF,1999,328.37829147470586,1,2022
thai_dof,LPF,2000,328.37829147470586,1,2022
thai_dof,LPF,2001,328.37829147470586,1,2022
thai_dof,LPF,2002,333.6475599610972,1,2022
thai_dof,LPF,2003,333.3191887337417,1,2022
thai_dof,LPF,2004,329.5621428978091,1,2022
thai_dof,LPF,2005,326.52745629198,1,2022
thai_dof,LPF,2006,326.2211806814575,1,2022
thai_dof,LPF,2007,326.9489172389578,1,2022
thai_dof,LPF,2008,326.20073049021545,1,2022
thai_dof,LPF,2009,324.5689000305742,1,2022
thai_dof,LPF,2010,321.2208992670243,1,2022
thai_dof,LPF,2011,317.3352517344674,1,2022
thai_dof,LPF,2012,314.25783738353715,1,2022
thai_dof,LPF,2013,313.9532643832136,1,2022
thai_dof,LPF,2014,308.66859013317287,1,2022
thai_dof,LPF,2015,304.83092840129984,1,2022
thai_dof,LPF,2016,280.17019548971274,1,2022
thai_dof,LPF,2017,273.18580693554156,1,2022
thai_dof,LPF,2018,268.11730341192055,1,2022
thai_dof,LPF,2019,268.59161657281646,1,2022
thai_dof,LPF,2020,262.773181814339,1,2022
thai_dof,LPF,2021,255.8732802235561,1,2022
thai_dof,LPF,2022,257.11374230924775,1,2022
thai_dof,MPF,1971,805.9233675568,1,2022
thai_dof,MPF,1972,805.9233675568,1,2022
thai_dof,MPF,1973,805.9233675568,1,2022
thai_dof,MPF,1974,805.9233675568,1,2022
thai_dof,MPF,1975,805.9233675568,1,2022
thai_dof,MPF,1976,805.9233675568,1,2022
thai_dof,MPF,1977,805.9233675568,1,2022
thai_dof,MPF,1978,805.9233675568,1,2022
thai_dof,MPF,1979,805.9233675568,1,2022
thai_dof,MPF,1980,805.9233675568,1,2022
thai_dof,MPF,1981,805.9233675568,1,2022
thai_dof,MPF,1982,805.9233675568,1,2022
thai_dof,MPF,1983,805.9233675568,1,2022
thai_dof,MPF,1984,805.9233675568,1,2022
thai_dof,MPF,1985,805.9233675568,1,2022
thai_dof,MPF,1986,805.9233675568,1,2022
thai_dof,MPF,1987,805.9233675568,1,2022
thai_dof,MPF,1988,805.9233675568,1,2022
thai_dof,MPF,1989,805.9233675568,1,2022
thai_dof,MPF,1990,805.9233675568,1,2022
thai_dof,MPF,1991,805.9233675568,1,2022
thai_dof,MPF,1992,805.9233675568,1,2022
thai_dof,MPF,1993,805.9233675568,1,2022
thai_dof,MPF,1994,805.9233675568,1,2022
thai_dof,MPF,1995,805.9233675568,1,2022
thai_dof,MPF,1996,805.9233675568,1,2022
thai_dof,MPF,1997,805.9233675568,1,2022
thai_dof,MPF,1998,805.9233675568,1,2022
thai_dof,MPF,1999,805.9233675568,1,2022
thai_dof,MPF,2000,805.9233675568,1,2022
thai_dof,MPF,2001,805.9233675568,1,2022
thai_dof,MPF,2002,731.7508020715572,1,2022
thai_dof,MPF,2003,658.7291246678353,1,2022
thai_dof,MPF,2004,591.0658369022952,1,2022
thai_dof,MPF,2005,531.1607373919554,1,2022
thai_dof,MPF,2006,489.52833465432525,1,2022
thai_dof,MPF,2007,462.11008708609387,1,2022
thai_dof,MPF,2008,439.5167398463552,1,2022
thai_dof,MPF,2009,418.7508740427238,1,2022
thai_dof,MPF,2010,395.86038430129486,1,2022
thai_dof,MPF,2011,376.2515048252466,1,2022
thai_dof,MPF,2012,359.29887502469944,1,2022
thai_dof,MPF,2013,348.35457707655553,1,2022
thai_dof,MPF,2014,335.30451943425265,1,2022
thai_dof,MPF,2015,321.4397074286264,1,2022
thai_dof,MPF,2016,288.51011808506854,1,2022
thai_dof,MPF,2017,266.67831494082446,1,2022
thai_dof,MPF,2018,250.0248431479022,1,2022
thai_dof,MPF,2019,239.82536598157853,1,2022
thai_dof,MPF,2020,228.7689686485637,1,2022
thai_dof,MPF,2021,228.22401239222077,1,2022
thai_dof,MPF,2022,228.347148356511,1,2022
thai_dof,NTU,1971,180.13136969598784,1,2022
thai_dof,NTU,1972,180.13136969598784,1,2022
thai_dof,NTU,1973,180.13136969598784,1,2022
thai_dof,NTU,1974,180.13136969598784,1,2022
thai_dof,NTU,1975,180.13136969598784,1,2022
thai_dof,NTU,1976,180.13136969598784,1,2022
thai_dof,NTU,1977,180.13136969598784,1,2022
thai_dof,NTU,1978,180.13136969598784,1,2022
thai_dof,NTU,1979,180.13136969598784,1,2022
thai_dof,NTU,1980,180.13136969598784,1,2022
thai_dof,NTU,1981,180.13136969598784,1,2022
thai_dof,NTU,1982,180.13136969598784,1,2022
thai_dof,NTU,1983,180.13136969598784,1,2022
thai_dof,NTU,1984,180.13136969598784,1,2022
thai_dof,NTU,1985,180.13136969598784,1,2022
thai_dof,NTU,1986,180.13136969598784,1,2022
thai_dof,NTU,1987,180.13136969598784,1,2022
thai_dof,NTU,1988,180.13136969598784,1,2022
thai_dof,NTU,1989,180.13136969598784,1,2022
thai_dof,NTU,1990,180.13136969598784,1,2022
thai_dof,NTU,1991,180.13136969598784,1,2022
thai_dof,NTU,1992,180.13136969598784,1,2022
thai_dof,NTU,1993,180.13136969598784,1,2022
thai_dof,NTU,1994,180.13136969598784,1,2022
thai_dof,NTU,1995,180.13136969598784,1,2022
thai_dof,NTU,1996,180.13136969598784,1,2022
thai_dof,NTU,1997,180.13136969598784,1,2022
thai_dof,NTU,1998,180.13136969598784,1,2022
thai_dof,NTU,1999,180.13136969598784,1,2022
thai_dof,NTU,2000,180.13136969598784,1,2022
thai_dof,NTU,2001,180.13136969598784,1,2022
thai_dof,NTU,2002,187.04782703226843,1,2022
thai_dof,NTU,2003,190.60886696757876,1,2022
thai_dof,NTU,2004,193.35486566868454,1,2022
thai_dof,NTU,2005,194.832242854877,1,2022
thai_dof,NTU,2006,199.25684486733513,1,2022
thai_dof,NTU,2007,205.3689263707576,1,2022
thai_dof,NTU,2008,211.77810360095927,1,2022
thai_dof,NTU,2009,217.60784933179906,1,2022
thai_dof,NTU,2010,223.42281162804252,1,2022
thai_dof,NTU,2011,227.93829646542838,1,2022
thai_dof,NTU,2012,232.62142888757748,1,2022
thai_dof,NTU,2013,237.78472032300922,1,2022
thai_dof,NTU,2014,241.14894083029765,1,2022
thai_dof,NTU,2015,242.83612549002044,1,2022
thai_dof,NTU,2016,228.7081845066268,1,2022
thai_dof,NTU,2017,224.0730635127769,1,2022
thai_dof,NTU,2018,224.9106405209093,1,2022
thai_dof,NTU,2019,225.83360649548158,1,2022
thai_dof,NTU,2020,226.13767411728347,1,2022
thai_dof,NTU,2021,229.89555842074657,1,2022
thai_dof,NTU,2022,234.8938613050104,1,2022
thai_dof,SAR,1971,219.4394373624102,1,2022
thai_dof,SAR,1972,219.4394373624102,1,2022
thai_dof,SAR,1973,253.51336024968586,1,2022
thai_dof,SAR,1974,247.62636262803306,1,2022
thai_dof,SAR,1975,234.94150277640867,1,2022
thai_dof,SAR,1976,215.7567555582332,1,2022
thai_dof,SAR,1977,201.7628633912767,1,2022
thai_dof,SAR,1978,180.4352973470358,1,2022
thai_dof,SAR,1979,191.96407685808822,1,2022
thai_dof,SAR,1980,181.07010856609745,1,2022
thai_dof,SAR,1981,178.74563716028484,1,2022
thai_dof,SAR,1982,165.9923736193927,1,2022
thai_dof,SAR,1983,161.900243359686,1,2022
thai_dof,SAR,1984,152.53730969647643,1,2022
thai_dof,SAR,1985,133.13909086000626,1,2022
thai_dof,SAR,1986,135.32382720071942,1,2022
thai_dof,SAR,1987,121.19949398640752,1,2022
thai_dof,SAR,1988,114.89615446799418,1,2022
thai_dof,SAR,1989,99.39290530728361,1,2022
thai_dof,SAR,1990,96.95080328113102,1,2022
thai_dof,SAR,1991,83.36264422764853,1,2022
thai_dof,SAR,1992,95.76093350506054,1,2022
thai_dof,SAR,1993,91.52231573802503,1,2022
thai_dof,SAR,1994,92.52026613160992,1,2022
thai_dof,SAR,1995,91.46267914378059,1,2022
thai_dof,SAR,1996,87.92568381832126,1,2022
thai_dof,SAR,1997,95.13866980498217,1,2022
thai_dof,SAR,1998,96.49534417943904,1,2022
thai_dof,SAR,1999,90.3126873713262,1,2022
thai_dof,SAR,2000,83.63479473133262,1,2022
thai_dof,SAR,2001,83.12914945418575,1,2022
thai_dof,SAR,2002,66.04658616539449,1,2022
thai_dof,SAR,2003,57.655178937470616,1,2022
thai_dof,SAR,2004,47.979051932076054,1,2022
thai_dof,SAR,2005,49.623705543506716,1,2022
thai_dof,SAR,2006,51.98809007071492,1,2022
thai_dof,SAR,2007,57.36675979636752,1,2022
thai_dof,SAR,2008,63.52216864781215,1,2022
thai_dof,SAR,2009,69.25864114665588,1,2022
thai_dof,SAR,2010,74.59871976340767,1,2022
thai_dof,SAR,2011,78.78432962604204,1,2022
thai_dof,SAR,2012,80.73098007874837,1,2022
thai_dof,SAR,2013,84.56601503667935,1,2022
thai_dof,SAR,2014,87.50357133507887,1,2022
thai_dof,SAR,2015,89.94701847332051,1,2022
thai_dof,SAR,2016,93.33512987490424,1,2022
thai_dof,SAR,2017,101.80489498895521,1,2022
thai_dof,SAR,2018,106.34313535714396,1,2022
thai_dof,SAR,2019,110.77507129120372,1,2022
thai_dof,SAR,2020,109.88069393881239,1,2022
thai_dof,SAR,2021,116.64876055534404,1,2022
thai_dof,SAR,2022,119.45805089542966,1,2022
thai_dof,SCP,1971,131.2223075673535,1,2022
thai_dof,SCP,1972,131.2223075673535,1,2022
thai_dof,SCP,1973,131.2223075673535,1,2022
thai_dof,SCP,1974,131.2223075673535,1,2022
thai_dof,SCP,1975,131.2223075673535,1,2022
thai_dof,SCP,1976,131.2223075673535,1,2022
thai_dof,SCP,1977,131.2223075673535,1,2022
thai_dof,SCP,1978,131.2223075673535,1,2022
thai_dof,SCP,1979,131.2223075673535,1,2022
thai_dof,SCP,1980,131.2223075673535,1,2022
thai_dof,SCP,1981,131.2223075673535,1,2022
thai_dof,SCP,1982,131.2223075673535,1,2022
thai_dof,SCP,1983,131.2223075673535,1,2022
thai_dof,SCP,1984,131.2223075673535,1,2022
thai_dof,SCP,1985,131.2223075673535,1,2022
thai_dof,SCP,1986,131.2223075673535,1,2022
thai_dof,SCP,1987,131.2223075673535,1,2022
thai_dof,SCP,1988,131.2223075673535,1,2022
thai_dof,SCP,1989,131.2223075673535,1,2022
thai_dof,SCP,1990,131.2223075673535,1,2022
thai_dof,SCP,1991,131.2223075673535,1,2022
thai_dof,SCP,1992,131.2223075673535,1,2022
thai_dof,SCP,1993,131.2223075673535,1,2022
thai_dof,SCP,1994,131.2223075673535,1,2022
thai_dof,SCP,1995,131.2223075673535,1,2022
thai_dof,SCP,1996,131.2223075673535,1,2022
thai_dof,SCP,1997,131.2223075673535,1,2022
thai_dof,SCP,1998,131.2223075673535,1,2022
thai_dof,SCP,1999,131.2223075673535,1,2022
thai_dof,SCP,2000,131.2223075673535,1,2022
thai_dof,SCP,2001,131.2223075673535,1,2022
thai_dof,SCP,2002,138.32568880082266,1,2022
thai_dof,SCP,2003,142.49024839033447,1,2022
thai_dof,SCP,2004,142.55116716747577,1,2022
thai_dof,SCP,2005,142.81270109728715,1,2022
thai_dof,SCP,2006,144.8884627926854,1,2022
thai_dof,SCP,2007,147.9980139976678,1,2022
thai_dof,SCP,2008,150.28716067687284,1,2022
thai_dof,SCP,2009,152.47147552264047,1,2022
thai_dof,SCP,2010,153.91133505590997,1,2022
thai_dof,SCP,2011,154.79116415077942,1,2022
thai_dof,SCP,2012,153.7320912334957,1,2022
thai_dof,SCP,2013,153.30071310742224,1,2022
thai_dof,SCP,2014,150.65911350516632,1,2022
thai_dof,SCP,2015,147.26847365878203,1,2022
thai_dof,SCP,2016,124.8012570852981,1,2022
thai_dof,SCP,2017,118.72937979516045,1,2022
thai_dof,SCP,2018,119.55552744081592,1,2022
thai_dof,SCP,2019,120.21299435428618,1,2022
thai_dof,SCP,2020,120.40271821831425,1,2022
thai_dof,SCP,2021,122.74066618245226,1,2022
thai_dof,SCP,2022,126.39940590922723,1,2022
thai_dof,ANC,1971,105.58803111484617,2,2021
thai_dof,ANC,1972,105.58803111484617,2,2021
thai_dof,ANC,1973,105.58803111484617,2,2021
thai_dof,ANC,1974,105.58803111484617,2,2021
thai_dof,ANC,1975,105.58803111484617,2,2021
thai_dof,ANC,1976,105.58803111484617,2,2021
thai_dof,ANC,1977,105.58803111484617,2,2021
thai_dof,ANC,1978,105.58803111484617,2,2021
thai_dof,ANC,1979,105.58803111484617,2,2021
thai_dof,ANC,1980,105.58803111484617,2,2021
thai_dof,ANC,1981,105.58803111484617,2,2021
thai_dof,ANC,1982,105.58803111484617,2,2021
thai_dof,ANC,1983,105.58803111484617,2,2021
thai_dof,ANC,1984,105.58803111484617,2,2021
thai_dof,ANC,1985,105.58803111484617,2,2021
thai_dof,ANC,1986,105.58803111484617,2,2021
thai_dof,ANC,1987,105.58803111484617,2,2021
thai_dof,ANC,1988,105.58803111484617,2,2021
thai_dof,ANC,1989,105.58803111484617,2,2021
thai_dof,ANC,1990,105.58803111484617,2,2021
thai_dof,ANC,1991,105.58803111484617,2,2021
thai_dof,ANC,1992,105.58803111484617,2,2021
thai_dof,ANC,1993,105.58803111484617,2,2021
thai_dof,ANC,1994,105.58803111484617,2,2021
thai_dof,ANC,1995,105.58803111484617,2,2021
thai_dof,ANC,1996,105.58803111484617,2,2021
thai_dof,ANC,1997,104.90494437054363,2,2021
thai_dof,ANC,1998,106.08665097799182,2,2021
thai_dof,ANC,1999,108.33739678889154,2,2021
thai_dof,ANC,2000,109.9920221707663,2,2021
thai_dof,ANC,2001,113.70901403739005,2,2021
thai_dof,ANC,2002,116.05270206575865,2,2021
thai_dof,ANC,2003,113.38981611212358,2,2021
thai_dof,ANC,2004,113.51098951928235,2,2021
thai_dof,ANC,2005,111.79086553888065,2,2021
thai_dof,ANC,2006,108.16152186436818,2,2021
thai_dof,ANC,2007,103.46178630086322,2,2021
thai_dof,ANC,2008,99.19198158877401,2,2021
thai_dof,ANC,2009,87.75617605032664,2,2021
thai_dof,ANC,2010,81.62192730465877,2,2021
thai_dof,ANC,2011,80.55768773500229,2,2021
thai_dof,ANC,2012,74.89080950848462,2,2021
thai_dof,ANC,2013,84.94497502593553,2,2021
thai_dof,ANC,2014,103.94209127673811,2,2021
thai_dof,ANC,2015,123.76380315432675,2,2021
thai_dof,ANC,2016,143.68300174010258,2,2021
thai_dof,ANC,2017,150.17828961287287,2,2021
thai_dof,ANC,2018,161.39208501439666,2,2021
thai_dof,ANC,2019,177.07723276730349,2,2021
thai_dof,ANC,2020,188.57636289366937,2,2021
thai_dof,ANC,2021,214.6968642419874,2,2021
thai_dof,CMA,1971,480.74113767728267,2,2021
thai_dof,CMA,1972,477.31882233600385,2,2021
thai_dof,CMA,1973,474.0644134212596,2,2021
thai_dof,CMA,1974,469.24907058275704,2,2021
thai_dof,CMA,1975,461.42594301628776,2,2021
thai_dof,CMA,1976,449.8045165824057,2,2021
thai_dof,CMA,1977,435.7066387385486,2,2021
thai_dof,CMA,1978,416.03162990185706,2,2021
thai_dof,CMA,1979,404.1934727349843,2,2021
thai_dof,CMA,1980,391.1690504721361,2,2021
thai_dof,CMA,1981,381.69578077667967,2,2021
thai_dof,CMA,1982,371.2305149804056,2,2021
thai_dof,CMA,1983,362.0067272863428,2,2021
thai_dof,CMA,1984,353.385926775535,2,2021
thai_dof,CMA,1985,339.785636894069,2,2021
thai_dof,CMA,1986,331.4584006688976,2,2021
thai_dof,CMA,1987,317.70330101060335,2,2021
thai_dof,CMA,1988,305.647303703333,2,2021
thai_dof,CMA,1989,287.1864027613536,2,2021
thai_dof,CMA,1990,278.2681227478459,2,2021
thai_dof,CMA,1991,261.48330294731636,2,2021
thai_dof,CMA,1992,260.3647260328844,2,2021
thai_dof,CMA,1993,256.10237620909373,2,2021
thai_dof,CMA,1994,250.45897776935334,2,2021
thai_dof,CMA,1995,244.9963467728867,2,2021
thai_dof,CMA,1996,237.5253625129713,2,2021
thai_dof,CMA,1997,235.14557671125215,2,2021
thai_dof,CMA,1998,233.01793123425892,2,2021
thai_dof,CMA,1999,228.92164585033817,2,2021
thai_dof,CMA,2000,222.28918923145565,2,2021
thai_dof,CMA,2001,220.64116399760994,2,2021
thai_dof,CMA,2002,218.43401043441727,2,2021
thai_dof,CMA,2003,213.2969946941032,2,2021
thai_dof,CMA,2004,204.81561998814522,2,2021
thai_dof,CMA,2005,196.43181217923257,2,2021
thai_dof,CMA,2006,189.06733232015748,2,2021
thai_dof,CMA,2007,183.98283373721273,2,2021
thai_dof,CMA,2008,179.47277587267996,2,2021
thai_dof,CMA,2009,174.32670816774547,2,2021
thai_dof,CMA,2010,168.67478145596363,2,2021
thai_dof,CMA,2011,161.36937858831718,2,2021
thai_dof,CMA,2012,155.005191934758,2,2021
thai_dof,CMA,2013,149.8886118482457,2,2021
thai_dof,CMA,2014,144.17991211166267,2,2021
thai_dof,CMA,2015,138.00486693556488,2,2021
thai_dof,CMA,2016,120.8358544731676,2,2021
thai_dof,CMA,2017,110.10306869777597,2,2021
thai_dof,CMA,2018,99.01070786265413,2,2021
thai_dof,CMA,2019,91.83162326650069,2,2021
thai_dof,CMA,2020,83.34329532790038,2,2021
thai_dof,CMA,2021,79.16766084784004,2,2021
thai_dof,DMF,1971,412.4909331069584,2,2021
thai_dof,DMF,1972,418.3700018115235,2,2021
thai_dof,DMF,1973,409.040204969117,2,2021
thai_dof,DMF,1974,387.14337446902863,2,2021
thai_dof,DMF,1975,382.04005246484553,2,2021
thai_dof,DMF,1976,378.0826073145967,2,2021
thai_dof,DMF,1977,365.0028214873358,2,2021
thai_dof,DMF,1978,343.1921351993522,2,2021
thai_dof,DMF,1979,328.59420561371394,2,2021
thai_dof,DMF,1980,316.15091757387086,2,2021
thai_dof,DMF,1981,310.18053141112284,2,2021
thai_dof,DMF,1982,303.19148822041535,2,2021
thai_dof,DMF,1983,298.9018000712404,2,2021
thai_dof,DMF,1984,290.61601767042765,2,2021
thai_dof,DMF,1985,287.32222970238934,2,2021
thai_dof,DMF,1986,281.05001464446116,2,2021
thai_dof,DMF,1987,265.75353641264564,2,2021
thai_dof,DMF,1988,250.43390580990405,2,2021
thai_dof,DMF,1989,240.54986898797543,2,2021
thai_dof,DMF,1990,234.57649505178887,2,2021
thai_dof,DMF,1991,227.7095866487168,2,2021
thai_dof,DMF,1992,226.3929239436145,2,2021
thai_dof,DMF,1993,228.1760292716982,2,2021
thai_dof,DMF,1994,226.634743701102,2,2021
thai_dof,DMF,1995,220.1001137793744,2,2021
thai_dof,DMF,1996,213.22414398002437,2,2021
thai_dof,DMF,1997,211.22015782416497,2,2021
thai_dof,DMF,1998,208.29240030287932,2,2021
thai_dof,DMF,1999,198.33748695210681,2,2021
thai_dof,DMF,2000,194.53252568086708,2,2021
thai_dof,DMF,2001,194.06919640458406,2,2021
thai_dof,DMF,2002,194.43530375538717,2,2021
thai_dof,DMF,2003,191.32886873578718,2,2021
thai_dof,DMF,2004,185.05998996228513,2,2021
thai_dof,DMF,2005,184.32740522395875,2,2021
thai_dof,DMF,2006,183.14066775568872,2,2021
thai_dof,DMF,2007,184.35643762406275,2,2021
thai_dof,DMF,2008,188.8581169479703,2,2021
thai_dof,DMF,2009,192.29922026568008,2,2021
thai_dof,DMF,2010,191.10242117199508,2,2021
thai_dof,DMF,2011,185.76551158384737,2,2021
thai_dof,DMF,2012,185.66773883603545,2,2021
thai_dof,DMF,2013,194.07459590512156,2,2021
thai_dof,DMF,2014,194.98138625473848,2,2021
thai_dof,DMF,2015,198.93231682506726,2,2021
thai_dof,DMF,2016,197.77554637428608,2,2021
thai_dof,DMF,2017,197.9381376655046,2,2021
thai_dof,DMF,2018,187.07365182790713,2,2021
thai_dof,DMF,2019,177.17479452630346,2,2021
thai_dof,DMF,2020,164.82473689254576,2,2021
thai_dof,DMF,2021,163.00537357254598,2,2021
thai_dof,LPF,1971,305.7338095560849,2,2021
thai_dof,LPF,1972,305.7338095560849,2,2021
thai_dof,LPF,1973,305.7338095560849,2,2021
thai_dof,LPF,1974,305.7338095560849,2,2021
thai_dof,LPF,1975,305.7338095560849,2,2021
thai_dof,LPF,1976,305.7338095560849,2,2021
thai_dof,LPF,1977,305.7338095560849,2,2021
thai_dof,LPF,1978,305.7338095560849,2,2021
thai_dof,LPF,1979,305.7338095560849,2,2021
thai_dof,LPF,1980,305.7338095560849,2,2021
thai_dof,LPF,1981,305.7338095560849,2,2021
thai_dof,LPF,1982,305.7338095560849,2,2021
thai_dof,LPF,1983,305.7338095560849,2,2021
thai_dof,LPF,1984,305.7338095560849,2,2021
thai_dof,LPF,1985,305.7338095560849,2,2021
thai_dof,LPF,1986,305.7338095560849,2,2021
thai_dof,LPF,1987,305.7338095560849,2,2021
thai_dof,LPF,1988,305.7338095560849,2,2021
thai_dof,LPF,1989,305.7338095560849,2,2021
thai_dof,LPF,1990,305.7338095560849,2,2021
thai_dof,LPF,1991,305.7338095560849,2,2021
thai_dof,LPF,1992,305.7338095560849,2,2021
thai_dof,LPF,1993,305.7338095560849,2,2021
thai_dof,LPF,1994,305.7338095560849,2,2021
thai_dof,LPF,1995,305.7338095560849,2,2021
thai_dof,LPF,1996,305.7338095560849,2,2021
thai_dof,LPF,1997,305.7338095560849,2,2021
thai_dof,LPF,1998,305.7338095560849,2,2021
thai_dof,LPF,1999,305.7338095560849,2,2021
thai_dof,LPF,2000,305.7338095560849,2,2021
thai_dof,LPF,2001,305.7338095560849,2,2021
thai_dof,LPF,2002,296.01825651172913,2,2021
thai_dof,LPF,2003,279.40430508170544,2,2021
thai_dof,LPF,2004,263.8988513808405,2,2021
thai_dof,LPF,2005,250.19929895760546,2,2021
thai_dof,LPF,2006,243.79467052581035,2,2021
thai_dof,LPF,2007,241.03401875502416,2,2021
thai_dof,LPF,2008,240.208702280956,2,2021
thai_dof,LPF,2009,240.07691449715148,2,2021
thai_dof,LPF,2010,240.29519716020627,2,2021
thai_dof,LPF,2011,240.59740166961467,2,2021
thai_dof,LPF,2012,242.25371601992387,2,2021
thai_dof,LPF,2013,248.04925798870724,2,2021
thai_dof,LPF,2014,250.43429118085342,2,2021
thai_dof,LPF,2015,255.8190319763848,2,2021
thai_dof,LPF,2016,242.86997005992,2,2021
thai_dof,LPF,2017,240.19330598897753,2,2021
thai_dof,LPF,2018,234.276339260523,2,2021
thai_dof,LPF,2019,235.82335986295246,2,2021
thai_dof,LPF,2020,232.1299863228465,2,2021
thai_dof,LPF,2021,227.98428001126177,2,2021
thai_dof,MPF,1971,648.0621895005631,2,2021
thai_dof,MPF,1972,648.0621895005631,2,2021
thai_dof,MPF,1973,648.0621895005631,2,2021
thai_dof,MPF,1974,648.0621895005631,2,2021
thai_dof,MPF,1975,648.0621895005631,2,2021
thai_dof,MPF,1976,648.0621895005631,2,2021
thai_dof,MPF,1977,648.0621895005631,2,2021
thai_dof,MPF,1978,648.0621895005631,2,2021
thai_dof,MPF,1979,648.0621895005631,2,2021
thai_dof,MPF,1980,648.0621895005631,2,2021
thai_dof,MPF,1981,648.0621895005631,2,2021
thai_dof,MPF,1982,648.0621895005631,2,2021
thai_dof,MPF,1983,648.0621895005631,2,2021
thai_dof,MPF,1984,648.0621895005631,2,2021
thai_dof,MPF,1985,648.0621895005631,2,2021
thai_dof,MPF,1986,648.0621895005631,2,2021
thai_dof,MPF,1987,648.0621895005631,2,2021
thai_dof,MPF,1988,648.0621895005631,2,2021
thai_dof,MPF,1989,648.0621895005631,2,2021
thai_dof,MPF,1990,648.0621895005631,2,2021
thai_dof,MPF,1991,648.0621895005631,2,2021
thai_dof,MPF,1992,648.0621895005631,2,2021
thai_dof,MPF,1993,648.0621895005631,2,2021
thai_dof,MPF,1994,648.0621895005631,2,2021
thai_dof,MPF,1995,648.0621895005631,2,2021
thai_dof,MPF,1996,648.0621895005631,2,2021
thai_dof,MPF,1997,648.0621895005631,2,2021
thai_dof,MPF,1998,648.0621895005631,2,2021
thai_dof,MPF,1999,648.0621895005631,2,2021
thai_dof,MPF,2000,648.0621895005631,2,2021
thai_dof,MPF,2001,648.0621895005631,2,2021
thai_dof,MPF,2002,604.079620499058,2,2021
thai_dof,MPF,2003,556.8969842827761,2,2021
thai_dof,MPF,2004,509.2400796634672,2,2021
thai_dof,MPF,2005,465.012332698784,2,2021
thai_dof,MPF,2006,434.0070464814881,2,2021
thai_dof,MPF,2007,414.4791559673414,2,2021
thai_dof,MPF,2008,397.68348577637164,2,2021
thai_dof,MPF,2009,380.9662778923363,2,2021
thai_dof,MPF,2010,360.5957913596346,2,2021
thai_dof,MPF,2011,342.0028398084869,2,2021
thai_dof,MPF,2012,325.3518271564326,2,2021
thai_dof,MPF,2013,313.91596215925193,2,2021
thai_dof,MPF,2014,299.44658315893776,2,2021
thai_dof,MPF,2015,282.49342965880726,2,2021
thai_dof,MPF,2016,244.0086808994944,2,2021
thai_dof,MPF,2017,216.62778059288198,2,2021
thai_dof,MPF,2018,195.57631180425534,2,2021
thai_dof,MPF,2019,181.46595786556546,2,2021
thai_dof,MPF,2020,166.27862757703764,2,2021
thai_dof,MPF,2021,162.2758691771131,2,2021
thai_dof,NTU,1971,56.342433506416086,2,2021
thai_dof,NTU,1972,56.342433506416086,2,2021
thai_dof,NTU,1973,56.342433506416086,2,2021
thai_dof,NTU,1974,56.342433506416086,2,2021
thai_dof,NTU,1975,56.342433506416086,2,2021
thai_dof,NTU,1976,56.342433506416086,2,2021
thai_dof,NTU,1977,56.342433506416086,2,2021
thai_dof,NTU,1978,56.342433506416086,2,2021
thai_dof,NTU,1979,56.342433506416086,2,2021
thai_dof,NTU,1980,56.342433506416086,2,2021
thai_dof,NTU,1981,56.342433506416086,2,2021
thai_dof,NTU,1982,56.342433506416086,2,2021
thai_dof,NTU,1983,56.342433506416086,2,2021
thai_dof,NTU,1984,56.342433506416086,2,2021
thai_dof,NTU,1985,56.342433506416086,2,2021
thai_dof,NTU,1986,56.342433506416086,2,2021
thai_dof,NTU,1987,56.342433506416086,2,2021
thai_dof,NTU,1988,56.342433506416086,2,2021
thai_dof,NTU,1989,56.342433506416086,2,2021
thai_dof,NTU,1990,56.342433506416086,2,2021
thai_dof,NTU,1991,56.342433506416086,2,2021
thai_dof,NTU,1992,56.342433506416086,2,2021
thai_dof,NTU,1993,56.342433506416086,2,2021
thai_dof,NTU,1994,56.342433506416086,2,2021
thai_dof,NTU,1995,56.342433506416086,2,2021
thai_dof,NTU,1996,56.342433506416086,2,2021
thai_dof,NTU,1997,56.342433506416086,2,2021
thai_dof,NTU,1998,56.342433506416086,2,2021
thai_dof,NTU,1999,56.342433506416086,2,2021
thai_dof,NTU,2000,56.342433506416086,2,2021
thai_dof,NTU,2001,56.342433506416086,2,2021
thai_dof,NTU,2002,137.79443889868213,2,2021
thai_dof,NTU,2003,139.43595994667618,2,2021
thai_dof,NTU,2004,135.5118759762508,2,2021
thai_dof,NTU,2005,139.51614157851571,2,2021
thai_dof,NTU,2006,135.57217353574092,2,2021
thai_dof,NTU,2007,142.0927757173836,2,2021
thai_dof,NTU,2008,132.01653941978404,2,2021
thai_dof,NTU,2009,144.75678225347232,2,2021
thai_dof,NTU,2010,125.38972896188068,2,2021
thai_dof,NTU,2011,149.27777225074385,2,2021
thai_dof,NTU,2012,114.1924199227283,2,2021
thai_dof,NTU,2013,156.74450208325422,2,2021
thai_dof,NTU,2014,95.17504310083238,2,2021
thai_dof,NTU,2015,157.34258706355033,2,2021
thai_dof,NTU,2016,69.70112101619907,2,2021
thai_dof,NTU,2017,139.45700577994853,2,2021
thai_dof,NTU,2018,120.78650185186117,2,2021
thai_dof,NTU,2019,142.00987849805043,2,2021
thai_dof,NTU,2020,112.9082181164357,2,2021
thai_dof,NTU,2021,148.2055346795384,2,2021
thai_dof,SAR,1971,229.99379877349813,2,2021
thai_dof,SAR,1972,229.99379877349813,2,2021
thai_dof,SAR,1973,259.9819633560554,2,2021
thai_dof,SAR,1974,251.04701518503973,2,2021
thai_dof,SAR,1975,239.21046629870517,2,2021
thai_dof,SAR,1976,220.28793368071464,2,2021
thai_dof,SAR,1977,206.64936713569014,2,2021
thai_dof,SAR,1978,185.12441296185156,2,2021
thai_dof,SAR,1979,197.59933817327712,2,2021
thai_dof,SAR,1980,185.25947323459388,2,2021
thai_dof,SAR,1981,182.75113024645813,2,2021
thai_dof,SAR,1982,169.09399412730616,2,2021
thai_dof,SAR,1983,164.82029962524481,2,2021
thai_dof,SAR,1984,154.93776697201167,2,2021
thai_dof,SAR,1985,135.08522662020349,2,2021
thai_dof,SAR,1986,137.42505864358324,2,2021
thai_dof,SAR,1987,123.00711059452803,2,2021
thai_dof,SAR,1988,116.88561893760142,2,2021
thai_dof,SAR,1989,102.34764252086018,2,2021
thai_dof,SAR,1990,100.01519014534617,2,2021
thai_dof,SAR,1991,87.56077566163965,2,2021
thai_dof,SAR,1992,99.56615749687205,2,2021
thai_dof,SAR,1993,94.82897319664778,2,2021
thai_dof,SAR,1994,95.83582791837786,2,2021
thai_dof,SAR,1995,94.93440574545262,2,2021
thai_dof,SAR,1996,92.0516094297674,2,2021
thai_dof,SAR,1997,98.05807763346472,2,2021
thai_dof,SAR,1998,98.72123370458935,2,2021
thai_dof,SAR,1999,93.28342170495253,2,2021
thai_dof,SAR,2000,88.67001832782762,2,2021
thai_dof,SAR,2001,88.5694305018845,2,2021
thai_dof,SAR,2002,81.62475308666514,2,2021
thai_dof,SAR,2003,57.904127692958824,2,2021
thai_dof,SAR,2004,51.86734618022788,2,2021
thai_dof,SAR,2005,49.235023595897424,2,2021
thai_dof,SAR,2006,53.056806817158495,2,2021
thai_dof,SAR,2007,54.88868187666437,2,2021
thai_dof,SAR,2008,62.89615933286356,2,2021
thai_dof,SAR,2009,66.55873814995799,2,2021
thai_dof,SAR,2010,74.61016893273182,2,2021
thai_dof,SAR,2011,78.47648973023094,2,2021
thai_dof,SAR,2012,82.64307595520967,2,2021
thai_dof,SAR,2013,89.04595042531939,2,2021
thai_dof,SAR,2014,90.74106555318822,2,2021
thai_dof,SAR,2015,100.95002956173427,2,2021
thai_dof,SAR,2016,98.12875750926078,2,2021
thai_dof,SAR,2017,125.49183940833234,2,2021
thai_dof,SAR,2018,108.19906935273492,2,2021
thai_dof,SAR,2019,121.23656565727279,2,2021
thai_dof,SAR,2020,108.9598822464933,2,2021
thai_dof,SAR,2021,129.6506703036232,2,2021
thai_dof,SCP,1971,43.84270704051086,2,2021
thai_dof,SCP,1972,43.84270704051086,2,2021
thai_dof,SCP,1973,43.84270704051086,2,2021
thai_dof,SCP,1974,43.84270704051086,2,2021
thai_dof,SCP,1975,43.84270704051086,2,2021
thai_dof,SCP,1976,43.84270704051086,2,2021
thai_dof,SCP,1977,43.84270704051086,2,2021
thai_dof,SCP,1978,43.84270704051086,2,2021
thai_dof,SCP,1979,43.84270704051086,2,2021
thai_dof,SCP,1980,43.84270704051086,2,2021
thai_dof,SCP,1981,43.84270704051086,2,2021
thai_dof,SCP,1982,43.84270704051086,2,2021
thai_dof,SCP,1983,43.84270704051086,2,2021
thai_dof,SCP,1984,43.84270704051086,2,2021
thai_dof,SCP,1985,43.84270704051086,2,2021
thai_dof,SCP,1986,43.84270704051086,2,2021
thai_dof,SCP,1987,43.84270704051086,2,2021
thai_dof,SCP,1988,43.84270704051086,2,2021
thai_dof,SCP,1989,43.84270704051086,2,2021
thai_dof,SCP,1990,43.84270704051086,2,2021
thai_dof,SCP,1991,43.84270704051086,2,2021
thai_dof,SCP,1992,43.84270704051086,2,2021
thai_dof,SCP,1993,43.84270704051086,2,2021
thai_dof,SCP,1994,43.84270704051086,2,2021
thai_dof,SCP,1995,43.84270704051086,2,2021
thai_dof,SCP,1996,43.84270704051086,2,2021
thai_dof,SCP,1997,43.84270704051086,2,2021
thai_dof,SCP,1998,43.84270704051086,2,2021
thai_dof,SCP,1999,43.84270704051086,2,2021
thai_dof,SCP,2000,43.84270704051086,2,2021
thai_dof,SCP,2001,43.84270704051086,2,2021
thai_dof,SCP,2002,72.46627092812167,2,2021
thai_dof,SCP,2003,45.748371385937666,2,2021
thai_dof,SCP,2004,64.62082396272812,2,2021
thai_dof,SCP,2005,51.18264290463763,2,2021
thai_dof,SCP,2006,64.09289716639455,2,2021
thai_dof,SCP,2007,52.20873107544268,2,2021
thai_dof,SCP,2008,62.08498647170301,2,2021
thai_dof,SCP,2009,51.596459002018776,2,2021
thai_dof,SCP,2010,59.82920909648606,2,2021
thai_dof,SCP,2011,51.098818405224996,2,2021
thai_dof,SCP,2012,56.515035643165234,2,2021
thai_dof,SCP,2013,51.95794734566693,2,2021
thai_dof,SCP,2014,52.19784649697656,2,2021
thai_dof,SCP,2015,52.57063933524573,2,2021
thai_dof,SCP,2016,40.46875701794414,2,2021
thai_dof,SCP,2017,57.33909257415586,2,2021
thai_dof,SCP,2018,44.05669008783687,2,2021
thai_dof,SCP,2019,56.17770389983786,2,2021
thai_dof,SCP,2020,43.21079401432187,2,2021
thai_dof,SCP,2021,57.31337169950187,2,2021
thai_dof,ANC,1971,107.37879748761188,3,2020
thai_dof,ANC,1972,107.37879748761188,3,2020
thai_dof,ANC,1973,107.37879748761188,3,2020
thai_dof,ANC,1974,107.37879748761188,3,2020
thai_dof,ANC,1975,107.37879748761188,3,2020
thai_dof,ANC,1976,107.37879748761188,3,2020
thai_dof,ANC,1977,107.37879748761188,3,2020
thai_dof,ANC,1978,107.37879748761188,3,2020
thai_dof,ANC,1979,107.37879748761188,3,2020
thai_dof,ANC,1980,107.37879748761188,3,2020
thai_dof,ANC,1981,107.37879748761188,3,2020
thai_dof,ANC,1982,107.37879748761188,3,2020
thai_dof,ANC,1983,107.37879748761188,3,2020
thai_dof,ANC,1984,107.37879748761188,3,2020
thai_dof,ANC,1985,107.37879748761188,3,2020
thai_dof,ANC,1986,107.37879748761188,3,2020
thai_dof,ANC,1987,107.37879748761188,3,2020
thai_dof,ANC,1988,107.37879748761188,3,2020
thai_dof,ANC,1989,107.37879748761188,3,2020
thai_dof,ANC,1990,107.37879748761188,3,2020
thai_dof,ANC,1991,107.37879748761188,3,2020
thai_dof,ANC,1992,107.37879748761188,3,2020
thai_dof,ANC,1993,107.37879748761188,3,2020
thai_dof,ANC,1994,107.37879748761188,3,2020
thai_dof,ANC,1995,107.37879748761188,3,2020
thai_dof,ANC,1996,107.37879748761188,3,2020
thai_dof,ANC,1997,105.08639386349303,3,2020
thai_dof,ANC,1998,105.87336622635863,3,2020
thai_dof,ANC,1999,110.12281050813473,3,2020
thai_dof,ANC,2000,120.27586460114637,3,2020
thai_dof,ANC,2001,127.24201582067896,3,2020
thai_dof,ANC,2002,134.17882334731948,3,2020
thai_dof,ANC,2003,129.86097861212656,3,2020
thai_dof,ANC,2004,122.32030627995442,3,2020
thai_dof,ANC,2005,130.10170095956607,3,2020
thai_dof,ANC,2006,125.72836134684417,3,2020
thai_dof,ANC,2007,126.69690484367314,3,2020
thai_dof,ANC,2008,132.38631466197663,3,2020
thai_dof,ANC,2009,127.55659422702483,3,2020
thai_dof,ANC,2010,133.14281993146392,3,2020
thai_dof,ANC,2011,142.08325619817538,3,2020
thai_dof,ANC,2012,141.35572585693723,3,2020
thai_dof,ANC,2013,171.36621534271822,3,2020
thai_dof,ANC,2014,190.17027311383455,3,2020
thai_dof,ANC,2015,180.53451041231455,3,2020
thai_dof,ANC,2016,186.27177573961654,3,2020
thai_dof,ANC,2017,155.30280130904984,3,2020
thai_dof,ANC,2018,182.34548068510884,3,2020
thai_dof,ANC,2019,193.2756765920752,3,2020
thai_dof,ANC,2020,190.9307770323028,3,2020
thai_dof,CMA,1971,454.53995559084655,3,2020
thai_dof,CMA,1972,450.9710359131391,3,2020
thai_dof,CMA,1973,447.4318880198664,3,2020
thai_dof,CMA,1974,442.33794855956216,3,2020
thai_dof,CMA,1975,434.3101006954581,3,2020
thai_dof,CMA,1976,422.5226270492423,3,2020
thai_dof,CMA,1977,408.2942095252965,3,2020
thai_dof,CMA,1978,388.5328311637785,3,2020
thai_dof,CMA,1979,376.5473247964298,3,2020
thai_dof,CMA,1980,363.43343627140405,3,2020
thai_dof,CMA,1981,353.9305384767361,3,2020
thai_dof,CMA,1982,343.4903918192892,3,2020
thai_dof,CMA,1983,334.30303748294597,3,2020
thai_dof,CMA,1984,325.7171911930528,3,2020
thai_dof,CMA,1985,312.2790211169627,3,2020
thai_dof,CMA,1986,304.04731495773666,3,2020
thai_dof,CMA,1987,290.5348118054086,3,2020
thai_dof,CMA,1988,278.7374426959734,3,2020
thai_dof,CMA,1989,260.7885823789975,3,2020
thai_dof,CMA,1990,252.15947750527306,3,2020
thai_dof,CMA,1991,235.94365448255812,3,2020
thai_dof,CMA,1992,234.87572883025987,3,2020
thai_dof,CMA,1993,230.7820107395662,3,2020
thai_dof,CMA,1994,225.31195483455798,3,2020
thai_dof,CMA,1995,220.0087061892166,3,2020
thai_dof,CMA,1996,212.76749909666358,3,2020
thai_dof,CMA,1997,210.4035079258209,3,2020
thai_dof,CMA,1998,208.3135975464421,3,2020
thai_dof,CMA,1999,204.3183606413319,3,2020
thai_dof,CMA,2000,197.9368335529242,3,2020
thai_dof,CMA,2001,196.34142898389956,3,2020
thai_dof,CMA,2002,194.3426375876365,3,2020
thai_dof,CMA,2003,189.81870031912163,3,2020
thai_dof,CMA,2004,182.0303668491368,3,2020
thai_dof,CMA,2005,174.5546130773317,3,2020
thai_dof,CMA,2006,167.99005903791183,3,2020
thai_dof,CMA,2007,163.7151484900287,3,2020
thai_dof,CMA,2008,159.97640129031234,3,2020
thai_dof,CMA,2009,155.58058755975236,3,2020
thai_dof,CMA,2010,150.66047156191516,3,2020
thai_dof,CMA,2011,144.10622256237613,3,2020
thai_dof,CMA,2012,138.4724127067364,3,2020
thai_dof,CMA,2013,134.01313488503868,3,2020
thai_dof,CMA,2014,128.9495637882079,3,2020
thai_dof,CMA,2015,123.3520741145546,3,2020
thai_dof,CMA,2016,107.19369991750163,3,2020
thai_dof,CMA,2017,97.3444086123711,3,2020
thai_dof,CMA,2018,87.21163991480466,3,2020
thai_dof,CMA,2019,80.77628791155296,3,2020
thai_dof,CMA,2020,73.0741868660842,3,2020
thai_dof,DMF,1971,391.34740844298125,3,2020
thai_dof,DMF,1972,398.4035808801007,3,2020
thai_dof,DMF,1973,390.29558508612445,3,2020
thai_dof,DMF,1974,368.83922969047495,3,2020
thai_dof,DMF,1975,362.88616826873806,3,2020
thai_dof,DMF,1976,358.0431224361315,3,2020
thai_dof,DMF,1977,344.01166565030377,3,2020
thai_dof,DMF,1978,321.05490611995964,3,2020
thai_dof,DMF,1979,305.03718844755434,3,2020
thai_dof,DMF,1980,291.0652758280797,3,2020
thai_dof,DMF,1981,283.4594292039052,3,2020
thai_dof,DMF,1982,274.9731408394158,3,2020
thai_dof,DMF,1983,269.40658920154306,3,2020
thai_dof,DMF,1984,259.96928165096205,3,2020
thai_dof,DMF,1985,255.45321542202547,3,2020
thai_dof,DMF,1986,248.18774196128192,3,2020
thai_dof,DMF,1987,232.28678314927467,3,2020
thai_dof,DMF,1988,216.38283042004238,3,2020
thai_dof,DMF,1989,205.662708416214,3,2020
thai_dof,DMF,1990,198.83706958458055,3,2020
thai_dof,DMF,1991,191.2286880841593,3,2020
thai_dof,DMF,1992,188.98529245878478,3,2020
thai_dof,DMF,1993,189.51007162924552,3,2020
thai_dof,DMF,1994,187.01461033689458,3,2020
thai_dof,DMF,1995,179.99966695392632,3,2020
thai_dof,DMF,1996,172.5872779921049,3,2020
thai_dof,DMF,1997,167.83052704183436,3,2020
thai_dof,DMF,1998,162.53402215707823,3,2020
thai_dof,DMF,1999,151.24650637072293,3,2020
thai_dof,DMF,2000,145.57653475586113,3,2020
thai_dof,DMF,2001,142.67316089849797,3,2020
thai_dof,DMF,2002,143.11348811750645,3,2020
thai_dof,DMF,2003,142.95055245414227,3,2020
thai_dof,DMF,2004,140.51022889325685,3,2020
thai_dof,DMF,2005,143.28060890663622,3,2020
thai_dof,DMF,2006,145.8680157017239,3,2020
thai_dof,DMF,2007,150.5459592792638,3,2020
thai_dof,DMF,2008,158.54536242479767,3,2020
thai_dof,DMF,2009,164.72965580679522,3,2020
thai_dof,DMF,2010,166.9023941559246,3,2020
thai_dof,DMF,2011,163.64205346636084,3,2020
thai_dof,DMF,2012,166.56489241326003,3,2020
thai_dof,DMF,2013,176.7391733425511,3,2020
thai_dof,DMF,2014,179.93022281119048,3,2020
thai_dof,DMF,2015,183.47483883489076,3,2020
thai_dof,DMF,2016,185.56562659711452,3,2020
thai_dof,DMF,2017,187.62656065916352,3,2020
thai_dof,DMF,2018,182.37833100191133,3,2020
thai_dof,DMF,2019,175.77668463242637,3,2020
thai_dof,DMF,2020,166.86066518524467,3,2020
thai_dof,LPF,1971,273.25927250382426,3,2020
thai_dof,LPF,1972,273.25927250382426,3,2020
thai_dof,LPF,1973,273.25927250382426,3,2020
thai_dof,LPF,1974,273.25927250382426,3,2020
thai_dof,LPF,1975,273.25927250382426,3,2020
thai_dof,LPF,1976,273.25927250382426,3,2020
thai_dof,LPF,1977,273.25927250382426,3,2020
thai_dof,LPF,1978,273.25927250382426,3,2020
thai_dof,LPF,1979,273.25927250382426,3,2020
thai_dof,LPF,1980,273.25927250382426,3,2020
thai_dof,LPF,1981,273.25927250382426,3,2020
thai_dof,LPF,1982,273.25927250382426,3,2020
thai_dof,LPF,1983,273.25927250382426,3,2020
thai_dof,LPF,1984,273.25927250382426,3,2020
thai_dof,LPF,1985,273.25927250382426,3,2020
thai_dof,LPF,1986,273.25927250382426,3,2020
thai_dof,LPF,1987,273.25927250382426,3,2020
thai_dof,LPF,1988,273.25927250382426,3,2020
thai_dof,LPF,1989,273.25927250382426,3,2020
thai_dof,LPF,1990,273.25927250382426,3,2020
thai_dof,LPF,1991,273.25927250382426,3,2020
thai_dof,LPF,1992,273.25927250382426,3,2020
thai_dof,LPF,1993,273.25927250382426,3,2020
thai_dof,LPF,1994,273.25927250382426,3,2020
thai_dof,LPF,1995,273.25927250382426,3,2020
thai_dof,LPF,1996,273.25927250382426,3,2020
thai_dof,LPF,1997,273.25927250382426,3,2020
thai_dof,LPF,1998,273.25927250382426,3,2020
thai_dof,LPF,1999,273.25927250382426,3,2020
thai_dof,LPF,2000,273.25927250382426,3,2020
thai_dof,LPF,2001,273.25927250382426,3,2020
thai_dof,LPF,2002,286.6763200610824,3,2020
thai_dof,LPF,2003,289.17386193278713,3,2020
thai_dof,LPF,2004,286.44136905015745,3,2020
thai_dof,LPF,2005,284.08176410495804,3,2020
thai_dof,LPF,2006,284.1662517194063,3,2020
thai_dof,LPF,2007,284.76217964522175,3,2020
thai_dof,LPF,2008,283.5631990206989,3,2020
thai_dof,LPF,2009,281.5593488829651,3,2020
thai_dof,LPF,2010,277.95556330779345,3,2020
thai_dof,LPF,2011,274.1126529559308,3,2020
thai_dof,LPF,2012,271.28140277737543,3,2020
thai_dof,LPF,2013,271.19470372288185,3,2020
thai_dof,LPF,2014,265.5205722967484,3,2020
thai_dof,LPF,2015,261.7795512986424,3,2020
thai_dof,LPF,2016,236.74498961148424,3,2020
thai_dof,LPF,2017,232.3434350586976,3,2020
thai_dof,LPF,2018,228.52073849989583,3,2020
thai_dof,LPF,2019,229.6141813295722,3,2020
thai_dof,LPF,2020,223.42863461007457,3,2020
thai_dof,MPF,1971,788.1235569575159,3,2020
thai_dof,MPF,1972,788.1235569575159,3,2020
thai_dof,MPF,1973,788.1235569575159,3,2020
thai_dof,MPF,1974,788.1235569575159,3,2020
thai_dof,MPF,1975,788.1235569575159,3,2020
thai_dof,MPF,1976,788.1235569575159,3,2020
thai_dof,MPF,1977,788.1235569575159,3,2020
thai_dof,MPF,1978,788.1235569575159,3,2020
thai_dof,MPF,1979,788.1235569575159,3,2020
thai_dof,MPF,1980,788.1235569575159,3,2020
thai_dof,MPF,1981,788.1235569575159,3,2020
thai_dof,MPF,1982,788.1235569575159,3,2020
thai_dof,MPF,1983,788.1235569575159,3,2020
thai_dof,MPF,1984,788.1235569575159,3,2020
thai_dof,MPF,1985,788.1235569575159,3,2020
thai_dof,MPF,1986,788.1235569575159,3,2020
thai_dof,MPF,1987,788.1235569575159,3,2020
thai_dof,MPF,1988,788.1235569575159,3,2020
thai_dof,MPF,1989,788.1235569575159,3,2020
thai_dof,MPF,1990,788.1235569575159,3,2020
thai_dof,MPF,1991,788.1235569575159,3,2020
thai_dof,MPF,1992,788.1235569575159,3,2020
thai_dof,MPF,1993,788.1235569575159,3,2020
thai_dof,MPF,1994,788.1235569575159,3,2020
thai_dof,MPF,1995,788.1235569575159,3,2020
thai_dof,MPF,1996,788.1235569575159,3,2020
thai_dof,MPF,1997,788.1235569575159,3,2020
thai_dof,MPF,1998,788.1235569575159,3,2020
thai_dof,MPF,1999,788.1235569575159,3,2020
thai_dof,MPF,2000,788.1235569575159,3,2020
thai_dof,MPF,2001,788.1235569575159,3,2020
thai_dof,MPF,2002,721.1848566860284,3,2020
thai_dof,MPF,2003,653.7369926300688,3,2020
thai_dof,MPF,2004,589.8986739186763,3,2020
thai_dof,MPF,2005,532.3796263326534,3,2020
thai_dof,MPF,2006,491.8918208133989,3,2020
thai_dof,MPF,2007,464.8993985900075,3,2020
thai_dof,MPF,2008,442.1887661628125,3,2020
thai_dof,MPF,2009,420.84590222093664,3,2020
thai_dof,MPF,2010,396.9603367255838,3,2020
thai_dof,MPF,2011,375.9697727451006,3,2020
thai_dof,MPF,2012,357.2776848178443,3,2020
thai_dof,MPF,2013,344.3651361544821,3,2020
thai_dof,MPF,2014,328.9651489738289,3,2020
thai_dof,MPF,2015,312.41974774929514,3,2020
thai_dof,MPF,2016,274.9916673368545,3,2020
thai_dof,MPF,2017,250.28302116665097,3,2020
thai_dof,MPF,2018,231.77313113755207,3,2020
thai_dof,MPF,2019,219.5963139131196,3,2020
thai_dof,MPF,2020,206.4654751791772,3,2020
thai_dof,NTU,1971,162.18591391478552,3,2020
thai_dof,NTU,1972,162.18591391478552,3,2020
thai_dof,NTU,1973,162.18591391478552,3,2020
thai_dof,NTU,1974,162.18591391478552,3,2020
thai_dof,NTU,1975,162.18591391478552,3,2020
thai_dof,NTU,1976,162.18591391478552,3,2020
thai_dof,NTU,1977,162.18591391478552,3,2020
thai_dof,NTU,1978,162.18591391478552,3,2020
thai_dof,NTU,1979,162.18591391478552,3,2020
thai_dof,NTU,1980,162.18591391478552,3,2020
thai_dof,NTU,1981,162.18591391478552,3,2020
thai_dof,NTU,1982,162.18591391478552,3,2020
thai_dof,NTU,1983,162.18591391478552,3,2020
thai_dof,NTU,1984,162.18591391478552,3,2020
thai_dof,NTU,1985,162.18591391478552,3,2020
thai_dof,NTU,1986,162.18591391478552,3,2020
thai_dof,NTU,1987,162.18591391478552,3,2020
thai_dof,NTU,1988,162.18591391478552,3,2020
thai_dof,NTU,1989,162.18591391478552,3,2020
thai_dof,NTU,1990,162.18591391478552,3,2020
thai_dof,NTU,1991,162.18591391478552,3,2020
thai_dof,NTU,1992,162.18591391478552,3,2020
thai_dof,NTU,1993,162.18591391478552,3,2020
thai_dof,NTU,1994,162.18591391478552,3,2020
thai_dof,NTU,1995,162.18591391478552,3,2020
thai_dof,NTU,1996,162.18591391478552,3,2020
thai_dof,NTU,1997,162.18591391478552,3,2020
thai_dof,NTU,1998,162.18591391478552,3,2020
thai_dof,NTU,1999,162.18591391478552,3,2020
thai_dof,NTU,2000,162.18591391478552,3,2020
thai_dof,NTU,2001,162.18591391478552,3,2020
thai_dof,NTU,2002,167.5144597670995,3,2020
thai_dof,NTU,2003,169.4526542070449,3,2020
thai_dof,NTU,2004,170.6357792006783,3,2020
thai_dof,NTU,2005,170.64909690293598,3,2020
thai_dof,NTU,2006,173.70843860848666,3,2020
thai_dof,NTU,2007,178.49350493246905,3,2020
thai_dof,NTU,2008,183.64489119328485,3,2020
thai_dof,NTU,2009,188.30991905152848,3,2020
thai_dof,NTU,2010,193.066270849805,3,2020
thai_dof,NTU,2011,196.71265423523195,3,2020
thai_dof,NTU,2012,200.66265548467968,3,2020
thai_dof,NTU,2013,205.1893293413144,3,2020
thai_dof,NTU,2014,208.23929082199874,3,2020
thai_dof,NTU,2015,209.88988876504828,3,2020
thai_dof,NTU,2016,197.13510840521766,3,2020
thai_dof,NTU,2017,193.25510103905404,3,2020
thai_dof,NTU,2018,194.32072142878033,3,2020
thai_dof,NTU,2019,195.5953383932833,3,2020
thai_dof,NTU,2020,196.50502899300025,3,2020
thai_dof,SAR,1971,240.79306691975165,3,2020
thai_dof,SAR,1972,240.79306691975165,3,2020
thai_dof,SAR,1973,271.30739912629485,3,2020
thai_dof,SAR,1974,263.71183755106375,3,2020
thai_dof,SAR,1975,251.91692738174862,3,2020
thai_dof,SAR,1976,233.32766876153548,3,2020
thai_dof,SAR,1977,219.47043162826157,3,2020
thai_dof,SAR,1978,197.66088973626682,3,2020
thai_dof,SAR,1979,209.91413819164617,3,2020
thai_dof,SAR,1980,197.63443081881252,3,2020
thai_dof,SAR,1981,194.90893861117766,3,2020
thai_dof,SAR,1982,180.91096189770948,3,2020
thai_dof,SAR,1983,176.3924559475554,3,2020
thai_dof,SAR,1984,166.12752451553817,3,2020
thai_dof,SAR,1985,144.75643812850186,3,2020
thai_dof,SAR,1986,147.07105881203884,3,2020
thai_dof,SAR,1987,130.90165678612271,3,2020
thai_dof,SAR,1988,123.83852058167452,3,2020
thai_dof,SAR,1989,106.68342878382434,3,2020
thai_dof,SAR,1990,104.21325367593792,3,2020
thai_dof,SAR,1991,89.62909587027157,3,2020
thai_dof,SAR,1992,102.63167334162569,3,2020
thai_dof,SAR,1993,97.67022780287992,3,2020
thai_dof,SAR,1994,98.04192033935516,3,2020
thai_dof,SAR,1995,96.38892367763088,3,2020
thai_dof,SAR,1996,92.43056113097747,3,2020
thai_dof,SAR,1997,99.23378916417718,3,2020
thai_dof,SAR,1998,100.11379842653368,3,2020
thai_dof,SAR,1999,93.77486477073481,3,2020
thai_dof,SAR,2000,87.39391093530715,3,2020
thai_dof,SAR,2001,86.71362509705303,3,2020
thai_dof,SAR,2002,70.69348931389514,3,2020
thai_dof,SAR,2003,62.10834373826135,3,2020
thai_dof,SAR,2004,52.24484840079459,3,2020
thai_dof,SAR,2005,53.949488363222066,3,2020
thai_dof,SAR,2006,56.46656664531564,3,2020
thai_dof,SAR,2007,62.01847865108585,3,2020
thai_dof,SAR,2008,68.31217626295293,3,2020
thai_dof,SAR,2009,74.21960103779251,3,2020
thai_dof,SAR,2010,79.80046360003716,3,2020
thai_dof,SAR,2011,84.34976120813226,3,2020
thai_dof,SAR,2012,86.74911537568865,3,2020
thai_dof,SAR,2013,91.0573808014654,3,2020
thai_dof,SAR,2014,94.31242272586786,3,2020
thai_dof,SAR,2015,97.29245929008665,3,2020
thai_dof,SAR,2016,101.23881957562125,3,2020
thai_dof,SAR,2017,111.3928307341091,3,2020
thai_dof,SAR,2018,116.47948363211258,3,2020
thai_dof,SAR,2019,120.99291267017482,3,2020
thai_dof,SAR,2020,119.84594012033068,3,2020
thai_dof,SCP,1971,118.92823824051224,3,2020
thai_dof,SCP,1972,118.92823824051224,3,2020
thai_dof,SCP,1973,118.92823824051224,3,2020
thai_dof,SCP,1974,118.92823824051224,3,2020
thai_dof,SCP,1975,118.92823824051224,3,2020
thai_dof,SCP,1976,118.92823824051224,3,2020
thai_dof,SCP,1977,118.92823824051224,3,2020
thai_dof,SCP,1978,118.92823824051224,3,2020
thai_dof,SCP,1979,118.92823824051224,3,2020
thai_dof,SCP,1980,118.92823824051224,3,2020
thai_dof,SCP,1981,118.92823824051224,3,2020
thai_dof,SCP,1982,118.92823824051224,3,2020
thai_dof,SCP,1983,118.92823824051224,3,2020
thai_dof,SCP,1984,118.92823824051224,3,2020
thai_dof,SCP,1985,118.92823824051224,3,2020
thai_dof,SCP,1986,118.92823824051224,3,2020
thai_dof,SCP,1987,118.92823824051224,3,2020
thai_dof,SCP,1988,118.92823824051224,3,2020
thai_dof,SCP,1989,118.92823824051224,3,2020
thai_dof,SCP,1990,118.92823824051224,3,2020
thai_dof,SCP,1991,118.92823824051224,3,2020
thai_dof,SCP,1992,118.92823824051224,3,2020
thai_dof,SCP,1993,118.92823824051224,3,2020
thai_dof,SCP,1994,118.92823824051224,3,2020
thai_dof,SCP,1995,118.92823824051224,3,2020
thai_dof,SCP,1996,118.92823824051224,3,2020
thai_dof,SCP,1997,118.92823824051224,3,2020
thai_dof,SCP,1998,118.92823824051224,3,2020
thai_dof,SCP,1999,118.92823824051224,3,2020
thai_dof,SCP,2000,118.92823824051224,3,2020
thai_dof,SCP,2001,118.92823824051224,3,2020
thai_dof,SCP,2002,124.087781077708,3,2020
thai_dof,SCP,2003,126.25246598336993,3,2020
thai_dof,SCP,2004,124.42181932101161,3,2020
thai_dof,SCP,2005,123.11727548728054,3,2020
thai_dof,SCP,2006,124.0585357483254,3,2020
thai_dof,SCP,2007,126.31796801760092,3,2020
thai_dof,SCP,2008,128.00708043927253,3,2020
thai_dof,SCP,2009,129.86347324549862,3,2020
thai_dof,SCP,2010,131.23594502907014,3,2020
thai_dof,SCP,2011,132.31806827258728,3,2020
thai_dof,SCP,2012,131.7740021326045,3,2020
thai_dof,SCP,2013,132.07192031403818,3,2020
thai_dof,SCP,2014,130.51303672372262,3,2020
thai_dof,SCP,2015,128.42667361183163,3,2020
thai_dof,SCP,2016,108.45388945510892,3,2020
thai_dof,SCP,2017,103.91816185065277,3,2020
thai_dof,SCP,2018,105.85418716327672,3,2020
thai_dof,SCP,2019,107.83951161567303,3,2020
thai_dof,SCP,2020,109.54980718289323,3,2020
thai_dof,ANC,1971,107.34205288724355,4,2019
thai_dof,ANC,1972,107.34205288724355,4,2019
thai_dof,ANC,1973,107.34205288724355,4,2019
thai_dof,ANC,1974,107.34205288724355,4,2019
thai_dof,ANC,1975,107.34205288724355,4,2019
thai_dof,ANC,1976,107.34205288724355,4,2019
thai_dof,ANC,1977,107.34205288724355,4,2019
thai_dof,ANC,1978,107.34205288724355,4,2019
thai_dof,ANC,1979,107.34205288724355,4,2019
thai_dof,ANC,1980,107.34205288724355,4,2019
thai_dof,ANC,1981,107.34205288724355,4,2019
thai_dof,ANC,1982,107.34205288724355,4,2019
thai_dof,ANC,1983,107.34205288724355,4,2019
thai_dof,ANC,1984,107.34205288724355,4,2019
thai_dof,ANC,1985,107.34205288724355,4,2019
thai_dof,ANC,1986,107.34205288724355,4,2019
thai_dof,ANC,1987,107.34205288724355,4,2019
thai_dof,ANC,1988,107.34205288724355,4,2019
thai_dof,ANC,1989,107.34205288724355,4,2019
thai_dof,ANC,1990,107.34205288724355,4,2019
thai_dof,ANC,1991,107.34205288724355,4,2019
thai_dof,ANC,1992,107.34205288724355,4,2019
thai_dof,ANC,1993,107.34205288724355,4,2019
thai_dof,ANC,1994,107.34205288724355,4,2019
thai_dof,ANC,1995,107.34205288724355,4,2019
thai_dof,ANC,1996,107.34205288724355,4,2019
thai_dof,ANC,1997,106.34379338347328,4,2019
thai_dof,ANC,1998,107.58632814298537,4,2019
thai_dof,ANC,1999,112.71854377318839,4,2019
thai_dof,ANC,2000,125.11028745033389,4,2019
thai_dof,ANC,2001,134.5567832098965,4,2019
thai_dof,ANC,2002,143.53486142954728,4,2019
thai_dof,ANC,2003,139.57997521574964,4,2019
thai_dof,ANC,2004,130.1665422571045,4,2019
thai_dof,ANC,2005,140.1775401379716,4,2019
thai_dof,ANC,2006,136.90450861551048,4,2019
thai_dof,ANC,2007,139.43895826738148,4,2019
thai_dof,ANC,2008,147.93094358367847,4,2019
thai_dof,ANC,2009,145.28058085812944,4,2019
thai_dof,ANC,2010,152.90036140667377,4,2019
thai_dof,ANC,2011,163.93262637204222,4,2019
thai_dof,ANC,2012,164.86817540165137,4,2019
thai_dof,ANC,2013,198.8271709255759,4,2019
thai_dof,ANC,2014,218.68726797963916,4,2019
thai_dof,ANC,2015,209.29602786010767,4,2019
thai_dof,ANC,2016,216.32007822176226,4,2019
thai_dof,ANC,2017,194.61478100722002,4,2019
thai_dof,ANC,2018,224.77832329603652,4,2019
thai_dof,ANC,2019,234.82032286580193,4,2019
thai_dof,CMA,1971,447.3907291363761,4,2019
thai_dof,CMA,1972,444.2582652873129,4,2019
thai_dof,CMA,1973,441.1778754903633,4,2019
thai_dof,CMA,1974,436.4768155161038,4,2019
thai_dof,CMA,1975,428.7520485168368,4,2019
thai_dof,CMA,1976,417.14007769352,4,2019
thai_dof,CMA,1977,403.05433043179744,4,2019
thai_dof,CMA,1978,383.3429127388765,4,2019
thai_dof,CMA,1979,371.5216247536947,4,2019
thai_dof,CMA,1980,358.5672019768258,4,2019
thai_dof,CMA,1981,349.2443451668491,4,2019
thai_dof,CMA,1982,338.96364900855633,4,2019
thai_dof,CMA,1983,329.93438888879854,4,2019
thai_dof,CMA,1984,321.50280935445875,4,2019
thai_dof,CMA,1985,308.18308201624694,4,2019
thai_dof,CMA,1986,300.0812524756169,4,2019
thai_dof,CMA,1987,286.6997041742116,4,2019
thai_dof,CMA,1988,275.0158695204732,4,2019
thai_dof,CMA,1989,257.18932708475484,4,2019
thai_dof,CMA,1990,248.62758506052617,4,2019
thai_dof,CMA,1991,232.53444759995037,4,2019
thai_dof,CMA,1992,231.4511238747075,4,2019
thai_dof,CMA,1993,227.4083796303829,4,2019
thai_dof,CMA,1994,222.0051995265808,4,2019
thai_dof,CMA,1995,216.774919665766,4,2019
thai_dof,CMA,1996,209.62720314666498,4,2019
thai_dof,CMA,1997,207.21766360701398,4,2019
thai_dof,CMA,1998,205.10667725691866,4,2019
thai_dof,CMA,1999,201.13921742929273,4,2019
thai_dof,CMA,2000,194.86238161901778,4,2019
thai_dof,CMA,2001,193.27610295751532,4,2019
thai_dof,CMA,2002,191.18865084421137,4,2019
thai_dof,CMA,2003,186.49159772724548,4,2019
thai_dof,CMA,2004,178.42307797044123,4,2019
thai_dof,CMA,2005,170.65513209141105,4,2019
thai_dof,CMA,2006,163.71231409227175,4,2019
thai_dof,CMA,2007,159.02099404548818,4,2019
thai_dof,CMA,2008,154.9193774326092,4,2019
thai_dof,CMA,2009,150.2100364318124,4,2019
thai_dof,CMA,2010,145.0218756040454,4,2019
thai_dof,CMA,2011,138.27784182925083,4,2019
thai_dof,CMA,2012,132.49738543716754,4,2019
thai_dof,CMA,2013,127.87032937214052,4,2019
thai_dof,CMA,2014,122.78830293766411,4,2019
thai_dof,CMA,2015,117.27575386563761,4,2019
thai_dof,CMA,2016,101.91657602557319,4,2019
thai_dof,CMA,2017,92.37595385814072,4,2019
thai_dof,CMA,2018,82.24368046895238,4,2019
thai_dof,CMA,2019,75.74200183663855,4,2019
thai_dof,DMF,1971,358.8300913606586,4,2019
thai_dof,DMF,1972,365.4202201146977,4,2019
thai_dof,DMF,1973,356.07906002744147,4,2019
thai_dof,DMF,1974,335.45440917901215,4,2019
thai_dof,DMF,1975,333.51113800114933,4,2019
thai_dof,DMF,1976,331.77795418798763,4,2019
thai_dof,DMF,1977,319.92791625813294,4,2019
thai_dof,DMF,1978,299.7415813403491,4,2019
thai_dof,DMF,1979,287.6717663240051,4,2019
thai_dof,DMF,1980,277.8794178240593,4,2019
thai_dof,DMF,1981,274.2812571152156,4,2019
thai_dof,DMF,1982,269.0415165410066,4,2019
thai_dof,DMF,1983,265.92309852102034,4,2019
thai_dof,DMF,1984,258.3105768626842,4,2019
thai_dof,DMF,1985,255.7524704239801,4,2019
thai_dof,DMF,1986,249.53200032020743,4,2019
thai_dof,DMF,1987,234.1224486758654,4,2019
thai_dof,DMF,1988,219.15170103855152,4,2019
thai_dof,DMF,1989,209.9843515966794,4,2019
thai_dof,DMF,1990,204.39581777725337,4,2019
thai_dof,DMF,1991,197.74110983141446,4,2019
thai_dof,DMF,1992,196.31235650398838,4,2019
thai_dof,DMF,1993,198.06567960965714,4,2019
thai_dof,DMF,1994,196.1239265687553,4,2019
thai_dof,DMF,1995,189.03895521034292,4,2019
thai_dof,DMF,1996,181.80473911818083,4,2019
thai_dof,DMF,1997,176.1089153319288,4,2019
thai_dof,DMF,1998,170.1849581419834,4,2019
thai_dof,DMF,1999,158.12709894647483,4,2019
thai_dof,DMF,2000,152.6317259607873,4,2019
thai_dof,DMF,2001,150.58554774740102,4,2019
thai_dof,DMF,2002,151.20742239933253,4,2019
thai_dof,DMF,2003,151.57905094652148,4,2019
thai_dof,DMF,2004,148.52737069745282,4,2019
thai_dof,DMF,2005,148.7357105456258,4,2019
thai_dof,DMF,2006,147.85299736179007,4,2019
thai_dof,DMF,2007,148.3422416469446,4,2019
thai_dof,DMF,2008,152.12727484878127,4,2019
thai_dof,DMF,2009,154.2193653949773,4,2019
thai_dof,DMF,2010,152.10653148634245,4,2019
thai_dof,DMF,2011,144.98315276529553,4,2019
thai_dof,DMF,2012,143.76627056255677,4,2019
thai_dof,DMF,2013,149.04406671026098,4,2019
thai_dof,DMF,2014,149.6056205374187,4,2019
thai_dof,DMF,2015,150.92945990274893,4,2019
thai_dof,DMF,2016,149.60742629448117,4,2019
thai_dof,DMF,2017,145.5869491207309,4,2019
thai_dof,DMF,2018,134.479230500446,4,2019
thai_dof,DMF,2019,123.92943317371724,4,2019
thai_dof,LPF,1971,441.2856481218152,4,2019
thai_dof,LPF,1972,441.2856481218152,4,2019
thai_dof,LPF,1973,441.2856481218152,4,2019
thai_dof,LPF,1974,441.2856481218152,4,2019
thai_dof,LPF,1975,441.2856481218152,4,2019
thai_dof,LPF,1976,441.2856481218152,4,2019
thai_dof,LPF,1977,441.2856481218152,4,2019
thai_dof,LPF,1978,441.2856481218152,4,2019
thai_dof,LPF,1979,441.2856481218152,4,2019
thai_dof,LPF,1980,441.2856481218152,4,2019
thai_dof,LPF,1981,441.2856481218152,4,2019
thai_dof,LPF,1982,441.2856481218152,4,2019
thai_dof,LPF,1983,441.2856481218152,4,2019
thai_dof,LPF,1984,441.2856481218152,4,2019
thai_dof,LPF,1985,441.2856481218152,4,2019
thai_dof,LPF,1986,441.2856481218152,4,2019
thai_dof,LPF,1987,441.2856481218152,4,2019
thai_dof,LPF,1988,441.2856481218152,4,2019
thai_dof,LPF,1989,441.2856481218152,4,2019
thai_dof,LPF,1990,441.2856481218152,4,2019
thai_dof,LPF,1991,441.2856481218152,4,2019
thai_dof,LPF,1992,441.2856481218152,4,2019
thai_dof,LPF,1993,441.2856481218152,4,2019
thai_dof,LPF,1994,441.2856481218152,4,2019
thai_dof,LPF,1995,441.2856481218152,4,2019
thai_dof,LPF,1996,441.2856481218152,4,2019
thai_dof,LPF,1997,441.2856481218152,4,2019
thai_dof,LPF,1998,441.2856481218152,4,2019
thai_dof,LPF,1999,441.2856481218152,4,2019
thai_dof,LPF,2000,441.2856481218152,4,2019
thai_dof,LPF,2001,441.2856481218152,4,2019
thai_dof,LPF,2002,430.4285298511967,4,2019
thai_dof,LPF,2003,419.67344968576145,4,2019
thai_dof,LPF,2004,408.4421921889676,4,2019
thai_dof,LPF,2005,399.6018726884103,4,2019
thai_dof,LPF,2006,395.0132016361188,4,2019
thai_dof,LPF,2007,392.9878101156709,4,2019
thai_dof,LPF,2008,390.6568383312668,4,2019
thai_dof,LPF,2009,388.0154687121674,4,2019
thai_dof,LPF,2010,383.84909559273876,4,2019
thai_dof,LPF,2011,379.0000291701352,4,2019
thai_dof,LPF,2012,374.86044948122316,4,2019
thai_dof,LPF,2013,373.59737025066295,4,2019
thai_dof,LPF,2014,368.0461358878202,4,2019
thai_dof,LPF,2015,363.3913255386194,4,2019
thai_dof,LPF,2016,339.18696859274604,4,2019
thai_dof,LPF,2017,327.1906428715278,4,2019
thai_dof,LPF,2018,316.3043826519949,4,2019
thai_dof,LPF,2019,311.67661909280014,4,2019
thai_dof,MPF,1971,780.3842342165277,4,2019
thai_dof,MPF,1972,780.3842342165277,4,2019
thai_dof,MPF,1973,780.3842342165277,4,2019
thai_dof,MPF,1974,780.3842342165277,4,2019
thai_dof,MPF,1975,780.3842342165277,4,2019
thai_dof,MPF,1976,780.3842342165277,4,2019
thai_dof,MPF,1977,780.3842342165277,4,2019
thai_dof,MPF,1978,780.3842342165277,4,2019
thai_dof,MPF,1979,780.3842342165277,4,2019
thai_dof,MPF,1980,780.3842342165277,4,2019
thai_dof,MPF,1981,780.3842342165277,4,2019
thai_dof,MPF,1982,780.3842342165277,4,2019
thai_dof,MPF,1983,780.3842342165277,4,2019
thai_dof,MPF,1984,780.3842342165277,4,2019
thai_dof,MPF,1985,780.3842342165277,4,2019
thai_dof,MPF,1986,780.3842342165277,4,2019
thai_dof,MPF,1987,780.3842342165277,4,2019
thai_dof,MPF,1988,780.3842342165277,4,2019
thai_dof,MPF,1989,780.3842342165277,4,2019
thai_dof,MPF,1990,780.3842342165277,4,2019
thai_dof,MPF,1991,780.3842342165277,4,2019
thai_dof,MPF,1992,780.3842342165277,4,2019
thai_dof,MPF,1993,780.3842342165277,4,2019
thai_dof,MPF,1994,780.3842342165277,4,2019
thai_dof,MPF,1995,780.3842342165277,4,2019
thai_dof,MPF,1996,780.3842342165277,4,2019
thai_dof,MPF,1997,780.3842342165277,4,2019
thai_dof,MPF,1998,780.3842342165277,4,2019
thai_dof,MPF,1999,780.3842342165277,4,2019
thai_dof,MPF,2000,780.3842342165277,4,2019
thai_dof,MPF,2001,780.3842342165277,4,2019
thai_dof,MPF,2002,707.7476386236217,4,2019
thai_dof,MPF,2003,636.2142130023321,4,2019
thai_dof,MPF,2004,570.5489049907204,4,2019
thai_dof,MPF,2005,512.8113927621979,4,2019
thai_dof,MPF,2006,473.70498849701136,4,2019
thai_dof,MPF,2007,448.74420018837515,4,2019
thai_dof,MPF,2008,428.30745306938576,4,2019
thai_dof,MPF,2009,409.448946562578,4,2019
thai_dof,MPF,2010,388.2524797484199,4,2019
thai_dof,MPF,2011,370.2594673284853,4,2019
thai_dof,MPF,2012,354.449346708415,4,2019
thai_dof,MPF,2013,344.40920261334855,4,2019
thai_dof,MPF,2014,331.858049051807,4,2019
thai_dof,MPF,2015,318.44636646694255,4,2019
thai_dof,MPF,2016,283.5490038435971,4,2019
thai_dof,MPF,2017,263.3797661950971,4,2019
thai_dof,MPF,2018,250.229925332129,4,2019
thai_dof,MPF,2019,242.6292529648797,4,2019
thai_dof,NTU,1971,60.21863045241804,4,2019
thai_dof,NTU,1972,60.21863045241804,4,2019
thai_dof,NTU,1973,60.21863045241804,4,2019
thai_dof,NTU,1974,60.21863045241804,4,2019
thai_dof,NTU,1975,60.21863045241804,4,2019
thai_dof,NTU,1976,60.21863045241804,4,2019
thai_dof,NTU,1977,60.21863045241804,4,2019
thai_dof,NTU,1978,60.21863045241804,4,2019
thai_dof,NTU,1979,60.21863045241804,4,2019
thai_dof,NTU,1980,60.21863045241804,4,2019
thai_dof,NTU,1981,60.21863045241804,4,2019
thai_dof,NTU,1982,60.21863045241804,4,2019
thai_dof,NTU,1983,60.21863045241804,4,2019
thai_dof,NTU,1984,60.21863045241804,4,2019
thai_dof,NTU,1985,60.21863045241804,4,2019
thai_dof,NTU,1986,60.21863045241804,4,2019
thai_dof,NTU,1987,60.21863045241804,4,2019
thai_dof,NTU,1988,60.21863045241804,4,2019
thai_dof,NTU,1989,60.21863045241804,4,2019
thai_dof,NTU,1990,60.21863045241804,4,2019
thai_dof,NTU,1991,60.21863045241804,4,2019
thai_dof,NTU,1992,60.21863045241804,4,2019
thai_dof,NTU,1993,60.21863045241804,4,2019
thai_dof,NTU,1994,60.21863045241804,4,2019
thai_dof,NTU,1995,60.21863045241804,4,2019
thai_dof,NTU,1996,60.21863045241804,4,2019
thai_dof,NTU,1997,60.21863045241804,4,2019
thai_dof,NTU,1998,60.21863045241804,4,2019
thai_dof,NTU,1999,60.21863045241804,4,2019
thai_dof,NTU,2000,60.21863045241804,4,2019
thai_dof,NTU,2001,60.21863045241804,4,2019
thai_dof,NTU,2002,112.93956398936746,4,2019
thai_dof,NTU,2003,154.37465964629592,4,2019
thai_dof,NTU,2004,151.37987654575946,4,2019
thai_dof,NTU,2005,150.99651354555095,4,2019
thai_dof,NTU,2006,153.14975991020495,4,2019
thai_dof,NTU,2007,153.36462337728062,4,2019
thai_dof,NTU,2008,152.8888133822431,4,2019
thai_dof,NTU,2009,151.80715184905822,4,2019
thai_dof,NTU,2010,151.56643470672756,4,2019
thai_dof,NTU,2011,149.77395249958113,4,2019
thai_dof,NTU,2012,149.7909070018444,4,2019
thai_dof,NTU,2013,149.50528828654967,4,2019
thai_dof,NTU,2014,146.92286765998398,4,2019
thai_dof,NTU,2015,145.40819213315953,4,2019
thai_dof,NTU,2016,129.2033863242915,4,2019
thai_dof,NTU,2017,141.62058340724312,4,2019
thai_dof,NTU,2018,144.47492518345683,4,2019
thai_dof,NTU,2019,142.73533546051937,4,2019
thai_dof,SAR,1971,242.65743248328923,4,2019
thai_dof,SAR,1972,242.65743248328923,4,2019
thai_dof,SAR,1973,273.17679716359277,4,2019
thai_dof,SAR,1974,262.5769941078421,4,2019
thai_dof,SAR,1975,253.03118692420523,4,2019
thai_dof,SAR,1976,235.7405898276213,4,2019
thai_dof,SAR,1977,223.1358042100468,4,2019
thai_dof,SAR,1978,201.8932037455838,4,2019
thai_dof,SAR,1979,215.14444201275407,4,2019
thai_dof,SAR,1980,200.55688580090649,4,2019
thai_dof,SAR,1981,198.00213530233466,4,2019
thai_dof,SAR,1982,182.93338643096243,4,2019
thai_dof,SAR,1983,178.42306405182967,4,2019
thai_dof,SAR,1984,167.3353469725128,4,2019
thai_dof,SAR,1985,145.47382209494202,4,2019
thai_dof,SAR,1986,148.1240002946285,4,2019
thai_dof,SAR,1987,131.40479081695847,4,2019
thai_dof,SAR,1988,124.61860764295287,4,2019
thai_dof,SAR,1989,108.72435943524523,4,2019
thai_dof,SAR,1990,106.29868356765634,4,2019
thai_dof,SAR,1991,93.24889685913521,4,2019
thai_dof,SAR,1992,105.29139617534426,4,2019
thai_dof,SAR,1993,99.65998062260235,4,2019
thai_dof,SAR,1994,100.1644024760546,4,2019
thai_dof,SAR,1995,98.8965695098115,4,2019
thai_dof,SAR,1996,95.99416135752095,4,2019
thai_dof,SAR,1997,100.9544076504,4,2019
thai_dof,SAR,1998,101.12725492923512,4,2019
thai_dof,SAR,1999,96.18224199220539,4,2019
thai_dof,SAR,2000,92.90616896022215,4,2019
thai_dof,SAR,2001,92.88910017891357,4,2019
thai_dof,SAR,2002,74.66158823348424,4,2019
thai_dof,SAR,2003,65.1723452740216,4,2019
thai_dof,SAR,2004,53.46860773487529,4,2019
thai_dof,SAR,2005,54.799368171368954,4,2019
thai_dof,SAR,2006,57.32494513248953,4,2019
thai_dof,SAR,2007,63.022813404006534,4,2019
thai_dof,SAR,2008,69.58209692016146,4,2019
thai_dof,SAR,2009,75.66340525820108,4,2019
thai_dof,SAR,2010,81.26787747712929,4,2019
thai_dof,SAR,2011,85.51579932967275,4,2019
thai_dof,SAR,2012,87.53410549828405,4,2019
thai_dof,SAR,2013,91.30620626079309,4,2019
thai_dof,SAR,2014,94.085749436336,4,2019
thai_dof,SAR,2015,96.3247426914852,4,2019
thai_dof,SAR,2016,99.41703524432734,4,2019
thai_dof,SAR,2017,108.0143087740279,4,2019
thai_dof,SAR,2018,110.63865694235098,4,2019
thai_dof,SAR,2019,113.84015094376556,4,2019
thai_dof,SCP,1971,111.20477871642446,4,2019
thai_dof,SCP,1972,111.20477871642446,4,2019
thai_dof,SCP,1973,111.20477871642446,4,2019
thai_dof,SCP,1974,111.20477871642446,4,2019
thai_dof,SCP,1975,111.20477871642446,4,2019
thai_dof,SCP,1976,111.20477871642446,4,2019
thai_dof,SCP,1977,111.20477871642446,4,2019
thai_dof,SCP,1978,111.20477871642446,4,2019
thai_dof,SCP,1979,111.20477871642446,4,2019
thai_dof,SCP,1980,111.20477871642446,4,2019
thai_dof,SCP,1981,111.20477871642446,4,2019
thai_dof,SCP,1982,111.20477871642446,4,2019
thai_dof,SCP,1983,111.20477871642446,4,2019
thai_dof,SCP,1984,111.20477871642446,4,2019
thai_dof,SCP,1985,111.20477871642446,4,2019
thai_dof,SCP,1986,111.20477871642446,4,2019
thai_dof,SCP,1987,111.20477871642446,4,2019
thai_dof,SCP,1988,111.20477871642446,4,2019
thai_dof,SCP,1989,111.20477871642446,4,2019
thai_dof,SCP,1990,111.20477871642446,4,2019
thai_dof,SCP,1991,111.20477871642446,4,2019
thai_dof,SCP,1992,111.20477871642446,4,2019
thai_dof,SCP,1993,111.20477871642446,4,2019
thai_dof,SCP,1994,111.20477871642446,4,2019
thai_dof,SCP,1995,111.20477871642446,4,2019
thai_dof,SCP,1996,111.20477871642446,4,2019
thai_dof,SCP,1997,111.20477871642446,4,2019
thai_dof,SCP,1998,111.20477871642446,4,2019
thai_dof,SCP,1999,111.20477871642446,4,2019
thai_dof,SCP,2000,111.20477871642446,4,2019
thai_dof,SCP,2001,111.20477871642446,4,2019
thai_dof,SCP,2002,113.07012747243984,4,2019
thai_dof,SCP,2003,112.16053693471272,4,2019
thai_dof,SCP,2004,107.84843541509665,4,2019
thai_dof,SCP,2005,104.77504990974934,4,2019
thai_dof,SCP,2006,104.5501185712289,4,2019
thai_dof,SCP,2007,106.11665575154139,4,2019
thai_dof,SCP,2008,107.58440566245744,4,2019
thai_dof,SCP,2009,109.65743175857901,4,2019
thai_dof,SCP,2010,111.73201286496929,4,2019
thai_dof,SCP,2011,113.98913576040152,4,2019
thai_dof,SCP,2012,115.1425220028009,4,2019
thai_dof,SCP,2013,117.47746237332615,4,2019
thai_dof,SCP,2014,118.4217176849824,4,2019
thai_dof,SCP,2015,119.18231556859884,4,2019
thai_dof,SCP,2016,103.11320141011056,4,2019
thai_dof,SCP,2017,101.49237681725587,4,2019
thai_dof,SCP,2018,106.46473415528801,4,2019
thai_dof,SCP,2019,111.97489549853047,4,2019
thai_dof,ANC,1971,106.92627877643461,5,2018
thai_dof,ANC,1972,106.92627877643461,5,2018
thai_dof,ANC,1973,106.92627877643461,5,2018
thai_dof,ANC,1974,106.92627877643461,5,2018
thai_dof,ANC,1975,106.92627877643461,5,2018
thai_dof,ANC,1976,106.92627877643461,5,2018
thai_dof,ANC,1977,106.92627877643461,5,2018
thai_dof,ANC,1978,106.92627877643461,5,2018
thai_dof,ANC,1979,106.92627877643461,5,2018
thai_dof,ANC,1980,106.92627877643461,5,2018
thai_dof,ANC,1981,106.92627877643461,5,2018
thai_dof,ANC,1982,106.92627877643461,5,2018
thai_dof,ANC,1983,106.92627877643461,5,2018
thai_dof,ANC,1984,106.92627877643461,5,2018
thai_dof,ANC,1985,106.92627877643461,5,2018
thai_dof,ANC,1986,106.92627877643461,5,2018
thai_dof,ANC,1987,106.92627877643461,5,2018
thai_dof,ANC,1988,106.92627877643461,5,2018
thai_dof,ANC,1989,106.92627877643461,5,2018
thai_dof,ANC,1990,106.92627877643461,5,2018
thai_dof,ANC,1991,106.92627877643461,5,2018
thai_dof,ANC,1992,106.92627877643461,5,2018
thai_dof,ANC,1993,106.92627877643461,5,2018
thai_dof,ANC,1994,106.92627877643461,5,2018
thai_dof,ANC,1995,106.92627877643461,5,2018
thai_dof,ANC,1996,106.92627877643461,5,2018
thai_dof,ANC,1997,107.47014331620655,5,2018
thai_dof,ANC,1998,109.36944270850819,5,2018
thai_dof,ANC,1999,115.06045585470717,5,2018
thai_dof,ANC,2000,128.02725376209102,5,2018
thai_dof,ANC,2001,136.76219139780565,5,2018
thai_dof,ANC,2002,145.5940175869518,5,2018
thai_dof,ANC,2003,141.28427150702956,5,2018
thai_dof,ANC,2004,132.35356401449698,5,2018
thai_dof,ANC,2005,143.70133012424964,5,2018
thai_dof,ANC,2006,139.5213474184713,5,2018
thai_dof,ANC,2007,142.38486228887862,5,2018
thai_dof,ANC,2008,150.8867569023078,5,2018
thai_dof,ANC,2009,147.299642297212,5,2018
thai_dof,ANC,2010,155.0362110288928,5,2018
thai_dof,ANC,2011,165.29422081833042,5,2018
thai_dof,ANC,2012,164.88817049955853,5,2018
thai_dof,ANC,2013,198.49485042445247,5,2018
thai_dof,ANC,2014,214.36103916656998,5,2018
thai_dof,ANC,2015,203.68279284226145,5,2018
thai_dof,ANC,2016,211.59988962733388,5,2018
thai_dof,ANC,2017,187.99264100320033,5,2018
thai_dof,ANC,2018,219.6943394497968,5,2018
thai_dof,CMA,1971,420.9590426689198,5,2018
thai_dof,CMA,1972,417.95468783546346,5,2018
thai_dof,CMA,1973,414.9182158687894,5,2018
thai_dof,CMA,1974,410.27018901957155,5,2018
thai_dof,CMA,1975,402.6381319216687,5,2018
thai_dof,CMA,1976,391.17152583867556,5,2018
thai_dof,CMA,1977,377.2532191105959,5,2018
thai_dof,CMA,1978,357.79887803189195,5,2018
thai_dof,CMA,1979,346.17223641021843,5,2018
thai_dof,CMA,1980,333.4061711980648,5,2018
thai_dof,CMA,1981,324.2464088859479,5,2018
thai_dof,CMA,1982,314.1249606736512,5,2018
thai_dof,CMA,1983,305.234666434306,5,2018
thai_dof,CMA,1984,296.91522728934336,5,2018
thai_dof,CMA,1985,283.7616484729816,5,2018
thai_dof,CMA,1986,275.7707208195937,5,2018
thai_dof,CMA,1987,262.55033377888265,5,2018
thai_dof,CMA,1988,251.0408180693122,5,2018
thai_dof,CMA,1989,233.50511644688407,5,2018
thai_dof,CMA,1990,225.1146057095555,5,2018
thai_dof,CMA,1991,209.312878715449,5,2018
thai_dof,CMA,1992,208.2362913124702,5,2018
thai_dof,CMA,1993,204.22644260277238,5,2018
thai_dof,CMA,1994,198.83213184688907,5,2018
thai_dof,CMA,1995,193.59507528685296,5,2018
thai_dof,CMA,1996,186.45942024977688,5,2018
thai_dof,CMA,1997,183.94610424877555,5,2018
thai_dof,CMA,1998,181.71267439944674,5,2018
thai_dof,CMA,1999,177.63108019959995,5,2018
thai_dof,CMA,2000,171.29760862374124,5,2018
thai_dof,CMA,2001,169.5408083103335,5,2018
thai_dof,CMA,2002,167.41458543246074,5,2018
thai_dof,CMA,2003,162.88013855019815,5,2018
thai_dof,CMA,2004,155.14249024423717,5,2018
thai_dof,CMA,2005,147.73091234187905,5,2018
thai_dof,CMA,2006,141.07648442960306,5,2018
thai_dof,CMA,2007,136.62778786501386,5,2018
thai_dof,CMA,2008,132.73715259827043,5,2018
thai_dof,CMA,2009,128.19497476042807,5,2018
thai_dof,CMA,2010,123.16674195392166,5,2018
thai_dof,CMA,2011,116.5713116674309,5,2018
thai_dof,CMA,2012,110.94538906248542,5,2018
thai_dof,CMA,2013,106.44391210990923,5,2018
thai_dof,CMA,2014,101.5233990047802,5,2018
thai_dof,CMA,2015,96.20804187980572,5,2018
thai_dof,CMA,2016,81.70687251398827,5,2018
thai_dof,CMA,2017,72.67029896261602,5,2018
thai_dof,CMA,2018,62.96365417001815,5,2018
thai_dof,DMF,1971,178.09646991716966,5,2018
thai_dof,DMF,1972,189.63127499787672,5,2018
thai_dof,DMF,1973,183.02721671098215,5,2018
thai_dof,DMF,1974,168.29547564004085,5,2018
thai_dof,DMF,1975,169.23439454061864,5,2018
thai_dof,DMF,1976,167.8391418184298,5,2018
thai_dof,DMF,1977,157.82454116501404,5,2018
thai_dof,DMF,1978,143.12928540762857,5,2018
thai_dof,DMF,1979,136.94742753443845,5,2018
thai_dof,DMF,1980,131.13630017119542,5,2018
thai_dof,DMF,1981,129.20403590835272,5,2018
thai_dof,DMF,1982,124.4682395414717,5,2018
thai_dof,DMF,1983,122.50519447371883,5,2018
thai_dof,DMF,1984,115.41734291934605,5,2018
thai_dof,DMF,1985,113.33810181313281,5,2018
thai_dof,DMF,1986,107.57054996214639,5,2018
thai_dof,DMF,1987,95.69554515195716,5,2018
thai_dof,DMF,1988,86.65202324489076,5,2018
thai_dof,DMF,1989,82.14793822784915,5,2018
thai_dof,DMF,1990,79.85729457817865,5,2018
thai_dof,DMF,1991,76.00785916661742,5,2018
thai_dof,DMF,1992,75.58051203543091,5,2018
thai_dof,DMF,1993,75.4437406832538,5,2018
thai_dof,DMF,1994,72.20607579896307,5,2018
thai_dof,DMF,1995,66.66724192208606,5,2018
thai_dof,DMF,1996,61.607242958338816,5,2018
thai_dof,DMF,1997,58.90383515650977,5,2018
thai_dof,DMF,1998,55.602638384048845,5,2018
thai_dof,DMF,1999,50.154672198578936,5,2018
thai_dof,DMF,2000,48.18965766811048,5,2018
thai_dof,DMF,2001,46.561126531714024,5,2018
thai_dof,DMF,2002,47.49935303988014,5,2018
thai_dof,DMF,2003,48.92267900955469,5,2018
thai_dof,DMF,2004,50.0375545079356,5,2018
thai_dof,DMF,2005,54.708375066958396,5,2018
thai_dof,DMF,2006,57.56507511250556,5,2018
thai_dof,DMF,2007,61.12344540555425,5,2018
thai_dof,DMF,2008,65.693232983348,5,2018
thai_dof,DMF,2009,67.78962429203395,5,2018
thai_dof,DMF,2010,68.99453973094847,5,2018
thai_dof,DMF,2011,66.35559950537669,5,2018
thai_dof,DMF,2012,63.856962938156734,5,2018
thai_dof,DMF,2013,66.37274033549055,5,2018
thai_dof,DMF,2014,63.85608191165075,5,2018
thai_dof,DMF,2015,62.322631319070496,5,2018
thai_dof,DMF,2016,59.762163508209696,5,2018
thai_dof,DMF,2017,62.59818908743607,5,2018
thai_dof,DMF,2018,67.79315646689659,5,2018
thai_dof,LPF,1971,418.61534399538397,5,2018
thai_dof,LPF,1972,418.61534399538397,5,2018
thai_dof,LPF,1973,418.61534399538397,5,2018
thai_dof,LPF,1974,418.61534399538397,5,2018
thai_dof,LPF,1975,418.61534399538397,5,2018
thai_dof,LPF,1976,418.61534399538397,5,2018
thai_dof,LPF,1977,418.61534399538397,5,2018
thai_dof,LPF,1978,418.61534399538397,5,2018
thai_dof,LPF,1979,418.61534399538397,5,2018
thai_dof,LPF,1980,418.61534399538397,5,2018
thai_dof,LPF,1981,418.61534399538397,5,2018
thai_dof,LPF,1982,418.61534399538397,5,2018
thai_dof,LPF,1983,418.61534399538397,5,2018
thai_dof,LPF,1984,418.61534399538397,5,2018
thai_dof,LPF,1985,418.61534399538397,5,2018
thai_dof,LPF,1986,418.61534399538397,5,2018
thai_dof,LPF,1987,418.61534399538397,5,2018
thai_dof,LPF,1988,418.61534399538397,5,2018
thai_dof,LPF,1989,418.61534399538397,5,2018
thai_dof,LPF,1990,418.61534399538397,5,2018
thai_dof,LPF,1991,418.61534399538397,5,2018
thai_dof,LPF,1992,418.61534399538397,5,2018
thai_dof,LPF,1993,418.61534399538397,5,2018
thai_dof,LPF,1994,418.61534399538397,5,2018
thai_dof,LPF,1995,418.61534399538397,5,2018
thai_dof,LPF,1996,418.61534399538397,5,2018
thai_dof,LPF,1997,418.61534399538397,5,2018
thai_dof,LPF,1998,418.61534399538397,5,2018
thai_dof,LPF,1999,418.61534399538397,5,2018
thai_dof,LPF,2000,418.61534399538397,5,2018
thai_dof,LPF,2001,418.61534399538397,5,2018
thai_dof,LPF,2002,403.05502532296765,5,2018
thai_dof,LPF,2003,388.49296311435415,5,2018
thai_dof,LPF,2004,374.08892365070994,5,2018
thai_dof,LPF,2005,362.59546440792354,5,2018
thai_dof,LPF,2006,355.84418604449104,5,2018
thai_dof,LPF,2007,352.0881360736921,5,2018
thai_dof,LPF,2008,348.4780686731483,5,2018
thai_dof,LPF,2009,344.90238481472295,5,2018
thai_dof,LPF,2010,340.02884602271064,5,2018
thai_dof,LPF,2011,334.6121051267409,5,2018
thai_dof,LPF,2012,330.06381863831825,5,2018
thai_dof,LPF,2013,328.42690020112485,5,2018
thai_dof,LPF,2014,322.90683720058945,5,2018
thai_dof,LPF,2015,318.29390144716473,5,2018
thai_dof,LPF,2016,296.12731200118697,5,2018
thai_dof,LPF,2017,283.1805806868168,5,2018
thai_dof,LPF,2018,269.8437611647382,5,2018
thai_dof,MPF,1971,696.3977233456259,5,2018
thai_dof,MPF,1972,696.3977233456259,5,2018
thai_dof,MPF,1973,696.3977233456259,5,2018
thai_dof,MPF,1974,696.3977233456259,5,2018
thai_dof,MPF,1975,696.3977233456259,5,2018
thai_dof,MPF,1976,696.3977233456259,5,2018
thai_dof,MPF,1977,696.3977233456259,5,2018
thai_dof,MPF,1978,696.3977233456259,5,2018
thai_dof,MPF,1979,696.3977233456259,5,2018
thai_dof,MPF,1980,696.3977233456259,5,2018
thai_dof,MPF,1981,696.3977233456259,5,2018
thai_dof,MPF,1982,696.3977233456259,5,2018
thai_dof,MPF,1983,696.3977233456259,5,2018
thai_dof,MPF,1984,696.3977233456259,5,2018
thai_dof,MPF,1985,696.3977233456259,5,2018
thai_dof,MPF,1986,696.3977233456259,5,2018
thai_dof,MPF,1987,696.3977233456259,5,2018
thai_dof,MPF,1988,696.3977233456259,5,2018
thai_dof,MPF,1989,696.3977233456259,5,2018
thai_dof,MPF,1990,696.3977233456259,5,2018
thai_dof,MPF,1991,696.3977233456259,5,2018
thai_dof,MPF,1992,696.3977233456259,5,2018
thai_dof,MPF,1993,696.3977233456259,5,2018
thai_dof,MPF,1994,696.3977233456259,5,2018
thai_dof,MPF,1995,696.3977233456259,5,2018
thai_dof,MPF,1996,696.3977233456259,5,2018
thai_dof,MPF,1997,696.3977233456259,5,2018
thai_dof,MPF,1998,696.3977233456259,5,2018
thai_dof,MPF,1999,696.3977233456259,5,2018
thai_dof,MPF,2000,696.3977233456259,5,2018
thai_dof,MPF,2001,696.3977233456259,5,2018
thai_dof,MPF,2002,634.04309324335,5,2018
thai_dof,MPF,2003,572.4983909351823,5,2018
thai_dof,MPF,2004,515.642762128756,5,2018
thai_dof,MPF,2005,465.32758111857197,5,2018
thai_dof,MPF,2006,432.1698961917926,5,2018
thai_dof,MPF,2007,411.9454679909117,5,2018
thai_dof,MPF,2008,395.16032085069867,5,2018
thai_dof,MPF,2009,379.0050534852446,5,2018
thai_dof,MPF,2010,359.5878349039184,5,2018
thai_dof,MPF,2011,342.5273003820729,5,2018
thai_dof,MPF,2012,326.98340967973894,5,2018
thai_dof,MPF,2013,316.7750913453753,5,2018
thai_dof,MPF,2014,303.07917891568894,5,2018
thai_dof,MPF,2015,287.69971880353677,5,2018
thai_dof,MPF,2016,247.29595602132545,5,2018
thai_dof,MPF,2017,224.33884653641178,5,2018
thai_dof,MPF,2018,209.44179534341527,5,2018
thai_dof,NTU,1971,149.09180352339928,5,2018
thai_dof,NTU,1972,149.09180352339928,5,2018
thai_dof,NTU,1973,149.09180352339928,5,2018
thai_dof,NTU,1974,149.09180352339928,5,2018
thai_dof,NTU,1975,149.09180352339928,5,2018
thai_dof,NTU,1976,149.09180352339928,5,2018
thai_dof,NTU,1977,149.09180352339928,5,2018
thai_dof,NTU,1978,149.09180352339928,5,2018
thai_dof,NTU,1979,149.09180352339928,5,2018
thai_dof,NTU,1980,149.09180352339928,5,2018
thai_dof,NTU,1981,149.09180352339928,5,2018
thai_dof,NTU,1982,149.09180352339928,5,2018
thai_dof,NTU,1983,149.09180352339928,5,2018
thai_dof,NTU,1984,149.09180352339928,5,2018
thai_dof,NTU,1985,149.09180352339928,5,2018
thai_dof,NTU,1986,149.09180352339928,5,2018
thai_dof,NTU,1987,149.09180352339928,5,2018
thai_dof,NTU,1988,149.09180352339928,5,2018
thai_dof,NTU,1989,149.09180352339928,5,2018
thai_dof,NTU,1990,149.09180352339928,5,2018
thai_dof,NTU,1991,149.09180352339928,5,2018
thai_dof,NTU,1992,149.09180352339928,5,2018
thai_dof,NTU,1993,149.09180352339928,5,2018
thai_dof,NTU,1994,149.09180352339928,5,2018
thai_dof,NTU,1995,149.09180352339928,5,2018
thai_dof,NTU,1996,149.09180352339928,5,2018
thai_dof,NTU,1997,149.09180352339928,5,2018
thai_dof,NTU,1998,149.09180352339928,5,2018
thai_dof,NTU,1999,149.09180352339928,5,2018
thai_dof,NTU,2000,149.09180352339928,5,2018
thai_dof,NTU,2001,149.09180352339928,5,2018
thai_dof,NTU,2002,154.50220794613432,5,2018
thai_dof,NTU,2003,156.61258324711474,5,2018
thai_dof,NTU,2004,157.7632505733822,5,2018
thai_dof,NTU,2005,157.63396409626483,5,2018
thai_dof,NTU,2006,160.26157558093797,5,2018
thai_dof,NTU,2007,164.48674605127962,5,2018
thai_dof,NTU,2008,169.0126981469545,5,2018
thai_dof,NTU,2009,173.00280590266715,5,2018
thai_dof,NTU,2010,177.04054976446307,5,2018
thai_dof,NTU,2011,179.90577139900915,5,2018
thai_dof,NTU,2012,183.15490951136798,5,2018
thai_dof,NTU,2013,187.0151346017792,5,2018
thai_dof,NTU,2014,189.4815357974816,5,2018
thai_dof,NTU,2015,190.53557792055398,5,2018
thai_dof,NTU,2016,178.02595075484433,5,2018
thai_dof,NTU,2017,173.51514304706023,5,2018
thai_dof,NTU,2018,173.47686506691826,5,2018
thai_dof,SAR,1971,255.34021526941527,5,2018
thai_dof,SAR,1972,255.34021526941527,5,2018
thai_dof,SAR,1973,286.3015622048075,5,2018
thai_dof,SAR,1974,280.5253554125169,5,2018
thai_dof,SAR,1975,268.4551726670648,5,2018
thai_dof,SAR,1976,249.47435577504433,5,2018
thai_dof,SAR,1977,234.96529218000342,5,2018
thai_dof,SAR,1978,212.57516667904784,5,2018
thai_dof,SAR,1979,224.64223362471424,5,2018
thai_dof,SAR,1980,212.73125556023993,5,2018
thai_dof,SAR,1981,209.78530707947044,5,2018
thai_dof,SAR,1982,195.49525055801774,5,2018
thai_dof,SAR,1983,190.73940612415603,5,2018
thai_dof,SAR,1984,180.18987047151268,5,2018
thai_dof,SAR,1985,157.42545378459306,5,2018
thai_dof,SAR,1986,159.70281925652694,5,2018
thai_dof,SAR,1987,141.9163645345026,5,2018
thai_dof,SAR,1988,134.10732557888386,5,2018
thai_dof,SAR,1989,114.1262826744248,5,2018
thai_dof,SAR,1990,111.78844043935045,5,2018
thai_dof,SAR,1991,94.6448362601816,5,2018
thai_dof,SAR,1992,109.33696420507081,5,2018
thai_dof,SAR,1993,104.32174181651843,5,2018
thai_dof,SAR,1994,104.10756861198367,5,2018
thai_dof,SAR,1995,101.66326613715226,5,2018
thai_dof,SAR,1996,96.43744069200041,5,2018
thai_dof,SAR,1997,104.84495513572783,5,2018
thai_dof,SAR,1998,106.28703755537407,5,2018
thai_dof,SAR,1999,98.68622727450334,5,2018
thai_dof,SAR,2000,89.58752880225953,5,2018
thai_dof,SAR,2001,88.28894431922053,5,2018
thai_dof,SAR,2002,72.2201068617301,5,2018
thai_dof,SAR,2003,64.525134240202,5,2018
thai_dof,SAR,2004,55.5612246129986,5,2018
thai_dof,SAR,2005,58.16792534245121,5,2018
thai_dof,SAR,2006,61.65797795759262,5,2018
thai_dof,SAR,2007,68.21610828307773,5,2018
thai_dof,SAR,2008,75.33764732365638,5,2018
thai_dof,SAR,2009,81.6346298227475,5,2018
thai_dof,SAR,2010,87.16068595833354,5,2018
thai_dof,SAR,2011,91.19364372294635,5,2018
thai_dof,SAR,2012,92.84466891134865,5,2018
thai_dof,SAR,2013,96.48830215186824,5,2018
thai_dof,SAR,2014,99.24941171986562,5,2018
thai_dof,SAR,2015,101.42891613920912,5,2018
thai_dof,SAR,2016,104.61783038389741,5,2018
thai_dof,SAR,2017,111.97890558023828,5,2018
thai_dof,SAR,2018,115.90613798371119,5,2018
thai_dof,SCP,1971,112.839762213346,5,2018
thai_dof,SCP,1972,112.839762213346,5,2018
thai_dof,SCP,1973,112.839762213346,5,2018
thai_dof,SCP,1974,112.839762213346,5,2018
thai_dof,SCP,1975,112.839762213346,5,2018
thai_dof,SCP,1976,112.839762213346,5,2018
thai_dof,SCP,1977,112.839762213346,5,2018
thai_dof,SCP,1978,112.839762213346,5,2018
thai_dof,SCP,1979,112.839762213346,5,2018
thai_dof,SCP,1980,112.839762213346,5,2018
thai_dof,SCP,1981,112.839762213346,5,2018
thai_dof,SCP,1982,112.839762213346,5,2018
thai_dof,SCP,1983,112.839762213346,5,2018
thai_dof,SCP,1984,112.839762213346,5,2018
thai_dof,SCP,1985,112.839762213346,5,2018
thai_dof,SCP,1986,112.839762213346,5,2018
thai_dof,SCP,1987,112.839762213346,5,2018
thai_dof,SCP,1988,112.839762213346,5,2018
thai_dof,SCP,1989,112.839762213346,5,2018
thai_dof,SCP,1990,112.839762213346,5,2018
thai_dof,SCP,1991,112.839762213346,5,2018
thai_dof,SCP,1992,112.839762213346,5,2018
thai_dof,SCP,1993,112.839762213346,5,2018
thai_dof,SCP,1994,112.839762213346,5,2018
thai_dof,SCP,1995,112.839762213346,5,2018
thai_dof,SCP,1996,112.839762213346,5,2018
thai_dof,SCP,1997,112.839762213346,5,2018
thai_dof,SCP,1998,112.839762213346,5,2018
thai_dof,SCP,1999,112.839762213346,5,2018
thai_dof,SCP,2000,112.839762213346,5,2018
thai_dof,SCP,2001,112.839762213346,5,2018
thai_dof,SCP,2002,116.02755545219742,5,2018
thai_dof,SCP,2003,116.14099229741235,5,2018
thai_dof,SCP,2004,112.51963512835344,5,2018
thai_dof,SCP,2005,109.90973340333397,5,2018
thai_dof,SCP,2006,109.97549846544172,5,2018
thai_dof,SCP,2007,111.6551268084677,5,2018
thai_dof,SCP,2008,113.0816189202591,5,2018
thai_dof,SCP,2009,114.97655770714783,5,2018
thai_dof,SCP,2010,116.69005279143764,5,2018
thai_dof,SCP,2011,118.41538854229778,5,2018
thai_dof,SCP,2012,118.85524763820627,5,2018
thai_dof,SCP,2013,120.30962799881254,5,2018
thai_dof,SCP,2014,120.24972127884358,5,2018
thai_dof,SCP,2015,119.87651322378458,5,2018
thai_dof,SCP,2016,102.74314916842937,5,2018
thai_dof,SCP,2017,100.18609360768903,5,2018
thai_dof,SCP,2018,103.90310179420538,5,2018
recent_2016,ANC,1971,110.09591176147761,0,2023
recent_2016,ANC,1972,110.09591176147761,0,2023
recent_2016,ANC,1973,110.09591176147761,0,2023
recent_2016,ANC,1974,110.09591176147761,0,2023
recent_2016,ANC,1975,110.09591176147761,0,2023
recent_2016,ANC,1976,110.09591176147761,0,2023
recent_2016,ANC,1977,110.09591176147761,0,2023
recent_2016,ANC,1978,110.09591176147761,0,2023
recent_2016,ANC,1979,110.09591176147761,0,2023
recent_2016,ANC,1980,110.09591176147761,0,2023
recent_2016,ANC,1981,110.09591176147761,0,2023
recent_2016,ANC,1982,110.09591176147761,0,2023
recent_2016,ANC,1983,110.09591176147761,0,2023
recent_2016,ANC,1984,110.09591176147761,0,2023
recent_2016,ANC,1985,110.09591176147761,0,2023
recent_2016,ANC,1986,110.09591176147761,0,2023
recent_2016,ANC,1987,110.09591176147761,0,2023
recent_2016,ANC,1988,110.09591176147761,0,2023
recent_2016,ANC,1989,110.09591176147761,0,2023
recent_2016,ANC,1990,110.09591176147761,0,2023
recent_2016,ANC,1991,110.09591176147761,0,2023
recent_2016,ANC,1992,110.09591176147761,0,2023
recent_2016,ANC,1993,110.09591176147761,0,2023
recent_2016,ANC,1994,110.09591176147761,0,2023
recent_2016,ANC,1995,110.09591176147761,0,2023
recent_2016,ANC,1996,110.09591176147761,0,2023
recent_2016,ANC,1997,110.09591176147761,0,2023
recent_2016,ANC,1998,110.09591176147761,0,2023
recent_2016,ANC,1999,110.09591176147761,0,2023
recent_2016,ANC,2000,110.09591176147761,0,2023
recent_2016,ANC,2001,110.09591176147761,0,2023
recent_2016,ANC,2002,110.09591176147761,0,2023
recent_2016,ANC,2003,110.09591176147761,0,2023
recent_2016,ANC,2004,110.09591176147761,0,2023
recent_2016,ANC,2005,110.09591176147761,0,2023
recent_2016,ANC,2006,110.09591176147761,0,2023
recent_2016,ANC,2007,110.09591176147761,0,2023
recent_2016,ANC,2008,110.09591176147761,0,2023
recent_2016,ANC,2009,110.09591176147761,0,2023
recent_2016,ANC,2010,110.09591176147761,0,2023
recent_2016,ANC,2011,110.09591176147761,0,2023
recent_2016,ANC,2012,110.09591176147761,0,2023
recent_2016,ANC,2013,110.09591176147761,0,2023
recent_2016,ANC,2014,110.09591176147761,0,2023
recent_2016,ANC,2015,110.09591176147761,0,2023
recent_2016,ANC,2016,110.09591176147761,0,2023
recent_2016,ANC,2017,125.98606597193205,0,2023
recent_2016,ANC,2018,134.8426218925637,0,2023
recent_2016,ANC,2019,136.55243487508858,0,2023
recent_2016,ANC,2020,134.10103593136427,0,2023
recent_2016,ANC,2021,144.6412421211077,0,2023
recent_2016,ANC,2022,143.05779981241443,0,2023
recent_2016,ANC,2023,140.8922511704543,0,2023
recent_2016,CMA,1971,673.0617200647852,0,2023
recent_2016,CMA,1972,673.0617200647852,0,2023
recent_2016,CMA,1973,673.0617200647852,0,2023
recent_2016,CMA,1974,673.0617200647852,0,2023
recent_2016,CMA,1975,673.0617200647852,0,2023
recent_2016,CMA,1976,673.0617200647852,0,2023
recent_2016,CMA,1977,673.0617200647852,0,2023
recent_2016,CMA,1978,673.0617200647852,0,2023
recent_2016,CMA,1979,673.0617200647852,0,2023
recent_2016,CMA,1980,673.0617200647852,0,2023
recent_2016,CMA,1981,673.0617200647852,0,2023
recent_2016,CMA,1982,673.0617200647852,0,2023
recent_2016,CMA,1983,673.0617200647852,0,2023
recent_2016,CMA,1984,673.0617200647852,0,2023
recent_2016,CMA,1985,673.0617200647852,0,2023
recent_2016,CMA,1986,673.0617200647852,0,2023
recent_2016,CMA,1987,673.0617200647852,0,2023
recent_2016,CMA,1988,673.0617200647852,0,2023
recent_2016,CMA,1989,673.0617200647852,0,2023
recent_2016,CMA,1990,673.0617200647852,0,2023
recent_2016,CMA,1991,673.0617200647852,0,2023
recent_2016,CMA,1992,673.0617200647852,0,2023
recent_2016,CMA,1993,673.0617200647852,0,2023
recent_2016,CMA,1994,673.0617200647852,0,2023
recent_2016,CMA,1995,673.0617200647852,0,2023
recent_2016,CMA,1996,673.0617200647852,0,2023
recent_2016,CMA,1997,673.0617200647852,0,2023
recent_2016,CMA,1998,673.0617200647852,0,2023
recent_2016,CMA,1999,673.0617200647852,0,2023
recent_2016,CMA,2000,673.0617200647852,0,2023
recent_2016,CMA,2001,673.0617200647852,0,2023
recent_2016,CMA,2002,673.0617200647852,0,2023
recent_2016,CMA,2003,673.0617200647852,0,2023
recent_2016,CMA,2004,673.0617200647852,0,2023
recent_2016,CMA,2005,673.0617200647852,0,2023
recent_2016,CMA,2006,673.0617200647852,0,2023
recent_2016,CMA,2007,673.0617200647852,0,2023
recent_2016,CMA,2008,673.0617200647852,0,2023
recent_2016,CMA,2009,673.0617200647852,0,2023
recent_2016,CMA,2010,673.0617200647852,0,2023
recent_2016,CMA,2011,673.0617200647852,0,2023
recent_2016,CMA,2012,673.0617200647852,0,2023
recent_2016,CMA,2013,673.0617200647852,0,2023
recent_2016,CMA,2014,673.0617200647852,0,2023
recent_2016,CMA,2015,673.0617200647852,0,2023
recent_2016,CMA,2016,673.0617200647852,0,2023
recent_2016,CMA,2017,701.7306493773156,0,2023
recent_2016,CMA,2018,723.1388413331812,0,2023
recent_2016,CMA,2019,742.6345983979486,0,2023
recent_2016,CMA,2020,753.2722202298235,0,2023
recent_2016,CMA,2021,769.215324216385,0,2023
recent_2016,CMA,2022,780.2693895477826,0,2023
recent_2016,CMA,2023,788.8187621258629,0,2023
recent_2016,DMF,1971,179.53814931723917,0,2023
recent_2016,DMF,1972,179.53814931723917,0,2023
recent_2016,DMF,1973,179.53814931723917,0,2023
recent_2016,DMF,1974,179.53814931723917,0,2023
recent_2016,DMF,1975,179.53814931723917,0,2023
recent_2016,DMF,1976,179.53814931723917,0,2023
recent_2016,DMF,1977,179.53814931723917,0,2023
recent_2016,DMF,1978,179.53814931723917,0,2023
recent_2016,DMF,1979,179.53814931723917,0,2023
recent_2016,DMF,1980,179.53814931723917,0,2023
recent_2016,DMF,1981,179.53814931723917,0,2023
recent_2016,DMF,1982,179.53814931723917,0,2023
recent_2016,DMF,1983,179.53814931723917,0,2023
recent_2016,DMF,1984,179.53814931723917,0,2023
recent_2016,DMF,1985,179.53814931723917,0,2023
recent_2016,DMF,1986,179.53814931723917,0,2023
recent_2016,DMF,1987,179.53814931723917,0,2023
recent_2016,DMF,1988,179.53814931723917,0,2023
recent_2016,DMF,1989,179.53814931723917,0,2023
recent_2016,DMF,1990,179.53814931723917,0,2023
recent_2016,DMF,1991,179.53814931723917,0,2023
recent_2016,DMF,1992,179.53814931723917,0,2023
recent_2016,DMF,1993,179.53814931723917,0,2023
recent_2016,DMF,1994,179.53814931723917,0,2023
recent_2016,DMF,1995,179.53814931723917,0,2023
recent_2016,DMF,1996,179.53814931723917,0,2023
recent_2016,DMF,1997,179.53814931723917,0,2023
recent_2016,DMF,1998,179.53814931723917,0,2023
recent_2016,DMF,1999,179.53814931723917,0,2023
recent_2016,DMF,2000,179.53814931723917,0,2023
recent_2016,DMF,2001,179.53814931723917,0,2023
recent_2016,DMF,2002,179.53814931723917,0,2023
recent_2016,DMF,2003,179.53814931723917,0,2023
recent_2016,DMF,2004,179.53814931723917,0,2023
recent_2016,DMF,2005,179.53814931723917,0,2023
recent_2016,DMF,2006,179.53814931723917,0,2023
recent_2016,DMF,2007,179.53814931723917,0,2023
recent_2016,DMF,2008,179.53814931723917,0,2023
recent_2016,DMF,2009,179.53814931723917,0,2023
recent_2016,DMF,2010,179.53814931723917,0,2023
recent_2016,DMF,2011,179.53814931723917,0,2023
recent_2016,DMF,2012,179.53814931723917,0,2023
recent_2016,DMF,2013,179.53814931723917,0,2023
recent_2016,DMF,2014,179.53814931723917,0,2023
recent_2016,DMF,2015,179.53814931723917,0,2023
recent_2016,DMF,2016,179.53814931723917,0,2023
recent_2016,DMF,2017,241.04617776576052,0,2023
recent_2016,DMF,2018,286.8456049081556,0,2023
recent_2016,DMF,2019,314.0159854108302,0,2023
recent_2016,DMF,2020,325.68201577420024,0,2023
recent_2016,DMF,2021,343.0991532648084,0,2023
recent_2016,DMF,2022,353.4173418342046,0,2023
recent_2016,DMF,2023,360.37371550140716,0,2023
recent_2016,LPF,1971,525.9973697773189,0,2023
recent_2016,LPF,1972,525.9973697773189,0,2023
recent_2016,LPF,1973,525.9973697773189,0,2023
recent_2016,LPF,1974,525.9973697773189,0,2023
recent_2016,LPF,1975,525.9973697773189,0,2023
recent_2016,LPF,1976,525.9973697773189,0,2023
recent_2016,LPF,1977,525.9973697773189,0,2023
recent_2016,LPF,1978,525.9973697773189,0,2023
recent_2016,LPF,1979,525.9973697773189,0,2023
recent_2016,LPF,1980,525.9973697773189,0,2023
recent_2016,LPF,1981,525.9973697773189,0,2023
recent_2016,LPF,1982,525.9973697773189,0,2023
recent_2016,LPF,1983,525.9973697773189,0,2023
recent_2016,LPF,1984,525.9973697773189,0,2023
recent_2016,LPF,1985,525.9973697773189,0,2023
recent_2016,LPF,1986,525.9973697773189,0,2023
recent_2016,LPF,1987,525.9973697773189,0,2023
recent_2016,LPF,1988,525.9973697773189,0,2023
recent_2016,LPF,1989,525.9973697773189,0,2023
recent_2016,LPF,1990,525.9973697773189,0,2023
recent_2016,LPF,1991,525.9973697773189,0,2023
recent_2016,LPF,1992,525.9973697773189,0,2023
recent_2016,LPF,1993,525.9973697773189,0,2023
recent_2016,LPF,1994,525.9973697773189,0,2023
recent_2016,LPF,1995,525.9973697773189,0,2023
recent_2016,LPF,1996,525.9973697773189,0,2023
recent_2016,LPF,1997,525.9973697773189,0,2023
recent_2016,LPF,1998,525.9973697773189,0,2023
recent_2016,LPF,1999,525.9973697773189,0,2023
recent_2016,LPF,2000,525.9973697773189,0,2023
recent_2016,LPF,2001,525.9973697773189,0,2023
recent_2016,LPF,2002,525.9973697773189,0,2023
recent_2016,LPF,2003,525.9973697773189,0,2023
recent_2016,LPF,2004,525.9973697773189,0,2023
recent_2016,LPF,2005,525.9973697773189,0,2023
recent_2016,LPF,2006,525.9973697773189,0,2023
recent_2016,LPF,2007,525.9973697773189,0,2023
recent_2016,LPF,2008,525.9973697773189,0,2023
recent_2016,LPF,2009,525.9973697773189,0,2023
recent_2016,LPF,2010,525.9973697773189,0,2023
recent_2016,LPF,2011,525.9973697773189,0,2023
recent_2016,LPF,2012,525.9973697773189,0,2023
recent_2016,LPF,2013,525.9973697773189,0,2023
recent_2016,LPF,2014,525.9973697773189,0,2023
recent_2016,LPF,2015,525.9973697773189,0,2023
recent_2016,LPF,2016,525.9973697773189,0,2023
recent_2016,LPF,2017,476.22509016302894,0,2023
recent_2016,LPF,2018,442.42674460330227,0,2023
recent_2016,LPF,2019,422.5245881724963,0,2023
recent_2016,LPF,2020,402.0633496101003,0,2023
recent_2016,LPF,2021,385.6157506328317,0,2023
recent_2016,LPF,2022,378.33904232787495,0,2023
recent_2016,LPF,2023,382.0730001175183,0,2023
recent_2016,MPF,1971,292.9241263693146,0,2023
recent_2016,MPF,1972,292.9241263693146,0,2023
recent_2016,MPF,1973,292.9241263693146,0,2023
recent_2016,MPF,1974,292.9241263693146,0,2023
recent_2016,MPF,1975,292.9241263693146,0,2023
recent_2016,MPF,1976,292.9241263693146,0,2023
recent_2016,MPF,1977,292.9241263693146,0,2023
recent_2016,MPF,1978,292.9241263693146,0,2023
recent_2016,MPF,1979,292.9241263693146,0,2023
recent_2016,MPF,1980,292.9241263693146,0,2023
recent_2016,MPF,1981,292.9241263693146,0,2023
recent_2016,MPF,1982,292.9241263693146,0,2023
recent_2016,MPF,1983,292.9241263693146,0,2023
recent_2016,MPF,1984,292.9241263693146,0,2023
recent_2016,MPF,1985,292.9241263693146,0,2023
recent_2016,MPF,1986,292.9241263693146,0,2023
recent_2016,MPF,1987,292.9241263693146,0,2023
recent_2016,MPF,1988,292.9241263693146,0,2023
recent_2016,MPF,1989,292.9241263693146,0,2023
recent_2016,MPF,1990,292.9241263693146,0,2023
recent_2016,MPF,1991,292.9241263693146,0,2023
recent_2016,MPF,1992,292.9241263693146,0,2023
recent_2016,MPF,1993,292.9241263693146,0,2023
recent_2016,MPF,1994,292.9241263693146,0,2023
recent_2016,MPF,1995,292.9241263693146,0,2023
recent_2016,MPF,1996,292.9241263693146,0,2023
recent_2016,MPF,1997,292.9241263693146,0,2023
recent_2016,MPF,1998,292.9241263693146,0,2023
recent_2016,MPF,1999,292.9241263693146,0,2023
recent_2016,MPF,2000,292.9241263693146,0,2023
recent_2016,MPF,2001,292.9241263693146,0,2023
recent_2016,MPF,2002,292.9241263693146,0,2023
recent_2016,MPF,2003,292.9241263693146,0,2023
recent_2016,MPF,2004,292.9241263693146,0,2023
recent_2016,MPF,2005,292.9241263693146,0,2023
recent_2016,MPF,2006,292.9241263693146,0,2023
recent_2016,MPF,2007,292.9241263693146,0,2023
recent_2016,MPF,2008,292.9241263693146,0,2023
recent_2016,MPF,2009,292.9241263693146,0,2023
recent_2016,MPF,2010,292.9241263693146,0,2023
recent_2016,MPF,2011,292.9241263693146,0,2023
recent_2016,MPF,2012,292.9241263693146,0,2023
recent_2016,MPF,2013,292.9241263693146,0,2023
recent_2016,MPF,2014,292.9241263693146,0,2023
recent_2016,MPF,2015,292.9241263693146,0,2023
recent_2016,MPF,2016,292.9241263693146,0,2023
recent_2016,MPF,2017,299.9107702090787,0,2023
recent_2016,MPF,2018,301.89962136095266,0,2023
recent_2016,MPF,2019,305.47248017107114,0,2023
recent_2016,MPF,2020,304.9908860206634,0,2023
recent_2016,MPF,2021,311.4996585830143,0,2023
recent_2016,MPF,2022,313.43169520790156,0,2023
recent_2016,MPF,2023,313.71725132201595,0,2023
recent_2016,NTU,1971,100.84982610820882,0,2023
recent_2016,NTU,1972,100.84982610820882,0,2023
recent_2016,NTU,1973,100.84982610820882,0,2023
recent_2016,NTU,1974,100.84982610820882,0,2023
recent_2016,NTU,1975,100.84982610820882,0,2023
recent_2016,NTU,1976,100.84982610820882,0,2023
recent_2016,NTU,1977,100.84982610820882,0,2023
recent_2016,NTU,1978,100.84982610820882,0,2023
recent_2016,NTU,1979,100.84982610820882,0,2023
recent_2016,NTU,1980,100.84982610820882,0,2023
recent_2016,NTU,1981,100.84982610820882,0,2023
recent_2016,NTU,1982,100.84982610820882,0,2023
recent_2016,NTU,1983,100.84982610820882,0,2023
recent_2016,NTU,1984,100.84982610820882,0,2023
recent_2016,NTU,1985,100.84982610820882,0,2023
recent_2016,NTU,1986,100.84982610820882,0,2023
recent_2016,NTU,1987,100.84982610820882,0,2023
recent_2016,NTU,1988,100.84982610820882,0,2023
recent_2016,NTU,1989,100.84982610820882,0,2023
recent_2016,NTU,1990,100.84982610820882,0,2023
recent_2016,NTU,1991,100.84982610820882,0,2023
recent_2016,NTU,1992,100.84982610820882,0,2023
recent_2016,NTU,1993,100.84982610820882,0,2023
recent_2016,NTU,1994,100.84982610820882,0,2023
recent_2016,NTU,1995,100.84982610820882,0,2023
recent_2016,NTU,1996,100.84982610820882,0,2023
recent_2016,NTU,1997,100.84982610820882,0,2023
recent_2016,NTU,1998,100.84982610820882,0,2023
recent_2016,NTU,1999,100.84982610820882,0,2023
recent_2016,NTU,2000,100.84982610820882,0,2023
recent_2016,NTU,2001,100.84982610820882,0,2023
recent_2016,NTU,2002,100.84982610820882,0,2023
recent_2016,NTU,2003,100.84982610820882,0,2023
recent_2016,NTU,2004,100.84982610820882,0,2023
recent_2016,NTU,2005,100.84982610820882,0,2023
recent_2016,NTU,2006,100.84982610820882,0,2023
recent_2016,NTU,2007,100.84982610820882,0,2023
recent_2016,NTU,2008,100.84982610820882,0,2023
recent_2016,NTU,2009,100.84982610820882,0,2023
recent_2016,NTU,2010,100.84982610820882,0,2023
recent_2016,NTU,2011,100.84982610820882,0,2023
recent_2016,NTU,2012,100.84982610820882,0,2023
recent_2016,NTU,2013,100.84982610820882,0,2023
recent_2016,NTU,2014,100.84982610820882,0,2023
recent_2016,NTU,2015,100.84982610820882,0,2023
recent_2016,NTU,2016,100.84982610820882,0,2023
recent_2016,NTU,2017,100.79343690066615,0,2023
recent_2016,NTU,2018,104.69966115673705,0,2023
recent_2016,NTU,2019,106.25568475576209,0,2023
recent_2016,NTU,2020,104.33109391841231,0,2023
recent_2016,NTU,2021,105.17740221625073,0,2023
recent_2016,NTU,2022,105.59400133354487,0,2023
recent_2016,NTU,2023,103.00985014867462,0,2023
recent_2016,SAR,1971,258.2316254748699,0,2023
recent_2016,SAR,1972,258.2316254748699,0,2023
recent_2016,SAR,1973,258.2316254748699,0,2023
recent_2016,SAR,1974,258.2316254748699,0,2023
recent_2016,SAR,1975,258.2316254748699,0,2023
recent_2016,SAR,1976,258.2316254748699,0,2023
recent_2016,SAR,1977,258.2316254748699,0,2023
recent_2016,SAR,1978,258.2316254748699,0,2023
recent_2016,SAR,1979,258.2316254748699,0,2023
recent_2016,SAR,1980,258.2316254748699,0,2023
recent_2016,SAR,1981,258.2316254748699,0,2023
recent_2016,SAR,1982,258.2316254748699,0,2023
recent_2016,SAR,1983,258.2316254748699,0,2023
recent_2016,SAR,1984,258.2316254748699,0,2023
recent_2016,SAR,1985,258.2316254748699,0,2023
recent_2016,SAR,1986,258.2316254748699,0,2023
recent_2016,SAR,1987,258.2316254748699,0,2023
recent_2016,SAR,1988,258.2316254748699,0,2023
recent_2016,SAR,1989,258.2316254748699,0,2023
recent_2016,SAR,1990,258.2316254748699,0,2023
recent_2016,SAR,1991,258.2316254748699,0,2023
recent_2016,SAR,1992,258.2316254748699,0,2023
recent_2016,SAR,1993,258.2316254748699,0,2023
recent_2016,SAR,1994,258.2316254748699,0,2023
recent_2016,SAR,1995,258.2316254748699,0,2023
recent_2016,SAR,1996,258.2316254748699,0,2023
recent_2016,SAR,1997,258.2316254748699,0,2023
recent_2016,SAR,1998,258.2316254748699,0,2023
recent_2016,SAR,1999,258.2316254748699,0,2023
recent_2016,SAR,2000,258.2316254748699,0,2023
recent_2016,SAR,2001,258.2316254748699,0,2023
recent_2016,SAR,2002,258.2316254748699,0,2023
recent_2016,SAR,2003,258.2316254748699,0,2023
recent_2016,SAR,2004,258.2316254748699,0,2023
recent_2016,SAR,2005,258.2316254748699,0,2023
recent_2016,SAR,2006,258.2316254748699,0,2023
recent_2016,SAR,2007,258.2316254748699,0,2023
recent_2016,SAR,2008,258.2316254748699,0,2023
recent_2016,SAR,2009,258.2316254748699,0,2023
recent_2016,SAR,2010,258.2316254748699,0,2023
recent_2016,SAR,2011,258.2316254748699,0,2023
recent_2016,SAR,2012,258.2316254748699,0,2023
recent_2016,SAR,2013,258.2316254748699,0,2023
recent_2016,SAR,2014,258.2316254748699,0,2023
recent_2016,SAR,2015,258.2316254748699,0,2023
recent_2016,SAR,2016,258.2316254748699,0,2023
recent_2016,SAR,2017,309.7228292110346,0,2023
recent_2016,SAR,2018,284.13434683173267,0,2023
recent_2016,SAR,2019,305.4339967359759,0,2023
recent_2016,SAR,2020,286.5422763020848,0,2023
recent_2016,SAR,2021,313.1149148225336,0,2023
recent_2016,SAR,2022,296.95052232809826,0,2023
recent_2016,SAR,2023,305.922841964343,0,2023
recent_2016,SCP,1971,208.217244138604,0,2023
recent_2016,SCP,1972,208.217244138604,0,2023
recent_2016,SCP,1973,208.217244138604,0,2023
recent_2016,SCP,1974,208.217244138604,0,2023
recent_2016,SCP,1975,208.217244138604,0,2023
recent_2016,SCP,1976,208.217244138604,0,2023
recent_2016,SCP,1977,208.217244138604,0,2023
recent_2016,SCP,1978,208.217244138604,0,2023
recent_2016,SCP,1979,208.217244138604,0,2023
recent_2016,SCP,1980,208.217244138604,0,2023
recent_2016,SCP,1981,208.217244138604,0,2023
recent_2016,SCP,1982,208.217244138604,0,2023
recent_2016,SCP,1983,208.217244138604,0,2023
recent_2016,SCP,1984,208.217244138604,0,2023
recent_2016,SCP,1985,208.217244138604,0,2023
recent_2016,SCP,1986,208.217244138604,0,2023
recent_2016,SCP,1987,208.217244138604,0,2023
recent_2016,SCP,1988,208.217244138604,0,2023
recent_2016,SCP,1989,208.217244138604,0,2023
recent_2016,SCP,1990,208.217244138604,0,2023
recent_2016,SCP,1991,208.217244138604,0,2023
recent_2016,SCP,1992,208.217244138604,0,2023
recent_2016,SCP,1993,208.217244138604,0,2023
recent_2016,SCP,1994,208.217244138604,0,2023
recent_2016,SCP,1995,208.217244138604,0,2023
recent_2016,SCP,1996,208.217244138604,0,2023
recent_2016,SCP,1997,208.217244138604,0,2023
recent_2016,SCP,1998,208.217244138604,0,2023
recent_2016,SCP,1999,208.217244138604,0,2023
recent_2016,SCP,2000,208.217244138604,0,2023
recent_2016,SCP,2001,208.217244138604,0,2023
recent_2016,SCP,2002,208.217244138604,0,2023
recent_2016,SCP,2003,208.217244138604,0,2023
recent_2016,SCP,2004,208.217244138604,0,2023
recent_2016,SCP,2005,208.217244138604,0,2023
recent_2016,SCP,2006,208.217244138604,0,2023
recent_2016,SCP,2007,208.217244138604,0,2023
recent_2016,SCP,2008,208.217244138604,0,2023
recent_2016,SCP,2009,208.217244138604,0,2023
recent_2016,SCP,2010,208.217244138604,0,2023
recent_2016,SCP,2011,208.217244138604,0,2023
recent_2016,SCP,2012,208.217244138604,0,2023
recent_2016,SCP,2013,208.217244138604,0,2023
recent_2016,SCP,2014,208.217244138604,0,2023
recent_2016,SCP,2015,208.217244138604,0,2023
recent_2016,SCP,2016,208.217244138604,0,2023
recent_2016,SCP,2017,287.82870659099257,0,2023
recent_2016,SCP,2018,227.08346634696926,0,2023
recent_2016,SCP,2019,289.1214940083855,0,2023
recent_2016,SCP,2020,227.12335000993326,0,2023
recent_2016,SCP,2021,292.89616651200976,0,2023
recent_2016,SCP,2022,228.97561218630688,0,2023
recent_2016,SCP,2023,296.3286914970989,0,2023
recent_2016,ANC,1971,110.24633795304129,1,2022
recent_2016,ANC,1972,110.24633795304129,1,2022
recent_2016,ANC,1973,110.24633795304129,1,2022
recent_2016,ANC,1974,110.24633795304129,1,2022
recent_2016,ANC,1975,110.24633795304129,1,2022
recent_2016,ANC,1976,110.24633795304129,1,2022
recent_2016,ANC,1977,110.24633795304129,1,2022
recent_2016,ANC,1978,110.24633795304129,1,2022
recent_2016,ANC,1979,110.24633795304129,1,2022
recent_2016,ANC,1980,110.24633795304129,1,2022
recent_2016,ANC,1981,110.24633795304129,1,2022
recent_2016,ANC,1982,110.24633795304129,1,2022
recent_2016,ANC,1983,110.24633795304129,1,2022
recent_2016,ANC,1984,110.24633795304129,1,2022
recent_2016,ANC,1985,110.24633795304129,1,2022
recent_2016,ANC,1986,110.24633795304129,1,2022
recent_2016,ANC,1987,110.24633795304129,1,2022
recent_2016,ANC,1988,110.24633795304129,1,2022
recent_2016,ANC,1989,110.24633795304129,1,2022
recent_2016,ANC,1990,110.24633795304129,1,2022
recent_2016,ANC,1991,110.24633795304129,1,2022
recent_2016,ANC,1992,110.24633795304129,1,2022
recent_2016,ANC,1993,110.24633795304129,1,2022
recent_2016,ANC,1994,110.24633795304129,1,2022
recent_2016,ANC,1995,110.24633795304129,1,2022
recent_2016,ANC,1996,110.24633795304129,1,2022
recent_2016,ANC,1997,110.24633795304129,1,2022
recent_2016,ANC,1998,110.24633795304129,1,2022
recent_2016,ANC,1999,110.24633795304129,1,2022
recent_2016,ANC,2000,110.24633795304129,1,2022
recent_2016,ANC,2001,110.24633795304129,1,2022
recent_2016,ANC,2002,110.24633795304129,1,2022
recent_2016,ANC,2003,110.24633795304129,1,2022
recent_2016,ANC,2004,110.24633795304129,1,2022
recent_2016,ANC,2005,110.24633795304129,1,2022
recent_2016,ANC,2006,110.24633795304129,1,2022
recent_2016,ANC,2007,110.24633795304129,1,2022
recent_2016,ANC,2008,110.24633795304129,1,2022
recent_2016,ANC,2009,110.24633795304129,1,2022
recent_2016,ANC,2010,110.24633795304129,1,2022
recent_2016,ANC,2011,110.24633795304129,1,2022
recent_2016,ANC,2012,110.24633795304129,1,2022
recent_2016,ANC,2013,110.24633795304129,1,2022
recent_2016,ANC,2014,110.24633795304129,1,2022
recent_2016,ANC,2015,110.24633795304129,1,2022
recent_2016,ANC,2016,110.24633795304129,1,2022
recent_2016,ANC,2017,126.5109977163908,1,2022
recent_2016,ANC,2018,135.0098861702768,1,2022
recent_2016,ANC,2019,136.4152287125763,1,2022
recent_2016,ANC,2020,133.69265642356035,1,2022
recent_2016,ANC,2021,144.2560217410758,1,2022
recent_2016,ANC,2022,142.01999681406298,1,2022
recent_2016,CMA,1971,534.4490773923482,1,2022
recent_2016,CMA,1972,534.4490773923482,1,2022
recent_2016,CMA,1973,534.4490773923482,1,2022
recent_2016,CMA,1974,534.4490773923482,1,2022
recent_2016,CMA,1975,534.4490773923482,1,2022
recent_2016,CMA,1976,534.4490773923482,1,2022
recent_2016,CMA,1977,534.4490773923482,1,2022
recent_2016,CMA,1978,534.4490773923482,1,2022
recent_2016,CMA,1979,534.4490773923482,1,2022
recent_2016,CMA,1980,534.4490773923482,1,2022
recent_2016,CMA,1981,534.4490773923482,1,2022
recent_2016,CMA,1982,534.4490773923482,1,2022
recent_2016,CMA,1983,534.4490773923482,1,2022
recent_2016,CMA,1984,534.4490773923482,1,2022
recent_2016,CMA,1985,534.4490773923482,1,2022
recent_2016,CMA,1986,534.4490773923482,1,2022
recent_2016,CMA,1987,534.4490773923482,1,2022
recent_2016,CMA,1988,534.4490773923482,1,2022
recent_2016,CMA,1989,534.4490773923482,1,2022
recent_2016,CMA,1990,534.4490773923482,1,2022
recent_2016,CMA,1991,534.4490773923482,1,2022
recent_2016,CMA,1992,534.4490773923482,1,2022
recent_2016,CMA,1993,534.4490773923482,1,2022
recent_2016,CMA,1994,534.4490773923482,1,2022
recent_2016,CMA,1995,534.4490773923482,1,2022
recent_2016,CMA,1996,534.4490773923482,1,2022
recent_2016,CMA,1997,534.4490773923482,1,2022
recent_2016,CMA,1998,534.4490773923482,1,2022
recent_2016,CMA,1999,534.4490773923482,1,2022
recent_2016,CMA,2000,534.4490773923482,1,2022
recent_2016,CMA,2001,534.4490773923482,1,2022
recent_2016,CMA,2002,534.4490773923482,1,2022
recent_2016,CMA,2003,534.4490773923482,1,2022
recent_2016,CMA,2004,534.4490773923482,1,2022
recent_2016,CMA,2005,534.4490773923482,1,2022
recent_2016,CMA,2006,534.4490773923482,1,2022
recent_2016,CMA,2007,534.4490773923482,1,2022
recent_2016,CMA,2008,534.4490773923482,1,2022
recent_2016,CMA,2009,534.4490773923482,1,2022
recent_2016,CMA,2010,534.4490773923482,1,2022
recent_2016,CMA,2011,534.4490773923482,1,2022
recent_2016,CMA,2012,534.4490773923482,1,2022
recent_2016,CMA,2013,534.4490773923482,1,2022
recent_2016,CMA,2014,534.4490773923482,1,2022
recent_2016,CMA,2015,534.4490773923482,1,2022
recent_2016,CMA,2016,534.4490773923482,1,2022
recent_2016,CMA,2017,553.0186275091302,1,2022
recent_2016,CMA,2018,567.2771930800402,1,2022
recent_2016,CMA,2019,581.4388161806783,1,2022
recent_2016,CMA,2020,588.5313433999369,1,2022
recent_2016,CMA,2021,601.4292424283976,1,2022
recent_2016,CMA,2022,610.6608262987227,1,2022
recent_2016,DMF,1971,173.28205665863115,1,2022
recent_2016,DMF,1972,173.28205665863115,1,2022
recent_2016,DMF,1973,173.28205665863115,1,2022
recent_2016,DMF,1974,173.28205665863115,1,2022
recent_2016,DMF,1975,173.28205665863115,1,2022
recent_2016,DMF,1976,173.28205665863115,1,2022
recent_2016,DMF,1977,173.28205665863115,1,2022
recent_2016,DMF,1978,173.28205665863115,1,2022
recent_2016,DMF,1979,173.28205665863115,1,2022
recent_2016,DMF,1980,173.28205665863115,1,2022
recent_2016,DMF,1981,173.28205665863115,1,2022
recent_2016,DMF,1982,173.28205665863115,1,2022
recent_2016,DMF,1983,173.28205665863115,1,2022
recent_2016,DMF,1984,173.28205665863115,1,2022
recent_2016,DMF,1985,173.28205665863115,1,2022
recent_2016,DMF,1986,173.28205665863115,1,2022
recent_2016,DMF,1987,173.28205665863115,1,2022
recent_2016,DMF,1988,173.28205665863115,1,2022
recent_2016,DMF,1989,173.28205665863115,1,2022
recent_2016,DMF,1990,173.28205665863115,1,2022
recent_2016,DMF,1991,173.28205665863115,1,2022
recent_2016,DMF,1992,173.28205665863115,1,2022
recent_2016,DMF,1993,173.28205665863115,1,2022
recent_2016,DMF,1994,173.28205665863115,1,2022
recent_2016,DMF,1995,173.28205665863115,1,2022
recent_2016,DMF,1996,173.28205665863115,1,2022
recent_2016,DMF,1997,173.28205665863115,1,2022
recent_2016,DMF,1998,173.28205665863115,1,2022
recent_2016,DMF,1999,173.28205665863115,1,2022
recent_2016,DMF,2000,173.28205665863115,1,2022
recent_2016,DMF,2001,173.28205665863115,1,2022
recent_2016,DMF,2002,173.28205665863115,1,2022
recent_2016,DMF,2003,173.28205665863115,1,2022
recent_2016,DMF,2004,173.28205665863115,1,2022
recent_2016,DMF,2005,173.28205665863115,1,2022
recent_2016,DMF,2006,173.28205665863115,1,2022
recent_2016,DMF,2007,173.28205665863115,1,2022
recent_2016,DMF,2008,173.28205665863115,1,2022
recent_2016,DMF,2009,173.28205665863115,1,2022
recent_2016,DMF,2010,173.28205665863115,1,2022
recent_2016,DMF,2011,173.28205665863115,1,2022
recent_2016,DMF,2012,173.28205665863115,1,2022
recent_2016,DMF,2013,173.28205665863115,1,2022
recent_2016,DMF,2014,173.28205665863115,1,2022
recent_2016,DMF,2015,173.28205665863115,1,2022
recent_2016,DMF,2016,173.28205665863115,1,2022
recent_2016,DMF,2017,230.76229359187866,1,2022
recent_2016,DMF,2018,278.72762837325774,1,2022
recent_2016,DMF,2019,312.55323994453653,1,2022
recent_2016,DMF,2020,331.79133293061227,1,2022
recent_2016,DMF,2021,353.10589391810106,1,2022
recent_2016,DMF,2022,367.4004341428787,1,2022
recent_2016,LPF,1971,469.1239151593747,1,2022
recent_2016,LPF,1972,469.1239151593747,1,2022
recent_2016,LPF,1973,469.1239151593747,1,2022
recent_2016,LPF,1974,469.1239151593747,1,2022
recent_2016,LPF,1975,469.1239151593747,1,2022
recent_2016,LPF,1976,469.1239151593747,1,2022
recent_2016,LPF,1977,469.1239151593747,1,2022
recent_2016,LPF,1978,469.1239151593747,1,2022
recent_2016,LPF,1979,469.1239151593747,1,2022
recent_2016,LPF,1980,469.1239151593747,1,2022
recent_2016,LPF,1981,469.1239151593747,1,2022
recent_2016,LPF,1982,469.1239151593747,1,2022
recent_2016,LPF,1983,469.1239151593747,1,2022
recent_2016,LPF,1984,469.1239151593747,1,2022
recent_2016,LPF,1985,469.1239151593747,1,2022
recent_2016,LPF,1986,469.1239151593747,1,2022
recent_2016,LPF,1987,469.1239151593747,1,2022
recent_2016,LPF,1988,469.1239151593747,1,2022
recent_2016,LPF,1989,469.1239151593747,1,2022
recent_2016,LPF,1990,469.1239151593747,1,2022
recent_2016,LPF,1991,469.1239151593747,1,2022
recent_2016,LPF,1992,469.1239151593747,1,2022
recent_2016,LPF,1993,469.1239151593747,1,2022
recent_2016,LPF,1994,469.1239151593747,1,2022
recent_2016,LPF,1995,469.1239151593747,1,2022
recent_2016,LPF,1996,469.1239151593747,1,2022
recent_2016,LPF,1997,469.1239151593747,1,2022
recent_2016,LPF,1998,469.1239151593747,1,2022
recent_2016,LPF,1999,469.1239151593747,1,2022
recent_2016,LPF,2000,469.1239151593747,1,2022
recent_2016,LPF,2001,469.1239151593747,1,2022
recent_2016,LPF,2002,469.1239151593747,1,2022
recent_2016,LPF,2003,469.1239151593747,1,2022
recent_2016,LPF,2004,469.1239151593747,1,2022
recent_2016,LPF,2005,469.1239151593747,1,2022
recent_2016,LPF,2006,469.1239151593747,1,2022
recent_2016,LPF,2007,469.1239151593747,1,2022
recent_2016,LPF,2008,469.1239151593747,1,2022
recent_2016,LPF,2009,469.1239151593747,1,2022
recent_2016,LPF,2010,469.1239151593747,1,2022
recent_2016,LPF,2011,469.1239151593747,1,2022
recent_2016,LPF,2012,469.1239151593747,1,2022
recent_2016,LPF,2013,469.1239151593747,1,2022
recent_2016,LPF,2014,469.1239151593747,1,2022
recent_2016,LPF,2015,469.1239151593747,1,2022
recent_2016,LPF,2016,469.1239151593747,1,2022
recent_2016,LPF,2017,432.3339368459552,1,2022
recent_2016,LPF,2018,410.20681369032536,1,2022
recent_2016,LPF,2019,401.25919958955103,1,2022
recent_2016,LPF,2020,389.45765981924535,1,2022
recent_2016,LPF,2021,381.9206695785025,1,2022
recent_2016,LPF,2022,382.1283181499616,1,2022
recent_2016,MPF,1971,333.5325317082285,1,2022
recent_2016,MPF,1972,333.5325317082285,1,2022
recent_2016,MPF,1973,333.5325317082285,1,2022
recent_2016,MPF,1974,333.5325317082285,1,2022
recent_2016,MPF,1975,333.5325317082285,1,2022
recent_2016,MPF,1976,333.5325317082285,1,2022
recent_2016,MPF,1977,333.5325317082285,1,2022
recent_2016,MPF,1978,333.5325317082285,1,2022
recent_2016,MPF,1979,333.5325317082285,1,2022
recent_2016,MPF,1980,333.5325317082285,1,2022
recent_2016,MPF,1981,333.5325317082285,1,2022
recent_2016,MPF,1982,333.5325317082285,1,2022
recent_2016,MPF,1983,333.5325317082285,1,2022
recent_2016,MPF,1984,333.5325317082285,1,2022
recent_2016,MPF,1985,333.5325317082285,1,2022
recent_2016,MPF,1986,333.5325317082285,1,2022
recent_2016,MPF,1987,333.5325317082285,1,2022
recent_2016,MPF,1988,333.5325317082285,1,2022
recent_2016,MPF,1989,333.5325317082285,1,2022
recent_2016,MPF,1990,333.5325317082285,1,2022
recent_2016,MPF,1991,333.5325317082285,1,2022
recent_2016,MPF,1992,333.5325317082285,1,2022
recent_2016,MPF,1993,333.5325317082285,1,2022
recent_2016,MPF,1994,333.5325317082285,1,2022
recent_2016,MPF,1995,333.5325317082285,1,2022
recent_2016,MPF,1996,333.5325317082285,1,2022
recent_2016,MPF,1997,333.5325317082285,1,2022
recent_2016,MPF,1998,333.5325317082285,1,2022
recent_2016,MPF,1999,333.5325317082285,1,2022
recent_2016,MPF,2000,333.5325317082285,1,2022
recent_2016,MPF,2001,333.5325317082285,1,2022
recent_2016,MPF,2002,333.5325317082285,1,2022
recent_2016,MPF,2003,333.5325317082285,1,2022
recent_2016,MPF,2004,333.5325317082285,1,2022
recent_2016,MPF,2005,333.5325317082285,1,2022
recent_2016,MPF,2006,333.5325317082285,1,2022
recent_2016,MPF,2007,333.5325317082285,1,2022
recent_2016,MPF,2008,333.5325317082285,1,2022
recent_2016,MPF,2009,333.5325317082285,1,2022
recent_2016,MPF,2010,333.5325317082285,1,2022
recent_2016,MPF,2011,333.5325317082285,1,2022
recent_2016,MPF,2012,333.5325317082285,1,2022
recent_2016,MPF,2013,333.5325317082285,1,2022
recent_2016,MPF,2014,333.5325317082285,1,2022
recent_2016,MPF,2015,333.5325317082285,1,2022
recent_2016,MPF,2016,333.5325317082285,1,2022
recent_2016,MPF,2017,350.85360233005537,1,2022
recent_2016,MPF,2018,357.18453120723905,1,2022
recent_2016,MPF,2019,362.0989194265381,1,2022
recent_2016,MPF,2020,362.445272975335,1,2022
recent_2016,MPF,2021,368.8105708516425,1,2022
recent_2016,MPF,2022,370.7586384607908,1,2022
recent_2016,NTU,1971,118.52713017664044,1,2022
recent_2016,NTU,1972,118.52713017664044,1,2022
recent_2016,NTU,1973,118.52713017664044,1,2022
recent_2016,NTU,1974,118.52713017664044,1,2022
recent_2016,NTU,1975,118.52713017664044,1,2022
recent_2016,NTU,1976,118.52713017664044,1,2022
recent_2016,NTU,1977,118.52713017664044,1,2022
recent_2016,NTU,1978,118.52713017664044,1,2022
recent_2016,NTU,1979,118.52713017664044,1,2022
recent_2016,NTU,1980,118.52713017664044,1,2022
recent_2016,NTU,1981,118.52713017664044,1,2022
recent_2016,NTU,1982,118.52713017664044,1,2022
recent_2016,NTU,1983,118.52713017664044,1,2022
recent_2016,NTU,1984,118.52713017664044,1,2022
recent_2016,NTU,1985,118.52713017664044,1,2022
recent_2016,NTU,1986,118.52713017664044,1,2022
recent_2016,NTU,1987,118.52713017664044,1,2022
recent_2016,NTU,1988,118.52713017664044,1,2022
recent_2016,NTU,1989,118.52713017664044,1,2022
recent_2016,NTU,1990,118.52713017664044,1,2022
recent_2016,NTU,1991,118.52713017664044,1,2022
recent_2016,NTU,1992,118.52713017664044,1,2022
recent_2016,NTU,1993,118.52713017664044,1,2022
recent_2016,NTU,1994,118.52713017664044,1,2022
recent_2016,NTU,1995,118.52713017664044,1,2022
recent_2016,NTU,1996,118.52713017664044,1,2022
recent_2016,NTU,1997,118.52713017664044,1,2022
recent_2016,NTU,1998,118.52713017664044,1,2022
recent_2016,NTU,1999,118.52713017664044,1,2022
recent_2016,NTU,2000,118.52713017664044,1,2022
recent_2016,NTU,2001,118.52713017664044,1,2022
recent_2016,NTU,2002,118.52713017664044,1,2022
recent_2016,NTU,2003,118.52713017664044,1,2022
recent_2016,NTU,2004,118.52713017664044,1,2022
recent_2016,NTU,2005,118.52713017664044,1,2022
recent_2016,NTU,2006,118.52713017664044,1,2022
recent_2016,NTU,2007,118.52713017664044,1,2022
recent_2016,NTU,2008,118.52713017664044,1,2022
recent_2016,NTU,2009,118.52713017664044,1,2022
recent_2016,NTU,2010,118.52713017664044,1,2022
recent_2016,NTU,2011,118.52713017664044,1,2022
recent_2016,NTU,2012,118.52713017664044,1,2022
recent_2016,NTU,2013,118.52713017664044,1,2022
recent_2016,NTU,2014,118.52713017664044,1,2022
recent_2016,NTU,2015,118.52713017664044,1,2022
recent_2016,NTU,2016,118.52713017664044,1,2022
recent_2016,NTU,2017,119.42790566494364,1,2022
recent_2016,NTU,2018,125.2602305939165,1,2022
recent_2016,NTU,2019,129.35313031656938,1,2022
recent_2016,NTU,2020,130.16024292602745,1,2022
recent_2016,NTU,2021,134.3913044423185,1,2022
recent_2016,NTU,2022,138.3812612542916,1,2022
recent_2016,SAR,1971,249.17612732803545,1,2022
recent_2016,SAR,1972,249.17612732803545,1,2022
recent_2016,SAR,1973,249.17612732803545,1,2022
recent_2016,SAR,1974,249.17612732803545,1,2022
recent_2016,SAR,1975,249.17612732803545,1,2022
recent_2016,SAR,1976,249.17612732803545,1,2022
recent_2016,SAR,1977,249.17612732803545,1,2022
recent_2016,SAR,1978,249.17612732803545,1,2022
recent_2016,SAR,1979,249.17612732803545,1,2022
recent_2016,SAR,1980,249.17612732803545,1,2022
recent_2016,SAR,1981,249.17612732803545,1,2022
recent_2016,SAR,1982,249.17612732803545,1,2022
recent_2016,SAR,1983,249.17612732803545,1,2022
recent_2016,SAR,1984,249.17612732803545,1,2022
recent_2016,SAR,1985,249.17612732803545,1,2022
recent_2016,SAR,1986,249.17612732803545,1,2022
recent_2016,SAR,1987,249.17612732803545,1,2022
recent_2016,SAR,1988,249.17612732803545,1,2022
recent_2016,SAR,1989,249.17612732803545,1,2022
recent_2016,SAR,1990,249.17612732803545,1,2022
recent_2016,SAR,1991,249.17612732803545,1,2022
recent_2016,SAR,1992,249.17612732803545,1,2022
recent_2016,SAR,1993,249.17612732803545,1,2022
recent_2016,SAR,1994,249.17612732803545,1,2022
recent_2016,SAR,1995,249.17612732803545,1,2022
recent_2016,SAR,1996,249.17612732803545,1,2022
recent_2016,SAR,1997,249.17612732803545,1,2022
recent_2016,SAR,1998,249.17612732803545,1,2022
recent_2016,SAR,1999,249.17612732803545,1,2022
recent_2016,SAR,2000,249.17612732803545,1,2022
recent_2016,SAR,2001,249.17612732803545,1,2022
recent_2016,SAR,2002,249.17612732803545,1,2022
recent_2016,SAR,2003,249.17612732803545,1,2022
recent_2016,SAR,2004,249.17612732803545,1,2022
recent_2016,SAR,2005,249.17612732803545,1,2022
recent_2016,SAR,2006,249.17612732803545,1,2022
recent_2016,SAR,2007,249.17612732803545,1,2022
recent_2016,SAR,2008,249.17612732803545,1,2022
recent_2016,SAR,2009,249.17612732803545,1,2022
recent_2016,SAR,2010,249.17612732803545,1,2022
recent_2016,SAR,2011,249.17612732803545,1,2022
recent_2016,SAR,2012,249.17612732803545,1,2022
recent_2016,SAR,2013,249.17612732803545,1,2022
recent_2016,SAR,2014,249.17612732803545,1,2022
recent_2016,SAR,2015,249.17612732803545,1,2022
recent_2016,SAR,2016,249.17612732803545,1,2022
recent_2016,SAR,2017,313.76390075673635,1,2022
recent_2016,SAR,2018,256.24857207657124,1,2022
recent_2016,SAR,2019,318.6285837797562,1,2022
recent_2016,SAR,2020,248.41823747916217,1,2022
recent_2016,SAR,2021,331.72375901006455,1,2022
recent_2016,SAR,2022,245.9189888861763,1,2022
recent_2016,SCP,1971,178.33400816413138,1,2022
recent_2016,SCP,1972,178.33400816413138,1,2022
recent_2016,SCP,1973,178.33400816413138,1,2022
recent_2016,SCP,1974,178.33400816413138,1,2022
recent_2016,SCP,1975,178.33400816413138,1,2022
recent_2016,SCP,1976,178.33400816413138,1,2022
recent_2016,SCP,1977,178.33400816413138,1,2022
recent_2016,SCP,1978,178.33400816413138,1,2022
recent_2016,SCP,1979,178.33400816413138,1,2022
recent_2016,SCP,1980,178.33400816413138,1,2022
recent_2016,SCP,1981,178.33400816413138,1,2022
recent_2016,SCP,1982,178.33400816413138,1,2022
recent_2016,SCP,1983,178.33400816413138,1,2022
recent_2016,SCP,1984,178.33400816413138,1,2022
recent_2016,SCP,1985,178.33400816413138,1,2022
recent_2016,SCP,1986,178.33400816413138,1,2022
recent_2016,SCP,1987,178.33400816413138,1,2022
recent_2016,SCP,1988,178.33400816413138,1,2022
recent_2016,SCP,1989,178.33400816413138,1,2022
recent_2016,SCP,1990,178.33400816413138,1,2022
recent_2016,SCP,1991,178.33400816413138,1,2022
recent_2016,SCP,1992,178.33400816413138,1,2022
recent_2016,SCP,1993,178.33400816413138,1,2022
recent_2016,SCP,1994,178.33400816413138,1,2022
recent_2016,SCP,1995,178.33400816413138,1,2022
recent_2016,SCP,1996,178.33400816413138,1,2022
recent_2016,SCP,1997,178.33400816413138,1,2022
recent_2016,SCP,1998,178.33400816413138,1,2022
recent_2016,SCP,1999,178.33400816413138,1,2022
recent_2016,SCP,2000,178.33400816413138,1,2022
recent_2016,SCP,2001,178.33400816413138,1,2022
recent_2016,SCP,2002,178.33400816413138,1,2022
recent_2016,SCP,2003,178.33400816413138,1,2022
recent_2016,SCP,2004,178.33400816413138,1,2022
recent_2016,SCP,2005,178.33400816413138,1,2022
recent_2016,SCP,2006,178.33400816413138,1,2022
recent_2016,SCP,2007,178.33400816413138,1,2022
recent_2016,SCP,2008,178.33400816413138,1,2022
recent_2016,SCP,2009,178.33400816413138,1,2022
recent_2016,SCP,2010,178.33400816413138,1,2022
recent_2016,SCP,2011,178.33400816413138,1,2022
recent_2016,SCP,2012,178.33400816413138,1,2022
recent_2016,SCP,2013,178.33400816413138,1,2022
recent_2016,SCP,2014,178.33400816413138,1,2022
recent_2016,SCP,2015,178.33400816413138,1,2022
recent_2016,SCP,2016,178.33400816413138,1,2022
recent_2016,SCP,2017,252.10431300694722,1,2022
recent_2016,SCP,2018,185.30179276326464,1,2022
recent_2016,SCP,2019,257.5634883413951,1,2022
recent_2016,SCP,2020,176.4134686307794,1,2022
recent_2016,SCP,2021,263.31091830515334,1,2022
recent_2016,SCP,2022,173.15372733445426,1,2022
recent_2016,ANC,1971,127.24661562025885,2,2021
recent_2016,ANC,1972,127.24661562025885,2,2021
recent_2016,ANC,1973,127.24661562025885,2,2021
recent_2016,ANC,1974,127.24661562025885,2,2021
recent_2016,ANC,1975,127.24661562025885,2,2021
recent_2016,ANC,1976,127.24661562025885,2,2021
recent_2016,ANC,1977,127.24661562025885,2,2021
recent_2016,ANC,1978,127.24661562025885,2,2021
recent_2016,ANC,1979,127.24661562025885,2,2021
recent_2016,ANC,1980,127.24661562025885,2,2021
recent_2016,ANC,1981,127.24661562025885,2,2021
recent_2016,ANC,1982,127.24661562025885,2,2021
recent_2016,ANC,1983,127.24661562025885,2,2021
recent_2016,ANC,1984,127.24661562025885,2,2021
recent_2016,ANC,1985,127.24661562025885,2,2021
recent_2016,ANC,1986,127.24661562025885,2,2021
recent_2016,ANC,1987,127.24661562025885,2,2021
recent_2016,ANC,1988,127.24661562025885,2,2021
recent_2016,ANC,1989,127.24661562025885,2,2021
recent_2016,ANC,1990,127.24661562025885,2,2021
recent_2016,ANC,1991,127.24661562025885,2,2021
recent_2016,ANC,1992,127.24661562025885,2,2021
recent_2016,ANC,1993,127.24661562025885,2,2021
recent_2016,ANC,1994,127.24661562025885,2,2021
recent_2016,ANC,1995,127.24661562025885,2,2021
recent_2016,ANC,1996,127.24661562025885,2,2021
recent_2016,ANC,1997,127.24661562025885,2,2021
recent_2016,ANC,1998,127.24661562025885,2,2021
recent_2016,ANC,1999,127.24661562025885,2,2021
recent_2016,ANC,2000,127.24661562025885,2,2021
recent_2016,ANC,2001,127.24661562025885,2,2021
recent_2016,ANC,2002,127.24661562025885,2,2021
recent_2016,ANC,2003,127.24661562025885,2,2021
recent_2016,ANC,2004,127.24661562025885,2,2021
recent_2016,ANC,2005,127.24661562025885,2,2021
recent_2016,ANC,2006,127.24661562025885,2,2021
recent_2016,ANC,2007,127.24661562025885,2,2021
recent_2016,ANC,2008,127.24661562025885,2,2021
recent_2016,ANC,2009,127.24661562025885,2,2021
recent_2016,ANC,2010,127.24661562025885,2,2021
recent_2016,ANC,2011,127.24661562025885,2,2021
recent_2016,ANC,2012,127.24661562025885,2,2021
recent_2016,ANC,2013,127.24661562025885,2,2021
recent_2016,ANC,2014,127.24661562025885,2,2021
recent_2016,ANC,2015,127.24661562025885,2,2021
recent_2016,ANC,2016,127.24661562025885,2,2021
recent_2016,ANC,2017,147.75360423026513,2,2021
recent_2016,ANC,2018,158.45844600747165,2,2021
recent_2016,ANC,2019,161.1290621013832,2,2021
recent_2016,ANC,2020,158.03673282356414,2,2021
recent_2016,ANC,2021,173.1791756864356,2,2021
recent_2016,CMA,1971,351.69656692959825,2,2021
recent_2016,CMA,1972,351.69656692959825,2,2021
recent_2016,CMA,1973,351.69656692959825,2,2021
recent_2016,CMA,1974,351.69656692959825,2,2021
recent_2016,CMA,1975,351.69656692959825,2,2021
recent_2016,CMA,1976,351.69656692959825,2,2021
recent_2016,CMA,1977,351.69656692959825,2,2021
recent_2016,CMA,1978,351.69656692959825,2,2021
recent_2016,CMA,1979,351.69656692959825,2,2021
recent_2016,CMA,1980,351.69656692959825,2,2021
recent_2016,CMA,1981,351.69656692959825,2,2021
recent_2016,CMA,1982,351.69656692959825,2,2021
recent_2016,CMA,1983,351.69656692959825,2,2021
recent_2016,CMA,1984,351.69656692959825,2,2021
recent_2016,CMA,1985,351.69656692959825,2,2021
recent_2016,CMA,1986,351.69656692959825,2,2021
recent_2016,CMA,1987,351.69656692959825,2,2021
recent_2016,CMA,1988,351.69656692959825,2,2021
recent_2016,CMA,1989,351.69656692959825,2,2021
recent_2016,CMA,1990,351.69656692959825,2,2021
recent_2016,CMA,1991,351.69656692959825,2,2021
recent_2016,CMA,1992,351.69656692959825,2,2021
recent_2016,CMA,1993,351.69656692959825,2,2021
recent_2016,CMA,1994,351.69656692959825,2,2021
recent_2016,CMA,1995,351.69656692959825,2,2021
recent_2016,CMA,1996,351.69656692959825,2,2021
recent_2016,CMA,1997,351.69656692959825,2,2021
recent_2016,CMA,1998,351.69656692959825,2,2021
recent_2016,CMA,1999,351.69656692959825,2,2021
recent_2016,CMA,2000,351.69656692959825,2,2021
recent_2016,CMA,2001,351.69656692959825,2,2021
recent_2016,CMA,2002,351.69656692959825,2,2021
recent_2016,CMA,2003,351.69656692959825,2,2021
recent_2016,CMA,2004,351.69656692959825,2,2021
recent_2016,CMA,2005,351.69656692959825,2,2021
recent_2016,CMA,2006,351.69656692959825,2,2021
recent_2016,CMA,2007,351.69656692959825,2,2021
recent_2016,CMA,2008,351.69656692959825,2,2021
recent_2016,CMA,2009,351.69656692959825,2,2021
recent_2016,CMA,2010,351.69656692959825,2,2021
recent_2016,CMA,2011,351.69656692959825,2,2021
recent_2016,CMA,2012,351.69656692959825,2,2021
recent_2016,CMA,2013,351.69656692959825,2,2021
recent_2016,CMA,2014,351.69656692959825,2,2021
recent_2016,CMA,2015,351.69656692959825,2,2021
recent_2016,CMA,2016,351.69656692959825,2,2021
recent_2016,CMA,2017,369.24347484820197,2,2021
recent_2016,CMA,2018,380.9728694223495,2,2021
recent_2016,CMA,2019,391.4759394888174,2,2021
recent_2016,CMA,2020,394.7911769878727,2,2021
recent_2016,CMA,2021,404.13363772640054,2,2021
recent_2016,DMF,1971,187.41069203522082,2,2021
recent_2016,DMF,1972,187.41069203522082,2,2021
recent_2016,DMF,1973,187.41069203522082,2,2021
recent_2016,DMF,1974,187.41069203522082,2,2021
recent_2016,DMF,1975,187.41069203522082,2,2021
recent_2016,DMF,1976,187.41069203522082,2,2021
recent_2016,DMF,1977,187.41069203522082,2,2021
recent_2016,DMF,1978,187.41069203522082,2,2021
recent_2016,DMF,1979,187.41069203522082,2,2021
recent_2016,DMF,1980,187.41069203522082,2,2021
recent_2016,DMF,1981,187.41069203522082,2,2021
recent_2016,DMF,1982,187.41069203522082,2,2021
recent_2016,DMF,1983,187.41069203522082,2,2021
recent_2016,DMF,1984,187.41069203522082,2,2021
recent_2016,DMF,1985,187.41069203522082,2,2021
recent_2016,DMF,1986,187.41069203522082,2,2021
recent_2016,DMF,1987,187.41069203522082,2,2021
recent_2016,DMF,1988,187.41069203522082,2,2021
recent_2016,DMF,1989,187.41069203522082,2,2021
recent_2016,DMF,1990,187.41069203522082,2,2021
recent_2016,DMF,1991,187.41069203522082,2,2021
recent_2016,DMF,1992,187.41069203522082,2,2021
recent_2016,DMF,1993,187.41069203522082,2,2021
recent_2016,DMF,1994,187.41069203522082,2,2021
recent_2016,DMF,1995,187.41069203522082,2,2021
recent_2016,DMF,1996,187.41069203522082,2,2021
recent_2016,DMF,1997,187.41069203522082,2,2021
recent_2016,DMF,1998,187.41069203522082,2,2021
recent_2016,DMF,1999,187.41069203522082,2,2021
recent_2016,DMF,2000,187.41069203522082,2,2021
recent_2016,DMF,2001,187.41069203522082,2,2021
recent_2016,DMF,2002,187.41069203522082,2,2021
recent_2016,DMF,2003,187.41069203522082,2,2021
recent_2016,DMF,2004,187.41069203522082,2,2021
recent_2016,DMF,2005,187.41069203522082,2,2021
recent_2016,DMF,2006,187.41069203522082,2,2021
recent_2016,DMF,2007,187.41069203522082,2,2021
recent_2016,DMF,2008,187.41069203522082,2,2021
recent_2016,DMF,2009,187.41069203522082,2,2021
recent_2016,DMF,2010,187.41069203522082,2,2021
recent_2016,DMF,2011,187.41069203522082,2,2021
recent_2016,DMF,2012,187.41069203522082,2,2021
recent_2016,DMF,2013,187.41069203522082,2,2021
recent_2016,DMF,2014,187.41069203522082,2,2021
recent_2016,DMF,2015,187.41069203522082,2,2021
recent_2016,DMF,2016,187.41069203522082,2,2021
recent_2016,DMF,2017,232.08720844687517,2,2021
recent_2016,DMF,2018,270.9878907860367,2,2021
recent_2016,DMF,2019,297.6526382907654,2,2021
recent_2016,DMF,2020,314.7345422957121,2,2021
recent_2016,DMF,2021,334.2683792673009,2,2021
recent_2016,LPF,1971,423.7875294082844,2,2021
recent_2016,LPF,1972,423.7875294082844,2,2021
recent_2016,LPF,1973,423.7875294082844,2,2021
recent_2016,LPF,1974,423.7875294082844,2,2021
recent_2016,LPF,1975,423.7875294082844,2,2021
recent_2016,LPF,1976,423.7875294082844,2,2021
recent_2016,LPF,1977,423.7875294082844,2,2021
recent_2016,LPF,1978,423.7875294082844,2,2021
recent_2016,LPF,1979,423.7875294082844,2,2021
recent_2016,LPF,1980,423.7875294082844,2,2021
recent_2016,LPF,1981,423.7875294082844,2,2021
recent_2016,LPF,1982,423.7875294082844,2,2021
recent_2016,LPF,1983,423.7875294082844,2,2021
recent_2016,LPF,1984,423.7875294082844,2,2021
recent_2016,LPF,1985,423.7875294082844,2,2021
recent_2016,LPF,1986,423.7875294082844,2,2021
recent_2016,LPF,1987,423.7875294082844,2,2021
recent_2016,LPF,1988,423.7875294082844,2,2021
recent_2016,LPF,1989,423.7875294082844,2,2021
recent_2016,LPF,1990,423.7875294082844,2,2021
recent_2016,LPF,1991,423.7875294082844,2,2021
recent_2016,LPF,1992,423.7875294082844,2,2021
recent_2016,LPF,1993,423.7875294082844,2,2021
recent_2016,LPF,1994,423.7875294082844,2,2021
recent_2016,LPF,1995,423.7875294082844,2,2021
recent_2016,LPF,1996,423.7875294082844,2,2021
recent_2016,LPF,1997,423.7875294082844,2,2021
recent_2016,LPF,1998,423.7875294082844,2,2021
recent_2016,LPF,1999,423.7875294082844,2,2021
recent_2016,LPF,2000,423.7875294082844,2,2021
recent_2016,LPF,2001,423.7875294082844,2,2021
recent_2016,LPF,2002,423.7875294082844,2,2021
recent_2016,LPF,2003,423.7875294082844,2,2021
recent_2016,LPF,2004,423.7875294082844,2,2021
recent_2016,LPF,2005,423.7875294082844,2,2021
recent_2016,LPF,2006,423.7875294082844,2,2021
recent_2016,LPF,2007,423.7875294082844,2,2021
recent_2016,LPF,2008,423.7875294082844,2,2021
recent_2016,LPF,2009,423.7875294082844,2,2021
recent_2016,LPF,2010,423.7875294082844,2,2021
recent_2016,LPF,2011,423.7875294082844,2,2021
recent_2016,LPF,2012,423.7875294082844,2,2021
recent_2016,LPF,2013,423.7875294082844,2,2021
recent_2016,LPF,2014,423.7875294082844,2,2021
recent_2016,LPF,2015,423.7875294082844,2,2021
recent_2016,LPF,2016,423.7875294082844,2,2021
recent_2016,LPF,2017,404.8112112792909,2,2021
recent_2016,LPF,2018,398.03707893992663,2,2021
recent_2016,LPF,2019,400.5166584055562,2,2021
recent_2016,LPF,2020,397.9434317753135,2,2021
recent_2016,LPF,2021,397.5228977812695,2,2021
recent_2016,MPF,1971,418.29123708755253,2,2021
recent_2016,MPF,1972,418.29123708755253,2,2021
recent_2016,MPF,1973,418.29123708755253,2,2021
recent_2016,MPF,1974,418.29123708755253,2,2021
recent_2016,MPF,1975,418.29123708755253,2,2021
recent_2016,MPF,1976,418.29123708755253,2,2021
recent_2016,MPF,1977,418.29123708755253,2,2021
recent_2016,MPF,1978,418.29123708755253,2,2021
recent_2016,MPF,1979,418.29123708755253,2,2021
recent_2016,MPF,1980,418.29123708755253,2,2021
recent_2016,MPF,1981,418.29123708755253,2,2021
recent_2016,MPF,1982,418.29123708755253,2,2021
recent_2016,MPF,1983,418.29123708755253,2,2021
recent_2016,MPF,1984,418.29123708755253,2,2021
recent_2016,MPF,1985,418.29123708755253,2,2021
recent_2016,MPF,1986,418.29123708755253,2,2021
recent_2016,MPF,1987,418.29123708755253,2,2021
recent_2016,MPF,1988,418.29123708755253,2,2021
recent_2016,MPF,1989,418.29123708755253,2,2021
recent_2016,MPF,1990,418.29123708755253,2,2021
recent_2016,MPF,1991,418.29123708755253,2,2021
recent_2016,MPF,1992,418.29123708755253,2,2021
recent_2016,MPF,1993,418.29123708755253,2,2021
recent_2016,MPF,1994,418.29123708755253,2,2021
recent_2016,MPF,1995,418.29123708755253,2,2021
recent_2016,MPF,1996,418.29123708755253,2,2021
recent_2016,MPF,1997,418.29123708755253,2,2021
recent_2016,MPF,1998,418.29123708755253,2,2021
recent_2016,MPF,1999,418.29123708755253,2,2021
recent_2016,MPF,2000,418.29123708755253,2,2021
recent_2016,MPF,2001,418.29123708755253,2,2021
recent_2016,MPF,2002,418.29123708755253,2,2021
recent_2016,MPF,2003,418.29123708755253,2,2021
recent_2016,MPF,2004,418.29123708755253,2,2021
recent_2016,MPF,2005,418.29123708755253,2,2021
recent_2016,MPF,2006,418.29123708755253,2,2021
recent_2016,MPF,2007,418.29123708755253,2,2021
recent_2016,MPF,2008,418.29123708755253,2,2021
recent_2016,MPF,2009,418.29123708755253,2,2021
recent_2016,MPF,2010,418.29123708755253,2,2021
recent_2016,MPF,2011,418.29123708755253,2,2021
recent_2016,MPF,2012,418.29123708755253,2,2021
recent_2016,MPF,2013,418.29123708755253,2,2021
recent_2016,MPF,2014,418.29123708755253,2,2021
recent_2016,MPF,2015,418.29123708755253,2,2021
recent_2016,MPF,2016,418.29123708755253,2,2021
recent_2016,MPF,2017,429.8092991103451,2,2021
recent_2016,MPF,2018,435.5886268189014,2,2021
recent_2016,MPF,2019,441.2667153159073,2,2021
recent_2016,MPF,2020,443.1079110981274,2,2021
recent_2016,MPF,2021,449.7823815467562,2,2021
recent_2016,NTU,1971,100.12329081120146,2,2021
recent_2016,NTU,1972,100.12329081120146,2,2021
recent_2016,NTU,1973,100.12329081120146,2,2021
recent_2016,NTU,1974,100.12329081120146,2,2021
recent_2016,NTU,1975,100.12329081120146,2,2021
recent_2016,NTU,1976,100.12329081120146,2,2021
recent_2016,NTU,1977,100.12329081120146,2,2021
recent_2016,NTU,1978,100.12329081120146,2,2021
recent_2016,NTU,1979,100.12329081120146,2,2021
recent_2016,NTU,1980,100.12329081120146,2,2021
recent_2016,NTU,1981,100.12329081120146,2,2021
recent_2016,NTU,1982,100.12329081120146,2,2021
recent_2016,NTU,1983,100.12329081120146,2,2021
recent_2016,NTU,1984,100.12329081120146,2,2021
recent_2016,NTU,1985,100.12329081120146,2,2021
recent_2016,NTU,1986,100.12329081120146,2,2021
recent_2016,NTU,1987,100.12329081120146,2,2021
recent_2016,NTU,1988,100.12329081120146,2,2021
recent_2016,NTU,1989,100.12329081120146,2,2021
recent_2016,NTU,1990,100.12329081120146,2,2021
recent_2016,NTU,1991,100.12329081120146,2,2021
recent_2016,NTU,1992,100.12329081120146,2,2021
recent_2016,NTU,1993,100.12329081120146,2,2021
recent_2016,NTU,1994,100.12329081120146,2,2021
recent_2016,NTU,1995,100.12329081120146,2,2021
recent_2016,NTU,1996,100.12329081120146,2,2021
recent_2016,NTU,1997,100.12329081120146,2,2021
recent_2016,NTU,1998,100.12329081120146,2,2021
recent_2016,NTU,1999,100.12329081120146,2,2021
recent_2016,NTU,2000,100.12329081120146,2,2021
recent_2016,NTU,2001,100.12329081120146,2,2021
recent_2016,NTU,2002,100.12329081120146,2,2021
recent_2016,NTU,2003,100.12329081120146,2,2021
recent_2016,NTU,2004,100.12329081120146,2,2021
recent_2016,NTU,2005,100.12329081120146,2,2021
recent_2016,NTU,2006,100.12329081120146,2,2021
recent_2016,NTU,2007,100.12329081120146,2,2021
recent_2016,NTU,2008,100.12329081120146,2,2021
recent_2016,NTU,2009,100.12329081120146,2,2021
recent_2016,NTU,2010,100.12329081120146,2,2021
recent_2016,NTU,2011,100.12329081120146,2,2021
recent_2016,NTU,2012,100.12329081120146,2,2021
recent_2016,NTU,2013,100.12329081120146,2,2021
recent_2016,NTU,2014,100.12329081120146,2,2021
recent_2016,NTU,2015,100.12329081120146,2,2021
recent_2016,NTU,2016,100.12329081120146,2,2021
recent_2016,NTU,2017,200.81565052140462,2,2021
recent_2016,NTU,2018,195.70350888618063,2,2021
recent_2016,NTU,2019,201.93576348484464,2,2021
recent_2016,NTU,2020,193.8683899353265,2,2021
recent_2016,NTU,2021,208.33886877757547,2,2021
recent_2016,SAR,1971,361.5973206950754,2,2021
recent_2016,SAR,1972,361.5973206950754,2,2021
recent_2016,SAR,1973,361.5973206950754,2,2021
recent_2016,SAR,1974,361.5973206950754,2,2021
recent_2016,SAR,1975,361.5973206950754,2,2021
recent_2016,SAR,1976,361.5973206950754,2,2021
recent_2016,SAR,1977,361.5973206950754,2,2021
recent_2016,SAR,1978,361.5973206950754,2,2021
recent_2016,SAR,1979,361.5973206950754,2,2021
recent_2016,SAR,1980,361.5973206950754,2,2021
recent_2016,SAR,1981,361.5973206950754,2,2021
recent_2016,SAR,1982,361.5973206950754,2,2021
recent_2016,SAR,1983,361.5973206950754,2,2021
recent_2016,SAR,1984,361.5973206950754,2,2021
recent_2016,SAR,1985,361.5973206950754,2,2021
recent_2016,SAR,1986,361.5973206950754,2,2021
recent_2016,SAR,1987,361.5973206950754,2,2021
recent_2016,SAR,1988,361.5973206950754,2,2021
recent_2016,SAR,1989,361.5973206950754,2,2021
recent_2016,SAR,1990,361.5973206950754,2,2021
recent_2016,SAR,1991,361.5973206950754,2,2021
recent_2016,SAR,1992,361.5973206950754,2,2021
recent_2016,SAR,1993,361.5973206950754,2,2021
recent_2016,SAR,1994,361.5973206950754,2,2021
recent_2016,SAR,1995,361.5973206950754,2,2021
recent_2016,SAR,1996,361.5973206950754,2,2021
recent_2016,SAR,1997,361.5973206950754,2,2021
recent_2016,SAR,1998,361.5973206950754,2,2021
recent_2016,SAR,1999,361.5973206950754,2,2021
recent_2016,SAR,2000,361.5973206950754,2,2021
recent_2016,SAR,2001,361.5973206950754,2,2021
recent_2016,SAR,2002,361.5973206950754,2,2021
recent_2016,SAR,2003,361.5973206950754,2,2021
recent_2016,SAR,2004,361.5973206950754,2,2021
recent_2016,SAR,2005,361.5973206950754,2,2021
recent_2016,SAR,2006,361.5973206950754,2,2021
recent_2016,SAR,2007,361.5973206950754,2,2021
recent_2016,SAR,2008,361.5973206950754,2,2021
recent_2016,SAR,2009,361.5973206950754,2,2021
recent_2016,SAR,2010,361.5973206950754,2,2021
recent_2016,SAR,2011,361.5973206950754,2,2021
recent_2016,SAR,2012,361.5973206950754,2,2021
recent_2016,SAR,2013,361.5973206950754,2,2021
recent_2016,SAR,2014,361.5973206950754,2,2021
recent_2016,SAR,2015,361.5973206950754,2,2021
recent_2016,SAR,2016,361.5973206950754,2,2021
recent_2016,SAR,2017,382.87138883313617,2,2021
recent_2016,SAR,2018,403.7598581732517,2,2021
recent_2016,SAR,2019,418.3037986235801,2,2021
recent_2016,SAR,2020,423.4011844906844,2,2021
recent_2016,SAR,2021,440.1129139453313,2,2021
recent_2016,SCP,1971,149.05360657842607,2,2021
recent_2016,SCP,1972,149.05360657842607,2,2021
recent_2016,SCP,1973,149.05360657842607,2,2021
recent_2016,SCP,1974,149.05360657842607,2,2021
recent_2016,SCP,1975,149.05360657842607,2,2021
recent_2016,SCP,1976,149.05360657842607,2,2021
recent_2016,SCP,1977,149.05360657842607,2,2021
recent_2016,SCP,1978,149.05360657842607,2,2021
recent_2016,SCP,1979,149.05360657842607,2,2021
recent_2016,SCP,1980,149.05360657842607,2,2021
recent_2016,SCP,1981,149.05360657842607,2,2021
recent_2016,SCP,1982,149.05360657842607,2,2021
recent_2016,SCP,1983,149.05360657842607,2,2021
recent_2016,SCP,1984,149.05360657842607,2,2021
recent_2016,SCP,1985,149.05360657842607,2,2021
recent_2016,SCP,1986,149.05360657842607,2,2021
recent_2016,SCP,1987,149.05360657842607,2,2021
recent_2016,SCP,1988,149.05360657842607,2,2021
recent_2016,SCP,1989,149.05360657842607,2,2021
recent_2016,SCP,1990,149.05360657842607,2,2021
recent_2016,SCP,1991,149.05360657842607,2,2021
recent_2016,SCP,1992,149.05360657842607,2,2021
recent_2016,SCP,1993,149.05360657842607,2,2021
recent_2016,SCP,1994,149.05360657842607,2,2021
recent_2016,SCP,1995,149.05360657842607,2,2021
recent_2016,SCP,1996,149.05360657842607,2,2021
recent_2016,SCP,1997,149.05360657842607,2,2021
recent_2016,SCP,1998,149.05360657842607,2,2021
recent_2016,SCP,1999,149.05360657842607,2,2021
recent_2016,SCP,2000,149.05360657842607,2,2021
recent_2016,SCP,2001,149.05360657842607,2,2021
recent_2016,SCP,2002,149.05360657842607,2,2021
recent_2016,SCP,2003,149.05360657842607,2,2021
recent_2016,SCP,2004,149.05360657842607,2,2021
recent_2016,SCP,2005,149.05360657842607,2,2021
recent_2016,SCP,2006,149.05360657842607,2,2021
recent_2016,SCP,2007,149.05360657842607,2,2021
recent_2016,SCP,2008,149.05360657842607,2,2021
recent_2016,SCP,2009,149.05360657842607,2,2021
recent_2016,SCP,2010,149.05360657842607,2,2021
recent_2016,SCP,2011,149.05360657842607,2,2021
recent_2016,SCP,2012,149.05360657842607,2,2021
recent_2016,SCP,2013,149.05360657842607,2,2021
recent_2016,SCP,2014,149.05360657842607,2,2021
recent_2016,SCP,2015,149.05360657842607,2,2021
recent_2016,SCP,2016,149.05360657842607,2,2021
recent_2016,SCP,2017,206.59781893908414,2,2021
recent_2016,SCP,2018,152.73753641980474,2,2021
recent_2016,SCP,2019,213.1319313172648,2,2021
recent_2016,SCP,2020,139.3292543039991,2,2021
recent_2016,SCP,2021,219.1134814153175,2,2021
recent_2016,ANC,1971,166.23180728380567,3,2020
recent_2016,ANC,1972,166.23180728380567,3,2020
recent_2016,ANC,1973,166.23180728380567,3,2020
recent_2016,ANC,1974,166.23180728380567,3,2020
recent_2016,ANC,1975,166.23180728380567,3,2020
recent_2016,ANC,1976,166.23180728380567,3,2020
recent_2016,ANC,1977,166.23180728380567,3,2020
recent_2016,ANC,1978,166.23180728380567,3,2020
recent_2016,ANC,1979,166.23180728380567,3,2020
recent_2016,ANC,1980,166.23180728380567,3,2020
recent_2016,ANC,1981,166.23180728380567,3,2020
recent_2016,ANC,1982,166.23180728380567,3,2020
recent_2016,ANC,1983,166.23180728380567,3,2020
recent_2016,ANC,1984,166.23180728380567,3,2020
recent_2016,ANC,1985,166.23180728380567,3,2020
recent_2016,ANC,1986,166.23180728380567,3,2020
recent_2016,ANC,1987,166.23180728380567,3,2020
recent_2016,ANC,1988,166.23180728380567,3,2020
recent_2016,ANC,1989,166.23180728380567,3,2020
recent_2016,ANC,1990,166.23180728380567,3,2020
recent_2016,ANC,1991,166.23180728380567,3,2020
recent_2016,ANC,1992,166.23180728380567,3,2020
recent_2016,ANC,1993,166.23180728380567,3,2020
recent_2016,ANC,1994,166.23180728380567,3,2020
recent_2016,ANC,1995,166.23180728380567,3,2020
recent_2016,ANC,1996,166.23180728380567,3,2020
recent_2016,ANC,1997,166.23180728380567,3,2020
recent_2016,ANC,1998,166.23180728380567,3,2020
recent_2016,ANC,1999,166.23180728380567,3,2020
recent_2016,ANC,2000,166.23180728380567,3,2020
recent_2016,ANC,2001,166.23180728380567,3,2020
recent_2016,ANC,2002,166.23180728380567,3,2020
recent_2016,ANC,2003,166.23180728380567,3,2020
recent_2016,ANC,2004,166.23180728380567,3,2020
recent_2016,ANC,2005,166.23180728380567,3,2020
recent_2016,ANC,2006,166.23180728380567,3,2020
recent_2016,ANC,2007,166.23180728380567,3,2020
recent_2016,ANC,2008,166.23180728380567,3,2020
recent_2016,ANC,2009,166.23180728380567,3,2020
recent_2016,ANC,2010,166.23180728380567,3,2020
recent_2016,ANC,2011,166.23180728380567,3,2020
recent_2016,ANC,2012,166.23180728380567,3,2020
recent_2016,ANC,2013,166.23180728380567,3,2020
recent_2016,ANC,2014,166.23180728380567,3,2020
recent_2016,ANC,2015,166.23180728380567,3,2020
recent_2016,ANC,2016,166.23180728380567,3,2020
recent_2016,ANC,2017,207.69562989715195,3,2020
recent_2016,ANC,2018,230.40567025651677,3,2020
recent_2016,ANC,2019,234.46698073499746,3,2020
recent_2016,ANC,2020,231.93425191342544,3,2020
recent_2016,CMA,1971,332.9470491901504,3,2020
recent_2016,CMA,1972,332.9470491901504,3,2020
recent_2016,CMA,1973,332.9470491901504,3,2020
recent_2016,CMA,1974,332.9470491901504,3,2020
recent_2016,CMA,1975,332.9470491901504,3,2020
recent_2016,CMA,1976,332.9470491901504,3,2020
recent_2016,CMA,1977,332.9470491901504,3,2020
recent_2016,CMA,1978,332.9470491901504,3,2020
recent_2016,CMA,1979,332.9470491901504,3,2020
recent_2016,CMA,1980,332.9470491901504,3,2020
recent_2016,CMA,1981,332.9470491901504,3,2020
recent_2016,CMA,1982,332.9470491901504,3,2020
recent_2016,CMA,1983,332.9470491901504,3,2020
recent_2016,CMA,1984,332.9470491901504,3,2020
recent_2016,CMA,1985,332.9470491901504,3,2020
recent_2016,CMA,1986,332.9470491901504,3,2020
recent_2016,CMA,1987,332.9470491901504,3,2020
recent_2016,CMA,1988,332.9470491901504,3,2020
recent_2016,CMA,1989,332.9470491901504,3,2020
recent_2016,CMA,1990,332.9470491901504,3,2020
recent_2016,CMA,1991,332.9470491901504,3,2020
recent_2016,CMA,1992,332.9470491901504,3,2020
recent_2016,CMA,1993,332.9470491901504,3,2020
recent_2016,CMA,1994,332.9470491901504,3,2020
recent_2016,CMA,1995,332.9470491901504,3,2020
recent_2016,CMA,1996,332.9470491901504,3,2020
recent_2016,CMA,1997,332.9470491901504,3,2020
recent_2016,CMA,1998,332.9470491901504,3,2020
recent_2016,CMA,1999,332.9470491901504,3,2020
recent_2016,CMA,2000,332.9470491901504,3,2020
recent_2016,CMA,2001,332.9470491901504,3,2020
recent_2016,CMA,2002,332.9470491901504,3,2020
recent_2016,CMA,2003,332.9470491901504,3,2020
recent_2016,CMA,2004,332.9470491901504,3,2020
recent_2016,CMA,2005,332.9470491901504,3,2020
recent_2016,CMA,2006,332.9470491901504,3,2020
recent_2016,CMA,2007,332.9470491901504,3,2020
recent_2016,CMA,2008,332.9470491901504,3,2020
recent_2016,CMA,2009,332.9470491901504,3,2020
recent_2016,CMA,2010,332.9470491901504,3,2020
recent_2016,CMA,2011,332.9470491901504,3,2020
recent_2016,CMA,2012,332.9470491901504,3,2020
recent_2016,CMA,2013,332.9470491901504,3,2020
recent_2016,CMA,2014,332.9470491901504,3,2020
recent_2016,CMA,2015,332.9470491901504,3,2020
recent_2016,CMA,2016,332.9470491901504,3,2020
recent_2016,CMA,2017,351.0761017979014,3,2020
recent_2016,CMA,2018,363.3042027883827,3,2020
recent_2016,CMA,2019,373.74027050037546,3,2020
recent_2016,CMA,2020,377.0695377038405,3,2020
recent_2016,DMF,1971,159.75125554133868,3,2020
recent_2016,DMF,1972,159.75125554133868,3,2020
recent_2016,DMF,1973,159.75125554133868,3,2020
recent_2016,DMF,1974,159.75125554133868,3,2020
recent_2016,DMF,1975,159.75125554133868,3,2020
recent_2016,DMF,1976,159.75125554133868,3,2020
recent_2016,DMF,1977,159.75125554133868,3,2020
recent_2016,DMF,1978,159.75125554133868,3,2020
recent_2016,DMF,1979,159.75125554133868,3,2020
recent_2016,DMF,1980,159.75125554133868,3,2020
recent_2016,DMF,1981,159.75125554133868,3,2020
recent_2016,DMF,1982,159.75125554133868,3,2020
recent_2016,DMF,1983,159.75125554133868,3,2020
recent_2016,DMF,1984,159.75125554133868,3,2020
recent_2016,DMF,1985,159.75125554133868,3,2020
recent_2016,DMF,1986,159.75125554133868,3,2020
recent_2016,DMF,1987,159.75125554133868,3,2020
recent_2016,DMF,1988,159.75125554133868,3,2020
recent_2016,DMF,1989,159.75125554133868,3,2020
recent_2016,DMF,1990,159.75125554133868,3,2020
recent_2016,DMF,1991,159.75125554133868,3,2020
recent_2016,DMF,1992,159.75125554133868,3,2020
recent_2016,DMF,1993,159.75125554133868,3,2020
recent_2016,DMF,1994,159.75125554133868,3,2020
recent_2016,DMF,1995,159.75125554133868,3,2020
recent_2016,DMF,1996,159.75125554133868,3,2020
recent_2016,DMF,1997,159.75125554133868,3,2020
recent_2016,DMF,1998,159.75125554133868,3,2020
recent_2016,DMF,1999,159.75125554133868,3,2020
recent_2016,DMF,2000,159.75125554133868,3,2020
recent_2016,DMF,2001,159.75125554133868,3,2020
recent_2016,DMF,2002,159.75125554133868,3,2020
recent_2016,DMF,2003,159.75125554133868,3,2020
recent_2016,DMF,2004,159.75125554133868,3,2020
recent_2016,DMF,2005,159.75125554133868,3,2020
recent_2016,DMF,2006,159.75125554133868,3,2020
recent_2016,DMF,2007,159.75125554133868,3,2020
recent_2016,DMF,2008,159.75125554133868,3,2020
recent_2016,DMF,2009,159.75125554133868,3,2020
recent_2016,DMF,2010,159.75125554133868,3,2020
recent_2016,DMF,2011,159.75125554133868,3,2020
recent_2016,DMF,2012,159.75125554133868,3,2020
recent_2016,DMF,2013,159.75125554133868,3,2020
recent_2016,DMF,2014,159.75125554133868,3,2020
recent_2016,DMF,2015,159.75125554133868,3,2020
recent_2016,DMF,2016,159.75125554133868,3,2020
recent_2016,DMF,2017,216.5897798348566,3,2020
recent_2016,DMF,2018,287.952209464105,3,2020
recent_2016,DMF,2019,358.3175179626622,3,2020
recent_2016,DMF,2020,418.8552111015769,3,2020
recent_2016,LPF,1971,380.7489277871846,3,2020
recent_2016,LPF,1972,380.7489277871846,3,2020
recent_2016,LPF,1973,380.7489277871846,3,2020
recent_2016,LPF,1974,380.7489277871846,3,2020
recent_2016,LPF,1975,380.7489277871846,3,2020
recent_2016,LPF,1976,380.7489277871846,3,2020
recent_2016,LPF,1977,380.7489277871846,3,2020
recent_2016,LPF,1978,380.7489277871846,3,2020
recent_2016,LPF,1979,380.7489277871846,3,2020
recent_2016,LPF,1980,380.7489277871846,3,2020
recent_2016,LPF,1981,380.7489277871846,3,2020
recent_2016,LPF,1982,380.7489277871846,3,2020
recent_2016,LPF,1983,380.7489277871846,3,2020
recent_2016,LPF,1984,380.7489277871846,3,2020
recent_2016,LPF,1985,380.7489277871846,3,2020
recent_2016,LPF,1986,380.7489277871846,3,2020
recent_2016,LPF,1987,380.7489277871846,3,2020
recent_2016,LPF,1988,380.7489277871846,3,2020
recent_2016,LPF,1989,380.7489277871846,3,2020
recent_2016,LPF,1990,380.7489277871846,3,2020
recent_2016,LPF,1991,380.7489277871846,3,2020
recent_2016,LPF,1992,380.7489277871846,3,2020
recent_2016,LPF,1993,380.7489277871846,3,2020
recent_2016,LPF,1994,380.7489277871846,3,2020
recent_2016,LPF,1995,380.7489277871846,3,2020
recent_2016,LPF,1996,380.7489277871846,3,2020
recent_2016,LPF,1997,380.7489277871846,3,2020
recent_2016,LPF,1998,380.7489277871846,3,2020
recent_2016,LPF,1999,380.7489277871846,3,2020
recent_2016,LPF,2000,380.7489277871846,3,2020
recent_2016,LPF,2001,380.7489277871846,3,2020
recent_2016,LPF,2002,380.7489277871846,3,2020
recent_2016,LPF,2003,380.7489277871846,3,2020
recent_2016,LPF,2004,380.7489277871846,3,2020
recent_2016,LPF,2005,380.7489277871846,3,2020
recent_2016,LPF,2006,380.7489277871846,3,2020
recent_2016,LPF,2007,380.7489277871846,3,2020
recent_2016,LPF,2008,380.7489277871846,3,2020
recent_2016,LPF,2009,380.7489277871846,3,2020
recent_2016,LPF,2010,380.7489277871846,3,2020
recent_2016,LPF,2011,380.7489277871846,3,2020
recent_2016,LPF,2012,380.7489277871846,3,2020
recent_2016,LPF,2013,380.7489277871846,3,2020
recent_2016,LPF,2014,380.7489277871846,3,2020
recent_2016,LPF,2015,380.7489277871846,3,2020
recent_2016,LPF,2016,380.7489277871846,3,2020
recent_2016,LPF,2017,351.2610195830847,3,2020
recent_2016,LPF,2018,334.37952137235163,3,2020
recent_2016,LPF,2019,328.58498069392874,3,2020
recent_2016,LPF,2020,318.85576227284776,3,2020
recent_2016,MPF,1971,433.02667201711205,3,2020
recent_2016,MPF,1972,433.02667201711205,3,2020
recent_2016,MPF,1973,433.02667201711205,3,2020
recent_2016,MPF,1974,433.02667201711205,3,2020
recent_2016,MPF,1975,433.02667201711205,3,2020
recent_2016,MPF,1976,433.02667201711205,3,2020
recent_2016,MPF,1977,433.02667201711205,3,2020
recent_2016,MPF,1978,433.02667201711205,3,2020
recent_2016,MPF,1979,433.02667201711205,3,2020
recent_2016,MPF,1980,433.02667201711205,3,2020
recent_2016,MPF,1981,433.02667201711205,3,2020
recent_2016,MPF,1982,433.02667201711205,3,2020
recent_2016,MPF,1983,433.02667201711205,3,2020
recent_2016,MPF,1984,433.02667201711205,3,2020
recent_2016,MPF,1985,433.02667201711205,3,2020
recent_2016,MPF,1986,433.02667201711205,3,2020
recent_2016,MPF,1987,433.02667201711205,3,2020
recent_2016,MPF,1988,433.02667201711205,3,2020
recent_2016,MPF,1989,433.02667201711205,3,2020
recent_2016,MPF,1990,433.02667201711205,3,2020
recent_2016,MPF,1991,433.02667201711205,3,2020
recent_2016,MPF,1992,433.02667201711205,3,2020
recent_2016,MPF,1993,433.02667201711205,3,2020
recent_2016,MPF,1994,433.02667201711205,3,2020
recent_2016,MPF,1995,433.02667201711205,3,2020
recent_2016,MPF,1996,433.02667201711205,3,2020
recent_2016,MPF,1997,433.02667201711205,3,2020
recent_2016,MPF,1998,433.02667201711205,3,2020
recent_2016,MPF,1999,433.02667201711205,3,2020
recent_2016,MPF,2000,433.02667201711205,3,2020
recent_2016,MPF,2001,433.02667201711205,3,2020
recent_2016,MPF,2002,433.02667201711205,3,2020
recent_2016,MPF,2003,433.02667201711205,3,2020
recent_2016,MPF,2004,433.02667201711205,3,2020
recent_2016,MPF,2005,433.02667201711205,3,2020
recent_2016,MPF,2006,433.02667201711205,3,2020
recent_2016,MPF,2007,433.02667201711205,3,2020
recent_2016,MPF,2008,433.02667201711205,3,2020
recent_2016,MPF,2009,433.02667201711205,3,2020
recent_2016,MPF,2010,433.02667201711205,3,2020
recent_2016,MPF,2011,433.02667201711205,3,2020
recent_2016,MPF,2012,433.02667201711205,3,2020
recent_2016,MPF,2013,433.02667201711205,3,2020
recent_2016,MPF,2014,433.02667201711205,3,2020
recent_2016,MPF,2015,433.02667201711205,3,2020
recent_2016,MPF,2016,433.02667201711205,3,2020
recent_2016,MPF,2017,463.64114258398905,3,2020
recent_2016,MPF,2018,474.19261762718565,3,2020
recent_2016,MPF,2019,479.7156786213928,3,2020
recent_2016,MPF,2020,480.9012515392425,3,2020
recent_2016,NTU,1971,114.85538434981308,3,2020
recent_2016,NTU,1972,114.85538434981308,3,2020
recent_2016,NTU,1973,114.85538434981308,3,2020
recent_2016,NTU,1974,114.85538434981308,3,2020
recent_2016,NTU,1975,114.85538434981308,3,2020
recent_2016,NTU,1976,114.85538434981308,3,2020
recent_2016,NTU,1977,114.85538434981308,3,2020
recent_2016,NTU,1978,114.85538434981308,3,2020
recent_2016,NTU,1979,114.85538434981308,3,2020
recent_2016,NTU,1980,114.85538434981308,3,2020
recent_2016,NTU,1981,114.85538434981308,3,2020
recent_2016,NTU,1982,114.85538434981308,3,2020
recent_2016,NTU,1983,114.85538434981308,3,2020
recent_2016,NTU,1984,114.85538434981308,3,2020
recent_2016,NTU,1985,114.85538434981308,3,2020
recent_2016,NTU,1986,114.85538434981308,3,2020
recent_2016,NTU,1987,114.85538434981308,3,2020
recent_2016,NTU,1988,114.85538434981308,3,2020
recent_2016,NTU,1989,114.85538434981308,3,2020
recent_2016,NTU,1990,114.85538434981308,3,2020
recent_2016,NTU,1991,114.85538434981308,3,2020
recent_2016,NTU,1992,114.85538434981308,3,2020
recent_2016,NTU,1993,114.85538434981308,3,2020
recent_2016,NTU,1994,114.85538434981308,3,2020
recent_2016,NTU,1995,114.85538434981308,3,2020
recent_2016,NTU,1996,114.85538434981308,3,2020
recent_2016,NTU,1997,114.85538434981308,3,2020
recent_2016,NTU,1998,114.85538434981308,3,2020
recent_2016,NTU,1999,114.85538434981308,3,2020
recent_2016,NTU,2000,114.85538434981308,3,2020
recent_2016,NTU,2001,114.85538434981308,3,2020
recent_2016,NTU,2002,114.85538434981308,3,2020
recent_2016,NTU,2003,114.85538434981308,3,2020
recent_2016,NTU,2004,114.85538434981308,3,2020
recent_2016,NTU,2005,114.85538434981308,3,2020
recent_2016,NTU,2006,114.85538434981308,3,2020
recent_2016,NTU,2007,114.85538434981308,3,2020
recent_2016,NTU,2008,114.85538434981308,3,2020
recent_2016,NTU,2009,114.85538434981308,3,2020
recent_2016,NTU,2010,114.85538434981308,3,2020
recent_2016,NTU,2011,114.85538434981308,3,2020
recent_2016,NTU,2012,114.85538434981308,3,2020
recent_2016,NTU,2013,114.85538434981308,3,2020
recent_2016,NTU,2014,114.85538434981308,3,2020
recent_2016,NTU,2015,114.85538434981308,3,2020
recent_2016,NTU,2016,114.85538434981308,3,2020
recent_2016,NTU,2017,217.30331860231928,3,2020
recent_2016,NTU,2018,229.6642126638403,3,2020
recent_2016,NTU,2019,218.81012176070826,3,2020
recent_2016,NTU,2020,228.9220626739774,3,2020
recent_2016,SAR,1971,335.7376869565977,3,2020
recent_2016,SAR,1972,335.7376869565977,3,2020
recent_2016,SAR,1973,335.7376869565977,3,2020
recent_2016,SAR,1974,335.7376869565977,3,2020
recent_2016,SAR,1975,335.7376869565977,3,2020
recent_2016,SAR,1976,335.7376869565977,3,2020
recent_2016,SAR,1977,335.7376869565977,3,2020
recent_2016,SAR,1978,335.7376869565977,3,2020
recent_2016,SAR,1979,335.7376869565977,3,2020
recent_2016,SAR,1980,335.7376869565977,3,2020
recent_2016,SAR,1981,335.7376869565977,3,2020
recent_2016,SAR,1982,335.7376869565977,3,2020
recent_2016,SAR,1983,335.7376869565977,3,2020
recent_2016,SAR,1984,335.7376869565977,3,2020
recent_2016,SAR,1985,335.7376869565977,3,2020
recent_2016,SAR,1986,335.7376869565977,3,2020
recent_2016,SAR,1987,335.7376869565977,3,2020
recent_2016,SAR,1988,335.7376869565977,3,2020
recent_2016,SAR,1989,335.7376869565977,3,2020
recent_2016,SAR,1990,335.7376869565977,3,2020
recent_2016,SAR,1991,335.7376869565977,3,2020
recent_2016,SAR,1992,335.7376869565977,3,2020
recent_2016,SAR,1993,335.7376869565977,3,2020
recent_2016,SAR,1994,335.7376869565977,3,2020
recent_2016,SAR,1995,335.7376869565977,3,2020
recent_2016,SAR,1996,335.7376869565977,3,2020
recent_2016,SAR,1997,335.7376869565977,3,2020
recent_2016,SAR,1998,335.7376869565977,3,2020
recent_2016,SAR,1999,335.7376869565977,3,2020
recent_2016,SAR,2000,335.7376869565977,3,2020
recent_2016,SAR,2001,335.7376869565977,3,2020
recent_2016,SAR,2002,335.7376869565977,3,2020
recent_2016,SAR,2003,335.7376869565977,3,2020
recent_2016,SAR,2004,335.7376869565977,3,2020
recent_2016,SAR,2005,335.7376869565977,3,2020
recent_2016,SAR,2006,335.7376869565977,3,2020
recent_2016,SAR,2007,335.7376869565977,3,2020
recent_2016,SAR,2008,335.7376869565977,3,2020
recent_2016,SAR,2009,335.7376869565977,3,2020
recent_2016,SAR,2010,335.7376869565977,3,2020
recent_2016,SAR,2011,335.7376869565977,3,2020
recent_2016,SAR,2012,335.7376869565977,3,2020
recent_2016,SAR,2013,335.7376869565977,3,2020
recent_2016,SAR,2014,335.7376869565977,3,2020
recent_2016,SAR,2015,335.7376869565977,3,2020
recent_2016,SAR,2016,335.7376869565977,3,2020
recent_2016,SAR,2017,346.87555649318426,3,2020
recent_2016,SAR,2018,358.005341557813,3,2020
recent_2016,SAR,2019,363.6535460937685,3,2020
recent_2016,SAR,2020,362.02369966424504,3,2020
recent_2016,SCP,1971,127.80373448599937,3,2020
recent_2016,SCP,1972,127.80373448599937,3,2020
recent_2016,SCP,1973,127.80373448599937,3,2020
recent_2016,SCP,1974,127.80373448599937,3,2020
recent_2016,SCP,1975,127.80373448599937,3,2020
recent_2016,SCP,1976,127.80373448599937,3,2020
recent_2016,SCP,1977,127.80373448599937,3,2020
recent_2016,SCP,1978,127.80373448599937,3,2020
recent_2016,SCP,1979,127.80373448599937,3,2020
recent_2016,SCP,1980,127.80373448599937,3,2020
recent_2016,SCP,1981,127.80373448599937,3,2020
recent_2016,SCP,1982,127.80373448599937,3,2020
recent_2016,SCP,1983,127.80373448599937,3,2020
recent_2016,SCP,1984,127.80373448599937,3,2020
recent_2016,SCP,1985,127.80373448599937,3,2020
recent_2016,SCP,1986,127.80373448599937,3,2020
recent_2016,SCP,1987,127.80373448599937,3,2020
recent_2016,SCP,1988,127.80373448599937,3,2020
recent_2016,SCP,1989,127.80373448599937,3,2020
recent_2016,SCP,1990,127.80373448599937,3,2020
recent_2016,SCP,1991,127.80373448599937,3,2020
recent_2016,SCP,1992,127.80373448599937,3,2020
recent_2016,SCP,1993,127.80373448599937,3,2020
recent_2016,SCP,1994,127.80373448599937,3,2020
recent_2016,SCP,1995,127.80373448599937,3,2020
recent_2016,SCP,1996,127.80373448599937,3,2020
recent_2016,SCP,1997,127.80373448599937,3,2020
recent_2016,SCP,1998,127.80373448599937,3,2020
recent_2016,SCP,1999,127.80373448599937,3,2020
recent_2016,SCP,2000,127.80373448599937,3,2020
recent_2016,SCP,2001,127.80373448599937,3,2020
recent_2016,SCP,2002,127.80373448599937,3,2020
recent_2016,SCP,2003,127.80373448599937,3,2020
recent_2016,SCP,2004,127.80373448599937,3,2020
recent_2016,SCP,2005,127.80373448599937,3,2020
recent_2016,SCP,2006,127.80373448599937,3,2020
recent_2016,SCP,2007,127.80373448599937,3,2020
recent_2016,SCP,2008,127.80373448599937,3,2020
recent_2016,SCP,2009,127.80373448599937,3,2020
recent_2016,SCP,2010,127.80373448599937,3,2020
recent_2016,SCP,2011,127.80373448599937,3,2020
recent_2016,SCP,2012,127.80373448599937,3,2020
recent_2016,SCP,2013,127.80373448599937,3,2020
recent_2016,SCP,2014,127.80373448599937,3,2020
recent_2016,SCP,2015,127.80373448599937,3,2020
recent_2016,SCP,2016,127.80373448599937,3,2020
recent_2016,SCP,2017,175.3680528603356,3,2020
recent_2016,SCP,2018,124.75298596209802,3,2020
recent_2016,SCP,2019,186.28463940236034,3,2020
recent_2016,SCP,2020,98.48067305208161,3,2020
per_species,ANC,1971,112.93503026159496,0,2023
per_species,ANC,1972,112.93503026159496,0,2023
per_species,ANC,1973,112.93503026159496,0,2023
per_species,ANC,1974,112.93503026159496,0,2023
per_species,ANC,1975,112.93503026159496,0,2023
per_species,ANC,1976,112.93503026159496,0,2023
per_species,ANC,1977,112.93503026159496,0,2023
per_species,ANC,1978,112.93503026159496,0,2023
per_species,ANC,1979,112.93503026159496,0,2023
per_species,ANC,1980,112.93503026159496,0,2023
per_species,ANC,1981,112.93503026159496,0,2023
per_species,ANC,1982,112.93503026159496,0,2023
per_species,ANC,1983,112.93503026159496,0,2023
per_species,ANC,1984,112.93503026159496,0,2023
per_species,ANC,1985,112.93503026159496,0,2023
per_species,ANC,1986,112.93503026159496,0,2023
per_species,ANC,1987,112.93503026159496,0,2023
per_species,ANC,1988,112.93503026159496,0,2023
per_species,ANC,1989,102.13867411998221,0,2023
per_species,ANC,1990,102.05985674415183,0,2023
per_species,ANC,1991,103.42950555482467,0,2023
per_species,ANC,1992,104.6171276802021,0,2023
per_species,ANC,1993,107.75860502830447,0,2023
per_species,ANC,1994,102.92204557679412,0,2023
per_species,ANC,1995,104.74144802748967,0,2023
per_species,ANC,1996,104.6526754648787,0,2023
per_species,ANC,1997,103.05756849668965,0,2023
per_species,ANC,1998,103.36521528121898,0,2023
per_species,ANC,1999,104.49438584679034,0,2023
per_species,ANC,2000,104.76596604740048,0,2023
per_species,ANC,2001,107.24158641844569,0,2023
per_species,ANC,2002,106.06451568575892,0,2023
per_species,ANC,2003,105.10958410997111,0,2023
per_species,ANC,2004,105.61464632688066,0,2023
per_species,ANC,2005,104.64525339398881,0,2023
per_species,ANC,2006,99.66083736415192,0,2023
per_species,ANC,2007,94.82933735124224,0,2023
per_species,ANC,2008,90.59999529592442,0,2023
per_species,ANC,2009,79.70934758275929,0,2023
per_species,ANC,2010,75.52385472122856,0,2023
per_species,ANC,2011,76.86856134184748,0,2023
per_species,ANC,2012,74.49980828670896,0,2023
per_species,ANC,2013,89.15659391041906,0,2023
per_species,ANC,2014,114.30895078840645,0,2023
per_species,ANC,2015,135.52263423046423,0,2023
per_species,ANC,2016,156.04331872871361,0,2023
per_species,ANC,2017,153.37556620663457,0,2023
per_species,ANC,2018,173.22392328175079,0,2023
per_species,ANC,2019,199.62125583901326,0,2023
per_species,ANC,2020,216.15039484123278,0,2023
per_species,ANC,2021,246.06813530502595,0,2023
per_species,ANC,2022,265.8132547123495,0,2023
per_species,ANC,2023,273.29202433270984,0,2023
per_species,CMA,1971,263.0151341618871,0,2023
per_species,CMA,1972,263.0151341618871,0,2023
per_species,CMA,1973,263.0151341618871,0,2023
per_species,CMA,1974,263.0151341618871,0,2023
per_species,CMA,1975,263.0151341618871,0,2023
per_species,CMA,1976,263.0151341618871,0,2023
per_species,CMA,1977,263.0151341618871,0,2023
per_species,CMA,1978,263.0151341618871,0,2023
per_species,CMA,1979,263.0151341618871,0,2023
per_species,CMA,1980,263.0151341618871,0,2023
per_species,CMA,1981,263.0151341618871,0,2023
per_species,CMA,1982,263.0151341618871,0,2023
per_species,CMA,1983,263.0151341618871,0,2023
per_species,CMA,1984,263.0151341618871,0,2023
per_species,CMA,1985,263.0151341618871,0,2023
per_species,CMA,1986,263.0151341618871,0,2023
per_species,CMA,1987,263.0151341618871,0,2023
per_species,CMA,1988,263.0151341618871,0,2023
per_species,CMA,1989,263.0151341618871,0,2023
per_species,CMA,1990,263.0151341618871,0,2023
per_species,CMA,1991,263.0151341618871,0,2023
per_species,CMA,1992,263.0151341618871,0,2023
per_species,CMA,1993,263.0151341618871,0,2023
per_species,CMA,1994,263.0151341618871,0,2023
per_species,CMA,1995,263.0151341618871,0,2023
per_species,CMA,1996,263.0151341618871,0,2023
per_species,CMA,1997,263.0151341618871,0,2023
per_species,CMA,1998,263.0151341618871,0,2023
per_species,CMA,1999,263.0151341618871,0,2023
per_species,CMA,2000,263.0151341618871,0,2023
per_species,CMA,2001,263.0151341618871,0,2023
per_species,CMA,2002,263.0151341618871,0,2023
per_species,CMA,2003,263.0151341618871,0,2023
per_species,CMA,2004,263.0151341618871,0,2023
per_species,CMA,2005,263.0151341618871,0,2023
per_species,CMA,2006,266.5953414960147,0,2023
per_species,CMA,2007,269.6584959374845,0,2023
per_species,CMA,2008,271.1745096469497,0,2023
per_species,CMA,2009,270.70117463308554,0,2023
per_species,CMA,2010,269.4413736700717,0,2023
per_species,CMA,2011,266.48304886112186,0,2023
per_species,CMA,2012,265.42353197190135,0,2023
per_species,CMA,2013,265.3518809724832,0,2023
per_species,CMA,2014,263.939123635998,0,2023
per_species,CMA,2015,261.5503331828557,0,2023
per_species,CMA,2016,245.83380345550717,0,2023
per_species,CMA,2017,243.10628711069137,0,2023
per_species,CMA,2018,241.09548257381746,0,2023
per_species,CMA,2019,243.39772000389223,0,2023
per_species,CMA,2020,241.34373953229183,0,2023
per_species,CMA,2021,246.67910813081693,0,2023
per_species,CMA,2022,249.37573716329393,0,2023
per_species,CMA,2023,251.19994751392917,0,2023
per_species,DMF,1971,184.15992351801287,0,2023
per_species,DMF,1972,184.15992351801287,0,2023
per_species,DMF,1973,184.15992351801287,0,2023
per_species,DMF,1974,184.15992351801287,0,2023
per_species,DMF,1975,184.15992351801287,0,2023
per_species,DMF,1976,184.15992351801287,0,2023
per_species,DMF,1977,184.15992351801287,0,2023
per_species,DMF,1978,184.15992351801287,0,2023
per_species,DMF,1979,184.15992351801287,0,2023
per_species,DMF,1980,184.15992351801287,0,2023
per_species,DMF,1981,184.15992351801287,0,2023
per_species,DMF,1982,184.15992351801287,0,2023
per_species,DMF,1983,184.15992351801287,0,2023
per_species,DMF,1984,184.15992351801287,0,2023
per_species,DMF,1985,184.15992351801287,0,2023
per_species,DMF,1986,184.15992351801287,0,2023
per_species,DMF,1987,184.15992351801287,0,2023
per_species,DMF,1988,184.15992351801287,0,2023
per_species,DMF,1989,184.15992351801287,0,2023
per_species,DMF,1990,184.15992351801287,0,2023
per_species,DMF,1991,184.15992351801287,0,2023
per_species,DMF,1992,184.15992351801287,0,2023
per_species,DMF,1993,184.15992351801287,0,2023
per_species,DMF,1994,184.15992351801287,0,2023
per_species,DMF,1995,184.15992351801287,0,2023
per_species,DMF,1996,184.15992351801287,0,2023
per_species,DMF,1997,184.15992351801287,0,2023
per_species,DMF,1998,184.15992351801287,0,2023
per_species,DMF,1999,184.15992351801287,0,2023
per_species,DMF,2000,184.15992351801287,0,2023
per_species,DMF,2001,184.15992351801287,0,2023
per_species,DMF,2002,184.15992351801287,0,2023
per_species,DMF,2003,184.15992351801287,0,2023
per_species,DMF,2004,184.15992351801287,0,2023
per_species,DMF,2005,184.15992351801287,0,2023
per_species,DMF,2006,189.1359114186062,0,2023
per_species,DMF,2007,198.23246742434156,0,2023
per_species,DMF,2008,211.22782833827222,0,2023
per_species,DMF,2009,220.6850020399494,0,2023
per_species,DMF,2010,224.32578046217105,0,2023
per_species,DMF,2011,224.2093470551024,0,2023
per_species,DMF,2012,234.25656142796774,0,2023
per_species,DMF,2013,250.58266313708444,0,2023
per_species,DMF,2014,256.04682968062497,0,2023
per_species,DMF,2015,262.26218857733306,0,2023
per_species,DMF,2016,265.6035940518471,0,2023
per_species,DMF,2017,266.6961816436629,0,2023
per_species,DMF,2018,259.56981300203324,0,2023
per_species,DMF,2019,257.9996713085364,0,2023
per_species,DMF,2020,256.1721583761694,0,2023
per_species,DMF,2021,266.9857208592808,0,2023
per_species,DMF,2022,275.1040641876125,0,2023
per_species,DMF,2023,282.4249011192734,0,2023
per_species,LPF,1971,411.56463856189424,0,2023
per_species,LPF,1972,411.56463856189424,0,2023
per_species,LPF,1973,411.56463856189424,0,2023
per_species,LPF,1974,411.56463856189424,0,2023
per_species,LPF,1975,411.56463856189424,0,2023
per_species,LPF,1976,411.56463856189424,0,2023
per_species,LPF,1977,411.56463856189424,0,2023
per_species,LPF,1978,411.56463856189424,0,2023
per_species,LPF,1979,411.56463856189424,0,2023
per_species,LPF,1980,411.56463856189424,0,2023
per_species,LPF,1981,411.56463856189424,0,2023
per_species,LPF,1982,411.56463856189424,0,2023
per_species,LPF,1983,411.56463856189424,0,2023
per_species,LPF,1984,411.56463856189424,0,2023
per_species,LPF,1985,411.56463856189424,0,2023
per_species,LPF,1986,411.56463856189424,0,2023
per_species,LPF,1987,411.56463856189424,0,2023
per_species,LPF,1988,411.56463856189424,0,2023
per_species,LPF,1989,384.62511535536584,0,2023
per_species,LPF,1990,377.36937834353586,0,2023
per_species,LPF,1991,361.9498379016702,0,2023
per_species,LPF,1992,375.9533651384042,0,2023
per_species,LPF,1993,381.7672929480842,0,2023
per_species,LPF,1994,386.1906275912867,0,2023
per_species,LPF,1995,389.2449421942041,0,2023
per_species,LPF,1996,389.63507910689,0,2023
per_species,LPF,1997,401.39957714976094,0,2023
per_species,LPF,1998,410.3048471000929,0,2023
per_species,LPF,1999,411.1909375526071,0,2023
per_species,LPF,2000,406.99488487188995,0,2023
per_species,LPF,2001,411.82345105300413,0,2023
per_species,LPF,2002,411.32152463443606,0,2023
per_species,LPF,2003,407.9353084650229,0,2023
per_species,LPF,2004,402.3347854947864,0,2023
per_species,LPF,2005,398.0094898860379,0,2023
per_species,LPF,2006,397.5454718443538,0,2023
per_species,LPF,2007,399.14179860795616,0,2023
per_species,LPF,2008,399.9431315403742,0,2023
per_species,LPF,2009,400.21671933728936,0,2023
per_species,LPF,2010,398.90179941119834,0,2023
per_species,LPF,2011,396.7033483793684,0,2023
per_species,LPF,2012,394.9967235726373,0,2023
per_species,LPF,2013,396.1207130723802,0,2023
per_species,LPF,2014,392.95451876499226,0,2023
per_species,LPF,2015,390.79316590685886,0,2023
per_species,LPF,2016,369.7220498844487,0,2023
per_species,LPF,2017,361.23327673492287,0,2023
per_species,LPF,2018,353.41967608605324,0,2023
per_species,LPF,2019,351.816319799391,0,2023
per_species,LPF,2020,345.3263269385147,0,2023
per_species,LPF,2021,337.23135194284566,0,2023
per_species,LPF,2022,336.4628430434028,0,2023
per_species,LPF,2023,343.42530503975655,0,2023
per_species,MPF,1971,416.31096129452675,0,2023
per_species,MPF,1972,416.31096129452675,0,2023
per_species,MPF,1973,416.31096129452675,0,2023
per_species,MPF,1974,416.31096129452675,0,2023
per_species,MPF,1975,416.31096129452675,0,2023
per_species,MPF,1976,416.31096129452675,0,2023
per_species,MPF,1977,416.31096129452675,0,2023
per_species,MPF,1978,416.31096129452675,0,2023
per_species,MPF,1979,416.31096129452675,0,2023
per_species,MPF,1980,416.31096129452675,0,2023
per_species,MPF,1981,416.31096129452675,0,2023
per_species,MPF,1982,416.31096129452675,0,2023
per_species,MPF,1983,416.31096129452675,0,2023
per_species,MPF,1984,416.31096129452675,0,2023
per_species,MPF,1985,325.07416275523303,0,2023
per_species,MPF,1986,292.0569621275357,0,2023
per_species,MPF,1987,252.28650083239023,0,2023
per_species,MPF,1988,228.28910591942423,0,2023
per_species,MPF,1989,195.65786993163798,0,2023
per_species,MPF,1990,191.72774086634152,0,2023
per_species,MPF,1991,177.82236940436516,0,2023
per_species,MPF,1992,197.16691184589857,0,2023
per_species,MPF,1993,206.67128119004482,0,2023
per_species,MPF,1994,210.835786698632,0,2023
per_species,MPF,1995,218.6038304378036,0,2023
per_species,MPF,1996,215.94242756918442,0,2023
per_species,MPF,1997,228.11347115369313,0,2023
per_species,MPF,1998,239.35278084958117,0,2023
per_species,MPF,1999,244.69131922537085,0,2023
per_species,MPF,2000,243.0048480483025,0,2023
per_species,MPF,2001,257.285896392497,0,2023
per_species,MPF,2002,264.398428971534,0,2023
per_species,MPF,2003,258.0213685329637,0,2023
per_species,MPF,2004,244.47767150198206,0,2023
per_species,MPF,2005,228.45586664372362,0,2023
per_species,MPF,2006,216.9248079643479,0,2023
per_species,MPF,2007,214.36136105936745,0,2023
per_species,MPF,2008,212.64484901371537,0,2023
per_species,MPF,2009,210.28786998658657,0,2023
per_species,MPF,2010,202.91983112821885,0,2023
per_species,MPF,2011,196.29244847238044,0,2023
per_species,MPF,2012,190.80298031706502,0,2023
per_species,MPF,2013,189.8420938187691,0,2023
per_species,MPF,2014,184.2169282985114,0,2023
per_species,MPF,2015,176.17686389749352,0,2023
per_species,MPF,2016,146.53030227233074,0,2023
per_species,MPF,2017,131.852417194011,0,2023
per_species,MPF,2018,122.52549876205796,0,2023
per_species,MPF,2019,118.98480102315528,0,2023
per_species,MPF,2020,113.80003526133162,0,2023
per_species,MPF,2021,118.63259558871258,0,2023
per_species,MPF,2022,123.25420133414097,0,2023
per_species,MPF,2023,126.81261613155188,0,2023
per_species,NTU,1971,59.33561912428946,0,2023
per_species,NTU,1972,79.37217801535539,0,2023
per_species,NTU,1973,70.62467562434048,0,2023
per_species,NTU,1974,74.25639504289528,0,2023
per_species,NTU,1975,71.45434190810901,0,2023
per_species,NTU,1976,69.3150827232314,0,2023
per_species,NTU,1977,67.61143057395388,0,2023
per_species,NTU,1978,61.110801993780065,0,2023
per_species,NTU,1979,62.54542644488146,0,2023
per_species,NTU,1980,59.695812180846055,0,2023
per_species,NTU,1981,61.153325819334704,0,2023
per_species,NTU,1982,57.09781525047833,0,2023
per_species,NTU,1983,55.79921669422617,0,2023
per_species,NTU,1984,52.0049849734541,0,2023
per_species,NTU,1985,44.57945500303307,0,2023
per_species,NTU,1986,45.799811746442906,0,2023
per_species,NTU,1987,40.41207139427013,0,2023
per_species,NTU,1988,38.47682857447233,0,2023
per_species,NTU,1989,33.02838604011339,0,2023
per_species,NTU,1990,33.087235682722444,0,2023
per_species,NTU,1991,29.63295528327566,0,2023
per_species,NTU,1992,32.46639182294889,0,2023
per_species,NTU,1993,30.734329949501156,0,2023
per_species,NTU,1994,29.006261454956935,0,2023
per_species,NTU,1995,27.915091426958558,0,2023
per_species,NTU,1996,26.797064485329347,0,2023
per_species,NTU,1997,26.764412232241,0,2023
per_species,NTU,1998,26.33746611739614,0,2023
per_species,NTU,1999,25.863155601604877,0,2023
per_species,NTU,2000,25.54200973394088,0,2023
per_species,NTU,2001,25.05410089824409,0,2023
per_species,NTU,2002,25.110525302840912,0,2023
per_species,NTU,2003,25.020423108134505,0,2023
per_species,NTU,2004,24.95649449157415,0,2023
per_species,NTU,2005,25.087487617359024,0,2023
per_species,NTU,2006,24.6277417060505,0,2023
per_species,NTU,2007,24.720851193380234,0,2023
per_species,NTU,2008,25.196514235238368,0,2023
per_species,NTU,2009,24.800045848840288,0,2023
per_species,NTU,2010,24.964552074316842,0,2023
per_species,NTU,2011,24.925903742373908,0,2023
per_species,NTU,2012,25.43866828535278,0,2023
per_species,NTU,2013,25.959526872046684,0,2023
per_species,NTU,2014,26.548141717275318,0,2023
per_species,NTU,2015,27.08441935456695,0,2023
per_species,NTU,2016,27.611178306783355,0,2023
per_species,NTU,2017,27.77116580596458,0,2023
per_species,NTU,2018,26.950221027207725,0,2023
per_species,NTU,2019,26.187647278538595,0,2023
per_species,NTU,2020,26.578022213275638,0,2023
per_species,NTU,2021,27.46181957051412,0,2023
per_species,NTU,2022,28.014218025544505,0,2023
per_species,NTU,2023,28.17429743903817,0,2023
per_species,SAR,1971,262.90477681359465,0,2023
per_species,SAR,1972,262.90477681359465,0,2023
per_species,SAR,1973,262.90477681359465,0,2023
per_species,SAR,1974,262.90477681359465,0,2023
per_species,SAR,1975,262.90477681359465,0,2023
per_species,SAR,1976,262.90477681359465,0,2023
per_species,SAR,1977,262.90477681359465,0,2023
per_species,SAR,1978,262.90477681359465,0,2023
per_species,SAR,1979,262.90477681359465,0,2023
per_species,SAR,1980,262.90477681359465,0,2023
per_species,SAR,1981,262.90477681359465,0,2023
per_species,SAR,1982,262.90477681359465,0,2023
per_species,SAR,1983,262.90477681359465,0,2023
per_species,SAR,1984,262.90477681359465,0,2023
per_species,SAR,1985,262.90477681359465,0,2023
per_species,SAR,1986,262.90477681359465,0,2023
per_species,SAR,1987,262.90477681359465,0,2023
per_species,SAR,1988,262.90477681359465,0,2023
per_species,SAR,1989,262.90477681359465,0,2023
per_species,SAR,1990,262.90477681359465,0,2023
per_species,SAR,1991,262.90477681359465,0,2023
per_species,SAR,1992,262.90477681359465,0,2023
per_species,SAR,1993,262.90477681359465,0,2023
per_species,SAR,1994,262.90477681359465,0,2023
per_species,SAR,1995,262.90477681359465,0,2023
per_species,SAR,1996,262.90477681359465,0,2023
per_species,SAR,1997,262.90477681359465,0,2023
per_species,SAR,1998,262.90477681359465,0,2023
per_species,SAR,1999,262.90477681359465,0,2023
per_species,SAR,2000,262.90477681359465,0,2023
per_species,SAR,2001,262.90477681359465,0,2023
per_species,SAR,2002,262.90477681359465,0,2023
per_species,SAR,2003,262.90477681359465,0,2023
per_species,SAR,2004,262.90477681359465,0,2023
per_species,SAR,2005,262.90477681359465,0,2023
per_species,SAR,2006,262.90477681359465,0,2023
per_species,SAR,2007,262.90477681359465,0,2023
per_species,SAR,2008,262.90477681359465,0,2023
per_species,SAR,2009,288.67295067572314,0,2023
per_species,SAR,2010,316.7960396884291,0,2023
per_species,SAR,2011,344.6265355778643,0,2023
per_species,SAR,2012,368.8459976799027,0,2023
per_species,SAR,2013,399.4656135946498,0,2023
per_species,SAR,2014,424.96562076005023,0,2023
per_species,SAR,2015,444.097892505304,0,2023
per_species,SAR,2016,427.71598688607645,0,2023
per_species,SAR,2017,448.27027202396596,0,2023
per_species,SAR,2018,475.1945250782843,0,2023
per_species,SAR,2019,498.8708131728412,0,2023
per_species,SAR,2020,512.4848054214474,0,2023
per_species,SAR,2021,536.1312413604477,0,2023
per_species,SAR,2022,553.9972206564557,0,2023
per_species,SAR,2023,561.2584625741401,0,2023
per_species,SCP,1971,140.14507427734668,0,2023
per_species,SCP,1972,140.14507427734668,0,2023
per_species,SCP,1973,140.14507427734668,0,2023
per_species,SCP,1974,140.14507427734668,0,2023
per_species,SCP,1975,140.14507427734668,0,2023
per_species,SCP,1976,140.14507427734668,0,2023
per_species,SCP,1977,140.14507427734668,0,2023
per_species,SCP,1978,140.14507427734668,0,2023
per_species,SCP,1979,140.14507427734668,0,2023
per_species,SCP,1980,140.14507427734668,0,2023
per_species,SCP,1981,140.14507427734668,0,2023
per_species,SCP,1982,140.14507427734668,0,2023
per_species,SCP,1983,140.14507427734668,0,2023
per_species,SCP,1984,140.14507427734668,0,2023
per_species,SCP,1985,140.14507427734668,0,2023
per_species,SCP,1986,140.14507427734668,0,2023
per_species,SCP,1987,140.14507427734668,0,2023
per_species,SCP,1988,140.14507427734668,0,2023
per_species,SCP,1989,127.9639150836619,0,2023
per_species,SCP,1990,124.52306711264418,0,2023
per_species,SCP,1991,113.4204361139729,0,2023
per_species,SCP,1992,117.41149704474968,0,2023
per_species,SCP,1993,117.9583269582614,0,2023
per_species,SCP,1994,118.65534790851794,0,2023
per_species,SCP,1995,119.07908484330395,0,2023
per_species,SCP,1996,118.73414177064453,0,2023
per_species,SCP,1997,125.71236453750667,0,2023
per_species,SCP,1998,132.28354615291397,0,2023
per_species,SCP,1999,136.92640196239316,0,2023
per_species,SCP,2000,136.8636473581865,0,2023
per_species,SCP,2001,142.03862398944582,0,2023
per_species,SCP,2002,145.8750441990234,0,2023
per_species,SCP,2003,147.2212989102209,0,2023
per_species,SCP,2004,144.9952892129905,0,2023
per_species,SCP,2005,143.35065518878457,0,2023
per_species,SCP,2006,144.23844691062843,0,2023
per_species,SCP,2007,146.1090697065494,0,2023
per_species,SCP,2008,147.4008063054438,0,2023
per_species,SCP,2009,148.69227885495093,0,2023
per_species,SCP,2010,149.42413414608194,0,2023
per_species,SCP,2011,149.7949250183967,0,2023
per_species,SCP,2012,148.63117980912332,0,2023
per_species,SCP,2013,148.0936976758605,0,2023
per_species,SCP,2014,145.8191388126799,0,2023
per_species,SCP,2015,142.9357572140718,0,2023
per_species,SCP,2016,124.25591803148775,0,2023
per_species,SCP,2017,118.69127639390227,0,2023
per_species,SCP,2018,118.54216051740998,0,2023
per_species,SCP,2019,118.2506685098533,0,2023
per_species,SCP,2020,117.65590118402633,0,2023
per_species,SCP,2021,118.82795151153594,0,2023
per_species,SCP,2022,120.95588889520316,0,2023
per_species,SCP,2023,124.85576712216978,0,2023
per_species,ANC,1971,111.71815163946884,1,2022
per_species,ANC,1972,111.71815163946884,1,2022
per_species,ANC,1973,111.71815163946884,1,2022
per_species,ANC,1974,111.71815163946884,1,2022
per_species,ANC,1975,111.71815163946884,1,2022
per_species,ANC,1976,111.71815163946884,1,2022
per_species,ANC,1977,111.71815163946884,1,2022
per_species,ANC,1978,111.71815163946884,1,2022
per_species,ANC,1979,111.71815163946884,1,2022
per_species,ANC,1980,111.71815163946884,1,2022
per_species,ANC,1981,111.71815163946884,1,2022
per_species,ANC,1982,111.71815163946884,1,2022
per_species,ANC,1983,111.71815163946884,1,2022
per_species,ANC,1984,111.71815163946884,1,2022
per_species,ANC,1985,111.71815163946884,1,2022
per_species,ANC,1986,111.71815163946884,1,2022
per_species,ANC,1987,111.71815163946884,1,2022
per_species,ANC,1988,111.71815163946884,1,2022
per_species,ANC,1989,103.50236071858357,1,2022
per_species,ANC,1990,102.48619335823834,1,2022
per_species,ANC,1991,103.26890318114619,1,2022
per_species,ANC,1992,102.44027055346139,1,2022
per_species,ANC,1993,105.98519413923981,1,2022
per_species,ANC,1994,101.43998315876607,1,2022
per_species,ANC,1995,103.13877977344,1,2022
per_species,ANC,1996,102.85987597175253,1,2022
per_species,ANC,1997,100.76410278817015,1,2022
per_species,ANC,1998,101.42313994484057,1,2022
per_species,ANC,1999,103.17614604524441,1,2022
per_species,ANC,2000,103.78559264004079,1,2022
per_species,ANC,2001,106.06005877075316,1,2022
per_species,ANC,2002,105.02412310416088,1,2022
per_species,ANC,2003,104.16982598793443,1,2022
per_species,ANC,2004,104.44960516852242,1,2022
per_species,ANC,2005,102.83364353128462,1,2022
per_species,ANC,2006,98.76899931830881,1,2022
per_species,ANC,2007,94.03735849845924,1,2022
per_species,ANC,2008,89.79616467693461,1,2022
per_species,ANC,2009,79.17896637114674,1,2022
per_species,ANC,2010,75.06376878735719,1,2022
per_species,ANC,2011,76.24819480172452,1,2022
per_species,ANC,2012,73.36297277189048,1,2022
per_species,ANC,2013,87.14924786849362,1,2022
per_species,ANC,2014,111.85748993876688,1,2022
per_species,ANC,2015,133.19921448360685,1,2022
per_species,ANC,2016,154.21520769301057,1,2022
per_species,ANC,2017,151.43279980456612,1,2022
per_species,ANC,2018,169.89143890487205,1,2022
per_species,ANC,2019,194.1765919465153,1,2022
per_species,ANC,2020,209.71696937511064,1,2022
per_species,ANC,2021,238.51380147821837,1,2022
per_species,ANC,2022,259.4575270052493,1,2022
per_species,CMA,1971,203.98296611657364,1,2022
per_species,CMA,1972,203.98296611657364,1,2022
per_species,CMA,1973,203.98296611657364,1,2022
per_species,CMA,1974,203.98296611657364,1,2022
per_species,CMA,1975,203.98296611657364,1,2022
per_species,CMA,1976,203.98296611657364,1,2022
per_species,CMA,1977,203.98296611657364,1,2022
per_species,CMA,1978,203.98296611657364,1,2022
per_species,CMA,1979,203.98296611657364,1,2022
per_species,CMA,1980,203.98296611657364,1,2022
per_species,CMA,1981,203.98296611657364,1,2022
per_species,CMA,1982,203.98296611657364,1,2022
per_species,CMA,1983,203.98296611657364,1,2022
per_species,CMA,1984,203.98296611657364,1,2022
per_species,CMA,1985,203.98296611657364,1,2022
per_species,CMA,1986,203.98296611657364,1,2022
per_species,CMA,1987,203.98296611657364,1,2022
per_species,CMA,1988,203.98296611657364,1,2022
per_species,CMA,1989,203.98296611657364,1,2022
per_species,CMA,1990,203.98296611657364,1,2022
per_species,CMA,1991,203.98296611657364,1,2022
per_species,CMA,1992,203.98296611657364,1,2022
per_species,CMA,1993,203.98296611657364,1,2022
per_species,CMA,1994,203.98296611657364,1,2022
per_species,CMA,1995,203.98296611657364,1,2022
per_species,CMA,1996,203.98296611657364,1,2022
per_species,CMA,1997,203.98296611657364,1,2022
per_species,CMA,1998,203.98296611657364,1,2022
per_species,CMA,1999,203.98296611657364,1,2022
per_species,CMA,2000,203.98296611657364,1,2022
per_species,CMA,2001,203.98296611657364,1,2022
per_species,CMA,2002,203.98296611657364,1,2022
per_species,CMA,2003,203.98296611657364,1,2022
per_species,CMA,2004,203.98296611657364,1,2022
per_species,CMA,2005,203.98296611657364,1,2022
per_species,CMA,2006,196.85012877327586,1,2022
per_species,CMA,2007,193.40398367819077,1,2022
per_species,CMA,2008,190.9082138780692,1,2022
per_species,CMA,2009,187.73582317910902,1,2022
per_species,CMA,2010,184.1471087620854,1,2022
per_species,CMA,2011,178.86860006078385,1,2022
per_species,CMA,2012,175.01778271505708,1,2022
per_species,CMA,2013,172.318895304628,1,2022
per_species,CMA,2014,168.41215218230192,1,2022
per_species,CMA,2015,163.35299270772455,1,2022
per_species,CMA,2016,143.80460805049248,1,2022
per_species,CMA,2017,135.22914933178052,1,2022
per_species,CMA,2018,128.0227260435847,1,2022
per_species,CMA,2019,125.0652671128204,1,2022
per_species,CMA,2020,119.2750771169875,1,2022
per_species,CMA,2021,119.73132486411562,1,2022
per_species,CMA,2022,119.74771351776297,1,2022
per_species,DMF,1971,212.3496543512486,1,2022
per_species,DMF,1972,212.3496543512486,1,2022
per_species,DMF,1973,212.3496543512486,1,2022
per_species,DMF,1974,212.3496543512486,1,2022
per_species,DMF,1975,212.3496543512486,1,2022
per_species,DMF,1976,212.3496543512486,1,2022
per_species,DMF,1977,212.3496543512486,1,2022
per_species,DMF,1978,212.3496543512486,1,2022
per_species,DMF,1979,212.3496543512486,1,2022
per_species,DMF,1980,212.3496543512486,1,2022
per_species,DMF,1981,212.3496543512486,1,2022
per_species,DMF,1982,212.3496543512486,1,2022
per_species,DMF,1983,212.3496543512486,1,2022
per_species,DMF,1984,212.3496543512486,1,2022
per_species,DMF,1985,212.3496543512486,1,2022
per_species,DMF,1986,212.3496543512486,1,2022
per_species,DMF,1987,212.3496543512486,1,2022
per_species,DMF,1988,212.3496543512486,1,2022
per_species,DMF,1989,212.3496543512486,1,2022
per_species,DMF,1990,212.3496543512486,1,2022
per_species,DMF,1991,212.3496543512486,1,2022
per_species,DMF,1992,212.3496543512486,1,2022
per_species,DMF,1993,212.3496543512486,1,2022
per_species,DMF,1994,212.3496543512486,1,2022
per_species,DMF,1995,212.3496543512486,1,2022
per_species,DMF,1996,212.3496543512486,1,2022
per_species,DMF,1997,212.3496543512486,1,2022
per_species,DMF,1998,212.3496543512486,1,2022
per_species,DMF,1999,212.3496543512486,1,2022
per_species,DMF,2000,212.3496543512486,1,2022
per_species,DMF,2001,212.3496543512486,1,2022
per_species,DMF,2002,212.3496543512486,1,2022
per_species,DMF,2003,212.3496543512486,1,2022
per_species,DMF,2004,212.3496543512486,1,2022
per_species,DMF,2005,212.3496543512486,1,2022
per_species,DMF,2006,192.96786979233707,1,2022
per_species,DMF,2007,183.53435253646498,1,2022
per_species,DMF,2008,182.6127081815082,1,2022
per_species,DMF,2009,183.28685978997217,1,2022
per_species,DMF,2010,182.4281248206273,1,2022
per_species,DMF,2011,179.29778764664317,1,2022
per_species,DMF,2012,184.57501808469135,1,2022
per_species,DMF,2013,199.130475664262,1,2022
per_species,DMF,2014,210.4448723298365,1,2022
per_species,DMF,2015,224.38918314750393,1,2022
per_species,DMF,2016,237.83635776355035,1,2022
per_species,DMF,2017,250.3090293434553,1,2022
per_species,DMF,2018,253.702827593075,1,2022
per_species,DMF,2019,257.7922458711714,1,2022
per_species,DMF,2020,260.21124561681705,1,2022
per_species,DMF,2021,274.66209579343365,1,2022
per_species,DMF,2022,291.307435883707,1,2022
per_species,LPF,1971,377.9145407355405,1,2022
per_species,LPF,1972,377.9145407355405,1,2022
per_species,LPF,1973,377.9145407355405,1,2022
per_species,LPF,1974,377.9145407355405,1,2022
per_species,LPF,1975,377.9145407355405,1,2022
per_species,LPF,1976,377.9145407355405,1,2022
per_species,LPF,1977,377.9145407355405,1,2022
per_species,LPF,1978,377.9145407355405,1,2022
per_species,LPF,1979,377.9145407355405,1,2022
per_species,LPF,1980,377.9145407355405,1,2022
per_species,LPF,1981,377.9145407355405,1,2022
per_species,LPF,1982,377.9145407355405,1,2022
per_species,LPF,1983,377.9145407355405,1,2022
per_species,LPF,1984,377.9145407355405,1,2022
per_species,LPF,1985,377.9145407355405,1,2022
per_species,LPF,1986,377.9145407355405,1,2022
per_species,LPF,1987,377.9145407355405,1,2022
per_species,LPF,1988,377.9145407355405,1,2022
per_species,LPF,1989,354.6788067618544,1,2022
per_species,LPF,1990,353.5227163511024,1,2022
per_species,LPF,1991,342.91503632535654,1,2022
per_species,LPF,1992,361.91485003328285,1,2022
per_species,LPF,1993,368.04764084381105,1,2022
per_species,LPF,1994,371.3801863658153,1,2022
per_species,LPF,1995,372.8201498390389,1,2022
per_species,LPF,1996,371.62498125080043,1,2022
per_species,LPF,1997,382.55925126057843,1,2022
per_species,LPF,1998,388.4701783092518,1,2022
per_species,LPF,1999,385.78564719949566,1,2022
per_species,LPF,2000,379.5472817020937,1,2022
per_species,LPF,2001,384.17374405269135,1,2022
per_species,LPF,2002,382.5426788063247,1,2022
per_species,LPF,2003,378.64444882435157,1,2022
per_species,LPF,2004,373.40023006319495,1,2022
per_species,LPF,2005,370.2447469103405,1,2022
per_species,LPF,2006,371.0816975271088,1,2022
per_species,LPF,2007,373.30817103593154,1,2022
per_species,LPF,2008,374.0188646777285,1,2022
per_species,LPF,2009,373.8907369116843,1,2022
per_species,LPF,2010,372.223880813954,1,2022
per_species,LPF,2011,370.01036132188557,1,2022
per_species,LPF,2012,368.6260622490857,1,2022
per_species,LPF,2013,370.19519775214115,1,2022
per_species,LPF,2014,367.01035150865016,1,2022
per_species,LPF,2015,365.4491735392486,1,2022
per_species,LPF,2016,344.5180504799711,1,2022
per_species,LPF,2017,340.15697018510286,1,2022
per_species,LPF,2018,336.5060787471839,1,2022
per_species,LPF,2019,338.74851560840955,1,2022
per_species,LPF,2020,334.84366788605297,1,2022
per_species,LPF,2021,329.67445168118724,1,2022
per_species,LPF,2022,332.49569885543724,1,2022
per_species,MPF,1971,371.04840374774835,1,2022
per_species,MPF,1972,371.04840374774835,1,2022
per_species,MPF,1973,371.04840374774835,1,2022
per_species,MPF,1974,371.04840374774835,1,2022
per_species,MPF,1975,371.04840374774835,1,2022
per_species,MPF,1976,371.04840374774835,1,2022
per_species,MPF,1977,371.04840374774835,1,2022
per_species,MPF,1978,371.04840374774835,1,2022
per_species,MPF,1979,371.04840374774835,1,2022
per_species,MPF,1980,371.04840374774835,1,2022
per_species,MPF,1981,371.04840374774835,1,2022
per_species,MPF,1982,371.04840374774835,1,2022
per_species,MPF,1983,371.04840374774835,1,2022
per_species,MPF,1984,371.04840374774835,1,2022
per_species,MPF,1985,294.57889859765294,1,2022
per_species,MPF,1986,268.0584560258128,1,2022
per_species,MPF,1987,234.08047583365334,1,2022
per_species,MPF,1988,212.88785257463775,1,2022
per_species,MPF,1989,183.9588149559811,1,2022
per_species,MPF,1990,180.41945689695197,1,2022
per_species,MPF,1991,167.1365205981626,1,2022
per_species,MPF,1992,185.08372990383631,1,2022
per_species,MPF,1993,194.20463154699044,1,2022
per_species,MPF,1994,197.55512407196684,1,2022
per_species,MPF,1995,204.14763881473635,1,2022
per_species,MPF,1996,200.08919641582,1,2022
per_species,MPF,1997,210.40233248156292,1,2022
per_species,MPF,1998,220.15977039718368,1,2022
per_species,MPF,1999,224.16018182036132,1,2022
per_species,MPF,2000,221.02963979800415,1,2022
per_species,MPF,2001,233.37571928577555,1,2022
per_species,MPF,2002,238.6466991318717,1,2022
per_species,MPF,2003,230.8226797650154,1,2022
per_species,MPF,2004,215.96167959021489,1,2022
per_species,MPF,2005,198.8466276040036,1,2022
per_species,MPF,2006,191.27238433205864,1,2022
per_species,MPF,2007,191.48980558572754,1,2022
per_species,MPF,2008,192.25519438296092,1,2022
per_species,MPF,2009,191.0359920355419,1,2022
per_species,MPF,2010,184.92448678949341,1,2022
per_species,MPF,2011,179.72497947224693,1,2022
per_species,MPF,2012,174.9597421924967,1,2022
per_species,MPF,2013,174.7855443436747,1,2022
per_species,MPF,2014,170.47048397551515,1,2022
per_species,MPF,2015,163.95298639964625,1,2022
per_species,MPF,2016,134.6060502440474,1,2022
per_species,MPF,2017,121.01096124412936,1,2022
per_species,MPF,2018,113.70266027325756,1,2022
per_species,MPF,2019,111.26775346620833,1,2022
per_species,MPF,2020,107.24356515526718,1,2022
per_species,MPF,2021,112.65050120727771,1,2022
per_species,MPF,2022,118.8946655549975,1,2022
per_species,NTU,1971,59.235362733184566,1,2022
per_species,NTU,1972,78.07047911391807,1,2022
per_species,NTU,1973,72.3529183702365,1,2022
per_species,NTU,1974,73.284317809028,1,2022
per_species,NTU,1975,71.93763870138598,1,2022
per_species,NTU,1976,68.8376638958278,1,2022
per_species,NTU,1977,67.26298040636746,1,2022
per_species,NTU,1978,60.657926184455405,1,2022
per_species,NTU,1979,61.64901859694381,1,2022
per_species,NTU,1980,59.07868085861255,1,2022
per_species,NTU,1981,60.28408799377918,1,2022
per_species,NTU,1982,56.50548822273584,1,2022
per_species,NTU,1983,55.007856694409,1,2022
per_species,NTU,1984,51.32316175737719,1,2022
per_species,NTU,1985,43.47947228855511,1,2022
per_species,NTU,1986,44.999547160324894,1,2022
per_species,NTU,1987,39.94184746270978,1,2022
per_species,NTU,1988,38.32429257853224,1,2022
per_species,NTU,1989,32.95012790564248,1,2022
per_species,NTU,1990,33.70833852042116,1,2022
per_species,NTU,1991,30.29517018776028,1,2022
per_species,NTU,1992,33.8856093962898,1,2022
per_species,NTU,1993,31.773056095264135,1,2022
per_species,NTU,1994,29.8460693222439,1,2022
per_species,NTU,1995,28.75354835809882,1,2022
per_species,NTU,1996,27.517892267047483,1,2022
per_species,NTU,1997,27.66733428430501,1,2022
per_species,NTU,1998,27.113925643035625,1,2022
per_species,NTU,1999,26.400789606594195,1,2022
per_species,NTU,2000,25.938156337086554,1,2022
per_species,NTU,2001,25.449697936787825,1,2022
per_species,NTU,2002,25.426503959821943,1,2022
per_species,NTU,2003,25.266717554710098,1,2022
per_species,NTU,2004,25.235277134082985,1,2022
per_species,NTU,2005,25.497239667949902,1,2022
per_species,NTU,2006,24.701792010723597,1,2022
per_species,NTU,2007,24.757972010689098,1,2022
per_species,NTU,2008,25.180000634948986,1,2022
per_species,NTU,2009,24.671189454440437,1,2022
per_species,NTU,2010,24.75250889748052,1,2022
per_species,NTU,2011,24.68592416291486,1,2022
per_species,NTU,2012,25.241493509518207,1,2022
per_species,NTU,2013,25.72197123347756,1,2022
per_species,NTU,2014,26.043823160846035,1,2022
per_species,NTU,2015,26.326906023315438,1,2022
per_species,NTU,2016,26.64213679284448,1,2022
per_species,NTU,2017,27.073275676260124,1,2022
per_species,NTU,2018,26.526370837566645,1,2022
per_species,NTU,2019,26.00631256381444,1,2022
per_species,NTU,2020,26.469913810857495,1,2022
per_species,NTU,2021,27.414935685690335,1,2022
per_species,NTU,2022,27.68083651999216,1,2022
per_species,SAR,1971,239.85936137555902,1,2022
per_species,SAR,1972,239.85936137555902,1,2022
per_species,SAR,1973,239.85936137555902,1,2022
per_species,SAR,1974,239.85936137555902,1,2022
per_species,SAR,1975,239.85936137555902,1,2022
per_species,SAR,1976,239.85936137555902,1,2022
per_species,SAR,1977,239.85936137555902,1,2022
per_species,SAR,1978,239.85936137555902,1,2022
per_species,SAR,1979,239.85936137555902,1,2022
per_species,SAR,1980,239.85936137555902,1,2022
per_species,SAR,1981,239.85936137555902,1,2022
per_species,SAR,1982,239.85936137555902,1,2022
per_species,SAR,1983,239.85936137555902,1,2022
per_species,SAR,1984,239.85936137555902,1,2022
per_species,SAR,1985,239.85936137555902,1,2022
per_species,SAR,1986,239.85936137555902,1,2022
per_species,SAR,1987,239.85936137555902,1,2022
per_species,SAR,1988,239.85936137555902,1,2022
per_species,SAR,1989,239.85936137555902,1,2022
per_species,SAR,1990,239.85936137555902,1,2022
per_species,SAR,1991,239.85936137555902,1,2022
per_species,SAR,1992,239.85936137555902,1,2022
per_species,SAR,1993,239.85936137555902,1,2022
per_species,SAR,1994,239.85936137555902,1,2022
per_species,SAR,1995,239.85936137555902,1,2022
per_species,SAR,1996,239.85936137555902,1,2022
per_species,SAR,1997,239.85936137555902,1,2022
per_species,SAR,1998,239.85936137555902,1,2022
per_species,SAR,1999,239.85936137555902,1,2022
per_species,SAR,2000,239.85936137555902,1,2022
per_species,SAR,2001,239.85936137555902,1,2022
per_species,SAR,2002,239.85936137555902,1,2022
per_species,SAR,2003,239.85936137555902,1,2022
per_species,SAR,2004,239.85936137555902,1,2022
per_species,SAR,2005,239.85936137555902,1,2022
per_species,SAR,2006,239.85936137555902,1,2022
per_species,SAR,2007,239.85936137555902,1,2022
per_species,SAR,2008,239.85936137555902,1,2022
per_species,SAR,2009,251.9038202696838,1,2022
per_species,SAR,2010,269.70418548536253,1,2022
per_species,SAR,2011,290.69809723705123,1,2022
per_species,SAR,2012,311.64315104131686,1,2022
per_species,SAR,2013,341.8414376064831,1,2022
per_species,SAR,2014,370.5552662811017,1,2022
per_species,SAR,2015,395.5952395570433,1,2022
per_species,SAR,2016,387.62397385388107,1,2022
per_species,SAR,2017,413.29116933112584,1,2022
per_species,SAR,2018,446.0428335124153,1,2022
per_species,SAR,2019,476.24867049782785,1,2022
per_species,SAR,2020,496.47797169427696,1,2022
per_species,SAR,2021,525.3100501142901,1,2022
per_species,SAR,2022,547.9512318733061,1,2022
per_species,SCP,1971,194.44049845055375,1,2022
per_species,SCP,1972,194.44049845055375,1,2022
per_species,SCP,1973,194.44049845055375,1,2022
per_species,SCP,1974,194.44049845055375,1,2022
per_species,SCP,1975,194.44049845055375,1,2022
per_species,SCP,1976,194.44049845055375,1,2022
per_species,SCP,1977,194.44049845055375,1,2022
per_species,SCP,1978,194.44049845055375,1,2022
per_species,SCP,1979,194.44049845055375,1,2022
per_species,SCP,1980,194.44049845055375,1,2022
per_species,SCP,1981,194.44049845055375,1,2022
per_species,SCP,1982,194.44049845055375,1,2022
per_species,SCP,1983,194.44049845055375,1,2022
per_species,SCP,1984,194.44049845055375,1,2022
per_species,SCP,1985,194.44049845055375,1,2022
per_species,SCP,1986,194.44049845055375,1,2022
per_species,SCP,1987,194.44049845055375,1,2022
per_species,SCP,1988,194.44049845055375,1,2022
per_species,SCP,1989,203.3403635467001,1,2022
per_species,SCP,1990,213.46664768469756,1,2022
per_species,SCP,1991,212.80316823364635,1,2022
per_species,SCP,1992,223.82560708059302,1,2022
per_species,SCP,1993,226.6276762277594,1,2022
per_species,SCP,1994,227.76731141020457,1,2022
per_species,SCP,1995,227.6476922409108,1,2022
per_species,SCP,1996,226.39292790555484,1,2022
per_species,SCP,1997,232.2727731103908,1,2022
per_species,SCP,1998,234.41953898175828,1,2022
per_species,SCP,1999,233.22503013682837,1,2022
per_species,SCP,2000,227.91496208667652,1,2022
per_species,SCP,2001,229.7285532402103,1,2022
per_species,SCP,2002,228.98692264628968,1,2022
per_species,SCP,2003,225.93869933930395,1,2022
per_species,SCP,2004,220.59060403301268,1,2022
per_species,SCP,2005,217.92515178508188,1,2022
per_species,SCP,2006,217.7925561979865,1,2022
per_species,SCP,2007,218.20341114255544,1,2022
per_species,SCP,2008,217.32854043519743,1,2022
per_species,SCP,2009,216.42325180938295,1,2022
per_species,SCP,2010,214.85076013956692,1,2022
per_species,SCP,2011,213.09698985863523,1,2022
per_species,SCP,2012,209.99238838503194,1,2022
per_species,SCP,2013,208.25084404748796,1,2022
per_species,SCP,2014,204.60225452654376,1,2022
per_species,SCP,2015,201.03083670730018,1,2022
per_species,SCP,2016,179.63667991051045,1,2022
per_species,SCP,2017,180.63365493638233,1,2022
per_species,SCP,2018,187.6051638635162,1,2022
per_species,SCP,2019,191.32572156092388,1,2022
per_species,SCP,2020,192.36166494754593,1,2022
per_species,SCP,2021,195.02686131794135,1,2022
per_species,SCP,2022,197.73455691458224,1,2022
per_species,ANC,1971,112.85568665641601,2,2021
per_species,ANC,1972,112.85568665641601,2,2021
per_species,ANC,1973,112.85568665641601,2,2021
per_species,ANC,1974,112.85568665641601,2,2021
per_species,ANC,1975,112.85568665641601,2,2021
per_species,ANC,1976,112.85568665641601,2,2021
per_species,ANC,1977,112.85568665641601,2,2021
per_species,ANC,1978,112.85568665641601,2,2021
per_species,ANC,1979,112.85568665641601,2,2021
per_species,ANC,1980,112.85568665641601,2,2021
per_species,ANC,1981,112.85568665641601,2,2021
per_species,ANC,1982,112.85568665641601,2,2021
per_species,ANC,1983,112.85568665641601,2,2021
per_species,ANC,1984,112.85568665641601,2,2021
per_species,ANC,1985,112.85568665641601,2,2021
per_species,ANC,1986,112.85568665641601,2,2021
per_species,ANC,1987,112.85568665641601,2,2021
per_species,ANC,1988,112.85568665641601,2,2021
per_species,ANC,1989,103.99027015632855,2,2021
per_species,ANC,1990,103.10373597927823,2,2021
per_species,ANC,1991,104.07441030617731,2,2021
per_species,ANC,1992,103.29536148706006,2,2021
per_species,ANC,1993,106.97730773755006,2,2021
per_species,ANC,1994,102.29175077720718,2,2021
per_species,ANC,1995,103.87786353487373,2,2021
per_species,ANC,1996,103.4645143224174,2,2021
per_species,ANC,1997,101.27378979257692,2,2021
per_species,ANC,1998,101.92046035254795,2,2021
per_species,ANC,1999,103.52945762338373,2,2021
per_species,ANC,2000,103.9549711760797,2,2021
per_species,ANC,2001,106.10477511890117,2,2021
per_species,ANC,2002,105.08277270997645,2,2021
per_species,ANC,2003,104.19513268496415,2,2021
per_species,ANC,2004,104.46246684078592,2,2021
per_species,ANC,2005,102.87079845904863,2,2021
per_species,ANC,2006,99.00341005438422,2,2021
per_species,ANC,2007,94.4698522941763,2,2021
per_species,ANC,2008,89.93281112834369,2,2021
per_species,ANC,2009,79.07869648630239,2,2021
per_species,ANC,2010,74.8352478061268,2,2021
per_species,ANC,2011,76.01118696650248,2,2021
per_species,ANC,2012,73.36354812779665,2,2021
per_species,ANC,2013,87.83079706084172,2,2021
per_species,ANC,2014,114.20201470853378,2,2021
per_species,ANC,2015,138.12538943449724,2,2021
per_species,ANC,2016,162.91493283526682,2,2021
per_species,ANC,2017,161.85147658546828,2,2021
per_species,ANC,2018,184.8433971536664,2,2021
per_species,ANC,2019,213.1546788857911,2,2021
per_species,ANC,2020,229.38517884151176,2,2021
per_species,ANC,2021,258.77446110246234,2,2021
per_species,CMA,1971,197.56869333475126,2,2021
per_species,CMA,1972,197.56869333475126,2,2021
per_species,CMA,1973,197.56869333475126,2,2021
per_species,CMA,1974,197.56869333475126,2,2021
per_species,CMA,1975,197.56869333475126,2,2021
per_species,CMA,1976,197.56869333475126,2,2021
per_species,CMA,1977,197.56869333475126,2,2021
per_species,CMA,1978,197.56869333475126,2,2021
per_species,CMA,1979,197.56869333475126,2,2021
per_species,CMA,1980,197.56869333475126,2,2021
per_species,CMA,1981,197.56869333475126,2,2021
per_species,CMA,1982,197.56869333475126,2,2021
per_species,CMA,1983,197.56869333475126,2,2021
per_species,CMA,1984,197.56869333475126,2,2021
per_species,CMA,1985,197.56869333475126,2,2021
per_species,CMA,1986,197.56869333475126,2,2021
per_species,CMA,1987,197.56869333475126,2,2021
per_species,CMA,1988,197.56869333475126,2,2021
per_species,CMA,1989,197.56869333475126,2,2021
per_species,CMA,1990,197.56869333475126,2,2021
per_species,CMA,1991,197.56869333475126,2,2021
per_species,CMA,1992,197.56869333475126,2,2021
per_species,CMA,1993,197.56869333475126,2,2021
per_species,CMA,1994,197.56869333475126,2,2021
per_species,CMA,1995,197.56869333475126,2,2021
per_species,CMA,1996,197.56869333475126,2,2021
per_species,CMA,1997,197.56869333475126,2,2021
per_species,CMA,1998,197.56869333475126,2,2021
per_species,CMA,1999,197.56869333475126,2,2021
per_species,CMA,2000,197.56869333475126,2,2021
per_species,CMA,2001,197.56869333475126,2,2021
per_species,CMA,2002,197.56869333475126,2,2021
per_species,CMA,2003,197.56869333475126,2,2021
per_species,CMA,2004,197.56869333475126,2,2021
per_species,CMA,2005,197.56869333475126,2,2021
per_species,CMA,2006,190.84518664811534,2,2021
per_species,CMA,2007,187.69354676221104,2,2021
per_species,CMA,2008,185.35363425265612,2,2021
per_species,CMA,2009,182.22128113357817,2,2021
per_species,CMA,2010,178.5973244539859,2,2021
per_species,CMA,2011,173.23116865092734,2,2021
per_species,CMA,2012,169.26371953261153,2,2021
per_species,CMA,2013,166.41179132223593,2,2021
per_species,CMA,2014,162.20220601506972,2,2021
per_species,CMA,2015,156.81202720193838,2,2021
per_species,CMA,2016,136.45043029145063,2,2021
per_species,CMA,2017,128.09096396630102,2,2021
per_species,CMA,2018,121.12866791160107,2,2021
per_species,CMA,2019,118.07872413142742,2,2021
per_species,CMA,2020,112.10047203823962,2,2021
per_species,CMA,2021,112.03218519795773,2,2021
per_species,DMF,1971,206.22096507857512,2,2021
per_species,DMF,1972,206.22096507857512,2,2021
per_species,DMF,1973,206.22096507857512,2,2021
per_species,DMF,1974,206.22096507857512,2,2021
per_species,DMF,1975,206.22096507857512,2,2021
per_species,DMF,1976,206.22096507857512,2,2021
per_species,DMF,1977,206.22096507857512,2,2021
per_species,DMF,1978,206.22096507857512,2,2021
per_species,DMF,1979,206.22096507857512,2,2021
per_species,DMF,1980,206.22096507857512,2,2021
per_species,DMF,1981,206.22096507857512,2,2021
per_species,DMF,1982,206.22096507857512,2,2021
per_species,DMF,1983,206.22096507857512,2,2021
per_species,DMF,1984,206.22096507857512,2,2021
per_species,DMF,1985,206.22096507857512,2,2021
per_species,DMF,1986,206.22096507857512,2,2021
per_species,DMF,1987,206.22096507857512,2,2021
per_species,DMF,1988,206.22096507857512,2,2021
per_species,DMF,1989,206.22096507857512,2,2021
per_species,DMF,1990,206.22096507857512,2,2021
per_species,DMF,1991,206.22096507857512,2,2021
per_species,DMF,1992,206.22096507857512,2,2021
per_species,DMF,1993,206.22096507857512,2,2021
per_species,DMF,1994,206.22096507857512,2,2021
per_species,DMF,1995,206.22096507857512,2,2021
per_species,DMF,1996,206.22096507857512,2,2021
per_species,DMF,1997,206.22096507857512,2,2021
per_species,DMF,1998,206.22096507857512,2,2021
per_species,DMF,1999,206.22096507857512,2,2021
per_species,DMF,2000,206.22096507857512,2,2021
per_species,DMF,2001,206.22096507857512,2,2021
per_species,DMF,2002,206.22096507857512,2,2021
per_species,DMF,2003,206.22096507857512,2,2021
per_species,DMF,2004,206.22096507857512,2,2021
per_species,DMF,2005,206.22096507857512,2,2021
per_species,DMF,2006,190.5581628211185,2,2021
per_species,DMF,2007,183.22003705296905,2,2021
per_species,DMF,2008,183.52022628217668,2,2021
per_species,DMF,2009,184.81666560978303,2,2021
per_species,DMF,2010,184.01639003560587,2,2021
per_species,DMF,2011,180.50019124621974,2,2021
per_species,DMF,2012,185.21538966785326,2,2021
per_species,DMF,2013,198.97759484199221,2,2021
per_species,DMF,2014,208.90268528721734,2,2021
per_species,DMF,2015,221.0629716955358,2,2021
per_species,DMF,2016,232.23341136509154,2,2021
per_species,DMF,2017,242.07451637582832,2,2021
per_species,DMF,2018,241.83647055941287,2,2021
per_species,DMF,2019,242.14198336324887,2,2021
per_species,DMF,2020,240.8261406126134,2,2021
per_species,DMF,2021,251.2825152061581,2,2021
per_species,LPF,1971,358.29151341359966,2,2021
per_species,LPF,1972,358.29151341359966,2,2021
per_species,LPF,1973,358.29151341359966,2,2021
per_species,LPF,1974,358.29151341359966,2,2021
per_species,LPF,1975,358.29151341359966,2,2021
per_species,LPF,1976,358.29151341359966,2,2021
per_species,LPF,1977,358.29151341359966,2,2021
per_species,LPF,1978,358.29151341359966,2,2021
per_species,LPF,1979,358.29151341359966,2,2021
per_species,LPF,1980,358.29151341359966,2,2021
per_species,LPF,1981,358.29151341359966,2,2021
per_species,LPF,1982,358.29151341359966,2,2021
per_species,LPF,1983,358.29151341359966,2,2021
per_species,LPF,1984,358.29151341359966,2,2021
per_species,LPF,1985,358.29151341359966,2,2021
per_species,LPF,1986,358.29151341359966,2,2021
per_species,LPF,1987,358.29151341359966,2,2021
per_species,LPF,1988,358.29151341359966,2,2021
per_species,LPF,1989,339.34720208597076,2,2021
per_species,LPF,1990,344.61754390994395,2,2021
per_species,LPF,1991,335.96715217670464,2,2021
per_species,LPF,1992,358.85786530957927,2,2021
per_species,LPF,1993,361.491250927462,2,2021
per_species,LPF,1994,362.26019710841445,2,2021
per_species,LPF,1995,362.1621845392499,2,2021
per_species,LPF,1996,360.16994407434237,2,2021
per_species,LPF,1997,371.55724466832766,2,2021
per_species,LPF,1998,374.8439635271956,2,2021
per_species,LPF,1999,369.90772247185356,2,2021
per_species,LPF,2000,363.69723011832815,2,2021
per_species,LPF,2001,369.95776501586306,2,2021
per_species,LPF,2002,367.6537479792689,2,2021
per_species,LPF,2003,363.94835942919497,2,2021
per_species,LPF,2004,359.6621878440648,2,2021
per_species,LPF,2005,357.9826596460695,2,2021
per_species,LPF,2006,360.08364151051927,2,2021
per_species,LPF,2007,362.4825882843675,2,2021
per_species,LPF,2008,362.6879749687543,2,2021
per_species,LPF,2009,362.06574044371666,2,2021
per_species,LPF,2010,360.26713693654455,2,2021
per_species,LPF,2011,358.38380265527235,2,2021
per_species,LPF,2012,357.6101032810928,2,2021
per_species,LPF,2013,359.6965157089622,2,2021
per_species,LPF,2014,356.325267769717,2,2021
per_species,LPF,2015,355.544973476429,2,2021
per_species,LPF,2016,334.96178184918807,2,2021
per_species,LPF,2017,335.58054116571407,2,2021
per_species,LPF,2018,335.0913691645183,2,2021
per_species,LPF,2019,339.4741578902079,2,2021
per_species,LPF,2020,335.8776302609497,2,2021
per_species,LPF,2021,331.98763778379777,2,2021
per_species,MPF,1971,374.52258009431864,2,2021
per_species,MPF,1972,374.52258009431864,2,2021
per_species,MPF,1973,374.52258009431864,2,2021
per_species,MPF,1974,374.52258009431864,2,2021
per_species,MPF,1975,374.52258009431864,2,2021
per_species,MPF,1976,374.52258009431864,2,2021
per_species,MPF,1977,374.52258009431864,2,2021
per_species,MPF,1978,374.52258009431864,2,2021
per_species,MPF,1979,374.52258009431864,2,2021
per_species,MPF,1980,374.52258009431864,2,2021
per_species,MPF,1981,374.52258009431864,2,2021
per_species,MPF,1982,374.52258009431864,2,2021
per_species,MPF,1983,374.52258009431864,2,2021
per_species,MPF,1984,374.52258009431864,2,2021
per_species,MPF,1985,304.9097740816848,2,2021
per_species,MPF,1986,279.002916385865,2,2021
per_species,MPF,1987,244.64061835996452,2,2021
per_species,MPF,1988,222.3588605543035,2,2021
per_species,MPF,1989,193.32337610751625,2,2021
per_species,MPF,1990,189.66371506371902,2,2021
per_species,MPF,1991,175.9631755641724,2,2021
per_species,MPF,1992,193.9045953602069,2,2021
per_species,MPF,1993,203.2337850695245,2,2021
per_species,MPF,1994,206.5575573545871,2,2021
per_species,MPF,1995,213.21111022593087,2,2021
per_species,MPF,1996,208.9190506080831,2,2021
per_species,MPF,1997,219.03382735892978,2,2021
per_species,MPF,1998,228.78981430814346,2,2021
per_species,MPF,1999,232.83772189949,2,2021
per_species,MPF,2000,229.6614364157309,2,2021
per_species,MPF,2001,241.99792187976118,2,2021
per_species,MPF,2002,247.4218711412473,2,2021
per_species,MPF,2003,239.4346764842233,2,2021
per_species,MPF,2004,224.0818186892813,2,2021
per_species,MPF,2005,206.0958592693317,2,2021
per_species,MPF,2006,198.40159028025522,2,2021
per_species,MPF,2007,198.36203003817107,2,2021
per_species,MPF,2008,198.78772639702598,2,2021
per_species,MPF,2009,196.99761136953293,2,2021
per_species,MPF,2010,190.17414097466914,2,2021
per_species,MPF,2011,184.04316467530904,2,2021
per_species,MPF,2012,178.33854790505384,2,2021
per_species,MPF,2013,177.2571957679101,2,2021
per_species,MPF,2014,172.08350994748724,2,2021
per_species,MPF,2015,164.62390071723377,2,2021
per_species,MPF,2016,134.46859947607834,2,2021
per_species,MPF,2017,119.3792820391173,2,2021
per_species,MPF,2018,110.6286578873269,2,2021
per_species,MPF,2019,106.85500742392806,2,2021
per_species,MPF,2020,101.64543816315458,2,2021
per_species,MPF,2021,105.50546460873143,2,2021
per_species,NTU,1971,58.3569266343161,2,2021
per_species,NTU,1972,76.96734370172959,2,2021
per_species,NTU,1973,71.0705716024477,2,2021
per_species,NTU,1974,72.15119287674328,2,2021
per_species,NTU,1975,70.70868159939069,2,2021
per_species,NTU,1976,67.64063753152031,2,2021
per_species,NTU,1977,66.06177854277088,2,2021
per_species,NTU,1978,59.48123419850087,2,2021
per_species,NTU,1979,60.526746167338736,2,2021
per_species,NTU,1980,57.92782157949221,2,2021
per_species,NTU,1981,59.115049208267386,2,2021
per_species,NTU,1982,55.335937311945166,2,2021
per_species,NTU,1983,53.85920872869745,2,2021
per_species,NTU,1984,50.210911834599784,2,2021
per_species,NTU,1985,42.53335186268682,2,2021
per_species,NTU,1986,44.038618709791955,2,2021
per_species,NTU,1987,39.126639275174185,2,2021
per_species,NTU,1988,37.598114822301156,2,2021
per_species,NTU,1989,32.33455439683577,2,2021
per_species,NTU,1990,33.036026901519044,2,2021
per_species,NTU,1991,29.79771142960639,2,2021
per_species,NTU,1992,33.21808145078978,2,2021
per_species,NTU,1993,31.18469255682962,2,2021
per_species,NTU,1994,29.37128020043434,2,2021
per_species,NTU,1995,28.33965408313971,2,2021
per_species,NTU,1996,27.20122364466229,2,2021
per_species,NTU,1997,27.331208256911907,2,2021
per_species,NTU,1998,26.81032646228832,2,2021
per_species,NTU,1999,26.16671611203695,2,2021
per_species,NTU,2000,25.76138459980681,2,2021
per_species,NTU,2001,25.29671762713288,2,2021
per_species,NTU,2002,25.285874459307603,2,2021
per_species,NTU,2003,25.124646840451682,2,2021
per_species,NTU,2004,25.093327131923783,2,2021
per_species,NTU,2005,25.3616928795474,2,2021
per_species,NTU,2006,24.418314476927396,2,2021
per_species,NTU,2007,24.389445750876707,2,2021
per_species,NTU,2008,24.752633581316083,2,2021
per_species,NTU,2009,24.097775627482314,2,2021
per_species,NTU,2010,24.076288201978727,2,2021
per_species,NTU,2011,23.95202103801054,2,2021
per_species,NTU,2012,24.489249901237788,2,2021
per_species,NTU,2013,24.976711597835475,2,2021
per_species,NTU,2014,25.369063085031605,2,2021
per_species,NTU,2015,25.790290678943503,2,2021
per_species,NTU,2016,26.283205152628383,2,2021
per_species,NTU,2017,26.922343151347093,2,2021
per_species,NTU,2018,26.53172499493832,2,2021
per_species,NTU,2019,26.226732323225285,2,2021
per_species,NTU,2020,26.943610204352243,2,2021
per_species,NTU,2021,28.101860891287366,2,2021
per_species,SAR,1971,218.4374894998131,2,2021
per_species,SAR,1972,218.4374894998131,2,2021
per_species,SAR,1973,218.4374894998131,2,2021
per_species,SAR,1974,218.4374894998131,2,2021
per_species,SAR,1975,218.4374894998131,2,2021
per_species,SAR,1976,218.4374894998131,2,2021
per_species,SAR,1977,218.4374894998131,2,2021
per_species,SAR,1978,218.4374894998131,2,2021
per_species,SAR,1979,218.4374894998131,2,2021
per_species,SAR,1980,218.4374894998131,2,2021
per_species,SAR,1981,218.4374894998131,2,2021
per_species,SAR,1982,218.4374894998131,2,2021
per_species,SAR,1983,218.4374894998131,2,2021
per_species,SAR,1984,218.4374894998131,2,2021
per_species,SAR,1985,218.4374894998131,2,2021
per_species,SAR,1986,218.4374894998131,2,2021
per_species,SAR,1987,218.4374894998131,2,2021
per_species,SAR,1988,218.4374894998131,2,2021
per_species,SAR,1989,218.4374894998131,2,2021
per_species,SAR,1990,218.4374894998131,2,2021
per_species,SAR,1991,218.4374894998131,2,2021
per_species,SAR,1992,218.4374894998131,2,2021
per_species,SAR,1993,218.4374894998131,2,2021
per_species,SAR,1994,218.4374894998131,2,2021
per_species,SAR,1995,218.4374894998131,2,2021
per_species,SAR,1996,218.4374894998131,2,2021
per_species,SAR,1997,218.4374894998131,2,2021
per_species,SAR,1998,218.4374894998131,2,2021
per_species,SAR,1999,218.4374894998131,2,2021
per_species,SAR,2000,218.4374894998131,2,2021
per_species,SAR,2001,218.4374894998131,2,2021
per_species,SAR,2002,218.4374894998131,2,2021
per_species,SAR,2003,218.4374894998131,2,2021
per_species,SAR,2004,218.4374894998131,2,2021
per_species,SAR,2005,218.4374894998131,2,2021
per_species,SAR,2006,218.4374894998131,2,2021
per_species,SAR,2007,218.4374894998131,2,2021
per_species,SAR,2008,218.4374894998131,2,2021
per_species,SAR,2009,221.7801685839072,2,2021
per_species,SAR,2010,232.3983895128437,2,2021
per_species,SAR,2011,247.66565535263427,2,2021
per_species,SAR,2012,264.63433215658193,2,2021
per_species,SAR,2013,292.23224982848234,2,2021
per_species,SAR,2014,321.3904826007679,2,2021
per_species,SAR,2015,349.94847290091303,2,2021
per_species,SAR,2016,349.46436737556724,2,2021
per_species,SAR,2017,379.31330613212697,2,2021
per_species,SAR,2018,418.14702933386457,2,2021
per_species,SAR,2019,457.05403275187075,2,2021
per_species,SAR,2020,487.70036034408474,2,2021
per_species,SAR,2021,526.8301974411415,2,2021
per_species,SCP,1971,161.2524525849779,2,2021
per_species,SCP,1972,161.2524525849779,2,2021
per_species,SCP,1973,161.2524525849779,2,2021
per_species,SCP,1974,161.2524525849779,2,2021
per_species,SCP,1975,161.2524525849779,2,2021
per_species,SCP,1976,161.2524525849779,2,2021
per_species,SCP,1977,161.2524525849779,2,2021
per_species,SCP,1978,161.2524525849779,2,2021
per_species,SCP,1979,161.2524525849779,2,2021
per_species,SCP,1980,161.2524525849779,2,2021
per_species,SCP,1981,161.2524525849779,2,2021
per_species,SCP,1982,161.2524525849779,2,2021
per_species,SCP,1983,161.2524525849779,2,2021
per_species,SCP,1984,161.2524525849779,2,2021
per_species,SCP,1985,161.2524525849779,2,2021
per_species,SCP,1986,161.2524525849779,2,2021
per_species,SCP,1987,161.2524525849779,2,2021
per_species,SCP,1988,161.2524525849779,2,2021
per_species,SCP,1989,181.5822013840067,2,2021
per_species,SCP,1990,188.39367462392016,2,2021
per_species,SCP,1991,181.55048445986628,2,2021
per_species,SCP,1992,192.97144946754864,2,2021
per_species,SCP,1993,189.25321823568976,2,2021
per_species,SCP,1994,189.2153017600295,2,2021
per_species,SCP,1995,188.48589318061602,2,2021
per_species,SCP,1996,187.32076568577938,2,2021
per_species,SCP,1997,193.61110479657899,2,2021
per_species,SCP,1998,192.31246553626755,2,2021
per_species,SCP,1999,190.19803782193156,2,2021
per_species,SCP,2000,185.76577613056892,2,2021
per_species,SCP,2001,190.2147475610289,2,2021
per_species,SCP,2002,188.31612574522126,2,2021
per_species,SCP,2003,185.77078938162322,2,2021
per_species,SCP,2004,182.0719453472833,2,2021
per_species,SCP,2005,182.17610770767547,2,2021
per_species,SCP,2006,183.23111296344527,2,2021
per_species,SCP,2007,183.59208334266594,2,2021
per_species,SCP,2008,182.3929347102359,2,2021
per_species,SCP,2009,181.88803081187768,2,2021
per_species,SCP,2010,180.71445245496213,2,2021
per_species,SCP,2011,179.71973530012693,2,2021
per_species,SCP,2012,177.43945002545055,2,2021
per_species,SCP,2013,177.27920535819203,2,2021
per_species,SCP,2014,174.4023682882113,2,2021
per_species,SCP,2015,172.66364222579352,2,2021
per_species,SCP,2016,152.52413182609388,2,2021
per_species,SCP,2017,163.91296709992056,2,2021
per_species,SCP,2018,172.78452352086862,2,2021
per_species,SCP,2019,172.68549217065424,2,2021
per_species,SCP,2020,171.20794712207558,2,2021
per_species,SCP,2021,173.36270527919925,2,2021
per_species,ANC,1971,109.27444066141085,3,2020
per_species,ANC,1972,109.27444066141085,3,2020
per_species,ANC,1973,109.27444066141085,3,2020
per_species,ANC,1974,109.27444066141085,3,2020
per_species,ANC,1975,109.27444066141085,3,2020
per_species,ANC,1976,109.27444066141085,3,2020
per_species,ANC,1977,109.27444066141085,3,2020
per_species,ANC,1978,109.27444066141085,3,2020
per_species,ANC,1979,109.27444066141085,3,2020
per_species,ANC,1980,109.27444066141085,3,2020
per_species,ANC,1981,109.27444066141085,3,2020
per_species,ANC,1982,109.27444066141085,3,2020
per_species,ANC,1983,109.27444066141085,3,2020
per_species,ANC,1984,109.27444066141085,3,2020
per_species,ANC,1985,109.27444066141085,3,2020
per_species,ANC,1986,109.27444066141085,3,2020
per_species,ANC,1987,109.27444066141085,3,2020
per_species,ANC,1988,109.27444066141085,3,2020
per_species,ANC,1989,101.53969256917743,3,2020
per_species,ANC,1990,102.95144912282055,3,2020
per_species,ANC,1991,105.35961365453407,3,2020
per_species,ANC,1992,106.98665655334425,3,2020
per_species,ANC,1993,110.45460214578831,3,2020
per_species,ANC,1994,105.61461707064021,3,2020
per_species,ANC,1995,107.30867103057646,3,2020
per_species,ANC,1996,107.01751876439721,3,2020
per_species,ANC,1997,105.22005535000433,3,2020
per_species,ANC,1998,105.29333999568362,3,2020
per_species,ANC,1999,106.19877259361344,3,2020
per_species,ANC,2000,106.33161233609658,3,2020
per_species,ANC,2001,108.77058841971156,3,2020
per_species,ANC,2002,107.4032901829222,3,2020
per_species,ANC,2003,106.34439169093535,3,2020
per_species,ANC,2004,106.8061063404725,3,2020
per_species,ANC,2005,105.80858784964538,3,2020
per_species,ANC,2006,100.88784173525788,3,2020
per_species,ANC,2007,95.47656854516285,3,2020
per_species,ANC,2008,90.37202212296937,3,2020
per_species,ANC,2009,78.73711791125523,3,2020
per_species,ANC,2010,73.88638152447898,3,2020
per_species,ANC,2011,74.7077366702197,3,2020
per_species,ANC,2012,71.98401349793912,3,2020
per_species,ANC,2013,86.2861816694344,3,2020
per_species,ANC,2014,111.64165892740876,3,2020
per_species,ANC,2015,134.35672229558125,3,2020
per_species,ANC,2016,157.54793793514372,3,2020
per_species,ANC,2017,157.9799064569678,3,2020
per_species,ANC,2018,179.50321203902075,3,2020
per_species,ANC,2019,205.14451317777932,3,2020
per_species,ANC,2020,218.54788183805695,3,2020
per_species,CMA,1971,266.76592392000646,3,2020
per_species,CMA,1972,266.76592392000646,3,2020
per_species,CMA,1973,266.76592392000646,3,2020
per_species,CMA,1974,266.76592392000646,3,2020
per_species,CMA,1975,266.76592392000646,3,2020
per_species,CMA,1976,266.76592392000646,3,2020
per_species,CMA,1977,266.76592392000646,3,2020
per_species,CMA,1978,266.76592392000646,3,2020
per_species,CMA,1979,266.76592392000646,3,2020
per_species,CMA,1980,266.76592392000646,3,2020
per_species,CMA,1981,266.76592392000646,3,2020
per_species,CMA,1982,266.76592392000646,3,2020
per_species,CMA,1983,266.76592392000646,3,2020
per_species,CMA,1984,266.76592392000646,3,2020
per_species,CMA,1985,266.76592392000646,3,2020
per_species,CMA,1986,266.76592392000646,3,2020
per_species,CMA,1987,266.76592392000646,3,2020
per_species,CMA,1988,266.76592392000646,3,2020
per_species,CMA,1989,266.76592392000646,3,2020
per_species,CMA,1990,266.76592392000646,3,2020
per_species,CMA,1991,266.76592392000646,3,2020
per_species,CMA,1992,266.76592392000646,3,2020
per_species,CMA,1993,266.76592392000646,3,2020
per_species,CMA,1994,266.76592392000646,3,2020
per_species,CMA,1995,266.76592392000646,3,2020
per_species,CMA,1996,266.76592392000646,3,2020
per_species,CMA,1997,266.76592392000646,3,2020
per_species,CMA,1998,266.76592392000646,3,2020
per_species,CMA,1999,266.76592392000646,3,2020
per_species,CMA,2000,266.76592392000646,3,2020
per_species,CMA,2001,266.76592392000646,3,2020
per_species,CMA,2002,266.76592392000646,3,2020
per_species,CMA,2003,266.76592392000646,3,2020
per_species,CMA,2004,266.76592392000646,3,2020
per_species,CMA,2005,266.76592392000646,3,2020
per_species,CMA,2006,271.386876364708,3,2020
per_species,CMA,2007,274.7913228900878,3,2020
per_species,CMA,2008,276.30661906512927,3,2020
per_species,CMA,2009,275.74217439879885,3,2020
per_species,CMA,2010,274.3994315528126,3,2020
per_species,CMA,2011,271.4003535253661,3,2020
per_species,CMA,2012,270.3129691218143,3,2020
per_species,CMA,2013,270.21847228524575,3,2020
per_species,CMA,2014,268.6514171846868,3,2020
per_species,CMA,2015,266.26380374365846,3,2020
per_species,CMA,2016,249.9668991454435,3,2020
per_species,CMA,2017,248.85159545153118,3,2020
per_species,CMA,2018,248.2022376002444,3,2020
per_species,CMA,2019,250.68948074512065,3,2020
per_species,CMA,2020,248.9243407710201,3,2020
per_species,DMF,1971,179.02323798474612,3,2020
per_species,DMF,1972,179.02323798474612,3,2020
per_species,DMF,1973,179.02323798474612,3,2020
per_species,DMF,1974,179.02323798474612,3,2020
per_species,DMF,1975,179.02323798474612,3,2020
per_species,DMF,1976,179.02323798474612,3,2020
per_species,DMF,1977,179.02323798474612,3,2020
per_species,DMF,1978,179.02323798474612,3,2020
per_species,DMF,1979,179.02323798474612,3,2020
per_species,DMF,1980,179.02323798474612,3,2020
per_species,DMF,1981,179.02323798474612,3,2020
per_species,DMF,1982,179.02323798474612,3,2020
per_species,DMF,1983,179.02323798474612,3,2020
per_species,DMF,1984,179.02323798474612,3,2020
per_species,DMF,1985,179.02323798474612,3,2020
per_species,DMF,1986,179.02323798474612,3,2020
per_species,DMF,1987,179.02323798474612,3,2020
per_species,DMF,1988,179.02323798474612,3,2020
per_species,DMF,1989,179.02323798474612,3,2020
per_species,DMF,1990,179.02323798474612,3,2020
per_species,DMF,1991,179.02323798474612,3,2020
per_species,DMF,1992,179.02323798474612,3,2020
per_species,DMF,1993,179.02323798474612,3,2020
per_species,DMF,1994,179.02323798474612,3,2020
per_species,DMF,1995,179.02323798474612,3,2020
per_species,DMF,1996,179.02323798474612,3,2020
per_species,DMF,1997,179.02323798474612,3,2020
per_species,DMF,1998,179.02323798474612,3,2020
per_species,DMF,1999,179.02323798474612,3,2020
per_species,DMF,2000,179.02323798474612,3,2020
per_species,DMF,2001,179.02323798474612,3,2020
per_species,DMF,2002,179.02323798474612,3,2020
per_species,DMF,2003,179.02323798474612,3,2020
per_species,DMF,2004,179.02323798474612,3,2020
per_species,DMF,2005,179.02323798474612,3,2020
per_species,DMF,2006,198.42103576193733,3,2020
per_species,DMF,2007,216.60479832195855,3,2020
per_species,DMF,2008,234.57574773441414,3,2020
per_species,DMF,2009,245.54090574906036,3,2020
per_species,DMF,2010,248.8352357241905,3,2020
per_species,DMF,2011,248.56288264303498,3,2020
per_species,DMF,2012,259.4728203733959,3,2020
per_species,DMF,2013,275.4257666207711,3,2020
per_species,DMF,2014,278.66392411563623,3,2020
per_species,DMF,2015,283.7803237378513,3,2020
per_species,DMF,2016,286.2194554740062,3,2020
per_species,DMF,2017,287.41168117764755,3,2020
per_species,DMF,2018,280.72071649123154,3,2020
per_species,DMF,2019,280.3920124103103,3,2020
per_species,DMF,2020,279.6750185672096,3,2020
per_species,LPF,1971,356.1400295392393,3,2020
per_species,LPF,1972,356.1400295392393,3,2020
per_species,LPF,1973,356.1400295392393,3,2020
per_species,LPF,1974,356.1400295392393,3,2020
per_species,LPF,1975,356.1400295392393,3,2020
per_species,LPF,1976,356.1400295392393,3,2020
per_species,LPF,1977,356.1400295392393,3,2020
per_species,LPF,1978,356.1400295392393,3,2020
per_species,LPF,1979,356.1400295392393,3,2020
per_species,LPF,1980,356.1400295392393,3,2020
per_species,LPF,1981,356.1400295392393,3,2020
per_species,LPF,1982,356.1400295392393,3,2020
per_species,LPF,1983,356.1400295392393,3,2020
per_species,LPF,1984,356.1400295392393,3,2020
per_species,LPF,1985,356.1400295392393,3,2020
per_species,LPF,1986,356.1400295392393,3,2020
per_species,LPF,1987,356.1400295392393,3,2020
per_species,LPF,1988,356.1400295392393,3,2020
per_species,LPF,1989,332.0056402188361,3,2020
per_species,LPF,1990,332.2804079004832,3,2020
per_species,LPF,1991,322.26233011459294,3,2020
per_species,LPF,1992,342.62686275664385,3,2020
per_species,LPF,1993,348.0650009822794,3,2020
per_species,LPF,1994,350.70655845837945,3,2020
per_species,LPF,1995,351.6675154834023,3,2020
per_species,LPF,1996,350.18986242746575,3,2020
per_species,LPF,1997,361.2388809669799,3,2020
per_species,LPF,1998,366.4243478626966,3,2020
per_species,LPF,1999,362.9860197146845,3,2020
per_species,LPF,2000,356.6216021443516,3,2020
per_species,LPF,2001,361.6497843576437,3,2020
per_species,LPF,2002,359.8740598671595,3,2020
per_species,LPF,2003,356.04187500282103,3,2020
per_species,LPF,2004,351.12861146516445,3,2020
per_species,LPF,2005,348.5340098995545,3,2020
per_species,LPF,2006,349.9369465214984,3,2020
per_species,LPF,2007,352.4005009232957,3,2020
per_species,LPF,2008,353.07685526016013,3,2020
per_species,LPF,2009,352.8629095626443,3,2020
per_species,LPF,2010,351.1167376265493,3,2020
per_species,LPF,2011,348.9993688496563,3,2020
per_species,LPF,2012,347.9418876908537,3,2020
per_species,LPF,2013,349.82091660137843,3,2020
per_species,LPF,2014,346.61400353849086,3,2020
per_species,LPF,2015,345.30603468360573,3,2020
per_species,LPF,2016,325.19894337930015,3,2020
per_species,LPF,2017,322.35198527385273,3,2020
per_species,LPF,2018,319.0285913167372,3,2020
per_species,LPF,2019,321.54163590116497,3,2020
per_species,LPF,2020,317.5636897455704,3,2020
per_species,MPF,1971,439.3960004152217,3,2020
per_species,MPF,1972,439.3960004152217,3,2020
per_species,MPF,1973,439.3960004152217,3,2020
per_species,MPF,1974,439.3960004152217,3,2020
per_species,MPF,1975,439.3960004152217,3,2020
per_species,MPF,1976,439.3960004152217,3,2020
per_species,MPF,1977,439.3960004152217,3,2020
per_species,MPF,1978,439.3960004152217,3,2020
per_species,MPF,1979,439.3960004152217,3,2020
per_species,MPF,1980,439.3960004152217,3,2020
per_species,MPF,1981,439.3960004152217,3,2020
per_species,MPF,1982,439.3960004152217,3,2020
per_species,MPF,1983,439.3960004152217,3,2020
per_species,MPF,1984,439.3960004152217,3,2020
per_species,MPF,1985,340.2061211015959,3,2020
per_species,MPF,1986,305.4983413157295,3,2020
per_species,MPF,1987,265.1050607759968,3,2020
per_species,MPF,1988,240.60477627525003,3,2020
per_species,MPF,1989,205.85845264269088,3,2020
per_species,MPF,1990,201.18979577338146,3,2020
per_species,MPF,1991,186.25007276584276,3,2020
per_species,MPF,1992,205.78585831042182,3,2020
per_species,MPF,1993,215.47940936900673,3,2020
per_species,MPF,1994,219.36797861319073,3,2020
per_species,MPF,1995,227.0173147186587,3,2020
per_species,MPF,1996,223.8873306587697,3,2020
per_species,MPF,1997,236.0826582505439,3,2020
per_species,MPF,1998,247.46791155916827,3,2020
per_species,MPF,1999,252.96236363960597,3,2020
per_species,MPF,2000,251.2217052971137,3,2020
per_species,MPF,2001,265.8150067050992,3,2020
per_species,MPF,2002,273.08409410943,3,2020
per_species,MPF,2003,266.9161580164728,3,2020
per_species,MPF,2004,253.44617791665402,3,2020
per_species,MPF,2005,237.5853784071053,3,2020
per_species,MPF,2006,227.1186624439914,3,2020
per_species,MPF,2007,224.98971021531062,3,2020
per_species,MPF,2008,223.39105929438819,3,2020
per_species,MPF,2009,221.18432013487092,3,2020
per_species,MPF,2010,214.20049784743168,3,2020
per_species,MPF,2011,208.35290971765906,3,2020
per_species,MPF,2012,203.1558302697829,3,2020
per_species,MPF,2013,202.43269772023376,3,2020
per_species,MPF,2014,196.91355523388742,3,2020
per_species,MPF,2015,189.22691339717343,3,2020
per_species,MPF,2016,157.34428025266473,3,2020
per_species,MPF,2017,144.00537920547092,3,2020
per_species,MPF,2018,137.34783006433977,3,2020
per_species,MPF,2019,135.50639642188003,3,2020
per_species,MPF,2020,131.65935220977974,3,2020
per_species,NTU,1971,284.4211252073574,3,2020
per_species,NTU,1972,300.46694578619764,3,2020
per_species,NTU,1973,309.9722903890114,3,2020
per_species,NTU,1974,316.19172759675445,3,2020
per_species,NTU,1975,321.0257218920043,3,2020
per_species,NTU,1976,316.48744643949345,3,2020
per_species,NTU,1977,308.09389497848707,3,2020
per_species,NTU,1978,285.6821461042286,3,2020
per_species,NTU,1979,270.6753794907473,3,2020
per_species,NTU,1980,256.3847894095389,3,2020
per_species,NTU,1981,249.03845848466375,3,2020
per_species,NTU,1982,240.06700702451025,3,2020
per_species,NTU,1983,232.56840910411847,3,2020
per_species,NTU,1984,223.97642313986907,3,2020
per_species,NTU,1985,208.4900801779951,3,2020
per_species,NTU,1986,200.06583464027557,3,2020
per_species,NTU,1987,186.5496177558458,3,2020
per_species,NTU,1988,175.26652250539314,3,2020
per_species,NTU,1989,157.9104183437033,3,2020
per_species,NTU,1990,150.43108576721716,3,2020
per_species,NTU,1991,136.7130728844696,3,2020
per_species,NTU,1992,137.057476279127,3,2020
per_species,NTU,1993,134.72536483334417,3,2020
per_species,NTU,1994,131.71100538660758,3,2020
per_species,NTU,1995,130.00368522448198,3,2020
per_species,NTU,1996,126.44647820997928,3,2020
per_species,NTU,1997,127.77007565589548,3,2020
per_species,NTU,1998,129.14049329870318,3,2020
per_species,NTU,1999,129.86797617253953,3,2020
per_species,NTU,2000,128.57286600262591,3,2020
per_species,NTU,2001,130.64862587313806,3,2020
per_species,NTU,2002,132.66712020871236,3,2020
per_species,NTU,2003,132.19967643730803,3,2020
per_species,NTU,2004,130.36932900043078,3,2020
per_species,NTU,2005,127.5823902706314,3,2020
per_species,NTU,2006,126.89911160320325,3,2020
per_species,NTU,2007,127.68336359206772,3,2020
per_species,NTU,2008,128.88278341255335,3,2020
per_species,NTU,2009,129.59944325626313,3,2020
per_species,NTU,2010,130.52290828058526,3,2020
per_species,NTU,2011,130.47592240028413,3,2020
per_species,NTU,2012,130.8757205249501,3,2020
per_species,NTU,2013,132.20361329867288,3,2020
per_species,NTU,2014,133.01459694549595,3,2020
per_species,NTU,2015,133.07776660745097,3,2020
per_species,NTU,2016,124.07774487558763,3,2020
per_species,NTU,2017,119.34497035095139,3,2020
per_species,NTU,2018,116.84805608070555,3,2020
per_species,NTU,2019,115.4085534623229,3,2020
per_species,NTU,2020,114.18864800657352,3,2020
per_species,SAR,1971,245.38140094812192,3,2020
per_species,SAR,1972,245.38140094812192,3,2020
per_species,SAR,1973,245.38140094812192,3,2020
per_species,SAR,1974,245.38140094812192,3,2020
per_species,SAR,1975,245.38140094812192,3,2020
per_species,SAR,1976,245.38140094812192,3,2020
per_species,SAR,1977,245.38140094812192,3,2020
per_species,SAR,1978,245.38140094812192,3,2020
per_species,SAR,1979,245.38140094812192,3,2020
per_species,SAR,1980,245.38140094812192,3,2020
per_species,SAR,1981,245.38140094812192,3,2020
per_species,SAR,1982,245.38140094812192,3,2020
per_species,SAR,1983,245.38140094812192,3,2020
per_species,SAR,1984,245.38140094812192,3,2020
per_species,SAR,1985,245.38140094812192,3,2020
per_species,SAR,1986,245.38140094812192,3,2020
per_species,SAR,1987,245.38140094812192,3,2020
per_species,SAR,1988,245.38140094812192,3,2020
per_species,SAR,1989,245.38140094812192,3,2020
per_species,SAR,1990,245.38140094812192,3,2020
per_species,SAR,1991,245.38140094812192,3,2020
per_species,SAR,1992,245.38140094812192,3,2020
per_species,SAR,1993,245.38140094812192,3,2020
per_species,SAR,1994,245.38140094812192,3,2020
per_species,SAR,1995,245.38140094812192,3,2020
per_species,SAR,1996,245.38140094812192,3,2020
per_species,SAR,1997,245.38140094812192,3,2020
per_species,SAR,1998,245.38140094812192,3,2020
per_species,SAR,1999,245.38140094812192,3,2020
per_species,SAR,2000,245.38140094812192,3,2020
per_species,SAR,2001,245.38140094812192,3,2020
per_species,SAR,2002,245.38140094812192,3,2020
per_species,SAR,2003,245.38140094812192,3,2020
per_species,SAR,2004,245.38140094812192,3,2020
per_species,SAR,2005,245.38140094812192,3,2020
per_species,SAR,2006,245.38140094812192,3,2020
per_species,SAR,2007,245.38140094812192,3,2020
per_species,SAR,2008,245.38140094812192,3,2020
per_species,SAR,2009,251.31391092852738,3,2020
per_species,SAR,2010,265.398251014016,3,2020
per_species,SAR,2011,284.48147502671003,3,2020
per_species,SAR,2012,305.0010019477731,3,2020
per_species,SAR,2013,336.05787799969465,3,2020
per_species,SAR,2014,367.1038897315371,3,2020
per_species,SAR,2015,395.4372334332214,3,2020
per_species,SAR,2016,392.97845357751174,3,2020
per_species,SAR,2017,421.73067292069254,3,2020
per_species,SAR,2018,456.47200233383614,3,2020
per_species,SAR,2019,488.504384172693,3,2020
per_species,SAR,2020,510.5402431418399,3,2020
per_species,SCP,1971,134.96624495983335,3,2020
per_species,SCP,1972,134.96624495983335,3,2020
per_species,SCP,1973,134.96624495983335,3,2020
per_species,SCP,1974,134.96624495983335,3,2020
per_species,SCP,1975,134.96624495983335,3,2020
per_species,SCP,1976,134.96624495983335,3,2020
per_species,SCP,1977,134.96624495983335,3,2020
per_species,SCP,1978,134.96624495983335,3,2020
per_species,SCP,1979,134.96624495983335,3,2020
per_species,SCP,1980,134.96624495983335,3,2020
per_species,SCP,1981,134.96624495983335,3,2020
per_species,SCP,1982,134.96624495983335,3,2020
per_species,SCP,1983,134.96624495983335,3,2020
per_species,SCP,1984,134.96624495983335,3,2020
per_species,SCP,1985,134.96624495983335,3,2020
per_species,SCP,1986,134.96624495983335,3,2020
per_species,SCP,1987,134.96624495983335,3,2020
per_species,SCP,1988,134.96624495983335,3,2020
per_species,SCP,1989,118.15582550838045,3,2020
per_species,SCP,1990,112.62766348728998,3,2020
per_species,SCP,1991,99.3738924512223,3,2020
per_species,SCP,1992,102.81904588419475,3,2020
per_species,SCP,1993,102.61021091129756,3,2020
per_species,SCP,1994,102.71036255439509,3,2020
per_species,SCP,1995,102.6760390028893,3,2020
per_species,SCP,1996,101.97699537034562,3,2020
per_species,SCP,1997,108.82908764545822,3,2020
per_species,SCP,1998,115.2659479637085,3,2020
per_species,SCP,1999,119.73318040356185,3,2020
per_species,SCP,2000,119.44179612657086,3,2020
per_species,SCP,2001,124.54327011053775,3,2020
per_species,SCP,2002,128.3165037885318,3,2020
per_species,SCP,2003,129.61786778209782,3,2020
per_species,SCP,2004,127.45186384463551,3,2020
per_species,SCP,2005,126.05181451030141,3,2020
per_species,SCP,2006,127.07604572547231,3,2020
per_species,SCP,2007,129.2195334030655,3,2020
per_species,SCP,2008,130.89257064960805,3,2020
per_species,SCP,2009,132.6153937456228,3,2020
per_species,SCP,2010,133.8659257081088,3,2020
per_species,SCP,2011,134.8398328627157,3,2020
per_species,SCP,2012,134.43119944392723,3,2020
per_species,SCP,2013,134.75441447258933,3,2020
per_species,SCP,2014,133.48057281177788,3,2020
per_species,SCP,2015,131.73077157569358,3,2020
per_species,SCP,2016,114.74398619220393,3,2020
per_species,SCP,2017,110.76002993169648,3,2020
per_species,SCP,2018,112.17352829656527,3,2020
per_species,SCP,2019,113.56210316664612,3,2020
per_species,SCP,2020,114.75217404836155,3,2020
per_species,ANC,1971,116.76385185939714,4,2019
per_species,ANC,1972,116.76385185939714,4,2019
per_species,ANC,1973,116.76385185939714,4,2019
per_species,ANC,1974,116.76385185939714,4,2019
per_species,ANC,1975,116.76385185939714,4,2019
per_species,ANC,1976,116.76385185939714,4,2019
per_species,ANC,1977,116.76385185939714,4,2019
per_species,ANC,1978,116.76385185939714,4,2019
per_species,ANC,1979,116.76385185939714,4,2019
per_species,ANC,1980,116.76385185939714,4,2019
per_species,ANC,1981,116.76385185939714,4,2019
per_species,ANC,1982,116.76385185939714,4,2019
per_species,ANC,1983,116.76385185939714,4,2019
per_species,ANC,1984,116.76385185939714,4,2019
per_species,ANC,1985,116.76385185939714,4,2019
per_species,ANC,1986,116.76385185939714,4,2019
per_species,ANC,1987,116.76385185939714,4,2019
per_species,ANC,1988,116.76385185939714,4,2019
per_species,ANC,1989,108.05378690354834,4,2019
per_species,ANC,1990,107.33994340950248,4,2019
per_species,ANC,1991,108.02962023507165,4,2019
per_species,ANC,1992,108.17736676782985,4,2019
per_species,ANC,1993,110.96966041437342,4,2019
per_species,ANC,1994,106.16566419084964,4,2019
per_species,ANC,1995,107.28520332852013,4,2019
per_species,ANC,1996,106.77403601254001,4,2019
per_species,ANC,1997,104.7098141506632,4,2019
per_species,ANC,1998,104.55539320928217,4,2019
per_species,ANC,1999,105.4445681490563,4,2019
per_species,ANC,2000,105.69228039158108,4,2019
per_species,ANC,2001,108.13443746113006,4,2019
per_species,ANC,2002,107.25181437607637,4,2019
per_species,ANC,2003,106.41966619972104,4,2019
per_species,ANC,2004,106.85565810741427,4,2019
per_species,ANC,2005,105.76203216930818,4,2019
per_species,ANC,2006,101.00038725446764,4,2019
per_species,ANC,2007,95.06657238517992,4,2019
per_species,ANC,2008,89.240290242845,4,2019
per_species,ANC,2009,76.89289663548266,4,2019
per_species,ANC,2010,70.62972611999861,4,2019
per_species,ANC,2011,69.82638445047229,4,2019
per_species,ANC,2012,65.60800239403093,4,2019
per_species,ANC,2013,77.83346042917876,4,2019
per_species,ANC,2014,102.63441227057457,4,2019
per_species,ANC,2015,130.05506104737043,4,2019
per_species,ANC,2016,164.30729293749954,4,2019
per_species,ANC,2017,181.79667318309086,4,2019
per_species,ANC,2018,220.08562605544688,4,2019
per_species,ANC,2019,266.4238592081779,4,2019
per_species,CMA,1971,257.88513358872666,4,2019
per_species,CMA,1972,257.88513358872666,4,2019
per_species,CMA,1973,257.88513358872666,4,2019
per_species,CMA,1974,257.88513358872666,4,2019
per_species,CMA,1975,257.88513358872666,4,2019
per_species,CMA,1976,257.88513358872666,4,2019
per_species,CMA,1977,257.88513358872666,4,2019
per_species,CMA,1978,257.88513358872666,4,2019
per_species,CMA,1979,257.88513358872666,4,2019
per_species,CMA,1980,257.88513358872666,4,2019
per_species,CMA,1981,257.88513358872666,4,2019
per_species,CMA,1982,257.88513358872666,4,2019
per_species,CMA,1983,257.88513358872666,4,2019
per_species,CMA,1984,257.88513358872666,4,2019
per_species,CMA,1985,257.88513358872666,4,2019
per_species,CMA,1986,257.88513358872666,4,2019
per_species,CMA,1987,257.88513358872666,4,2019
per_species,CMA,1988,257.88513358872666,4,2019
per_species,CMA,1989,257.88513358872666,4,2019
per_species,CMA,1990,257.88513358872666,4,2019
per_species,CMA,1991,257.88513358872666,4,2019
per_species,CMA,1992,257.88513358872666,4,2019
per_species,CMA,1993,257.88513358872666,4,2019
per_species,CMA,1994,257.88513358872666,4,2019
per_species,CMA,1995,257.88513358872666,4,2019
per_species,CMA,1996,257.88513358872666,4,2019
per_species,CMA,1997,257.88513358872666,4,2019
per_species,CMA,1998,257.88513358872666,4,2019
per_species,CMA,1999,257.88513358872666,4,2019
per_species,CMA,2000,257.88513358872666,4,2019
per_species,CMA,2001,257.88513358872666,4,2019
per_species,CMA,2002,257.88513358872666,4,2019
per_species,CMA,2003,257.88513358872666,4,2019
per_species,CMA,2004,257.88513358872666,4,2019
per_species,CMA,2005,257.88513358872666,4,2019
per_species,CMA,2006,259.20375381042885,4,2019
per_species,CMA,2007,261.23313506584236,4,2019
per_species,CMA,2008,262.294499340465,4,2019
per_species,CMA,2009,261.6233505477928,4,2019
per_species,CMA,2010,260.2020230087825,4,2019
per_species,CMA,2011,257.11179899600023,4,2019
per_species,CMA,2012,255.7761802200378,4,2019
per_species,CMA,2013,255.49826485907704,4,2019
per_species,CMA,2014,253.84040971283767,4,2019
per_species,CMA,2015,251.3760200302677,4,2019
per_species,CMA,2016,235.02640125419188,4,2019
per_species,CMA,2017,233.1830673194564,4,2019
per_species,CMA,2018,232.07448993180932,4,2019
per_species,CMA,2019,234.0936598708837,4,2019
per_species,DMF,1971,151.2138430501839,4,2019
per_species,DMF,1972,151.2138430501839,4,2019
per_species,DMF,1973,151.2138430501839,4,2019
per_species,DMF,1974,151.2138430501839,4,2019
per_species,DMF,1975,151.2138430501839,4,2019
per_species,DMF,1976,151.2138430501839,4,2019
per_species,DMF,1977,151.2138430501839,4,2019
per_species,DMF,1978,151.2138430501839,4,2019
per_species,DMF,1979,151.2138430501839,4,2019
per_species,DMF,1980,151.2138430501839,4,2019
per_species,DMF,1981,151.2138430501839,4,2019
per_species,DMF,1982,151.2138430501839,4,2019
per_species,DMF,1983,151.2138430501839,4,2019
per_species,DMF,1984,151.2138430501839,4,2019
per_species,DMF,1985,151.2138430501839,4,2019
per_species,DMF,1986,151.2138430501839,4,2019
per_species,DMF,1987,151.2138430501839,4,2019
per_species,DMF,1988,151.2138430501839,4,2019
per_species,DMF,1989,151.2138430501839,4,2019
per_species,DMF,1990,151.2138430501839,4,2019
per_species,DMF,1991,151.2138430501839,4,2019
per_species,DMF,1992,151.2138430501839,4,2019
per_species,DMF,1993,151.2138430501839,4,2019
per_species,DMF,1994,151.2138430501839,4,2019
per_species,DMF,1995,151.2138430501839,4,2019
per_species,DMF,1996,151.2138430501839,4,2019
per_species,DMF,1997,151.2138430501839,4,2019
per_species,DMF,1998,151.2138430501839,4,2019
per_species,DMF,1999,151.2138430501839,4,2019
per_species,DMF,2000,151.2138430501839,4,2019
per_species,DMF,2001,151.2138430501839,4,2019
per_species,DMF,2002,151.2138430501839,4,2019
per_species,DMF,2003,151.2138430501839,4,2019
per_species,DMF,2004,151.2138430501839,4,2019
per_species,DMF,2005,151.2138430501839,4,2019
per_species,DMF,2006,184.619025277482,4,2019
per_species,DMF,2007,190.86200214496114,4,2019
per_species,DMF,2008,195.56363460764396,4,2019
per_species,DMF,2009,194.7195553051025,4,2019
per_species,DMF,2010,191.81757394431148,4,2019
per_species,DMF,2011,188.71658291731322,4,2019
per_species,DMF,2012,197.11351455733617,4,2019
per_species,DMF,2013,204.99256026019992,4,2019
per_species,DMF,2014,198.84822599274548,4,2019
per_species,DMF,2015,202.6685848757999,4,2019
per_species,DMF,2016,200.90818810846702,4,2019
per_species,DMF,2017,200.6941824638093,4,2019
per_species,DMF,2018,192.15694863047108,4,2019
per_species,DMF,2019,193.63377892658693,4,2019
per_species,LPF,1971,347.569634829084,4,2019
per_species,LPF,1972,347.569634829084,4,2019
per_species,LPF,1973,347.569634829084,4,2019
per_species,LPF,1974,347.569634829084,4,2019
per_species,LPF,1975,347.569634829084,4,2019
per_species,LPF,1976,347.569634829084,4,2019
per_species,LPF,1977,347.569634829084,4,2019
per_species,LPF,1978,347.569634829084,4,2019
per_species,LPF,1979,347.569634829084,4,2019
per_species,LPF,1980,347.569634829084,4,2019
per_species,LPF,1981,347.569634829084,4,2019
per_species,LPF,1982,347.569634829084,4,2019
per_species,LPF,1983,347.569634829084,4,2019
per_species,LPF,1984,347.569634829084,4,2019
per_species,LPF,1985,347.569634829084,4,2019
per_species,LPF,1986,347.569634829084,4,2019
per_species,LPF,1987,347.569634829084,4,2019
per_species,LPF,1988,347.569634829084,4,2019
per_species,LPF,1989,324.1880259852916,4,2019
per_species,LPF,1990,327.86116993488224,4,2019
per_species,LPF,1991,318.8590349057676,4,2019
per_species,LPF,1992,341.61554631500763,4,2019
per_species,LPF,1993,345.2514330882198,4,2019
per_species,LPF,1994,346.6299259814489,4,2019
per_species,LPF,1995,346.9057828622529,4,2019
per_species,LPF,1996,345.122891784094,4,2019
per_species,LPF,1997,356.54603006679605,4,2019
per_species,LPF,1998,360.42140110055345,4,2019
per_species,LPF,1999,355.890600069141,4,2019
per_species,LPF,2000,349.65835908041385,4,2019
per_species,LPF,2001,355.60762061094675,4,2019
per_species,LPF,2002,353.5206249759487,4,2019
per_species,LPF,2003,349.86412152011945,4,2019
per_species,LPF,2004,345.55427948508463,4,2019
per_species,LPF,2005,343.83234560328617,4,2019
per_species,LPF,2006,345.64845438809334,4,2019
per_species,LPF,2007,347.9727765108468,4,2019
per_species,LPF,2008,348.35760265626715,4,2019
per_species,LPF,2009,348.05972801277704,4,2019
per_species,LPF,2010,346.40479082962264,4,2019
per_species,LPF,2011,344.60640591521803,4,2019
per_species,LPF,2012,344.01020681400996,4,2019
per_species,LPF,2013,346.1864696454683,4,2019
per_species,LPF,2014,342.9043167093219,4,2019
per_species,LPF,2015,342.05183814461634,4,2019
per_species,LPF,2016,322.66929220665486,4,2019
per_species,LPF,2017,322.21866095470125,4,2019
per_species,LPF,2018,320.15172806021116,4,2019
per_species,LPF,2019,323.65783817579955,4,2019
per_species,MPF,1971,488.7941971542229,4,2019
per_species,MPF,1972,488.7941971542229,4,2019
per_species,MPF,1973,488.7941971542229,4,2019
per_species,MPF,1974,488.7941971542229,4,2019
per_species,MPF,1975,488.7941971542229,4,2019
per_species,MPF,1976,488.7941971542229,4,2019
per_species,MPF,1977,488.7941971542229,4,2019
per_species,MPF,1978,488.7941971542229,4,2019
per_species,MPF,1979,488.7941971542229,4,2019
per_species,MPF,1980,488.7941971542229,4,2019
per_species,MPF,1981,488.7941971542229,4,2019
per_species,MPF,1982,488.7941971542229,4,2019
per_species,MPF,1983,488.7941971542229,4,2019
per_species,MPF,1984,488.7941971542229,4,2019
per_species,MPF,1985,370.5995287984253,4,2019
per_species,MPF,1986,331.15459955340884,4,2019
per_species,MPF,1987,288.06231707560505,4,2019
per_species,MPF,1988,262.7452239260081,4,2019
per_species,MPF,1989,225.76146147652162,4,2019
per_species,MPF,1990,221.22103963618798,4,2019
per_species,MPF,1991,205.7714227331801,4,2019
per_species,MPF,1992,226.87696460175997,4,2019
per_species,MPF,1993,237.34403875114236,4,2019
per_species,MPF,1994,241.90867611200028,4,2019
per_species,MPF,1995,250.29451772963145,4,2019
per_species,MPF,1996,247.74329095063558,4,2019
per_species,MPF,1997,261.4229581628958,4,2019
per_species,MPF,1998,273.9675412739266,4,2019
per_species,MPF,1999,280.22774302606825,4,2019
per_species,MPF,2000,278.7361551723719,4,2019
per_species,MPF,2001,294.12111078377893,4,2019
per_species,MPF,2002,301.6620844955093,4,2019
per_species,MPF,2003,295.75534115216794,4,2019
per_species,MPF,2004,282.5622645433362,4,2019
per_species,MPF,2005,267.317910881558,4,2019
per_species,MPF,2006,255.99598119829025,4,2019
per_species,MPF,2007,252.74703413377264,4,2019
per_species,MPF,2008,250.50096286406222,4,2019
per_species,MPF,2009,247.94415728279063,4,2019
per_species,MPF,2010,241.0687580880097,4,2019
per_species,MPF,2011,235.82846496134368,4,2019
per_species,MPF,2012,231.08488878279917,4,2019
per_species,MPF,2013,230.78153221118677,4,2019
per_species,MPF,2014,225.59923111098456,4,2019
per_species,MPF,2015,218.75984875149084,4,2019
per_species,MPF,2016,185.16956648446993,4,2019
per_species,MPF,2017,173.48439646714175,4,2019
per_species,MPF,2018,169.68254504069066,4,2019
per_species,MPF,2019,170.5173265543795,4,2019
per_species,NTU,1971,290.26156417851547,4,2019
per_species,NTU,1972,305.40238984067935,4,2019
per_species,NTU,1973,314.7746355557837,4,2019
per_species,NTU,1974,321.009296828095,4,2019
per_species,NTU,1975,325.7044679382677,4,2019
per_species,NTU,1976,321.48378448538824,4,2019
per_species,NTU,1977,313.47706766171507,4,2019
per_species,NTU,1978,292.10779634803544,4,2019
per_species,NTU,1979,277.78905226826464,4,2019
per_species,NTU,1980,263.9593939681485,4,2019
per_species,NTU,1981,256.6585844485127,4,2019
per_species,NTU,1982,247.695108374716,4,2019
per_species,NTU,1983,240.11069741989178,4,2019
per_species,NTU,1984,231.41338121471193,4,2019
per_species,NTU,1985,216.05123384976318,4,2019
per_species,NTU,1986,207.55895338871738,4,2019
per_species,NTU,1987,193.97264636184582,4,2019
per_species,NTU,1988,182.56160189065625,4,2019
per_species,NTU,1989,165.07551697973088,4,2019
per_species,NTU,1990,157.4652157883592,4,2019
per_species,NTU,1991,143.55506056375856,4,2019
per_species,NTU,1992,143.7856340885591,4,2019
per_species,NTU,1993,141.28070061861484,4,2019
per_species,NTU,1994,138.00802557726354,4,2019
per_species,NTU,1995,136.07426851378455,4,2019
per_species,NTU,1996,132.19230433857143,4,2019
per_species,NTU,1997,133.19617566054586,4,2019
per_species,NTU,1998,134.22011154649516,4,2019
per_species,NTU,1999,134.57982595070106,4,2019
per_species,NTU,2000,132.92774015005455,4,2019
per_species,NTU,2001,134.66947640089836,4,2019
per_species,NTU,2002,136.33149711632424,4,2019
per_species,NTU,2003,135.42888447652484,4,2019
per_species,NTU,2004,133.1618204531145,4,2019
per_species,NTU,2005,129.9057126803972,4,2019
per_species,NTU,2006,129.2493806018414,4,2019
per_species,NTU,2007,130.3853164079325,4,2019
per_species,NTU,2008,131.77171964264502,4,2019
per_species,NTU,2009,132.49883092427046,4,2019
per_species,NTU,2010,133.2467237528361,4,2019
per_species,NTU,2011,132.8554106346229,4,2019
per_species,NTU,2012,132.92365170676027,4,2019
per_species,NTU,2013,133.9484742437266,4,2019
per_species,NTU,2014,134.30449872945096,4,2019
per_species,NTU,2015,133.61051833612063,4,2019
per_species,NTU,2016,124.00646345059816,4,2019
per_species,NTU,2017,118.22873606931064,4,2019
per_species,NTU,2018,114.53140449210387,4,2019
per_species,NTU,2019,112.01622746324861,4,2019
per_species,SAR,1971,266.0170701382317,4,2019
per_species,SAR,1972,266.0170701382317,4,2019
per_species,SAR,1973,266.0170701382317,4,2019
per_species,SAR,1974,266.0170701382317,4,2019
per_species,SAR,1975,266.0170701382317,4,2019
per_species,SAR,1976,266.0170701382317,4,2019
per_species,SAR,1977,266.0170701382317,4,2019
per_species,SAR,1978,266.0170701382317,4,2019
per_species,SAR,1979,266.0170701382317,4,2019
per_species,SAR,1980,266.0170701382317,4,2019
per_species,SAR,1981,266.0170701382317,4,2019
per_species,SAR,1982,266.0170701382317,4,2019
per_species,SAR,1983,266.0170701382317,4,2019
per_species,SAR,1984,266.0170701382317,4,2019
per_species,SAR,1985,266.0170701382317,4,2019
per_species,SAR,1986,266.0170701382317,4,2019
per_species,SAR,1987,266.0170701382317,4,2019
per_species,SAR,1988,266.0170701382317,4,2019
per_species,SAR,1989,266.0170701382317,4,2019
per_species,SAR,1990,266.0170701382317,4,2019
per_species,SAR,1991,266.0170701382317,4,2019
per_species,SAR,1992,266.0170701382317,4,2019
per_species,SAR,1993,266.0170701382317,4,2019
per_species,SAR,1994,266.0170701382317,4,2019
per_species,SAR,1995,266.0170701382317,4,2019
per_species,SAR,1996,266.0170701382317,4,2019
per_species,SAR,1997,266.0170701382317,4,2019
per_species,SAR,1998,266.0170701382317,4,2019
per_species,SAR,1999,266.0170701382317,4,2019
per_species,SAR,2000,266.0170701382317,4,2019
per_species,SAR,2001,266.0170701382317,4,2019
per_species,SAR,2002,266.0170701382317,4,2019
per_species,SAR,2003,266.0170701382317,4,2019
per_species,SAR,2004,266.0170701382317,4,2019
per_species,SAR,2005,266.0170701382317,4,2019
per_species,SAR,2006,266.0170701382317,4,2019
per_species,SAR,2007,266.0170701382317,4,2019
per_species,SAR,2008,266.0170701382317,4,2019
per_species,SAR,2009,275.5429732093182,4,2019
per_species,SAR,2010,292.6043813551595,4,2019
per_species,SAR,2011,314.2588812321582,4,2019
per_species,SAR,2012,337.01828252940095,4,2019
per_species,SAR,2013,369.83282639587964,4,2019
per_species,SAR,2014,402.3014570532322,4,2019
per_species,SAR,2015,431.8077861484162,4,2019
per_species,SAR,2016,431.0155579574745,4,2019
per_species,SAR,2017,460.63006932844445,4,2019
per_species,SAR,2018,495.9018397449922,4,2019
per_species,SAR,2019,528.0507853728622,4,2019
per_species,SCP,1971,144.76237542830842,4,2019
per_species,SCP,1972,144.76237542830842,4,2019
per_species,SCP,1973,144.76237542830842,4,2019
per_species,SCP,1974,144.76237542830842,4,2019
per_species,SCP,1975,144.76237542830842,4,2019
per_species,SCP,1976,144.76237542830842,4,2019
per_species,SCP,1977,144.76237542830842,4,2019
per_species,SCP,1978,144.76237542830842,4,2019
per_species,SCP,1979,144.76237542830842,4,2019
per_species,SCP,1980,144.76237542830842,4,2019
per_species,SCP,1981,144.76237542830842,4,2019
per_species,SCP,1982,144.76237542830842,4,2019
per_species,SCP,1983,144.76237542830842,4,2019
per_species,SCP,1984,144.76237542830842,4,2019
per_species,SCP,1985,144.76237542830842,4,2019
per_species,SCP,1986,144.76237542830842,4,2019
per_species,SCP,1987,144.76237542830842,4,2019
per_species,SCP,1988,144.76237542830842,4,2019
per_species,SCP,1989,123.80286486269584,4,2019
per_species,SCP,1990,116.55342726323877,4,2019
per_species,SCP,1991,101.6512583088994,4,2019
per_species,SCP,1992,104.85176143127828,4,2019
per_species,SCP,1993,104.29560965478845,4,2019
per_species,SCP,1994,104.18894717046184,4,2019
per_species,SCP,1995,104.06949078069479,4,2019
per_species,SCP,1996,103.38929539507257,4,2019
per_species,SCP,1997,110.46029092678738,4,2019
per_species,SCP,1998,117.09754120947795,4,2019
per_species,SCP,1999,121.75042452231814,4,2019
per_species,SCP,2000,121.68460783175216,4,2019
per_species,SCP,2001,127.0982680357278,4,2019
per_species,SCP,2002,131.20626942271295,4,2019
per_species,SCP,2003,132.9090604496143,4,2019
per_species,SCP,2004,131.26712326893553,4,2019
per_species,SCP,2005,130.53786073286233,4,2019
per_species,SCP,2006,132.1687393924204,4,2019
per_species,SCP,2007,135.0536871367122,4,2019
per_species,SCP,2008,137.48969145358603,4,2019
per_species,SCP,2009,139.96093473771134,4,2019
per_species,SCP,2010,141.9928501955098,4,2019
per_species,SCP,2011,143.80541258101167,4,2019
per_species,SCP,2012,144.3212077700834,4,2019
per_species,SCP,2013,145.65343060568472,4,2019
per_species,SCP,2014,145.47121345811757,4,2019
per_species,SCP,2015,144.876282567092,4,2019
per_species,SCP,2016,129.0597990264938,4,2019
per_species,SCP,2017,126.62165115967879,4,2019
per_species,SCP,2018,129.83191108048325,4,2019
per_species,SCP,2019,133.06576219821474,4,2019
per_species,ANC,1971,117.96456733117893,5,2018
per_species,ANC,1972,117.96456733117893,5,2018
per_species,ANC,1973,117.96456733117893,5,2018
per_species,ANC,1974,117.96456733117893,5,2018
per_species,ANC,1975,117.96456733117893,5,2018
per_species,ANC,1976,117.96456733117893,5,2018
per_species,ANC,1977,117.96456733117893,5,2018
per_species,ANC,1978,117.96456733117893,5,2018
per_species,ANC,1979,117.96456733117893,5,2018
per_species,ANC,1980,117.96456733117893,5,2018
per_species,ANC,1981,117.96456733117893,5,2018
per_species,ANC,1982,117.96456733117893,5,2018
per_species,ANC,1983,117.96456733117893,5,2018
per_species,ANC,1984,117.96456733117893,5,2018
per_species,ANC,1985,117.96456733117893,5,2018
per_species,ANC,1986,117.96456733117893,5,2018
per_species,ANC,1987,117.96456733117893,5,2018
per_species,ANC,1988,117.96456733117893,5,2018
per_species,ANC,1989,109.80801132772741,5,2018
per_species,ANC,1990,108.9278390340919,5,2018
per_species,ANC,1991,109.49132980659611,5,2018
per_species,ANC,1992,109.56752679390208,5,2018
per_species,ANC,1993,112.40016837602118,5,2018
per_species,ANC,1994,107.7975691957668,5,2018
per_species,ANC,1995,108.76116579208595,5,2018
per_species,ANC,1996,108.16695180333978,5,2018
per_species,ANC,1997,105.98562700229388,5,2018
per_species,ANC,1998,105.63141233557555,5,2018
per_species,ANC,1999,106.32150431668398,5,2018
per_species,ANC,2000,106.42098566363971,5,2018
per_species,ANC,2001,108.73629378924078,5,2018
per_species,ANC,2002,107.93828101003396,5,2018
per_species,ANC,2003,107.11971780233087,5,2018
per_species,ANC,2004,107.51523217437214,5,2018
per_species,ANC,2005,106.46011103559714,5,2018
per_species,ANC,2006,101.7807123528171,5,2018
per_species,ANC,2007,96.06474599291215,5,2018
per_species,ANC,2008,90.6269311849454,5,2018
per_species,ANC,2009,78.44375649875819,5,2018
per_species,ANC,2010,71.91569015425276,5,2018
per_species,ANC,2011,70.716078183320107,5,2018
per_species,ANC,2012,66.03407387183486,5,2018
per_species,ANC,2013,77.823212871609,5,2018
per_species,ANC,2014,102.29391319709563,5,2018
per_species,ANC,2015,130.2406738643643,5,2018
per_species,ANC,2016,166.9367509772074,5,2018
per_species,ANC,2017,190.33371629087495,5,2018
per_species,ANC,2018,236.42778568237333,5,2018
per_species,CMA,1971,253.78128008668128,5,2018
per_species,CMA,1972,253.78128008668128,5,2018
per_species,CMA,1973,253.78128008668128,5,2018
per_species,CMA,1974,253.78128008668128,5,2018
per_species,CMA,1975,253.78128008668128,5,2018
per_species,CMA,1976,253.78128008668128,5,2018
per_species,CMA,1977,253.78128008668128,5,2018
per_species,CMA,1978,253.78128008668128,5,2018
per_species,CMA,1979,253.78128008668128,5,2018
per_species,CMA,1980,253.78128008668128,5,2018
per_species,CMA,1981,253.78128008668128,5,2018
per_species,CMA,1982,253.78128008668128,5,2018
per_species,CMA,1983,253.78128008668128,5,2018
per_species,CMA,1984,253.78128008668128,5,2018
per_species,CMA,1985,253.78128008668128,5,2018
per_species,CMA,1986,253.78128008668128,5,2018
per_species,CMA,1987,253.78128008668128,5,2018
per_species,CMA,1988,253.78128008668128,5,2018
per_species,CMA,1989,253.78128008668128,5,2018
per_species,CMA,1990,253.78128008668128,5,2018
per_species,CMA,1991,253.78128008668128,5,2018
per_species,CMA,1992,253.78128008668128,5,2018
per_species,CMA,1993,253.78128008668128,5,2018
per_species,CMA,1994,253.78128008668128,5,2018
per_species,CMA,1995,253.78128008668128,5,2018
per_species,CMA,1996,253.78128008668128,5,2018
per_species,CMA,1997,253.78128008668128,5,2018
per_species,CMA,1998,253.78128008668128,5,2018
per_species,CMA,1999,253.78128008668128,5,2018
per_species,CMA,2000,253.78128008668128,5,2018
per_species,CMA,2001,253.78128008668128,5,2018
per_species,CMA,2002,253.78128008668128,5,2018
per_species,CMA,2003,253.78128008668128,5,2018
per_species,CMA,2004,253.78128008668128,5,2018
per_species,CMA,2005,253.78128008668128,5,2018
per_species,CMA,2006,252.99871425592008,5,2018
per_species,CMA,2007,254.05630560309464,5,2018
per_species,CMA,2008,254.77226262877866,5,2018
per_species,CMA,2009,254.05371616039608,5,2018
per_species,CMA,2010,252.66039431902712,5,2018
per_species,CMA,2011,249.61940017788146,5,2018
per_species,CMA,2012,248.24146856082046,5,2018
per_species,CMA,2013,247.95049193521507,5,2018
per_species,CMA,2014,246.420767027073,5,2018
per_species,CMA,2015,244.10150358770557,5,2018
per_species,CMA,2016,228.2323223105804,5,2018
per_species,CMA,2017,225.87168160382421,5,2018
per_species,CMA,2018,224.54762345752107,5,2018
per_species,DMF,1971,151.96642223111093,5,2018
per_species,DMF,1972,151.96642223111093,5,2018
per_species,DMF,1973,151.96642223111093,5,2018
per_species,DMF,1974,151.96642223111093,5,2018
per_species,DMF,1975,151.96642223111093,5,2018
per_species,DMF,1976,151.96642223111093,5,2018
per_species,DMF,1977,151.96642223111093,5,2018
per_species,DMF,1978,151.96642223111093,5,2018
per_species,DMF,1979,151.96642223111093,5,2018
per_species,DMF,1980,151.96642223111093,5,2018
per_species,DMF,1981,151.96642223111093,5,2018
per_species,DMF,1982,151.96642223111093,5,2018
per_species,DMF,1983,151.96642223111093,5,2018
per_species,DMF,1984,151.96642223111093,5,2018
per_species,DMF,1985,151.96642223111093,5,2018
per_species,DMF,1986,151.96642223111093,5,2018
per_species,DMF,1987,151.96642223111093,5,2018
per_species,DMF,1988,151.96642223111093,5,2018
per_species,DMF,1989,151.96642223111093,5,2018
per_species,DMF,1990,151.96642223111093,5,2018
per_species,DMF,1991,151.96642223111093,5,2018
per_species,DMF,1992,151.96642223111093,5,2018
per_species,DMF,1993,151.96642223111093,5,2018
per_species,DMF,1994,151.96642223111093,5,2018
per_species,DMF,1995,151.96642223111093,5,2018
per_species,DMF,1996,151.96642223111093,5,2018
per_species,DMF,1997,151.96642223111093,5,2018
per_species,DMF,1998,151.96642223111093,5,2018
per_species,DMF,1999,151.96642223111093,5,2018
per_species,DMF,2000,151.96642223111093,5,2018
per_species,DMF,2001,151.96642223111093,5,2018
per_species,DMF,2002,151.96642223111093,5,2018
per_species,DMF,2003,151.96642223111093,5,2018
per_species,DMF,2004,151.96642223111093,5,2018
per_species,DMF,2005,151.96642223111093,5,2018
per_species,DMF,2006,177.49942385903995,5,2018
per_species,DMF,2007,185.80806134930754,5,2018
per_species,DMF,2008,191.23016289373305,5,2018
per_species,DMF,2009,190.82533555314296,5,2018
per_species,DMF,2010,187.46665941995425,5,2018
per_species,DMF,2011,183.63464585121923,5,2018
per_species,DMF,2012,191.16563728138757,5,2018
per_species,DMF,2013,200.16716783396868,5,2018
per_species,DMF,2014,195.0633965588079,5,2018
per_species,DMF,2015,197.5294861859485,5,2018
per_species,DMF,2016,196.2589049675436,5,2018
per_species,DMF,2017,195.6686642772436,5,2018
per_species,DMF,2018,186.73091976669363,5,2018
per_species,LPF,1971,362.26876365139265,5,2018
per_species,LPF,1972,362.26876365139265,5,2018
per_species,LPF,1973,362.26876365139265,5,2018
per_species,LPF,1974,362.26876365139265,5,2018
per_species,LPF,1975,362.26876365139265,5,2018
per_species,LPF,1976,362.26876365139265,5,2018
per_species,LPF,1977,362.26876365139265,5,2018
per_species,LPF,1978,362.26876365139265,5,2018
per_species,LPF,1979,362.26876365139265,5,2018
per_species,LPF,1980,362.26876365139265,5,2018
per_species,LPF,1981,362.26876365139265,5,2018
per_species,LPF,1982,362.26876365139265,5,2018
per_species,LPF,1983,362.26876365139265,5,2018
per_species,LPF,1984,362.26876365139265,5,2018
per_species,LPF,1985,362.26876365139265,5,2018
per_species,LPF,1986,362.26876365139265,5,2018
per_species,LPF,1987,362.26876365139265,5,2018
per_species,LPF,1988,362.26876365139265,5,2018
per_species,LPF,1989,336.3136829998024,5,2018
per_species,LPF,1990,333.4311393852321,5,2018
per_species,LPF,1991,321.84108010506947,5,2018
per_species,LPF,1992,339.8793025095219,5,2018
per_species,LPF,1993,345.95376931865974,5,2018
per_species,LPF,1994,349.49314070215644,5,2018
per_species,LPF,1995,351.2224234043312,5,2018
per_species,LPF,1996,350.2540291944002,5,2018
per_species,LPF,1997,361.12761265555145,5,2018
per_species,LPF,1998,367.34482878092285,5,2018
per_species,LPF,1999,365.0371297679134,5,2018
per_species,LPF,2000,358.9399207094799,5,2018
per_species,LPF,2001,363.30223127002387,5,2018
per_species,LPF,2002,361.601660057201,5,2018
per_species,LPF,2003,357.59656507863303,5,2018
per_species,LPF,2004,352.1528401741703,5,2018
per_species,LPF,2005,348.7555897150346,5,2018
per_species,LPF,2006,349.10835187855383,5,2018
per_species,LPF,2007,350.9521328481835,5,2018
per_species,LPF,2008,351.4906456890025,5,2018
per_species,LPF,2009,351.22911284409764,5,2018
per_species,LPF,2010,349.3558787097201,5,2018
per_species,LPF,2011,346.9596336132999,5,2018
per_species,LPF,2012,345.56675747506625,5,2018
per_species,LPF,2013,347.11967461681013,5,2018
per_species,LPF,2014,343.7774520044972,5,2018
per_species,LPF,2015,342.0045702341953,5,2018
per_species,LPF,2016,321.831023087361,5,2018
per_species,LPF,2017,316.60447354494295,5,2018
per_species,LPF,2018,310.7757541227559,5,2018
per_species,MPF,1971,482.752441733765,5,2018
per_species,MPF,1972,482.752441733765,5,2018
per_species,MPF,1973,482.752441733765,5,2018
per_species,MPF,1974,482.752441733765,5,2018
per_species,MPF,1975,482.752441733765,5,2018
per_species,MPF,1976,482.752441733765,5,2018
per_species,MPF,1977,482.752441733765,5,2018
per_species,MPF,1978,482.752441733765,5,2018
per_species,MPF,1979,482.752441733765,5,2018
per_species,MPF,1980,482.752441733765,5,2018
per_species,MPF,1981,482.752441733765,5,2018
per_species,MPF,1982,482.752441733765,5,2018
per_species,MPF,1983,482.752441733765,5,2018
per_species,MPF,1984,482.752441733765,5,2018
per_species,MPF,1985,368.79266995364026,5,2018
per_species,MPF,1986,330.6229904810635,5,2018
per_species,MPF,1987,288.2065208586228,5,2018
per_species,MPF,1988,263.0924195895745,5,2018
per_species,MPF,1989,227.12331974661936,5,2018
per_species,MPF,1990,223.185676393118,5,2018
per_species,MPF,1991,208.000779074576,5,2018
per_species,MPF,1992,229.78346619942724,5,2018
per_species,MPF,1993,240.7470189149323,5,2018
per_species,MPF,1994,245.32275671559452,5,2018
per_species,MPF,1995,253.71330969417403,5,2018
per_species,MPF,1996,250.53354088275967,5,2018
per_species,MPF,1997,263.949785532099,5,2018
per_species,MPF,1998,276.1373353084601,5,2018
per_species,MPF,1999,281.79881380615313,5,2018
per_species,MPF,2000,279.33231078667757,5,2018
per_species,MPF,2001,294.2198561410978,5,2018
per_species,MPF,2002,301.01589206598857,5,2018
per_species,MPF,2003,293.79801105125904,5,2018
per_species,MPF,2004,279.19245308232746,5,2018
per_species,MPF,2005,262.56593018894927,5,2018
per_species,MPF,2006,251.3389532237786,5,2018
per_species,MPF,2007,248.69924905190652,5,2018
per_species,MPF,2008,246.80125890366648,5,2018
per_species,MPF,2009,244.26277593217162,5,2018
per_species,MPF,2010,237.1042134513986,5,2018
per_species,MPF,2011,231.3477354646279,5,2018
per_species,MPF,2012,226.0153022536895,5,2018
per_species,MPF,2013,225.25250886446622,5,2018
per_species,MPF,2014,219.39397984182918,5,2018
per_species,MPF,2015,211.66506916098865,5,2018
per_species,MPF,2016,176.7427924327426,5,2018
per_species,MPF,2017,164.10323407495252,5,2018
per_species,MPF,2018,159.49756786198074,5,2018
per_species,NTU,1971,288.431921541046,5,2018
per_species,NTU,1972,302.9808887898896,5,2018
per_species,NTU,1973,312.57207819954255,5,2018
per_species,NTU,1974,319.1296533536852,5,2018
per_species,NTU,1975,323.9206242335128,5,2018
per_species,NTU,1976,320.10430937294205,5,2018
per_species,NTU,1977,312.5316123855928,5,2018
per_species,NTU,1978,292.18179965959945,5,2018
per_species,NTU,1979,278.76357014863464,5,2018
per_species,NTU,1980,265.6394944704583,5,2018
per_species,NTU,1981,258.6740551564687,5,2018
per_species,NTU,1982,250.00563627934326,5,2018
per_species,NTU,1983,242.65423081253542,5,2018
per_species,NTU,1984,234.18840560516017,5,2018
per_species,NTU,1985,218.84796019275228,5,2018
per_species,NTU,1986,210.47051499503914,5,2018
per_species,NTU,1987,197.0381834429164,5,2018
per_species,NTU,1988,185.78196565717354,5,2018
per_species,NTU,1989,168.26947849576638,5,2018
per_species,NTU,1990,160.7558612964855,5,2018
per_species,NTU,1991,146.87162873282992,5,2018
per_species,NTU,1992,147.2404817571701,5,2018
per_species,NTU,1993,144.7662906948238,5,2018
per_species,NTU,1994,141.45543397211694,5,2018
per_species,NTU,1995,139.5378065291722,5,2018
per_species,NTU,1996,135.56404419922683,5,2018
per_species,NTU,1997,136.4893363378845,5,2018
per_species,NTU,1998,137.3875081947965,5,2018
per_species,NTU,1999,137.6109427395015,5,2018
per_species,NTU,2000,135.84997817205226,5,2018
per_species,NTU,2001,137.54723317315117,5,2018
per_species,NTU,2002,139.12985699603163,5,2018
per_species,NTU,2003,138.01983967377615,5,2018
per_species,NTU,2004,135.5203397720931,5,2018
per_species,NTU,2005,131.9575163921618,5,2018
per_species,NTU,2006,130.83734938287276,5,2018
per_species,NTU,2007,131.26100559690957,5,2018
per_species,NTU,2008,131.91627998612017,5,2018
per_species,NTU,2009,131.9118836131975,5,2018
per_species,NTU,2010,131.934035720661,5,2018
per_species,NTU,2011,130.76200604694435,5,2018
per_species,NTU,2012,130.17458125436252,5,2018
per_species,NTU,2013,130.5326198275605,5,2018
per_species,NTU,2014,130.18592479947878,5,2018
per_species,NTU,2015,128.75856546773852,5,2018
per_species,NTU,2016,118.86913257612021,5,2018
per_species,NTU,2017,112.17543858062555,5,2018
per_species,NTU,2018,107.17018689574358,5,2018
per_species,SAR,1971,292.2995910622359,5,2018
per_species,SAR,1972,292.2995910622359,5,2018
per_species,SAR,1973,292.2995910622359,5,2018
per_species,SAR,1974,292.2995910622359,5,2018
per_species,SAR,1975,292.2995910622359,5,2018
per_species,SAR,1976,292.2995910622359,5,2018
per_species,SAR,1977,292.2995910622359,5,2018
per_species,SAR,1978,292.2995910622359,5,2018
per_species,SAR,1979,292.2995910622359,5,2018
per_species,SAR,1980,292.2995910622359,5,2018
per_species,SAR,1981,292.2995910622359,5,2018
per_species,SAR,1982,292.2995910622359,5,2018
per_species,SAR,1983,292.2995910622359,5,2018
per_species,SAR,1984,292.2995910622359,5,2018
per_species,SAR,1985,292.2995910622359,5,2018
per_species,SAR,1986,292.2995910622359,5,2018
per_species,SAR,1987,292.2995910622359,5,2018
per_species,SAR,1988,292.2995910622359,5,2018
per_species,SAR,1989,292.2995910622359,5,2018
per_species,SAR,1990,292.2995910622359,5,2018
per_species,SAR,1991,292.2995910622359,5,2018
per_species,SAR,1992,292.2995910622359,5,2018
per_species,SAR,1993,292.2995910622359,5,2018
per_species,SAR,1994,292.2995910622359,5,2018
per_species,SAR,1995,292.2995910622359,5,2018
per_species,SAR,1996,292.2995910622359,5,2018
per_species,SAR,1997,292.2995910622359,5,2018
per_species,SAR,1998,292.2995910622359,5,2018
per_species,SAR,1999,292.2995910622359,5,2018
per_species,SAR,2000,292.2995910622359,5,2018
per_species,SAR,2001,292.2995910622359,5,2018
per_species,SAR,2002,292.2995910622359,5,2018
per_species,SAR,2003,292.2995910622359,5,2018
per_species,SAR,2004,292.2995910622359,5,2018
per_species,SAR,2005,292.2995910622359,5,2018
per_species,SAR,2006,292.2995910622359,5,2018
per_species,SAR,2007,292.2995910622359,5,2018
per_species,SAR,2008,292.2995910622359,5,2018
per_species,SAR,2009,306.93411181208006,5,2018
per_species,SAR,2010,328.21320445019376,5,2018
per_species,SAR,2011,353.37206947045064,5,2018
per_species,SAR,2012,379.04129288527076,5,2018
per_species,SAR,2013,413.89920021475456,5,2018
per_species,SAR,2014,447.7681661955523,5,2018
per_species,SAR,2015,478.2419368525465,5,2018
per_species,SAR,2016,479.0031196478051,5,2018
per_species,SAR,2017,508.6368920489336,5,2018
per_species,SAR,2018,543.4699445969984,5,2018
per_species,SCP,1971,136.6479311475018,5,2018
per_species,SCP,1972,136.6479311475018,5,2018
per_species,SCP,1973,136.6479311475018,5,2018
per_species,SCP,1974,136.6479311475018,5,2018
per_species,SCP,1975,136.6479311475018,5,2018
per_species,SCP,1976,136.6479311475018,5,2018
per_species,SCP,1977,136.6479311475018,5,2018
per_species,SCP,1978,136.6479311475018,5,2018
per_species,SCP,1979,136.6479311475018,5,2018
per_species,SCP,1980,136.6479311475018,5,2018
per_species,SCP,1981,136.6479311475018,5,2018
per_species,SCP,1982,136.6479311475018,5,2018
per_species,SCP,1983,136.6479311475018,5,2018
per_species,SCP,1984,136.6479311475018,5,2018
per_species,SCP,1985,136.6479311475018,5,2018
per_species,SCP,1986,136.6479311475018,5,2018
per_species,SCP,1987,136.6479311475018,5,2018
per_species,SCP,1988,136.6479311475018,5,2018
per_species,SCP,1989,118.0201038942226,5,2018
per_species,SCP,1990,111.69955546147298,5,2018
per_species,SCP,1991,97.83950246803246,5,2018
per_species,SCP,1992,101.0688158226826,5,2018
per_species,SCP,1993,100.64895923190618,5,2018
per_species,SCP,1994,100.6022614745565,5,2018
per_species,SCP,1995,100.48385740565553,5,2018
per_species,SCP,1996,99.76372905992044,5,2018
per_species,SCP,1997,106.5322354834556,5,2018
per_species,SCP,1998,112.86487043093841,5,2018
per_species,SCP,1999,117.2485862038599,5,2018
per_species,SCP,2000,116.98606239321195,5,2018
per_species,SCP,2001,122.04411893267518,5,2018
per_species,SCP,2002,125.79770902848564,5,2018
per_species,SCP,2003,127.16277967135258,5,2018
per_species,SCP,2004,125.17244294281912,5,2018
per_species,SCP,2005,124.0465871579057,5,2018
per_species,SCP,2006,125.29111526855631,5,2018
per_species,SCP,2007,127.69404593340215,5,2018
per_species,SCP,2008,129.64102053363112,5,2018
per_species,SCP,2009,131.60965243652979,5,2018
per_species,SCP,2010,133.12235742560276,5,2018
per_species,SCP,2011,134.38955348736314,5,2018
per_species,SCP,2012,134.35792517274984,5,2018
per_species,SCP,2013,135.09771429014455,5,2018
per_species,SCP,2014,134.33996171605904,5,2018
per_species,SCP,2015,133.14942759545383,5,2018
per_species,SCP,2016,117.18822398536184,5,2018
per_species,SCP,2017,114.0254131939321,5,2018
per_species,SCP,2018,116.19678774966629,5,2018
dsir_group,ANC,1971,318.73313457874366,0,2023
dsir_group,ANC,1972,318.73313457874366,0,2023
dsir_group,ANC,1973,318.73313457874366,0,2023
dsir_group,ANC,1974,318.73313457874366,0,2023
dsir_group,ANC,1975,318.73313457874366,0,2023
dsir_group,ANC,1976,318.73313457874366,0,2023
dsir_group,ANC,1977,318.73313457874366,0,2023
dsir_group,ANC,1978,318.73313457874366,0,2023
dsir_group,ANC,1979,318.73313457874366,0,2023
dsir_group,ANC,1980,318.73313457874366,0,2023
dsir_group,ANC,1981,318.73313457874366,0,2023
dsir_group,ANC,1982,318.73313457874366,0,2023
dsir_group,ANC,1983,318.73313457874366,0,2023
dsir_group,ANC,1984,318.73313457874366,0,2023
dsir_group,ANC,1985,318.73313457874366,0,2023
dsir_group,ANC,1986,318.73313457874366,0,2023
dsir_group,ANC,1987,318.73313457874366,0,2023
dsir_group,ANC,1988,318.73313457874366,0,2023
dsir_group,ANC,1989,318.73313457874366,0,2023
dsir_group,ANC,1990,318.73313457874366,0,2023
dsir_group,ANC,1991,318.73313457874366,0,2023
dsir_group,ANC,1992,318.73313457874366,0,2023
dsir_group,ANC,1993,318.73313457874366,0,2023
dsir_group,ANC,1994,318.73313457874366,0,2023
dsir_group,ANC,1995,318.73313457874366,0,2023
dsir_group,ANC,1996,318.73313457874366,0,2023
dsir_group,ANC,1997,318.73313457874366,0,2023
dsir_group,ANC,1998,318.73313457874366,0,2023
dsir_group,ANC,1999,318.73313457874366,0,2023
dsir_group,ANC,2000,318.73313457874366,0,2023
dsir_group,ANC,2001,318.73313457874366,0,2023
dsir_group,ANC,2002,313.87573052671564,0,2023
dsir_group,ANC,2003,294.5510242565424,0,2023
dsir_group,ANC,2004,252.95200975350332,0,2023
dsir_group,ANC,2005,247.6085612480264,0,2023
dsir_group,ANC,2006,230.94070133661515,0,2023
dsir_group,ANC,2007,221.09098467079033,0,2023
dsir_group,ANC,2008,221.92697039964298,0,2023
dsir_group,ANC,2009,216.415914457402,0,2023
dsir_group,ANC,2010,217.98774453397397,0,2023
dsir_group,ANC,2011,227.0981963460837,0,2023
dsir_group,ANC,2012,233.2267288307318,0,2023
dsir_group,ANC,2013,271.3132968755511,0,2023
dsir_group,ANC,2014,325.0347031862027,0,2023
dsir_group,ANC,2015,375.6185524346476,0,2023
dsir_group,ANC,2016,430.48032682083976,0,2023
dsir_group,ANC,2017,433.69321985215686,0,2023
dsir_group,ANC,2018,473.54152764144425,0,2023
dsir_group,ANC,2019,529.4493604803263,0,2023
dsir_group,ANC,2020,579.2508277640186,0,2023
dsir_group,ANC,2021,647.4812227882427,0,2023
dsir_group,ANC,2022,713.3516473743812,0,2023
dsir_group,ANC,2023,765.7380341890433,0,2023
dsir_group,CMA,1971,319.3270198572586,0,2023
dsir_group,CMA,1972,319.3270198572586,0,2023
dsir_group,CMA,1973,319.3270198572586,0,2023
dsir_group,CMA,1974,319.3270198572586,0,2023
dsir_group,CMA,1975,319.3270198572586,0,2023
dsir_group,CMA,1976,319.3270198572586,0,2023
dsir_group,CMA,1977,319.3270198572586,0,2023
dsir_group,CMA,1978,319.3270198572586,0,2023
dsir_group,CMA,1979,319.3270198572586,0,2023
dsir_group,CMA,1980,319.3270198572586,0,2023
dsir_group,CMA,1981,319.3270198572586,0,2023
dsir_group,CMA,1982,319.3270198572586,0,2023
dsir_group,CMA,1983,319.3270198572586,0,2023
dsir_group,CMA,1984,319.3270198572586,0,2023
dsir_group,CMA,1985,319.3270198572586,0,2023
dsir_group,CMA,1986,319.3270198572586,0,2023
dsir_group,CMA,1987,319.3270198572586,0,2023
dsir_group,CMA,1988,319.3270198572586,0,2023
dsir_group,CMA,1989,319.3270198572586,0,2023
dsir_group,CMA,1990,319.3270198572586,0,2023
dsir_group,CMA,1991,319.3270198572586,0,2023
dsir_group,CMA,1992,319.3270198572586,0,2023
dsir_group,CMA,1993,319.3270198572586,0,2023
dsir_group,CMA,1994,319.3270198572586,0,2023
dsir_group,CMA,1995,319.3270198572586,0,2023
dsir_group,CMA,1996,319.3270198572586,0,2023
dsir_group,CMA,1997,319.3270198572586,0,2023
dsir_group,CMA,1998,319.3270198572586,0,2023
dsir_group,CMA,1999,319.3270198572586,0,2023
dsir_group,CMA,2000,319.3270198572586,0,2023
dsir_group,CMA,2001,319.3270198572586,0,2023
dsir_group,CMA,2002,319.3270198572586,0,2023
dsir_group,CMA,2003,319.3270198572586,0,2023
dsir_group,CMA,2004,319.3270198572586,0,2023
dsir_group,CMA,2005,319.3270198572586,0,2023
dsir_group,CMA,2006,319.3270198572586,0,2023
dsir_group,CMA,2007,319.3270198572586,0,2023
dsir_group,CMA,2008,319.3270198572586,0,2023
dsir_group,CMA,2009,319.3270198572586,0,2023
dsir_group,CMA,2010,329.80708332716,0,2023
dsir_group,CMA,2011,333.4861667255095,0,2023
dsir_group,CMA,2012,335.88627299521323,0,2023
dsir_group,CMA,2013,338.10573876345717,0,2023
dsir_group,CMA,2014,338.08779801216656,0,2023
dsir_group,CMA,2015,336.85921486435274,0,2023
dsir_group,CMA,2016,320.5980296595709,0,2023
dsir_group,CMA,2017,319.2114288746523,0,2023
dsir_group,CMA,2018,319.01920131034814,0,2023
dsir_group,CMA,2019,322.8330397410127,0,2023
dsir_group,CMA,2020,322.28338030582483,0,2023
dsir_group,CMA,2021,328.98518635394316,0,2023
dsir_group,CMA,2022,333.08709470220583,0,2023
dsir_group,CMA,2023,336.35302927744414,0,2023
dsir_group,DMF,1971,345.2481315538584,0,2023
dsir_group,DMF,1972,345.2481315538584,0,2023
dsir_group,DMF,1973,345.2481315538584,0,2023
dsir_group,DMF,1974,345.2481315538584,0,2023
dsir_group,DMF,1975,345.2481315538584,0,2023
dsir_group,DMF,1976,345.2481315538584,0,2023
dsir_group,DMF,1977,345.2481315538584,0,2023
dsir_group,DMF,1978,332.9530738380042,0,2023
dsir_group,DMF,1979,324.67031285507744,0,2023
dsir_group,DMF,1980,317.0483382282842,0,2023
dsir_group,DMF,1981,314.6018163421732,0,2023
dsir_group,DMF,1982,310.3354961886109,0,2023
dsir_group,DMF,1983,307.99054490064117,0,2023
dsir_group,DMF,1984,301.2998643483662,0,2023
dsir_group,DMF,1985,299.33502666896715,0,2023
dsir_group,DMF,1986,293.92842663630427,0,2023
dsir_group,DMF,1987,279.34459745787683,0,2023
dsir_group,DMF,1988,264.68307730065567,0,2023
dsir_group,DMF,1989,255.5492972940217,0,2023
dsir_group,DMF,1990,250.12150009149775,0,2023
dsir_group,DMF,1991,243.63107817377792,0,2023
dsir_group,DMF,1992,242.5372511382694,0,2023
dsir_group,DMF,1993,244.78453412660153,0,2023
dsir_group,DMF,1994,243.44921745446322,0,2023
dsir_group,DMF,1995,236.84503970239197,0,2023
dsir_group,DMF,1996,230.07460411965232,0,2023
dsir_group,DMF,1997,225.60194153462177,0,2023
dsir_group,DMF,1998,220.6843406337964,0,2023
dsir_group,DMF,1999,208.97625794742146,0,2023
dsir_group,DMF,2000,203.89630192384791,0,2023
dsir_group,DMF,2001,202.39496076383497,0,2023
dsir_group,DMF,2002,198.7525740237215,0,2023
dsir_group,DMF,2003,194.74580333790732,0,2023
dsir_group,DMF,2004,187.5240892007893,0,2023
dsir_group,DMF,2005,184.88801905292613,0,2023
dsir_group,DMF,2006,181.91634984901975,0,2023
dsir_group,DMF,2007,180.83405290213653,0,2023
dsir_group,DMF,2008,183.33985638371192,0,2023
dsir_group,DMF,2009,184.46828878819142,0,2023
dsir_group,DMF,2010,186.87161818127896,0,2023
dsir_group,DMF,2011,185.79275147035796,0,2023
dsir_group,DMF,2012,191.27008466075904,0,2023
dsir_group,DMF,2013,204.33095971889045,0,2023
dsir_group,DMF,2014,212.6699645031385,0,2023
dsir_group,DMF,2015,221.67499488431747,0,2023
dsir_group,DMF,2016,228.02930290081707,0,2023
dsir_group,DMF,2017,228.56929627556232,0,2023
dsir_group,DMF,2018,218.7006262003263,0,2023
dsir_group,DMF,2019,209.65750115022183,0,2023
dsir_group,DMF,2020,199.6043977875025,0,2023
dsir_group,DMF,2021,200.35704251509853,0,2023
dsir_group,DMF,2022,203.50045755709104,0,2023
dsir_group,DMF,2023,209.31928093387495,0,2023
dsir_group,LPF,1971,412.94283143308957,0,2023
dsir_group,LPF,1972,412.94283143308957,0,2023
dsir_group,LPF,1973,412.94283143308957,0,2023
dsir_group,LPF,1974,412.94283143308957,0,2023
dsir_group,LPF,1975,412.94283143308957,0,2023
dsir_group,LPF,1976,412.94283143308957,0,2023
dsir_group,LPF,1977,412.94283143308957,0,2023
dsir_group,LPF,1978,412.94283143308957,0,2023
dsir_group,LPF,1979,412.94283143308957,0,2023
dsir_group,LPF,1980,412.94283143308957,0,2023
dsir_group,LPF,1981,412.94283143308957,0,2023
dsir_group,LPF,1982,412.94283143308957,0,2023
dsir_group,LPF,1983,412.94283143308957,0,2023
dsir_group,LPF,1984,412.94283143308957,0,2023
dsir_group,LPF,1985,412.94283143308957,0,2023
dsir_group,LPF,1986,412.94283143308957,0,2023
dsir_group,LPF,1987,412.94283143308957,0,2023
dsir_group,LPF,1988,412.94283143308957,0,2023
dsir_group,LPF,1989,412.94283143308957,0,2023
dsir_group,LPF,1990,412.94283143308957,0,2023
dsir_group,LPF,1991,412.94283143308957,0,2023
dsir_group,LPF,1992,412.94283143308957,0,2023
dsir_group,LPF,1993,412.94283143308957,0,2023
dsir_group,LPF,1994,412.94283143308957,0,2023
dsir_group,LPF,1995,412.94283143308957,0,2023
dsir_group,LPF,1996,412.94283143308957,0,2023
dsir_group,LPF,1997,412.94283143308957,0,2023
dsir_group,LPF,1998,412.94283143308957,0,2023
dsir_group,LPF,1999,412.94283143308957,0,2023
dsir_group,LPF,2000,412.94283143308957,0,2023
dsir_group,LPF,2001,412.94283143308957,0,2023
dsir_group,LPF,2002,412.94283143308957,0,2023
dsir_group,LPF,2003,412.94283143308957,0,2023
dsir_group,LPF,2004,412.94283143308957,0,2023
dsir_group,LPF,2005,412.94283143308957,0,2023
dsir_group,LPF,2006,412.94283143308957,0,2023
dsir_group,LPF,2007,412.94283143308957,0,2023
dsir_group,LPF,2008,412.94283143308957,0,2023
dsir_group,LPF,2009,412.94283143308957,0,2023
dsir_group,LPF,2010,432.2574279402965,0,2023
dsir_group,LPF,2011,446.62967547221496,0,2023
dsir_group,LPF,2012,458.2326410008448,0,2023
dsir_group,LPF,2013,469.63245361026435,0,2023
dsir_group,LPF,2014,474.02510930046066,0,2023
dsir_group,LPF,2015,477.2232954713104,0,2023
dsir_group,LPF,2016,458.4221135893139,0,2023
dsir_group,LPF,2017,452.2156447210534,0,2023
dsir_group,LPF,2018,447.1019415293157,0,2023
dsir_group,LPF,2019,447.7208941391396,0,2023
dsir_group,LPF,2020,442.95952787883726,0,2023
dsir_group,LPF,2021,436.8850112738968,0,2023
dsir_group,LPF,2022,438.4964514352122,0,2023
dsir_group,LPF,2023,447.50303332669193,0,2023
dsir_group,MPF,1971,678.8984064384638,0,2023
dsir_group,MPF,1972,678.8984064384638,0,2023
dsir_group,MPF,1973,678.8984064384638,0,2023
dsir_group,MPF,1974,678.8984064384638,0,2023
dsir_group,MPF,1975,678.8984064384638,0,2023
dsir_group,MPF,1976,678.8984064384638,0,2023
dsir_group,MPF,1977,678.8984064384638,0,2023
dsir_group,MPF,1978,678.8984064384638,0,2023
dsir_group,MPF,1979,678.8984064384638,0,2023
dsir_group,MPF,1980,678.8984064384638,0,2023
dsir_group,MPF,1981,678.8984064384638,0,2023
dsir_group,MPF,1982,678.8984064384638,0,2023
dsir_group,MPF,1983,678.8984064384638,0,2023
dsir_group,MPF,1984,678.8984064384638,0,2023
dsir_group,MPF,1985,678.8984064384638,0,2023
dsir_group,MPF,1986,678.8984064384638,0,2023
dsir_group,MPF,1987,678.8984064384638,0,2023
dsir_group,MPF,1988,678.8984064384638,0,2023
dsir_group,MPF,1989,678.8984064384638,0,2023
dsir_group,MPF,1990,678.8984064384638,0,2023
dsir_group,MPF,1991,678.8984064384638,0,2023
dsir_group,MPF,1992,678.8984064384638,0,2023
dsir_group,MPF,1993,678.8984064384638,0,2023
dsir_group,MPF,1994,678.8984064384638,0,2023
dsir_group,MPF,1995,678.8984064384638,0,2023
dsir_group,MPF,1996,678.8984064384638,0,2023
dsir_group,MPF,1997,678.8984064384638,0,2023
dsir_group,MPF,1998,678.8984064384638,0,2023
dsir_group,MPF,1999,678.8984064384638,0,2023
dsir_group,MPF,2000,678.8984064384638,0,2023
dsir_group,MPF,2001,678.8984064384638,0,2023
dsir_group,MPF,2002,678.8984064384638,0,2023
dsir_group,MPF,2003,678.8984064384638,0,2023
dsir_group,MPF,2004,678.8984064384638,0,2023
dsir_group,MPF,2005,678.8984064384638,0,2023
dsir_group,MPF,2006,678.8984064384638,0,2023
dsir_group,MPF,2007,678.8984064384638,0,2023
dsir_group,MPF,2008,678.8984064384638,0,2023
dsir_group,MPF,2009,678.8984064384638,0,2023
dsir_group,MPF,2010,712.8085402530955,0,2023
dsir_group,MPF,2011,725.6804760555586,0,2023
dsir_group,MPF,2012,733.9401951327947,0,2023
dsir_group,MPF,2013,745.5744900138181,0,2023
dsir_group,MPF,2014,748.4300341010651,0,2023
dsir_group,MPF,2015,751.7048352997152,0,2023
dsir_group,MPF,2016,735.8901735835165,0,2023
dsir_group,MPF,2017,747.5632290833328,0,2023
dsir_group,MPF,2018,755.0672188807428,0,2023
dsir_group,MPF,2019,764.7497990323569,0,2023
dsir_group,MPF,2020,766.8800529481838,0,2023
dsir_group,MPF,2021,779.754292579445,0,2023
dsir_group,MPF,2022,782.3892975639733,0,2023
dsir_group,MPF,2023,784.3858304940139,0,2023
dsir_group,NTU,1971,191.58275438108825,0,2023
dsir_group,NTU,1972,191.58275438108825,0,2023
dsir_group,NTU,1973,191.58275438108825,0,2023
dsir_group,NTU,1974,191.58275438108825,0,2023
dsir_group,NTU,1975,191.58275438108825,0,2023
dsir_group,NTU,1976,191.58275438108825,0,2023
dsir_group,NTU,1977,191.58275438108825,0,2023
dsir_group,NTU,1978,191.58275438108825,0,2023
dsir_group,NTU,1979,191.58275438108825,0,2023
dsir_group,NTU,1980,191.58275438108825,0,2023
dsir_group,NTU,1981,191.58275438108825,0,2023
dsir_group,NTU,1982,191.58275438108825,0,2023
dsir_group,NTU,1983,191.58275438108825,0,2023
dsir_group,NTU,1984,191.58275438108825,0,2023
dsir_group,NTU,1985,191.58275438108825,0,2023
dsir_group,NTU,1986,191.58275438108825,0,2023
dsir_group,NTU,1987,191.58275438108825,0,2023
dsir_group,NTU,1988,191.58275438108825,0,2023
dsir_group,NTU,1989,191.58275438108825,0,2023
dsir_group,NTU,1990,191.58275438108825,0,2023
dsir_group,NTU,1991,191.58275438108825,0,2023
dsir_group,NTU,1992,191.58275438108825,0,2023
dsir_group,NTU,1993,191.58275438108825,0,2023
dsir_group,NTU,1994,191.58275438108825,0,2023
dsir_group,NTU,1995,191.58275438108825,0,2023
dsir_group,NTU,1996,191.58275438108825,0,2023
dsir_group,NTU,1997,191.58275438108825,0,2023
dsir_group,NTU,1998,191.58275438108825,0,2023
dsir_group,NTU,1999,191.58275438108825,0,2023
dsir_group,NTU,2000,191.58275438108825,0,2023
dsir_group,NTU,2001,191.58275438108825,0,2023
dsir_group,NTU,2002,191.58275438108825,0,2023
dsir_group,NTU,2003,191.58275438108825,0,2023
dsir_group,NTU,2004,191.58275438108825,0,2023
dsir_group,NTU,2005,191.58275438108825,0,2023
dsir_group,NTU,2006,191.58275438108825,0,2023
dsir_group,NTU,2007,191.58275438108825,0,2023
dsir_group,NTU,2008,191.58275438108825,0,2023
dsir_group,NTU,2009,191.58275438108825,0,2023
dsir_group,NTU,2010,215.8771818269614,0,2023
dsir_group,NTU,2011,238.1459736966134,0,2023
dsir_group,NTU,2012,258.43925997509587,0,2023
dsir_group,NTU,2013,276.78653720130234,0,2023
dsir_group,NTU,2014,290.3293220724007,0,2023
dsir_group,NTU,2015,299.58122172710176,0,2023
dsir_group,NTU,2016,287.10971540098984,0,2023
dsir_group,NTU,2017,289.2372725587839,0,2023
dsir_group,NTU,2018,298.23947756754467,0,2023
dsir_group,NTU,2019,305.50873855416535,0,2023
dsir_group,NTU,2020,310.16638676642515,0,2023
dsir_group,NTU,2021,318.2581875653955,0,2023
dsir_group,NTU,2022,326.3692097977581,0,2023
dsir_group,NTU,2023,331.03719919188603,0,2023
dsir_group,SAR,1971,271.8407194678667,0,2023
dsir_group,SAR,1972,271.8407194678667,0,2023
dsir_group,SAR,1973,271.8407194678667,0,2023
dsir_group,SAR,1974,271.8407194678667,0,2023
dsir_group,SAR,1975,271.8407194678667,0,2023
dsir_group,SAR,1976,271.8407194678667,0,2023
dsir_group,SAR,1977,271.8407194678667,0,2023
dsir_group,SAR,1978,271.8407194678667,0,2023
dsir_group,SAR,1979,271.8407194678667,0,2023
dsir_group,SAR,1980,271.8407194678667,0,2023
dsir_group,SAR,1981,271.8407194678667,0,2023
dsir_group,SAR,1982,271.8407194678667,0,2023
dsir_group,SAR,1983,271.8407194678667,0,2023
dsir_group,SAR,1984,271.8407194678667,0,2023
dsir_group,SAR,1985,271.8407194678667,0,2023
dsir_group,SAR,1986,271.8407194678667,0,2023
dsir_group,SAR,1987,271.8407194678667,0,2023
dsir_group,SAR,1988,271.8407194678667,0,2023
dsir_group,SAR,1989,271.8407194678667,0,2023
dsir_group,SAR,1990,271.8407194678667,0,2023
dsir_group,SAR,1991,271.8407194678667,0,2023
dsir_group,SAR,1992,271.8407194678667,0,2023
dsir_group,SAR,1993,271.8407194678667,0,2023
dsir_group,SAR,1994,271.8407194678667,0,2023
dsir_group,SAR,1995,271.8407194678667,0,2023
dsir_group,SAR,1996,271.8407194678667,0,2023
dsir_group,SAR,1997,271.8407194678667,0,2023
dsir_group,SAR,1998,271.8407194678667,0,2023
dsir_group,SAR,1999,271.8407194678667,0,2023
dsir_group,SAR,2000,271.8407194678667,0,2023
dsir_group,SAR,2001,271.8407194678667,0,2023
dsir_group,SAR,2002,271.8407194678667,0,2023
dsir_group,SAR,2003,271.8407194678667,0,2023
dsir_group,SAR,2004,271.8407194678667,0,2023
dsir_group,SAR,2005,271.8407194678667,0,2023
dsir_group,SAR,2006,271.8407194678667,0,2023
dsir_group,SAR,2007,271.8407194678667,0,2023
dsir_group,SAR,2008,271.8407194678667,0,2023
dsir_group,SAR,2009,271.8407194678667,0,2023
dsir_group,SAR,2010,322.26358489809877,0,2023
dsir_group,SAR,2011,371.17305901638997,0,2023
dsir_group,SAR,2012,413.58319765510083,0,2023
dsir_group,SAR,2013,457.2599694465175,0,2023
dsir_group,SAR,2014,491.01911570559577,0,2023
dsir_group,SAR,2015,513.369728421512,0,2023
dsir_group,SAR,2016,496.01464888787734,0,2023
dsir_group,SAR,2017,514.389243706864,0,2023
dsir_group,SAR,2018,538.9301187286949,0,2023
dsir_group,SAR,2019,559.8746578710251,0,2023
dsir_group,SAR,2020,570.7961501709451,0,2023
dsir_group,SAR,2021,592.6492523086253,0,2023
dsir_group,SAR,2022,609.7404656669258,0,2023
dsir_group,SAR,2023,616.4221466626406,0,2023
dsir_group,SCP,1971,103.86556455407943,0,2023
dsir_group,SCP,1972,103.86556455407943,0,2023
dsir_group,SCP,1973,103.86556455407943,0,2023
dsir_group,SCP,1974,103.86556455407943,0,2023
dsir_group,SCP,1975,103.86556455407943,0,2023
dsir_group,SCP,1976,103.86556455407943,0,2023
dsir_group,SCP,1977,103.86556455407943,0,2023
dsir_group,SCP,1978,103.86556455407943,0,2023
dsir_group,SCP,1979,103.86556455407943,0,2023
dsir_group,SCP,1980,103.86556455407943,0,2023
dsir_group,SCP,1981,103.86556455407943,0,2023
dsir_group,SCP,1982,103.86556455407943,0,2023
dsir_group,SCP,1983,103.86556455407943,0,2023
dsir_group,SCP,1984,103.86556455407943,0,2023
dsir_group,SCP,1985,103.86556455407943,0,2023
dsir_group,SCP,1986,103.86556455407943,0,2023
dsir_group,SCP,1987,103.86556455407943,0,2023
dsir_group,SCP,1988,103.86556455407943,0,2023
dsir_group,SCP,1989,103.86556455407943,0,2023
dsir_group,SCP,1990,103.86556455407943,0,2023
dsir_group,SCP,1991,103.86556455407943,0,2023
dsir_group,SCP,1992,103.86556455407943,0,2023
dsir_group,SCP,1993,103.86556455407943,0,2023
dsir_group,SCP,1994,103.86556455407943,0,2023
dsir_group,SCP,1995,103.86556455407943,0,2023
dsir_group,SCP,1996,103.86556455407943,0,2023
dsir_group,SCP,1997,103.86556455407943,0,2023
dsir_group,SCP,1998,103.86556455407943,0,2023
dsir_group,SCP,1999,103.86556455407943,0,2023
dsir_group,SCP,2000,103.86556455407943,0,2023
dsir_group,SCP,2001,103.86556455407943,0,2023
dsir_group,SCP,2002,103.86556455407943,0,2023
dsir_group,SCP,2003,103.86556455407943,0,2023
dsir_group,SCP,2004,103.86556455407943,0,2023
dsir_group,SCP,2005,103.86556455407943,0,2023
dsir_group,SCP,2006,103.86556455407943,0,2023
dsir_group,SCP,2007,103.86556455407943,0,2023
dsir_group,SCP,2008,103.86556455407943,0,2023
dsir_group,SCP,2009,103.86556455407943,0,2023
dsir_group,SCP,2010,115.70400337534808,0,2023
dsir_group,SCP,2011,125.1000224394308,0,2023
dsir_group,SCP,2012,130.5927557917754,0,2023
dsir_group,SCP,2013,134.16816944297145,0,2023
dsir_group,SCP,2014,133.16326365685504,0,2023
dsir_group,SCP,2015,129.56759012584345,0,2023
dsir_group,SCP,2016,105.70638272755521,0,2023
dsir_group,SCP,2017,100.01043401631469,0,2023
dsir_group,SCP,2018,100.66545212244473,0,2023
dsir_group,SCP,2019,99.77092291760412,0,2023
dsir_group,SCP,2020,96.99198533682713,0,2023
dsir_group,SCP,2021,95.87017813728355,0,2023
dsir_group,SCP,2022,95.21989876816632,0,2023
dsir_group,SCP,2023,94.72930746577583,0,2023
dsir_group,ANC,1971,318.71667281781123,1,2022
dsir_group,ANC,1972,318.71667281781123,1,2022
dsir_group,ANC,1973,318.71667281781123,1,2022
dsir_group,ANC,1974,318.71667281781123,1,2022
dsir_group,ANC,1975,318.71667281781123,1,2022
dsir_group,ANC,1976,318.71667281781123,1,2022
dsir_group,ANC,1977,318.71667281781123,1,2022
dsir_group,ANC,1978,318.71667281781123,1,2022
dsir_group,ANC,1979,318.71667281781123,1,2022
dsir_group,ANC,1980,318.71667281781123,1,2022
dsir_group,ANC,1981,318.71667281781123,1,2022
dsir_group,ANC,1982,318.71667281781123,1,2022
dsir_group,ANC,1983,318.71667281781123,1,2022
dsir_group,ANC,1984,318.71667281781123,1,2022
dsir_group,ANC,1985,318.71667281781123,1,2022
dsir_group,ANC,1986,318.71667281781123,1,2022
dsir_group,ANC,1987,318.71667281781123,1,2022
dsir_group,ANC,1988,318.71667281781123,1,2022
dsir_group,ANC,1989,318.71667281781123,1,2022
dsir_group,ANC,1990,318.71667281781123,1,2022
dsir_group,ANC,1991,318.71667281781123,1,2022
dsir_group,ANC,1992,318.71667281781123,1,2022
dsir_group,ANC,1993,318.71667281781123,1,2022
dsir_group,ANC,1994,318.71667281781123,1,2022
dsir_group,ANC,1995,318.71667281781123,1,2022
dsir_group,ANC,1996,318.71667281781123,1,2022
dsir_group,ANC,1997,318.71667281781123,1,2022
dsir_group,ANC,1998,318.71667281781123,1,2022
dsir_group,ANC,1999,318.71667281781123,1,2022
dsir_group,ANC,2000,318.71667281781123,1,2022
dsir_group,ANC,2001,318.71667281781123,1,2022
dsir_group,ANC,2002,313.6285167167872,1,2022
dsir_group,ANC,2003,294.0794251383059,1,2022
dsir_group,ANC,2004,252.24911072000486,1,2022
dsir_group,ANC,2005,246.5821521934838,1,2022
dsir_group,ANC,2006,229.62277735675823,1,2022
dsir_group,ANC,2007,219.45087733112723,1,2022
dsir_group,ANC,2008,219.9050551403331,1,2022
dsir_group,ANC,2009,214.0030414278878,1,2022
dsir_group,ANC,2010,215.21146565855477,1,2022
dsir_group,ANC,2011,223.94019891357422,1,2022
dsir_group,ANC,2012,229.69024234918916,1,2022
dsir_group,ANC,2013,267.1136052576139,1,2022
dsir_group,ANC,2014,320.3106850192528,1,2022
dsir_group,ANC,2015,370.5887439230015,1,2022
dsir_group,ANC,2016,425.6127180852946,1,2022
dsir_group,ANC,2017,430.5163788232379,1,2022
dsir_group,ANC,2018,471.14687364106436,1,2022
dsir_group,ANC,2019,527.4616486160278,1,2022
dsir_group,ANC,2020,577.2810567405206,1,2022
dsir_group,ANC,2021,645.5734076792024,1,2022
dsir_group,ANC,2022,711.4558717047081,1,2022
dsir_group,CMA,1971,310.0605283749996,1,2022
dsir_group,CMA,1972,310.0605283749996,1,2022
dsir_group,CMA,1973,310.0605283749996,1,2022
dsir_group,CMA,1974,310.0605283749996,1,2022
dsir_group,CMA,1975,310.0605283749996,1,2022
dsir_group,CMA,1976,310.0605283749996,1,2022
dsir_group,CMA,1977,310.0605283749996,1,2022
dsir_group,CMA,1978,310.0605283749996,1,2022
dsir_group,CMA,1979,310.0605283749996,1,2022
dsir_group,CMA,1980,310.0605283749996,1,2022
dsir_group,CMA,1981,310.0605283749996,1,2022
dsir_group,CMA,1982,310.0605283749996,1,2022
dsir_group,CMA,1983,310.0605283749996,1,2022
dsir_group,CMA,1984,310.0605283749996,1,2022
dsir_group,CMA,1985,310.0605283749996,1,2022
dsir_group,CMA,1986,310.0605283749996,1,2022
dsir_group,CMA,1987,310.0605283749996,1,2022
dsir_group,CMA,1988,310.0605283749996,1,2022
dsir_group,CMA,1989,310.0605283749996,1,2022
dsir_group,CMA,1990,310.0605283749996,1,2022
dsir_group,CMA,1991,310.0605283749996,1,2022
dsir_group,CMA,1992,310.0605283749996,1,2022
dsir_group,CMA,1993,310.0605283749996,1,2022
dsir_group,CMA,1994,310.0605283749996,1,2022
dsir_group,CMA,1995,310.0605283749996,1,2022
dsir_group,CMA,1996,310.0605283749996,1,2022
dsir_group,CMA,1997,310.0605283749996,1,2022
dsir_group,CMA,1998,310.0605283749996,1,2022
dsir_group,CMA,1999,310.0605283749996,1,2022
dsir_group,CMA,2000,310.0605283749996,1,2022
dsir_group,CMA,2001,310.0605283749996,1,2022
dsir_group,CMA,2002,310.0605283749996,1,2022
dsir_group,CMA,2003,310.0605283749996,1,2022
dsir_group,CMA,2004,310.0605283749996,1,2022
dsir_group,CMA,2005,310.0605283749996,1,2022
dsir_group,CMA,2006,310.0605283749996,1,2022
dsir_group,CMA,2007,310.0605283749996,1,2022
dsir_group,CMA,2008,310.0605283749996,1,2022
dsir_group,CMA,2009,310.0605283749996,1,2022
dsir_group,CMA,2010,320.76894540019,1,2022
dsir_group,CMA,2011,324.30325446717626,1,2022
dsir_group,CMA,2012,326.41711098660875,1,2022
dsir_group,CMA,2013,328.28762349229197,1,2022
dsir_group,CMA,2014,327.9045284834208,1,2022
dsir_group,CMA,2015,326.3645666554072,1,2022
dsir_group,CMA,2016,309.5937357831037,1,2022
dsir_group,CMA,2017,308.4763966471741,1,2022
dsir_group,CMA,2018,308.50225614965643,1,2022
dsir_group,CMA,2019,312.1200919243515,1,2022
dsir_group,CMA,2020,311.37429245214577,1,2022
dsir_group,CMA,2021,317.5331254649578,1,2022
dsir_group,CMA,2022,321.37268048497197,1,2022
dsir_group,DMF,1971,340.4184909928875,1,2022
dsir_group,DMF,1972,340.4184909928875,1,2022
dsir_group,DMF,1973,340.4184909928875,1,2022
dsir_group,DMF,1974,340.4184909928875,1,2022
dsir_group,DMF,1975,340.4184909928875,1,2022
dsir_group,DMF,1976,340.4184909928875,1,2022
dsir_group,DMF,1977,340.4184909928875,1,2022
dsir_group,DMF,1978,328.1282835797145,1,2022
dsir_group,DMF,1979,319.84162981836744,1,2022
dsir_group,DMF,1980,312.2260437603491,1,2022
dsir_group,DMF,1981,309.8698800164862,1,2022
dsir_group,DMF,1982,305.6671457900085,1,2022
dsir_group,DMF,1983,303.3084279379061,1,2022
dsir_group,DMF,1984,296.596925967707,1,2022
dsir_group,DMF,1985,294.6551540247842,1,2022
dsir_group,DMF,1986,289.25103605253526,1,2022
dsir_group,DMF,1987,274.6053098263018,1,2022
dsir_group,DMF,1988,259.8879801240847,1,2022
dsir_group,DMF,1989,250.72546191932346,1,2022
dsir_group,DMF,1990,245.28859952824826,1,2022
dsir_group,DMF,1991,238.7954334642811,1,2022
dsir_group,DMF,1992,237.70108055065992,1,2022
dsir_group,DMF,1993,239.9827504953986,1,2022
dsir_group,DMF,1994,238.7039867930449,1,2022
dsir_group,DMF,1995,232.1618911528881,1,2022
dsir_group,DMF,1996,225.4713475560734,1,2022
dsir_group,DMF,1997,221.06419418642315,1,2022
dsir_group,DMF,1998,216.2118470387128,1,2022
dsir_group,DMF,1999,204.58275092948446,1,2022
dsir_group,DMF,2000,199.55191298955103,1,2022
dsir_group,DMF,2001,198.0888050643708,1,2022
dsir_group,DMF,2002,194.34101276150287,1,2022
dsir_group,DMF,2003,190.2627341927059,1,2022
dsir_group,DMF,2004,183.00489200668258,1,2022
dsir_group,DMF,2005,180.301002340085,1,2022
dsir_group,DMF,2006,177.25151802789102,1,2022
dsir_group,DMF,2007,176.09792059658395,1,2022
dsir_group,DMF,2008,178.52932979997573,1,2022
dsir_group,DMF,2009,179.63259710373657,1,2022
dsir_group,DMF,2010,182.39731347814566,1,2022
dsir_group,DMF,2011,182.0083526039889,1,2022
dsir_group,DMF,2012,188.2658227131979,1,2022
dsir_group,DMF,2013,202.2605870523378,1,2022
dsir_group,DMF,2014,211.7415701213056,1,2022
dsir_group,DMF,2015,221.99956917363204,1,2022
dsir_group,DMF,2016,229.64680859544453,1,2022
dsir_group,DMF,2017,231.19891754637774,1,2022
dsir_group,DMF,2018,222.0832848386719,1,2022
dsir_group,DMF,2019,213.86782241712731,1,2022
dsir_group,DMF,2020,204.8038401919224,1,2022
dsir_group,DMF,2021,206.72064352069822,1,2022
dsir_group,DMF,2022,211.17990958793663,1,2022
dsir_group,LPF,1971,436.4683235398768,1,2022
dsir_group,LPF,1972,436.4683235398768,1,2022
dsir_group,LPF,1973,436.4683235398768,1,2022
dsir_group,LPF,1974,436.4683235398768,1,2022
dsir_group,LPF,1975,436.4683235398768,1,2022
dsir_group,LPF,1976,436.4683235398768,1,2022
dsir_group,LPF,1977,436.4683235398768,1,2022
dsir_group,LPF,1978,436.4683235398768,1,2022
dsir_group,LPF,1979,436.4683235398768,1,2022
dsir_group,LPF,1980,436.4683235398768,1,2022
dsir_group,LPF,1981,436.4683235398768,1,2022
dsir_group,LPF,1982,436.4683235398768,1,2022
dsir_group,LPF,1983,436.4683235398768,1,2022
dsir_group,LPF,1984,436.4683235398768,1,2022
dsir_group,LPF,1985,436.4683235398768,1,2022
dsir_group,LPF,1986,436.4683235398768,1,2022
dsir_group,LPF,1987,436.4683235398768,1,2022
dsir_group,LPF,1988,436.4683235398768,1,2022
dsir_group,LPF,1989,436.4683235398768,1,2022
dsir_group,LPF,1990,436.4683235398768,1,2022
dsir_group,LPF,1991,436.4683235398768,1,2022
dsir_group,LPF,1992,436.4683235398768,1,2022
dsir_group,LPF,1993,436.4683235398768,1,2022
dsir_group,LPF,1994,436.4683235398768,1,2022
dsir_group,LPF,1995,436.4683235398768,1,2022
dsir_group,LPF,1996,436.4683235398768,1,2022
dsir_group,LPF,1997,436.4683235398768,1,2022
dsir_group,LPF,1998,436.4683235398768,1,2022
dsir_group,LPF,1999,436.4683235398768,1,2022
dsir_group,LPF,2000,436.4683235398768,1,2022
dsir_group,LPF,2001,436.4683235398768,1,2022
dsir_group,LPF,2002,436.4683235398768,1,2022
dsir_group,LPF,2003,436.4683235398768,1,2022
dsir_group,LPF,2004,436.4683235398768,1,2022
dsir_group,LPF,2005,436.4683235398768,1,2022
dsir_group,LPF,2006,436.4683235398768,1,2022
dsir_group,LPF,2007,436.4683235398768,1,2022
dsir_group,LPF,2008,436.4683235398768,1,2022
dsir_group,LPF,2009,436.4683235398768,1,2022
dsir_group,LPF,2010,460.059073585959,1,2022
dsir_group,LPF,2011,478.4313833828728,1,2022
dsir_group,LPF,2012,493.4414466043602,1,2022
dsir_group,LPF,2013,507.79473956528614,1,2022
dsir_group,LPF,2014,514.5330967698254,1,2022
dsir_group,LPF,2015,519.7601080658259,1,2022
dsir_group,LPF,2016,501.5330831746827,1,2022
dsir_group,LPF,2017,497.35234590188793,1,2022
dsir_group,LPF,2018,494.6748881320731,1,2022
dsir_group,LPF,2019,497.67328784663823,1,2022
dsir_group,LPF,2020,495.0927948622645,1,2022
dsir_group,LPF,2021,491.3298033439677,1,2022
dsir_group,LPF,2022,495.5205979513351,1,2022
dsir_group,MPF,1971,738.5071966022773,1,2022
dsir_group,MPF,1972,738.5071966022773,1,2022
dsir_group,MPF,1973,738.5071966022773,1,2022
dsir_group,MPF,1974,738.5071966022773,1,2022
dsir_group,MPF,1975,738.5071966022773,1,2022
dsir_group,MPF,1976,738.5071966022773,1,2022
dsir_group,MPF,1977,738.5071966022773,1,2022
dsir_group,MPF,1978,738.5071966022773,1,2022
dsir_group,MPF,1979,738.5071966022773,1,2022
dsir_group,MPF,1980,738.5071966022773,1,2022
dsir_group,MPF,1981,738.5071966022773,1,2022
dsir_group,MPF,1982,738.5071966022773,1,2022
dsir_group,MPF,1983,738.5071966022773,1,2022
dsir_group,MPF,1984,738.5071966022773,1,2022
dsir_group,MPF,1985,738.5071966022773,1,2022
dsir_group,MPF,1986,738.5071966022773,1,2022
dsir_group,MPF,1987,738.5071966022773,1,2022
dsir_group,MPF,1988,738.5071966022773,1,2022
dsir_group,MPF,1989,738.5071966022773,1,2022
dsir_group,MPF,1990,738.5071966022773,1,2022
dsir_group,MPF,1991,738.5071966022773,1,2022
dsir_group,MPF,1992,738.5071966022773,1,2022
dsir_group,MPF,1993,738.5071966022773,1,2022
dsir_group,MPF,1994,738.5071966022773,1,2022
dsir_group,MPF,1995,738.5071966022773,1,2022
dsir_group,MPF,1996,738.5071966022773,1,2022
dsir_group,MPF,1997,738.5071966022773,1,2022
dsir_group,MPF,1998,738.5071966022773,1,2022
dsir_group,MPF,1999,738.5071966022773,1,2022
dsir_group,MPF,2000,738.5071966022773,1,2022
dsir_group,MPF,2001,738.5071966022773,1,2022
dsir_group,MPF,2002,738.5071966022773,1,2022
dsir_group,MPF,2003,738.5071966022773,1,2022
dsir_group,MPF,2004,738.5071966022773,1,2022
dsir_group,MPF,2005,738.5071966022773,1,2022
dsir_group,MPF,2006,738.5071966022773,1,2022
dsir_group,MPF,2007,738.5071966022773,1,2022
dsir_group,MPF,2008,738.5071966022773,1,2022
dsir_group,MPF,2009,738.5071966022773,1,2022
dsir_group,MPF,2010,780.4448624240143,1,2022
dsir_group,MPF,2011,798.1108832419984,1,2022
dsir_group,MPF,2012,809.0966319455505,1,2022
dsir_group,MPF,2013,822.75486621661355,1,2022
dsir_group,MPF,2014,827.240452659574,1,2022
dsir_group,MPF,2015,831.7931542586059,1,2022
dsir_group,MPF,2016,817.5884707772843,1,2022
dsir_group,MPF,2017,830.089096865886,1,2022
dsir_group,MPF,2018,838.5388384197188,1,2022
dsir_group,MPF,2019,848.3728563347178,1,2022
dsir_group,MPF,2020,851.2225162057476,1,2022
dsir_group,MPF,2021,863.0425082933165,1,2022
dsir_group,MPF,2022,866.0033814229106,1,2022
dsir_group,NTU,1971,189.99690265550961,1,2022
dsir_group,NTU,1972,189.99690265550961,1,2022
dsir_group,NTU,1973,189.99690265550961,1,2022
dsir_group,NTU,1974,189.99690265550961,1,2022
dsir_group,NTU,1975,189.99690265550961,1,2022
dsir_group,NTU,1976,189.99690265550961,1,2022
dsir_group,NTU,1977,189.99690265550961,1,2022
dsir_group,NTU,1978,189.99690265550961,1,2022
dsir_group,NTU,1979,189.99690265550961,1,2022
dsir_group,NTU,1980,189.99690265550961,1,2022
dsir_group,NTU,1981,189.99690265550961,1,2022
dsir_group,NTU,1982,189.99690265550961,1,2022
dsir_group,NTU,1983,189.99690265550961,1,2022
dsir_group,NTU,1984,189.99690265550961,1,2022
dsir_group,NTU,1985,189.99690265550961,1,2022
dsir_group,NTU,1986,189.99690265550961,1,2022
dsir_group,NTU,1987,189.99690265550961,1,2022
dsir_group,NTU,1988,189.99690265550961,1,2022
dsir_group,NTU,1989,189.99690265550961,1,2022
dsir_group,NTU,1990,189.99690265550961,1,2022
dsir_group,NTU,1991,189.99690265550961,1,2022
dsir_group,NTU,1992,189.99690265550961,1,2022
dsir_group,NTU,1993,189.99690265550961,1,2022
dsir_group,NTU,1994,189.99690265550961,1,2022
dsir_group,NTU,1995,189.99690265550961,1,2022
dsir_group,NTU,1996,189.99690265550961,1,2022
dsir_group,NTU,1997,189.99690265550961,1,2022
dsir_group,NTU,1998,189.99690265550961,1,2022
dsir_group,NTU,1999,189.99690265550961,1,2022
dsir_group,NTU,2000,189.99690265550961,1,2022
dsir_group,NTU,2001,189.99690265550961,1,2022
dsir_group,NTU,2002,189.99690265550961,1,2022
dsir_group,NTU,2003,189.99690265550961,1,2022
dsir_group,NTU,2004,189.99690265550961,1,2022
dsir_group,NTU,2005,189.99690265550961,1,2022
dsir_group,NTU,2006,189.99690265550961,1,2022
dsir_group,NTU,2007,189.99690265550961,1,2022
dsir_group,NTU,2008,189.99690265550961,1,2022
dsir_group,NTU,2009,189.99690265550961,1,2022
dsir_group,NTU,2010,213.56648197301155,1,2022
dsir_group,NTU,2011,235.57585526720473,1,2022
dsir_group,NTU,2012,256.14592561338765,1,2022
dsir_group,NTU,2013,275.32758314013637,1,2022
dsir_group,NTU,2014,290.23199921308543,1,2022
dsir_group,NTU,2015,301.21012665569646,1,2022
dsir_group,NTU,2016,290.78491728939395,1,2022
dsir_group,NTU,2017,294.50791478766695,1,2022
dsir_group,NTU,2018,305.06271816983576,1,2022
dsir_group,NTU,2019,313.9811025800636,1,2022
dsir_group,NTU,2020,320.3802243071375,1,2022
dsir_group,NTU,2021,330.0826483224625,1,2022
dsir_group,NTU,2022,339.80911858840136,1,2022
dsir_group,SAR,1971,257.3908237260547,1,2022
dsir_group,SAR,1972,257.3908237260547,1,2022
dsir_group,SAR,1973,257.3908237260547,1,2022
dsir_group,SAR,1974,257.3908237260547,1,2022
dsir_group,SAR,1975,257.3908237260547,1,2022
dsir_group,SAR,1976,257.3908237260547,1,2022
dsir_group,SAR,1977,257.3908237260547,1,2022
dsir_group,SAR,1978,257.3908237260547,1,2022
dsir_group,SAR,1979,257.3908237260547,1,2022
dsir_group,SAR,1980,257.3908237260547,1,2022
dsir_group,SAR,1981,257.3908237260547,1,2022
dsir_group,SAR,1982,257.3908237260547,1,2022
dsir_group,SAR,1983,257.3908237260547,1,2022
dsir_group,SAR,1984,257.3908237260547,1,2022
dsir_group,SAR,1985,257.3908237260547,1,2022
dsir_group,SAR,1986,257.3908237260547,1,2022
dsir_group,SAR,1987,257.3908237260547,1,2022
dsir_group,SAR,1988,257.3908237260547,1,2022
dsir_group,SAR,1989,257.3908237260547,1,2022
dsir_group,SAR,1990,257.3908237260547,1,2022
dsir_group,SAR,1991,257.3908237260547,1,2022
dsir_group,SAR,1992,257.3908237260547,1,2022
dsir_group,SAR,1993,257.3908237260547,1,2022
dsir_group,SAR,1994,257.3908237260547,1,2022
dsir_group,SAR,1995,257.3908237260547,1,2022
dsir_group,SAR,1996,257.3908237260547,1,2022
dsir_group,SAR,1997,257.3908237260547,1,2022
dsir_group,SAR,1998,257.3908237260547,1,2022
dsir_group,SAR,1999,257.3908237260547,1,2022
dsir_group,SAR,2000,257.3908237260547,1,2022
dsir_group,SAR,2001,257.3908237260547,1,2022
dsir_group,SAR,2002,257.3908237260547,1,2022
dsir_group,SAR,2003,257.3908237260547,1,2022
dsir_group,SAR,2004,257.3908237260547,1,2022
dsir_group,SAR,2005,257.3908237260547,1,2022
dsir_group,SAR,2006,257.3908237260547,1,2022
dsir_group,SAR,2007,257.3908237260547,1,2022
dsir_group,SAR,2008,257.3908237260547,1,2022
dsir_group,SAR,2009,257.3908237260547,1,2022
dsir_group,SAR,2010,296.0951305541658,1,2022
dsir_group,SAR,2011,335.8061712446692,1,2022
dsir_group,SAR,2012,373.12204204847706,1,2022
dsir_group,SAR,2013,416.1676843447609,1,2022
dsir_group,SAR,2014,454.3736462178575,1,2022
dsir_group,SAR,2015,484.8542763104664,1,2022
dsir_group,SAR,2016,477.73280961898274,1,2022
dsir_group,SAR,2017,502.7575832862482,1,2022
dsir_group,SAR,2018,534.5934140768677,1,2022
dsir_group,SAR,2019,563.3752874711138,1,2022
dsir_group,SAR,2020,582.1329437912087,1,2022
dsir_group,SAR,2021,610.1804309791911,1,2022
dsir_group,SAR,2022,633.210724319427,1,2022
dsir_group,SCP,1971,105.92492002136456,1,2022
dsir_group,SCP,1972,105.92492002136456,1,2022
dsir_group,SCP,1973,105.92492002136456,1,2022
dsir_group,SCP,1974,105.92492002136456,1,2022
dsir_group,SCP,1975,105.92492002136456,1,2022
dsir_group,SCP,1976,105.92492002136456,1,2022
dsir_group,SCP,1977,105.92492002136456,1,2022
dsir_group,SCP,1978,105.92492002136456,1,2022
dsir_group,SCP,1979,105.92492002136456,1,2022
dsir_group,SCP,1980,105.92492002136456,1,2022
dsir_group,SCP,1981,105.92492002136456,1,2022
dsir_group,SCP,1982,105.92492002136456,1,2022
dsir_group,SCP,1983,105.92492002136456,1,2022
dsir_group,SCP,1984,105.92492002136456,1,2022
dsir_group,SCP,1985,105.92492002136456,1,2022
dsir_group,SCP,1986,105.92492002136456,1,2022
dsir_group,SCP,1987,105.92492002136456,1,2022
dsir_group,SCP,1988,105.92492002136456,1,2022
dsir_group,SCP,1989,105.92492002136456,1,2022
dsir_group,SCP,1990,105.92492002136456,1,2022
dsir_group,SCP,1991,105.92492002136456,1,2022
dsir_group,SCP,1992,105.92492002136456,1,2022
dsir_group,SCP,1993,105.92492002136456,1,2022
dsir_group,SCP,1994,105.92492002136456,1,2022
dsir_group,SCP,1995,105.92492002136456,1,2022
dsir_group,SCP,1996,105.92492002136456,1,2022
dsir_group,SCP,1997,105.92492002136456,1,2022
dsir_group,SCP,1998,105.92492002136456,1,2022
dsir_group,SCP,1999,105.92492002136456,1,2022
dsir_group,SCP,2000,105.92492002136456,1,2022
dsir_group,SCP,2001,105.92492002136456,1,2022
dsir_group,SCP,2002,105.92492002136456,1,2022
dsir_group,SCP,2003,105.92492002136456,1,2022
dsir_group,SCP,2004,105.92492002136456,1,2022
dsir_group,SCP,2005,105.92492002136456,1,2022
dsir_group,SCP,2006,105.92492002136456,1,2022
dsir_group,SCP,2007,105.92492002136456,1,2022
dsir_group,SCP,2008,105.92492002136456,1,2022
dsir_group,SCP,2009,105.92492002136456,1,2022
dsir_group,SCP,2010,118.56726640433902,1,2022
dsir_group,SCP,2011,128.2456778079581,1,2022
dsir_group,SCP,2012,133.52857372150143,1,2022
dsir_group,SCP,2013,136.69715061839995,1,2022
dsir_group,SCP,2014,135.16400104752432,1,2022
dsir_group,SCP,2015,131.21132177362256,1,2022
dsir_group,SCP,2016,106.97346218722568,1,2022
dsir_group,SCP,2017,101.99635468172036,1,2022
dsir_group,SCP,2018,103.54236901403043,1,2022
dsir_group,SCP,2019,103.3914431118883,1,2022
dsir_group,SCP,2020,101.22343398668282,1,2022
dsir_group,SCP,2021,100.77201350468795,1,2022
dsir_group,SCP,2022,100.79989424056491,1,2022
dsir_group,ANC,1971,342.61692875715875,2,2021
dsir_group,ANC,1972,342.61692875715875,2,2021
dsir_group,ANC,1973,342.61692875715875,2,2021
dsir_group,ANC,1974,342.61692875715875,2,2021
dsir_group,ANC,1975,342.61692875715875,2,2021
dsir_group,ANC,1976,342.61692875715875,2,2021
dsir_group,ANC,1977,342.61692875715875,2,2021
dsir_group,ANC,1978,342.61692875715875,2,2021
dsir_group,ANC,1979,342.61692875715875,2,2021
dsir_group,ANC,1980,342.61692875715875,2,2021
dsir_group,ANC,1981,342.61692875715875,2,2021
dsir_group,ANC,1982,342.61692875715875,2,2021
dsir_group,ANC,1983,342.61692875715875,2,2021
dsir_group,ANC,1984,342.61692875715875,2,2021
dsir_group,ANC,1985,342.61692875715875,2,2021
dsir_group,ANC,1986,342.61692875715875,2,2021
dsir_group,ANC,1987,342.61692875715875,2,2021
dsir_group,ANC,1988,342.61692875715875,2,2021
dsir_group,ANC,1989,342.61692875715875,2,2021
dsir_group,ANC,1990,342.61692875715875,2,2021
dsir_group,ANC,1991,342.61692875715875,2,2021
dsir_group,ANC,1992,342.61692875715875,2,2021
dsir_group,ANC,1993,342.61692875715875,2,2021
dsir_group,ANC,1994,342.61692875715875,2,2021
dsir_group,ANC,1995,342.61692875715875,2,2021
dsir_group,ANC,1996,342.61692875715875,2,2021
dsir_group,ANC,1997,342.61692875715875,2,2021
dsir_group,ANC,1998,342.61692875715875,2,2021
dsir_group,ANC,1999,342.61692875715875,2,2021
dsir_group,ANC,2000,342.61692875715875,2,2021
dsir_group,ANC,2001,342.61692875715875,2,2021
dsir_group,ANC,2002,335.56303325847966,2,2021
dsir_group,ANC,2003,314.25739838185217,2,2021
dsir_group,ANC,2004,270.2042699643885,2,2021
dsir_group,ANC,2005,263.9777650542258,2,2021
dsir_group,ANC,2006,246.5547057616393,2,2021
dsir_group,ANC,2007,236.41092176399908,2,2021
dsir_group,ANC,2008,237.47618139238168,2,2021
dsir_group,ANC,2009,232.51133965208197,2,2021
dsir_group,ANC,2010,235.33033873586794,2,2021
dsir_group,ANC,2011,246.29928703689234,2,2021
dsir_group,ANC,2012,254.86037005615864,2,2021
dsir_group,ANC,2013,296.1261309768128,2,2021
dsir_group,ANC,2014,354.08817969688505,2,2021
dsir_group,ANC,2015,409.5187149891054,2,2021
dsir_group,ANC,2016,470.4831198982638,2,2021
dsir_group,ANC,2017,479.74888326566327,2,2021
dsir_group,ANC,2018,525.8572020804671,2,2021
dsir_group,ANC,2019,588.2007777433034,2,2021
dsir_group,ANC,2020,644.2844072628279,2,2021
dsir_group,ANC,2021,718.5798818892735,2,2021
dsir_group,CMA,1971,286.5776700814078,2,2021
dsir_group,CMA,1972,286.5776700814078,2,2021
dsir_group,CMA,1973,286.5776700814078,2,2021
dsir_group,CMA,1974,286.5776700814078,2,2021
dsir_group,CMA,1975,286.5776700814078,2,2021
dsir_group,CMA,1976,286.5776700814078,2,2021
dsir_group,CMA,1977,286.5776700814078,2,2021
dsir_group,CMA,1978,286.5776700814078,2,2021
dsir_group,CMA,1979,286.5776700814078,2,2021
dsir_group,CMA,1980,286.5776700814078,2,2021
dsir_group,CMA,1981,286.5776700814078,2,2021
dsir_group,CMA,1982,286.5776700814078,2,2021
dsir_group,CMA,1983,286.5776700814078,2,2021
dsir_group,CMA,1984,286.5776700814078,2,2021
dsir_group,CMA,1985,286.5776700814078,2,2021
dsir_group,CMA,1986,286.5776700814078,2,2021
dsir_group,CMA,1987,286.5776700814078,2,2021
dsir_group,CMA,1988,286.5776700814078,2,2021
dsir_group,CMA,1989,286.5776700814078,2,2021
dsir_group,CMA,1990,286.5776700814078,2,2021
dsir_group,CMA,1991,286.5776700814078,2,2021
dsir_group,CMA,1992,286.5776700814078,2,2021
dsir_group,CMA,1993,286.5776700814078,2,2021
dsir_group,CMA,1994,286.5776700814078,2,2021
dsir_group,CMA,1995,286.5776700814078,2,2021
dsir_group,CMA,1996,286.5776700814078,2,2021
dsir_group,CMA,1997,286.5776700814078,2,2021
dsir_group,CMA,1998,286.5776700814078,2,2021
dsir_group,CMA,1999,286.5776700814078,2,2021
dsir_group,CMA,2000,286.5776700814078,2,2021
dsir_group,CMA,2001,286.5776700814078,2,2021
dsir_group,CMA,2002,286.5776700814078,2,2021
dsir_group,CMA,2003,286.5776700814078,2,2021
dsir_group,CMA,2004,286.5776700814078,2,2021
dsir_group,CMA,2005,286.5776700814078,2,2021
dsir_group,CMA,2006,286.5776700814078,2,2021
dsir_group,CMA,2007,286.5776700814078,2,2021
dsir_group,CMA,2008,286.5776700814078,2,2021
dsir_group,CMA,2009,286.5776700814078,2,2021
dsir_group,CMA,2010,297.6480696080441,2,2021
dsir_group,CMA,2011,300.712985326301,2,2021
dsir_group,CMA,2012,302.14905021177066,2,2021
dsir_group,CMA,2013,303.25390498382285,2,2021
dsir_group,CMA,2014,302.0711534284946,2,2021
dsir_group,CMA,2015,299.79061972790146,2,2021
dsir_group,CMA,2016,281.8782945506993,2,2021
dsir_group,CMA,2017,280.85053717364207,2,2021
dsir_group,CMA,2018,280.76258294094487,2,2021
dsir_group,CMA,2019,283.7458554128704,2,2021
dsir_group,CMA,2020,282.13447938910605,2,2021
dsir_group,CMA,2021,287.4028838527324,2,2021
dsir_group,DMF,1971,333.2656405067563,2,2021
dsir_group,DMF,1972,333.2656405067563,2,2021
dsir_group,DMF,1973,333.2656405067563,2,2021
dsir_group,DMF,1974,333.2656405067563,2,2021
dsir_group,DMF,1975,333.2656405067563,2,2021
dsir_group,DMF,1976,333.2656405067563,2,2021
dsir_group,DMF,1977,333.2656405067563,2,2021
dsir_group,DMF,1978,325.17520088697404,2,2021
dsir_group,DMF,1979,319.85825204698017,2,2021
dsir_group,DMF,1980,314.457255272978,2,2021
dsir_group,DMF,1981,313.2499593518922,2,2021
dsir_group,DMF,1982,309.88914686399835,2,2021
dsir_group,DMF,1983,308.5040451959879,2,2021
dsir_group,DMF,1984,302.550912402976,2,2021
dsir_group,DMF,1985,301.1610120542033,2,2021
dsir_group,DMF,1986,296.14866373699914,2,2021
dsir_group,DMF,1987,282.2788814491218,2,2021
dsir_group,DMF,1988,268.6528157601305,2,2021
dsir_group,DMF,1989,260.6125109715161,2,2021
dsir_group,DMF,1990,256.1176680552068,2,2021
dsir_group,DMF,1991,250.3297862610056,2,2021
dsir_group,DMF,1992,249.83977741337617,2,2021
dsir_group,DMF,1993,252.39571484585903,2,2021
dsir_group,DMF,1994,250.93106941183197,2,2021
dsir_group,DMF,1995,243.96539729638175,2,2021
dsir_group,DMF,1996,236.91790564419304,2,2021
dsir_group,DMF,1997,232.3475461342624,2,2021
dsir_group,DMF,1998,227.29909282442384,2,2021
dsir_group,DMF,1999,215.2802234932827,2,2021
dsir_group,DMF,2000,210.2827332729684,2,2021
dsir_group,DMF,2001,208.92085585565766,2,2021
dsir_group,DMF,2002,204.9768245555046,2,2021
dsir_group,DMF,2003,200.59209780124044,2,2021
dsir_group,DMF,2004,192.83847389775931,2,2021
dsir_group,DMF,2005,189.9507827390607,2,2021
dsir_group,DMF,2006,186.68081533928324,2,2021
dsir_group,DMF,2007,185.3855862440224,2,2021
dsir_group,DMF,2008,187.66183080137165,2,2021
dsir_group,DMF,2009,188.26128049192292,2,2021
dsir_group,DMF,2010,188.5195311816114,2,2021
dsir_group,DMF,2011,185.64874973252353,2,2021
dsir_group,DMF,2012,189.8644461001174,2,2021
dsir_group,DMF,2013,201.64791422437213,2,2021
dsir_group,DMF,2014,207.98449994217242,2,2021
dsir_group,DMF,2015,214.8500853648352,2,2021
dsir_group,DMF,2016,218.95632668639553,2,2021
dsir_group,DMF,2017,217.6216512447272,2,2021
dsir_group,DMF,2018,205.97822012384918,2,2021
dsir_group,DMF,2019,195.85922961926764,2,2021
dsir_group,DMF,2020,185.38664307999733,2,2021
dsir_group,DMF,2021,185.7732383741191,2,2021
dsir_group,LPF,1971,452.97150405300795,2,2021
dsir_group,LPF,1972,452.97150405300795,2,2021
dsir_group,LPF,1973,452.97150405300795,2,2021
dsir_group,LPF,1974,452.97150405300795,2,2021
dsir_group,LPF,1975,452.97150405300795,2,2021
dsir_group,LPF,1976,452.97150405300795,2,2021
dsir_group,LPF,1977,452.97150405300795,2,2021
dsir_group,LPF,1978,452.97150405300795,2,2021
dsir_group,LPF,1979,452.97150405300795,2,2021
dsir_group,LPF,1980,452.97150405300795,2,2021
dsir_group,LPF,1981,452.97150405300795,2,2021
dsir_group,LPF,1982,452.97150405300795,2,2021
dsir_group,LPF,1983,452.97150405300795,2,2021
dsir_group,LPF,1984,452.97150405300795,2,2021
dsir_group,LPF,1985,452.97150405300795,2,2021
dsir_group,LPF,1986,452.97150405300795,2,2021
dsir_group,LPF,1987,452.97150405300795,2,2021
dsir_group,LPF,1988,452.97150405300795,2,2021
dsir_group,LPF,1989,452.97150405300795,2,2021
dsir_group,LPF,1990,452.97150405300795,2,2021
dsir_group,LPF,1991,452.97150405300795,2,2021
dsir_group,LPF,1992,452.97150405300795,2,2021
dsir_group,LPF,1993,452.97150405300795,2,2021
dsir_group,LPF,1994,452.97150405300795,2,2021
dsir_group,LPF,1995,452.97150405300795,2,2021
dsir_group,LPF,1996,452.97150405300795,2,2021
dsir_group,LPF,1997,452.97150405300795,2,2021
dsir_group,LPF,1998,452.97150405300795,2,2021
dsir_group,LPF,1999,452.97150405300795,2,2021
dsir_group,LPF,2000,452.97150405300795,2,2021
dsir_group,LPF,2001,452.97150405300795,2,2021
dsir_group,LPF,2002,452.97150405300795,2,2021
dsir_group,LPF,2003,452.97150405300795,2,2021
dsir_group,LPF,2004,452.97150405300795,2,2021
dsir_group,LPF,2005,452.97150405300795,2,2021
dsir_group,LPF,2006,452.97150405300795,2,2021
dsir_group,LPF,2007,452.97150405300795,2,2021
dsir_group,LPF,2008,452.97150405300795,2,2021
dsir_group,LPF,2009,452.97150405300795,2,2021
dsir_group,LPF,2010,479.1597652771621,2,2021
dsir_group,LPF,2011,502.1277428160136,2,2021
dsir_group,LPF,2012,522.7736296044112,2,2021
dsir_group,LPF,2013,543.2995117372471,2,2021
dsir_group,LPF,2014,556.4444562158891,2,2021
dsir_group,LPF,2015,567.5234305667415,2,2021
dsir_group,LPF,2016,552.8379107962865,2,2021
dsir_group,LPF,2017,551.342928053479,2,2021
dsir_group,LPF,2018,551.515523081363,2,2021
dsir_group,LPF,2019,556.9544938917062,2,2021
dsir_group,LPF,2020,556.7862408581497,2,2021
dsir_group,LPF,2021,555.4501009045107,2,2021
dsir_group,MPF,1971,858.0581935420281,2,2021
dsir_group,MPF,1972,858.0581935420281,2,2021
dsir_group,MPF,1973,858.0581935420281,2,2021
dsir_group,MPF,1974,858.0581935420281,2,2021
dsir_group,MPF,1975,858.0581935420281,2,2021
dsir_group,MPF,1976,858.0581935420281,2,2021
dsir_group,MPF,1977,858.0581935420281,2,2021
dsir_group,MPF,1978,858.0581935420281,2,2021
dsir_group,MPF,1979,858.0581935420281,2,2021
dsir_group,MPF,1980,858.0581935420281,2,2021
dsir_group,MPF,1981,858.0581935420281,2,2021
dsir_group,MPF,1982,858.0581935420281,2,2021
dsir_group,MPF,1983,858.0581935420281,2,2021
dsir_group,MPF,1984,858.0581935420281,2,2021
dsir_group,MPF,1985,858.0581935420281,2,2021
dsir_group,MPF,1986,858.0581935420281,2,2021
dsir_group,MPF,1987,858.0581935420281,2,2021
dsir_group,MPF,1988,858.0581935420281,2,2021
dsir_group,MPF,1989,858.0581935420281,2,2021
dsir_group,MPF,1990,858.0581935420281,2,2021
dsir_group,MPF,1991,858.0581935420281,2,2021
dsir_group,MPF,1992,858.0581935420281,2,2021
dsir_group,MPF,1993,858.0581935420281,2,2021
dsir_group,MPF,1994,858.0581935420281,2,2021
dsir_group,MPF,1995,858.0581935420281,2,2021
dsir_group,MPF,1996,858.0581935420281,2,2021
dsir_group,MPF,1997,858.0581935420281,2,2021
dsir_group,MPF,1998,858.0581935420281,2,2021
dsir_group,MPF,1999,858.0581935420281,2,2021
dsir_group,MPF,2000,858.0581935420281,2,2021
dsir_group,MPF,2001,858.0581935420281,2,2021
dsir_group,MPF,2002,858.0581935420281,2,2021
dsir_group,MPF,2003,858.0581935420281,2,2021
dsir_group,MPF,2004,858.0581935420281,2,2021
dsir_group,MPF,2005,858.0581935420281,2,2021
dsir_group,MPF,2006,858.0581935420281,2,2021
dsir_group,MPF,2007,858.0581935420281,2,2021
dsir_group,MPF,2008,858.0581935420281,2,2021
dsir_group,MPF,2009,858.0581935420281,2,2021
dsir_group,MPF,2010,924.2798712641187,2,2021
dsir_group,MPF,2011,949.7259612953251,2,2021
dsir_group,MPF,2012,964.0799189286535,2,2021
dsir_group,MPF,2013,980.3116878915437,2,2021
dsir_group,MPF,2014,986.3287142386318,2,2021
dsir_group,MPF,2015,992.4361094056466,2,2021
dsir_group,MPF,2016,980.4229381552686,2,2021
dsir_group,MPF,2017,994.4204100285959,2,2021
dsir_group,MPF,2018,1002.7165797461307,2,2021
dsir_group,MPF,2019,1012.1213772878803,2,2021
dsir_group,MPF,2020,1014.9371841845767,2,2021
dsir_group,MPF,2021,1025.3982876816042,2,2021
dsir_group,NTU,1971,177.9154991037661,2,2021
dsir_group,NTU,1972,177.9154991037661,2,2021
dsir_group,NTU,1973,177.9154991037661,2,2021
dsir_group,NTU,1974,177.9154991037661,2,2021
dsir_group,NTU,1975,177.9154991037661,2,2021
dsir_group,NTU,1976,177.9154991037661,2,2021
dsir_group,NTU,1977,177.9154991037661,2,2021
dsir_group,NTU,1978,177.9154991037661,2,2021
dsir_group,NTU,1979,177.9154991037661,2,2021
dsir_group,NTU,1980,177.9154991037661,2,2021
dsir_group,NTU,1981,177.9154991037661,2,2021
dsir_group,NTU,1982,177.9154991037661,2,2021
dsir_group,NTU,1983,177.9154991037661,2,2021
dsir_group,NTU,1984,177.9154991037661,2,2021
dsir_group,NTU,1985,177.9154991037661,2,2021
dsir_group,NTU,1986,177.9154991037661,2,2021
dsir_group,NTU,1987,177.9154991037661,2,2021
dsir_group,NTU,1988,177.9154991037661,2,2021
dsir_group,NTU,1989,177.9154991037661,2,2021
dsir_group,NTU,1990,177.9154991037661,2,2021
dsir_group,NTU,1991,177.9154991037661,2,2021
dsir_group,NTU,1992,177.9154991037661,2,2021
dsir_group,NTU,1993,177.9154991037661,2,2021
dsir_group,NTU,1994,177.9154991037661,2,2021
dsir_group,NTU,1995,177.9154991037661,2,2021
dsir_group,NTU,1996,177.9154991037661,2,2021
dsir_group,NTU,1997,177.9154991037661,2,2021
dsir_group,NTU,1998,177.9154991037661,2,2021
dsir_group,NTU,1999,177.9154991037661,2,2021
dsir_group,NTU,2000,177.9154991037661,2,2021
dsir_group,NTU,2001,177.9154991037661,2,2021
dsir_group,NTU,2002,177.9154991037661,2,2021
dsir_group,NTU,2003,177.9154991037661,2,2021
dsir_group,NTU,2004,177.9154991037661,2,2021
dsir_group,NTU,2005,177.9154991037661,2,2021
dsir_group,NTU,2006,177.9154991037661,2,2021
dsir_group,NTU,2007,177.9154991037661,2,2021
dsir_group,NTU,2008,177.9154991037661,2,2021
dsir_group,NTU,2009,177.9154991037661,2,2021
dsir_group,NTU,2010,197.31647000772995,2,2021
dsir_group,NTU,2011,216.20729109470273,2,2021
dsir_group,NTU,2012,235.03491710692134,2,2021
dsir_group,NTU,2013,254.08994677634897,2,2021
dsir_group,NTU,2014,270.68235309195626,2,2021
dsir_group,NTU,2015,284.8897552288963,2,2021
dsir_group,NTU,2016,279.3995005381859,2,2021
dsir_group,NTU,2017,286.7499656175034,2,2021
dsir_group,NTU,2018,301.0823710937002,2,2021
dsir_group,NTU,2019,314.62215713546095,2,2021
dsir_group,NTU,2020,326.3438118521678,2,2021
dsir_group,NTU,2021,341.5772079442431,2,2021
dsir_group,SAR,1971,224.12853864971984,2,2021
dsir_group,SAR,1972,224.12853864971984,2,2021
dsir_group,SAR,1973,224.12853864971984,2,2021
dsir_group,SAR,1974,224.12853864971984,2,2021
dsir_group,SAR,1975,224.12853864971984,2,2021
dsir_group,SAR,1976,224.12853864971984,2,2021
dsir_group,SAR,1977,224.12853864971984,2,2021
dsir_group,SAR,1978,224.12853864971984,2,2021
dsir_group,SAR,1979,224.12853864971984,2,2021
dsir_group,SAR,1980,224.12853864971984,2,2021
dsir_group,SAR,1981,224.12853864971984,2,2021
dsir_group,SAR,1982,224.12853864971984,2,2021
dsir_group,SAR,1983,224.12853864971984,2,2021
dsir_group,SAR,1984,224.12853864971984,2,2021
dsir_group,SAR,1985,224.12853864971984,2,2021
dsir_group,SAR,1986,224.12853864971984,2,2021
dsir_group,SAR,1987,224.12853864971984,2,2021
dsir_group,SAR,1988,224.12853864971984,2,2021
dsir_group,SAR,1989,224.12853864971984,2,2021
dsir_group,SAR,1990,224.12853864971984,2,2021
dsir_group,SAR,1991,224.12853864971984,2,2021
dsir_group,SAR,1992,224.12853864971984,2,2021
dsir_group,SAR,1993,224.12853864971984,2,2021
dsir_group,SAR,1994,224.12853864971984,2,2021
dsir_group,SAR,1995,224.12853864971984,2,2021
dsir_group,SAR,1996,224.12853864971984,2,2021
dsir_group,SAR,1997,224.12853864971984,2,2021
dsir_group,SAR,1998,224.12853864971984,2,2021
dsir_group,SAR,1999,224.12853864971984,2,2021
dsir_group,SAR,2000,224.12853864971984,2,2021
dsir_group,SAR,2001,224.12853864971984,2,2021
dsir_group,SAR,2002,224.12853864971984,2,2021
dsir_group,SAR,2003,224.12853864971984,2,2021
dsir_group,SAR,2004,224.12853864971984,2,2021
dsir_group,SAR,2005,224.12853864971984,2,2021
dsir_group,SAR,2006,224.12853864971984,2,2021
dsir_group,SAR,2007,224.12853864971984,2,2021
dsir_group,SAR,2008,224.12853864971984,2,2021
dsir_group,SAR,2009,224.12853864971984,2,2021
dsir_group,SAR,2010,248.2295091342989,2,2021
dsir_group,SAR,2011,275.01173458734365,2,2021
dsir_group,SAR,2012,302.10486902081925,2,2021
dsir_group,SAR,2013,338.1166866966267,2,2021
dsir_group,SAR,2014,374.1512165605743,2,2021
dsir_group,SAR,2015,407.4416281680127,2,2021
dsir_group,SAR,2016,408.5729468926333,2,2021
dsir_group,SAR,2017,439.19196523182444,2,2021
dsir_group,SAR,2018,478.4358829759284,2,2021
dsir_group,SAR,2019,517.0179469577238,2,2021
dsir_group,SAR,2020,546.9189285694158,2,2021
dsir_group,SAR,2021,585.608555727815,2,2021
dsir_group,SCP,1971,106.66429267068648,2,2021
dsir_group,SCP,1972,106.66429267068648,2,2021
dsir_group,SCP,1973,106.66429267068648,2,2021
dsir_group,SCP,1974,106.66429267068648,2,2021
dsir_group,SCP,1975,106.66429267068648,2,2021
dsir_group,SCP,1976,106.66429267068648,2,2021
dsir_group,SCP,1977,106.66429267068648,2,2021
dsir_group,SCP,1978,106.66429267068648,2,2021
dsir_group,SCP,1979,106.66429267068648,2,2021
dsir_group,SCP,1980,106.66429267068648,2,2021
dsir_group,SCP,1981,106.66429267068648,2,2021
dsir_group,SCP,1982,106.66429267068648,2,2021
dsir_group,SCP,1983,106.66429267068648,2,2021
dsir_group,SCP,1984,106.66429267068648,2,2021
dsir_group,SCP,1985,106.66429267068648,2,2021
dsir_group,SCP,1986,106.66429267068648,2,2021
dsir_group,SCP,1987,106.66429267068648,2,2021
dsir_group,SCP,1988,106.66429267068648,2,2021
dsir_group,SCP,1989,106.66429267068648,2,2021
dsir_group,SCP,1990,106.66429267068648,2,2021
dsir_group,SCP,1991,106.66429267068648,2,2021
dsir_group,SCP,1992,106.66429267068648,2,2021
dsir_group,SCP,1993,106.66429267068648,2,2021
dsir_group,SCP,1994,106.66429267068648,2,2021
dsir_group,SCP,1995,106.66429267068648,2,2021
dsir_group,SCP,1996,106.66429267068648,2,2021
dsir_group,SCP,1997,106.66429267068648,2,2021
dsir_group,SCP,1998,106.66429267068648,2,2021
dsir_group,SCP,1999,106.66429267068648,2,2021
dsir_group,SCP,2000,106.66429267068648,2,2021
dsir_group,SCP,2001,106.66429267068648,2,2021
dsir_group,SCP,2002,106.66429267068648,2,2021
dsir_group,SCP,2003,106.66429267068648,2,2021
dsir_group,SCP,2004,106.66429267068648,2,2021
dsir_group,SCP,2005,106.66429267068648,2,2021
dsir_group,SCP,2006,106.66429267068648,2,2021
dsir_group,SCP,2007,106.66429267068648,2,2021
dsir_group,SCP,2008,106.66429267068648,2,2021
dsir_group,SCP,2009,106.66429267068648,2,2021
dsir_group,SCP,2010,121.11762188480571,2,2021
dsir_group,SCP,2011,130.96661593740131,2,2021
dsir_group,SCP,2012,135.12934399239452,2,2021
dsir_group,SCP,2013,136.93029036483821,2,2021
dsir_group,SCP,2014,134.18088617805716,2,2021
dsir_group,SCP,2015,129.817874014667,2,2021
dsir_group,SCP,2016,105.9964749737629,2,2021
dsir_group,SCP,2017,103.63514552330636,2,2021
dsir_group,SCP,2018,107.64065692445543,2,2021
dsir_group,SCP,2019,109.25798666542956,2,2021
dsir_group,SCP,2020,108.37555017343817,2,2021
dsir_group,SCP,2021,109.25094021672678,2,2021
dsir_group,ANC,1971,356.7573676783063,3,2020
dsir_group,ANC,1972,356.7573676783063,3,2020
dsir_group,ANC,1973,356.7573676783063,3,2020
dsir_group,ANC,1974,356.7573676783063,3,2020
dsir_group,ANC,1975,356.7573676783063,3,2020
dsir_group,ANC,1976,356.7573676783063,3,2020
dsir_group,ANC,1977,356.7573676783063,3,2020
dsir_group,ANC,1978,356.7573676783063,3,2020
dsir_group,ANC,1979,356.7573676783063,3,2020
dsir_group,ANC,1980,356.7573676783063,3,2020
dsir_group,ANC,1981,356.7573676783063,3,2020
dsir_group,ANC,1982,356.7573676783063,3,2020
dsir_group,ANC,1983,356.7573676783063,3,2020
dsir_group,ANC,1984,356.7573676783063,3,2020
dsir_group,ANC,1985,356.7573676783063,3,2020
dsir_group,ANC,1986,356.7573676783063,3,2020
dsir_group,ANC,1987,356.7573676783063,3,2020
dsir_group,ANC,1988,356.7573676783063,3,2020
dsir_group,ANC,1989,356.7573676783063,3,2020
dsir_group,ANC,1990,356.7573676783063,3,2020
dsir_group,ANC,1991,356.7573676783063,3,2020
dsir_group,ANC,1992,356.7573676783063,3,2020
dsir_group,ANC,1993,356.7573676783063,3,2020
dsir_group,ANC,1994,356.7573676783063,3,2020
dsir_group,ANC,1995,356.7573676783063,3,2020
dsir_group,ANC,1996,356.7573676783063,3,2020
dsir_group,ANC,1997,356.7573676783063,3,2020
dsir_group,ANC,1998,356.7573676783063,3,2020
dsir_group,ANC,1999,356.7573676783063,3,2020
dsir_group,ANC,2000,356.7573676783063,3,2020
dsir_group,ANC,2001,356.7573676783063,3,2020
dsir_group,ANC,2002,349.9729735507702,3,2020
dsir_group,ANC,2003,329.1184063931275,3,2020
dsir_group,ANC,2004,285.2031679542381,3,2020
dsir_group,ANC,2005,279.9448656705475,3,2020
dsir_group,ANC,2006,263.42013156533415,3,2020
dsir_group,ANC,2007,254.4755666753195,3,2020
dsir_group,ANC,2008,257.22228422281927,3,2020
dsir_group,ANC,2009,254.11943494210098,3,2020
dsir_group,ANC,2010,258.9135239133867,3,2020
dsir_group,ANC,2011,272.026213841163,3,2020
dsir_group,ANC,2012,282.80611010125403,3,2020
dsir_group,ANC,2013,327.1800895151435,3,2020
dsir_group,ANC,2014,388.19571521611306,3,2020
dsir_group,ANC,2015,445.51131204817847,3,2020
dsir_group,ANC,2016,507.69789563240585,3,2020
dsir_group,ANC,2017,516.0860660657415,3,2020
dsir_group,ANC,2018,561.9275336333076,3,2020
dsir_group,ANC,2019,623.2337464317183,3,2020
dsir_group,ANC,2020,677.5654553233466,3,2020
dsir_group,CMA,1971,291.22587568326014,3,2020
dsir_group,CMA,1972,291.22587568326014,3,2020
dsir_group,CMA,1973,291.22587568326014,3,2020
dsir_group,CMA,1974,291.22587568326014,3,2020
dsir_group,CMA,1975,291.22587568326014,3,2020
dsir_group,CMA,1976,291.22587568326014,3,2020
dsir_group,CMA,1977,291.22587568326014,3,2020
dsir_group,CMA,1978,291.22587568326014,3,2020
dsir_group,CMA,1979,291.22587568326014,3,2020
dsir_group,CMA,1980,291.22587568326014,3,2020
dsir_group,CMA,1981,291.22587568326014,3,2020
dsir_group,CMA,1982,291.22587568326014,3,2020
dsir_group,CMA,1983,291.22587568326014,3,2020
dsir_group,CMA,1984,291.22587568326014,3,2020
dsir_group,CMA,1985,291.22587568326014,3,2020
dsir_group,CMA,1986,291.22587568326014,3,2020
dsir_group,CMA,1987,291.22587568326014,3,2020
dsir_group,CMA,1988,291.22587568326014,3,2020
dsir_group,CMA,1989,291.22587568326014,3,2020
dsir_group,CMA,1990,291.22587568326014,3,2020
dsir_group,CMA,1991,291.22587568326014,3,2020
dsir_group,CMA,1992,291.22587568326014,3,2020
dsir_group,CMA,1993,291.22587568326014,3,2020
dsir_group,CMA,1994,291.22587568326014,3,2020
dsir_group,CMA,1995,291.22587568326014,3,2020
dsir_group,CMA,1996,291.22587568326014,3,2020
dsir_group,CMA,1997,291.22587568326014,3,2020
dsir_group,CMA,1998,291.22587568326014,3,2020
dsir_group,CMA,1999,291.22587568326014,3,2020
dsir_group,CMA,2000,291.22587568326014,3,2020
dsir_group,CMA,2001,291.22587568326014,3,2020
dsir_group,CMA,2002,291.22587568326014,3,2020
dsir_group,CMA,2003,291.22587568326014,3,2020
dsir_group,CMA,2004,291.22587568326014,3,2020
dsir_group,CMA,2005,291.22587568326014,3,2020
dsir_group,CMA,2006,291.22587568326014,3,2020
dsir_group,CMA,2007,291.22587568326014,3,2020
dsir_group,CMA,2008,291.22587568326014,3,2020
dsir_group,CMA,2009,291.22587568326014,3,2020
dsir_group,CMA,2010,302.20121929061116,3,2020
dsir_group,CMA,2011,305.38745184654096,3,2020
dsir_group,CMA,2012,306.9652687342263,3,2020
dsir_group,CMA,2013,308.20737664472136,3,2020
dsir_group,CMA,2014,307.15903399014417,3,2020
dsir_group,CMA,2015,305.0440860946788,3,2020
dsir_group,CMA,2016,287.28991601820803,3,2020
dsir_group,CMA,2017,286.66366019811767,3,2020
dsir_group,CMA,2018,287.04296724175435,3,2020
dsir_group,CMA,2019,290.18685047228365,3,2020
dsir_group,CMA,2020,288.91062622850046,3,2020
dsir_group,DMF,1971,342.47066779587124,3,2020
dsir_group,DMF,1972,342.47066779587124,3,2020
dsir_group,DMF,1973,342.47066779587124,3,2020
dsir_group,DMF,1974,342.47066779587124,3,2020
dsir_group,DMF,1975,342.47066779587124,3,2020
dsir_group,DMF,1976,342.47066779587124,3,2020
dsir_group,DMF,1977,342.47066779587124,3,2020
dsir_group,DMF,1978,333.6386312642238,3,2020
dsir_group,DMF,1979,327.68919936564924,3,2020
dsir_group,DMF,1980,321.7474620433316,3,2020
dsir_group,DMF,1981,320.16946953902055,3,2020
dsir_group,DMF,1982,316.51461690136614,3,2020
dsir_group,DMF,1983,314.79597994395635,3,2020
dsir_group,DMF,1984,308.54792503667755,3,2020
dsir_group,DMF,1985,306.8741817566856,3,2020
dsir_group,DMF,1986,301.6116874367322,3,2020
dsir_group,DMF,1987,287.35262545928555,3,2020
dsir_group,DMF,1988,273.14666858146916,3,2020
dsir_group,DMF,1989,264.4644326531229,3,2020
dsir_group,DMF,1990,259.3862109191124,3,2020
dsir_group,DMF,1991,253.09319059395173,3,2020
dsir_group,DMF,1992,252.1431715157006,3,2020
dsir_group,DMF,1993,254.36865062671475,3,2020
dsir_group,DMF,1994,252.73990811499186,3,2020
dsir_group,DMF,1995,245.67224448313874,3,2020
dsir_group,DMF,1996,238.46543738523886,3,2020
dsir_group,DMF,1997,233.65581765133444,3,2020
dsir_group,DMF,1998,228.37081198115098,3,2020
dsir_group,DMF,1999,216.1447291986899,3,2020
dsir_group,DMF,2000,210.77702107186204,3,2020
dsir_group,DMF,2001,209.0357294040241,3,2020
dsir_group,DMF,2002,204.83031232990228,3,2020
dsir_group,DMF,2003,200.22259566045372,3,2020
dsir_group,DMF,2004,192.30256513466838,3,2020
dsir_group,DMF,2005,189.12875997967288,3,2020
dsir_group,DMF,2006,185.5610635216371,3,2020
dsir_group,DMF,2007,183.9678415777524,3,2020
dsir_group,DMF,2008,185.96063013679196,3,2020
dsir_group,DMF,2009,186.43160843356787,3,2020
dsir_group,DMF,2010,188.7225879418344,3,2020
dsir_group,DMF,2011,188.23969349820388,3,2020
dsir_group,DMF,2012,194.8614066829416,3,2020
dsir_group,DMF,2013,209.17606563327266,3,2020
dsir_group,DMF,2014,218.2322490036771,3,2020
dsir_group,DMF,2015,227.73036169967926,3,2020
dsir_group,DMF,2016,234.2867939511668,3,2020
dsir_group,DMF,2017,234.46284815714617,3,2020
dsir_group,DMF,2018,223.81450891661376,3,2020
dsir_group,DMF,2019,214.65823441956957,3,2020
dsir_group,DMF,2020,205.2641579788592,3,2020
dsir_group,LPF,1971,434.3440228241452,3,2020
dsir_group,LPF,1972,434.3440228241452,3,2020
dsir_group,LPF,1973,434.3440228241452,3,2020
dsir_group,LPF,1974,434.3440228241452,3,2020
dsir_group,LPF,1975,434.3440228241452,3,2020
dsir_group,LPF,1976,434.3440228241452,3,2020
dsir_group,LPF,1977,434.3440228241452,3,2020
dsir_group,LPF,1978,434.3440228241452,3,2020
dsir_group,LPF,1979,434.3440228241452,3,2020
dsir_group,LPF,1980,434.3440228241452,3,2020
dsir_group,LPF,1981,434.3440228241452,3,2020
dsir_group,LPF,1982,434.3440228241452,3,2020
dsir_group,LPF,1983,434.3440228241452,3,2020
dsir_group,LPF,1984,434.3440228241452,3,2020
dsir_group,LPF,1985,434.3440228241452,3,2020
dsir_group,LPF,1986,434.3440228241452,3,2020
dsir_group,LPF,1987,434.3440228241452,3,2020
dsir_group,LPF,1988,434.3440228241452,3,2020
dsir_group,LPF,1989,434.3440228241452,3,2020
dsir_group,LPF,1990,434.3440228241452,3,2020
dsir_group,LPF,1991,434.3440228241452,3,2020
dsir_group,LPF,1992,434.3440228241452,3,2020
dsir_group,LPF,1993,434.3440228241452,3,2020
dsir_group,LPF,1994,434.3440228241452,3,2020
dsir_group,LPF,1995,434.3440228241452,3,2020
dsir_group,LPF,1996,434.3440228241452,3,2020
dsir_group,LPF,1997,434.3440228241452,3,2020
dsir_group,LPF,1998,434.3440228241452,3,2020
dsir_group,LPF,1999,434.3440228241452,3,2020
dsir_group,LPF,2000,434.3440228241452,3,2020
dsir_group,LPF,2001,434.3440228241452,3,2020
dsir_group,LPF,2002,434.3440228241452,3,2020
dsir_group,LPF,2003,434.3440228241452,3,2020
dsir_group,LPF,2004,434.3440228241452,3,2020
dsir_group,LPF,2005,434.3440228241452,3,2020
dsir_group,LPF,2006,434.3440228241452,3,2020
dsir_group,LPF,2007,434.3440228241452,3,2020
dsir_group,LPF,2008,434.3440228241452,3,2020
dsir_group,LPF,2009,434.3440228241452,3,2020
dsir_group,LPF,2010,457.428794534553,3,2020
dsir_group,LPF,2011,476.2656215978552,3,2020
dsir_group,LPF,2012,492.1916078498895,3,2020
dsir_group,LPF,2013,507.65895662935895,3,2020
dsir_group,LPF,2014,515.5740969517091,3,2020
dsir_group,LPF,2015,521.7000686099921,3,2020
dsir_group,LPF,2016,503.2500766220576,3,2020
dsir_group,LPF,2017,498.5225989028482,3,2020
dsir_group,LPF,2018,495.1821211011573,3,2020
dsir_group,LPF,2019,497.36851876616834,3,2020
dsir_group,LPF,2020,494.04928854902954,3,2020
dsir_group,MPF,1971,885.8265729342554,3,2020
dsir_group,MPF,1972,885.8265729342554,3,2020
dsir_group,MPF,1973,885.8265729342554,3,2020
dsir_group,MPF,1974,885.8265729342554,3,2020
dsir_group,MPF,1975,885.8265729342554,3,2020
dsir_group,MPF,1976,885.8265729342554,3,2020
dsir_group,MPF,1977,885.8265729342554,3,2020
dsir_group,MPF,1978,885.8265729342554,3,2020
dsir_group,MPF,1979,885.8265729342554,3,2020
dsir_group,MPF,1980,885.8265729342554,3,2020
dsir_group,MPF,1981,885.8265729342554,3,2020
dsir_group,MPF,1982,885.8265729342554,3,2020
dsir_group,MPF,1983,885.8265729342554,3,2020
dsir_group,MPF,1984,885.8265729342554,3,2020
dsir_group,MPF,1985,885.8265729342554,3,2020
dsir_group,MPF,1986,885.8265729342554,3,2020
dsir_group,MPF,1987,885.8265729342554,3,2020
dsir_group,MPF,1988,885.8265729342554,3,2020
dsir_group,MPF,1989,885.8265729342554,3,2020
dsir_group,MPF,1990,885.8265729342554,3,2020
dsir_group,MPF,1991,885.8265729342554,3,2020
dsir_group,MPF,1992,885.8265729342554,3,2020
dsir_group,MPF,1993,885.8265729342554,3,2020
dsir_group,MPF,1994,885.8265729342554,3,2020
dsir_group,MPF,1995,885.8265729342554,3,2020
dsir_group,MPF,1996,885.8265729342554,3,2020
dsir_group,MPF,1997,885.8265729342554,3,2020
dsir_group,MPF,1998,885.8265729342554,3,2020
dsir_group,MPF,1999,885.8265729342554,3,2020
dsir_group,MPF,2000,885.8265729342554,3,2020
dsir_group,MPF,2001,885.8265729342554,3,2020
dsir_group,MPF,2002,885.8265729342554,3,2020
dsir_group,MPF,2003,885.8265729342554,3,2020
dsir_group,MPF,2004,885.8265729342554,3,2020
dsir_group,MPF,2005,885.8265729342554,3,2020
dsir_group,MPF,2006,885.8265729342554,3,2020
dsir_group,MPF,2007,885.8265729342554,3,2020
dsir_group,MPF,2008,885.8265729342554,3,2020
dsir_group,MPF,2009,885.8265729342554,3,2020
dsir_group,MPF,2010,953.8991800174441,3,2020
dsir_group,MPF,2011,984.1970414078244,3,2020
dsir_group,MPF,2012,1000.9724959348293,3,2020
dsir_group,MPF,2013,1018.4380061130134,3,2020
dsir_group,MPF,2014,1025.6809728878181,3,2020
dsir_group,MPF,2015,1032.4218280107361,3,2020
dsir_group,MPF,2016,1021.090981431343,3,2020
dsir_group,MPF,2017,1034.6658904323585,3,2020
dsir_group,MPF,2018,1043.7162643692952,3,2020
dsir_group,MPF,2019,1053.413733278164,3,2020
dsir_group,MPF,2020,1056.7382733591696,3,2020
dsir_group,NTU,1971,187.1596187211656,3,2020
dsir_group,NTU,1972,187.1596187211656,3,2020
dsir_group,NTU,1973,187.1596187211656,3,2020
dsir_group,NTU,1974,187.1596187211656,3,2020
dsir_group,NTU,1975,187.1596187211656,3,2020
dsir_group,NTU,1976,187.1596187211656,3,2020
dsir_group,NTU,1977,187.1596187211656,3,2020
dsir_group,NTU,1978,187.1596187211656,3,2020
dsir_group,NTU,1979,187.1596187211656,3,2020
dsir_group,NTU,1980,187.1596187211656,3,2020
dsir_group,NTU,1981,187.1596187211656,3,2020
dsir_group,NTU,1982,187.1596187211656,3,2020
dsir_group,NTU,1983,187.1596187211656,3,2020
dsir_group,NTU,1984,187.1596187211656,3,2020
dsir_group,NTU,1985,187.1596187211656,3,2020
dsir_group,NTU,1986,187.1596187211656,3,2020
dsir_group,NTU,1987,187.1596187211656,3,2020
dsir_group,NTU,1988,187.1596187211656,3,2020
dsir_group,NTU,1989,187.1596187211656,3,2020
dsir_group,NTU,1990,187.1596187211656,3,2020
dsir_group,NTU,1991,187.1596187211656,3,2020
dsir_group,NTU,1992,187.1596187211656,3,2020
dsir_group,NTU,1993,187.1596187211656,3,2020
dsir_group,NTU,1994,187.1596187211656,3,2020
dsir_group,NTU,1995,187.1596187211656,3,2020
dsir_group,NTU,1996,187.1596187211656,3,2020
dsir_group,NTU,1997,187.1596187211656,3,2020
dsir_group,NTU,1998,187.1596187211656,3,2020
dsir_group,NTU,1999,187.1596187211656,3,2020
dsir_group,NTU,2000,187.1596187211656,3,2020
dsir_group,NTU,2001,187.1596187211656,3,2020
dsir_group,NTU,2002,187.1596187211656,3,2020
dsir_group,NTU,2003,187.1596187211656,3,2020
dsir_group,NTU,2004,187.1596187211656,3,2020
dsir_group,NTU,2005,187.1596187211656,3,2020
dsir_group,NTU,2006,187.1596187211656,3,2020
dsir_group,NTU,2007,187.1596187211656,3,2020
dsir_group,NTU,2008,187.1596187211656,3,2020
dsir_group,NTU,2009,187.1596187211656,3,2020
dsir_group,NTU,2010,208.8379496572829,3,2020
dsir_group,NTU,2011,229.60386154653307,3,2020
dsir_group,NTU,2012,249.77423665008996,3,2020
dsir_group,NTU,2013,269.55333799188054,3,2020
dsir_group,NTU,2014,286.1668273257837,3,2020
dsir_group,NTU,2015,299.8314894993093,3,2020
dsir_group,NTU,2016,293.84893198136695,3,2020
dsir_group,NTU,2017,300.94098661421407,3,2020
dsir_group,NTU,2018,314.5500810561023,3,2020
dsir_group,NTU,2019,326.95641109771617,3,2020
dsir_group,NTU,2020,337.28681571653146,3,2020
dsir_group,SAR,1971,259.1843239766957,3,2020
dsir_group,SAR,1972,259.1843239766957,3,2020
dsir_group,SAR,1973,259.1843239766957,3,2020
dsir_group,SAR,1974,259.1843239766957,3,2020
dsir_group,SAR,1975,259.1843239766957,3,2020
dsir_group,SAR,1976,259.1843239766957,3,2020
dsir_group,SAR,1977,259.1843239766957,3,2020
dsir_group,SAR,1978,259.1843239766957,3,2020
dsir_group,SAR,1979,259.1843239766957,3,2020
dsir_group,SAR,1980,259.1843239766957,3,2020
dsir_group,SAR,1981,259.1843239766957,3,2020
dsir_group,SAR,1982,259.1843239766957,3,2020
dsir_group,SAR,1983,259.1843239766957,3,2020
dsir_group,SAR,1984,259.1843239766957,3,2020
dsir_group,SAR,1985,259.1843239766957,3,2020
dsir_group,SAR,1986,259.1843239766957,3,2020
dsir_group,SAR,1987,259.1843239766957,3,2020
dsir_group,SAR,1988,259.1843239766957,3,2020
dsir_group,SAR,1989,259.1843239766957,3,2020
dsir_group,SAR,1990,259.1843239766957,3,2020
dsir_group,SAR,1991,259.1843239766957,3,2020
dsir_group,SAR,1992,259.1843239766957,3,2020
dsir_group,SAR,1993,259.1843239766957,3,2020
dsir_group,SAR,1994,259.1843239766957,3,2020
dsir_group,SAR,1995,259.1843239766957,3,2020
dsir_group,SAR,1996,259.1843239766957,3,2020
dsir_group,SAR,1997,259.1843239766957,3,2020
dsir_group,SAR,1998,259.1843239766957,3,2020
dsir_group,SAR,1999,259.1843239766957,3,2020
dsir_group,SAR,2000,259.1843239766957,3,2020
dsir_group,SAR,2001,259.1843239766957,3,2020
dsir_group,SAR,2002,259.1843239766957,3,2020
dsir_group,SAR,2003,259.1843239766957,3,2020
dsir_group,SAR,2004,259.1843239766957,3,2020
dsir_group,SAR,2005,259.1843239766957,3,2020
dsir_group,SAR,2006,259.1843239766957,3,2020
dsir_group,SAR,2007,259.1843239766957,3,2020
dsir_group,SAR,2008,259.1843239766957,3,2020
dsir_group,SAR,2009,259.1843239766957,3,2020
dsir_group,SAR,2010,293.54650675282045,3,2020
dsir_group,SAR,2011,329.69796549087454,3,2020
dsir_group,SAR,2012,364.7092286453086,3,2020
dsir_group,SAR,2013,406.9362469786655,3,2020
dsir_group,SAR,2014,446.4311803836083,3,2020
dsir_group,SAR,2015,480.07501056409905,3,2020
dsir_group,SAR,2016,477.9431175421895,3,2020
dsir_group,SAR,2017,506.6447329643216,3,2020
dsir_group,SAR,2018,542.4354491942572,3,2020
dsir_group,SAR,2019,575.5507973103676,3,2020
dsir_group,SAR,2020,598.9346631484538,3,2020
dsir_group,SCP,1971,105.99281276925645,3,2020
dsir_group,SCP,1972,105.99281276925645,3,2020
dsir_group,SCP,1973,105.99281276925645,3,2020
dsir_group,SCP,1974,105.99281276925645,3,2020
dsir_group,SCP,1975,105.99281276925645,3,2020
dsir_group,SCP,1976,105.99281276925645,3,2020
dsir_group,SCP,1977,105.99281276925645,3,2020
dsir_group,SCP,1978,105.99281276925645,3,2020
dsir_group,SCP,1979,105.99281276925645,3,2020
dsir_group,SCP,1980,105.99281276925645,3,2020
dsir_group,SCP,1981,105.99281276925645,3,2020
dsir_group,SCP,1982,105.99281276925645,3,2020
dsir_group,SCP,1983,105.99281276925645,3,2020
dsir_group,SCP,1984,105.99281276925645,3,2020
dsir_group,SCP,1985,105.99281276925645,3,2020
dsir_group,SCP,1986,105.99281276925645,3,2020
dsir_group,SCP,1987,105.99281276925645,3,2020
dsir_group,SCP,1988,105.99281276925645,3,2020
dsir_group,SCP,1989,105.99281276925645,3,2020
dsir_group,SCP,1990,105.99281276925645,3,2020
dsir_group,SCP,1991,105.99281276925645,3,2020
dsir_group,SCP,1992,105.99281276925645,3,2020
dsir_group,SCP,1993,105.99281276925645,3,2020
dsir_group,SCP,1994,105.99281276925645,3,2020
dsir_group,SCP,1995,105.99281276925645,3,2020
dsir_group,SCP,1996,105.99281276925645,3,2020
dsir_group,SCP,1997,105.99281276925645,3,2020
dsir_group,SCP,1998,105.99281276925645,3,2020
dsir_group,SCP,1999,105.99281276925645,3,2020
dsir_group,SCP,2000,105.99281276925645,3,2020
dsir_group,SCP,2001,105.99281276925645,3,2020
dsir_group,SCP,2002,105.99281276925645,3,2020
dsir_group,SCP,2003,105.99281276925645,3,2020
dsir_group,SCP,2004,105.99281276925645,3,2020
dsir_group,SCP,2005,105.99281276925645,3,2020
dsir_group,SCP,2006,105.99281276925645,3,2020
dsir_group,SCP,2007,105.99281276925645,3,2020
dsir_group,SCP,2008,105.99281276925645,3,2020
dsir_group,SCP,2009,105.99281276925645,3,2020
dsir_group,SCP,2010,121.43853448500754,3,2020
dsir_group,SCP,2011,131.06858134371225,3,2020
dsir_group,SCP,2012,134.322205495267,3,2020
dsir_group,SCP,2013,135.36606402537572,3,2020
dsir_group,SCP,2014,132.20914171216643,3,2020
dsir_group,SCP,2015,128.02928381926475,3,2020
dsir_group,SCP,2016,105.12412109518309,3,2020
dsir_group,SCP,2017,104.57986923148768,3,2020
dsir_group,SCP,2018,110.03789236045596,3,2020
dsir_group,SCP,2019,112.58113459071409,3,2020
dsir_group,SCP,2020,112.3456826220342,3,2020
dsir_group,ANC,1971,323.66041202664235,4,2019
dsir_group,ANC,1972,323.66041202664235,4,2019
dsir_group,ANC,1973,323.66041202664235,4,2019
dsir_group,ANC,1974,323.66041202664235,4,2019
dsir_group,ANC,1975,323.66041202664235,4,2019
dsir_group,ANC,1976,323.66041202664235,4,2019
dsir_group,ANC,1977,323.66041202664235,4,2019
dsir_group,ANC,1978,323.66041202664235,4,2019
dsir_group,ANC,1979,323.66041202664235,4,2019
dsir_group,ANC,1980,323.66041202664235,4,2019
dsir_group,ANC,1981,323.66041202664235,4,2019
dsir_group,ANC,1982,323.66041202664235,4,2019
dsir_group,ANC,1983,323.66041202664235,4,2019
dsir_group,ANC,1984,323.66041202664235,4,2019
dsir_group,ANC,1985,323.66041202664235,4,2019
dsir_group,ANC,1986,323.66041202664235,4,2019
dsir_group,ANC,1987,323.66041202664235,4,2019
dsir_group,ANC,1988,323.66041202664235,4,2019
dsir_group,ANC,1989,323.66041202664235,4,2019
dsir_group,ANC,1990,323.66041202664235,4,2019
dsir_group,ANC,1991,323.66041202664235,4,2019
dsir_group,ANC,1992,323.66041202664235,4,2019
dsir_group,ANC,1993,323.66041202664235,4,2019
dsir_group,ANC,1994,323.66041202664235,4,2019
dsir_group,ANC,1995,323.66041202664235,4,2019
dsir_group,ANC,1996,323.66041202664235,4,2019
dsir_group,ANC,1997,323.66041202664235,4,2019
dsir_group,ANC,1998,323.66041202664235,4,2019
dsir_group,ANC,1999,323.66041202664235,4,2019
dsir_group,ANC,2000,323.66041202664235,4,2019
dsir_group,ANC,2001,323.66041202664235,4,2019
dsir_group,ANC,2002,313.4476797280704,4,2019
dsir_group,ANC,2003,290.1730776878031,4,2019
dsir_group,ANC,2004,245.91924666163658,4,2019
dsir_group,ANC,2005,238.2547130114969,4,2019
dsir_group,ANC,2006,220.39848192616117,4,2019
dsir_group,ANC,2007,209.67959981631284,4,2019
dsir_group,ANC,2008,209.71916168894782,4,2019
dsir_group,ANC,2009,204.03968814010665,4,2019
dsir_group,ANC,2010,206.1546001286872,4,2019
dsir_group,ANC,2011,216.51751954889528,4,2019
dsir_group,ANC,2012,224.96368186153563,4,2019
dsir_group,ANC,2013,265.00356628915006,4,2019
dsir_group,ANC,2014,323.67360863000516,4,2019
dsir_group,ANC,2015,383.00023366852224,4,2019
dsir_group,ANC,2016,452.1811996750127,4,2019
dsir_group,ANC,2017,476.917226369154,4,2019
dsir_group,ANC,2018,539.497196641761,4,2019
dsir_group,ANC,2019,622.0149719134455,4,2019
dsir_group,CMA,1971,281.629359862901,4,2019
dsir_group,CMA,1972,281.629359862901,4,2019
dsir_group,CMA,1973,281.629359862901,4,2019
dsir_group,CMA,1974,281.629359862901,4,2019
dsir_group,CMA,1975,281.629359862901,4,2019
dsir_group,CMA,1976,281.629359862901,4,2019
dsir_group,CMA,1977,281.629359862901,4,2019
dsir_group,CMA,1978,281.629359862901,4,2019
dsir_group,CMA,1979,281.629359862901,4,2019
dsir_group,CMA,1980,281.629359862901,4,2019
dsir_group,CMA,1981,281.629359862901,4,2019
dsir_group,CMA,1982,281.629359862901,4,2019
dsir_group,CMA,1983,281.629359862901,4,2019
dsir_group,CMA,1984,281.629359862901,4,2019
dsir_group,CMA,1985,281.629359862901,4,2019
dsir_group,CMA,1986,281.629359862901,4,2019
dsir_group,CMA,1987,281.629359862901,4,2019
dsir_group,CMA,1988,281.629359862901,4,2019
dsir_group,CMA,1989,281.629359862901,4,2019
dsir_group,CMA,1990,281.629359862901,4,2019
dsir_group,CMA,1991,281.629359862901,4,2019
dsir_group,CMA,1992,281.629359862901,4,2019
dsir_group,CMA,1993,281.629359862901,4,2019
dsir_group,CMA,1994,281.629359862901,4,2019
dsir_group,CMA,1995,281.629359862901,4,2019
dsir_group,CMA,1996,281.629359862901,4,2019
dsir_group,CMA,1997,281.629359862901,4,2019
dsir_group,CMA,1998,281.629359862901,4,2019
dsir_group,CMA,1999,281.629359862901,4,2019
dsir_group,CMA,2000,281.629359862901,4,2019
dsir_group,CMA,2001,281.629359862901,4,2019
dsir_group,CMA,2002,281.629359862901,4,2019
dsir_group,CMA,2003,281.629359862901,4,2019
dsir_group,CMA,2004,281.629359862901,4,2019
dsir_group,CMA,2005,281.629359862901,4,2019
dsir_group,CMA,2006,281.629359862901,4,2019
dsir_group,CMA,2007,281.629359862901,4,2019
dsir_group,CMA,2008,281.629359862901,4,2019
dsir_group,CMA,2009,281.629359862901,4,2019
dsir_group,CMA,2010,289.3949328904879,4,2019
dsir_group,CMA,2011,291.1195591969647,4,2019
dsir_group,CMA,2012,292.05049195917644,4,2019
dsir_group,CMA,2013,293.0476670441316,4,2019
dsir_group,CMA,2014,291.9547074033853,4,2019
dsir_group,CMA,2015,289.88666395609715,4,2019
dsir_group,CMA,2016,272.3423905610987,4,2019
dsir_group,CMA,2017,271.5972688832209,4,2019
dsir_group,CMA,2018,271.84113220749754,4,2019
dsir_group,CMA,2019,274.76770424401064,4,2019
dsir_group,DMF,1971,305.15890835124554,4,2019
dsir_group,DMF,1972,305.15890835124554,4,2019
dsir_group,DMF,1973,305.15890835124554,4,2019
dsir_group,DMF,1974,305.15890835124554,4,2019
dsir_group,DMF,1975,305.15890835124554,4,2019
dsir_group,DMF,1976,305.15890835124554,4,2019
dsir_group,DMF,1977,305.15890835124554,4,2019
dsir_group,DMF,1978,294.66826026231865,4,2019
dsir_group,DMF,1979,288.45217206073863,4,2019
dsir_group,DMF,1980,282.75215100944155,4,2019
dsir_group,DMF,1981,281.293842854107,4,2019
dsir_group,DMF,1982,277.650475938466,4,2019
dsir_group,DMF,1983,276.24364340998824,4,2019
dsir_group,DMF,1984,270.18066356080953,4,2019
dsir_group,DMF,1985,268.86392653487536,4,2019
dsir_group,DMF,1986,263.7401718414793,4,2019
dsir_group,DMF,1987,250.17189830609945,4,2019
dsir_group,DMF,1988,237.53985495239584,4,2019
dsir_group,DMF,1989,230.67025108755445,4,2019
dsir_group,DMF,1990,227.0873687936188,4,2019
dsir_group,DMF,1991,221.88258984648576,4,2019
dsir_group,DMF,1992,221.76101056961238,4,2019
dsir_group,DMF,1993,224.26871682778545,4,2019
dsir_group,DMF,1994,222.2476303796689,4,2019
dsir_group,DMF,1995,214.61330543711478,4,2019
dsir_group,DMF,1996,207.22635623157475,4,2019
dsir_group,DMF,1997,202.48895730049028,4,2019
dsir_group,DMF,1998,197.23356727125423,4,2019
dsir_group,DMF,1999,185.04394510828755,4,2019
dsir_group,DMF,2000,180.18793086415383,4,2019
dsir_group,DMF,2001,178.79944744211488,4,2019
dsir_group,DMF,2002,175.21385065715208,4,2019
dsir_group,DMF,2003,170.9776620902858,4,2019
dsir_group,DMF,2004,163.27825624944745,4,2019
dsir_group,DMF,2005,160.56970991472988,4,2019
dsir_group,DMF,2006,157.19040758705395,4,2019
dsir_group,DMF,2007,155.73262849881274,4,2019
dsir_group,DMF,2008,157.67054555671592,4,2019
dsir_group,DMF,2009,157.6000024409941,4,2019
dsir_group,DMF,2010,155.91045935630396,4,2019
dsir_group,DMF,2011,150.75456817144456,4,2019
dsir_group,DMF,2012,152.43563346489822,4,2019
dsir_group,DMF,2013,161.18824547484616,4,2019
dsir_group,DMF,2014,163.8127458319099,4,2019
dsir_group,DMF,2015,166.7757501209366,4,2019
dsir_group,DMF,2016,166.9530680858521,4,2019
dsir_group,DMF,2017,163.173562218191,4,2019
dsir_group,DMF,2018,150.45402951349226,4,2019
dsir_group,DMF,2019,139.35090958731791,4,2019
dsir_group,LPF,1971,409.9790085538713,4,2019
dsir_group,LPF,1972,409.9790085538713,4,2019
dsir_group,LPF,1973,409.9790085538713,4,2019
dsir_group,LPF,1974,409.9790085538713,4,2019
dsir_group,LPF,1975,409.9790085538713,4,2019
dsir_group,LPF,1976,409.9790085538713,4,2019
dsir_group,LPF,1977,409.9790085538713,4,2019
dsir_group,LPF,1978,409.9790085538713,4,2019
dsir_group,LPF,1979,409.9790085538713,4,2019
dsir_group,LPF,1980,409.9790085538713,4,2019
dsir_group,LPF,1981,409.9790085538713,4,2019
dsir_group,LPF,1982,409.9790085538713,4,2019
dsir_group,LPF,1983,409.9790085538713,4,2019
dsir_group,LPF,1984,409.9790085538713,4,2019
dsir_group,LPF,1985,409.9790085538713,4,2019
dsir_group,LPF,1986,409.9790085538713,4,2019
dsir_group,LPF,1987,409.9790085538713,4,2019
dsir_group,LPF,1988,409.9790085538713,4,2019
dsir_group,LPF,1989,409.9790085538713,4,2019
dsir_group,LPF,1990,409.9790085538713,4,2019
dsir_group,LPF,1991,409.9790085538713,4,2019
dsir_group,LPF,1992,409.9790085538713,4,2019
dsir_group,LPF,1993,409.9790085538713,4,2019
dsir_group,LPF,1994,409.9790085538713,4,2019
dsir_group,LPF,1995,409.9790085538713,4,2019
dsir_group,LPF,1996,409.9790085538713,4,2019
dsir_group,LPF,1997,409.9790085538713,4,2019
dsir_group,LPF,1998,409.9790085538713,4,2019
dsir_group,LPF,1999,409.9790085538713,4,2019
dsir_group,LPF,2000,409.9790085538713,4,2019
dsir_group,LPF,2001,409.9790085538713,4,2019
dsir_group,LPF,2002,409.9790085538713,4,2019
dsir_group,LPF,2003,409.9790085538713,4,2019
dsir_group,LPF,2004,409.9790085538713,4,2019
dsir_group,LPF,2005,409.9790085538713,4,2019
dsir_group,LPF,2006,409.9790085538713,4,2019
dsir_group,LPF,2007,409.9790085538713,4,2019
dsir_group,LPF,2008,409.9790085538713,4,2019
dsir_group,LPF,2009,409.9790085538713,4,2019
dsir_group,LPF,2010,431.09385219512336,4,2019
dsir_group,LPF,2011,449.8187505925833,4,2019
dsir_group,LPF,2012,467.05825460855436,4,2019
dsir_group,LPF,2013,485.0300711060392,4,2019
dsir_group,LPF,2014,496.48078574352917,4,2019
dsir_group,LPF,2015,506.58516351588696,4,2019
dsir_group,LPF,2016,492.4642887668153,4,2019
dsir_group,LPF,2017,490.86484322042116,4,2019
dsir_group,LPF,2018,490.39705376017116,4,2019
dsir_group,LPF,2019,495.50474039143097,4,2019
dsir_group,MPF,1971,879.476975300576,4,2019
dsir_group,MPF,1972,879.476975300576,4,2019
dsir_group,MPF,1973,879.476975300576,4,2019
dsir_group,MPF,1974,879.476975300576,4,2019
dsir_group,MPF,1975,879.476975300576,4,2019
dsir_group,MPF,1976,879.476975300576,4,2019
dsir_group,MPF,1977,879.476975300576,4,2019
dsir_group,MPF,1978,879.476975300576,4,2019
dsir_group,MPF,1979,879.476975300576,4,2019
dsir_group,MPF,1980,879.476975300576,4,2019
dsir_group,MPF,1981,879.476975300576,4,2019
dsir_group,MPF,1982,879.476975300576,4,2019
dsir_group,MPF,1983,879.476975300576,4,2019
dsir_group,MPF,1984,879.476975300576,4,2019
dsir_group,MPF,1985,879.476975300576,4,2019
dsir_group,MPF,1986,879.476975300576,4,2019
dsir_group,MPF,1987,879.476975300576,4,2019
dsir_group,MPF,1988,879.476975300576,4,2019
dsir_group,MPF,1989,879.476975300576,4,2019
dsir_group,MPF,1990,879.476975300576,4,2019
dsir_group,MPF,1991,879.476975300576,4,2019
dsir_group,MPF,1992,879.476975300576,4,2019
dsir_group,MPF,1993,879.476975300576,4,2019
dsir_group,MPF,1994,879.476975300576,4,2019
dsir_group,MPF,1995,879.476975300576,4,2019
dsir_group,MPF,1996,879.476975300576,4,2019
dsir_group,MPF,1997,879.476975300576,4,2019
dsir_group,MPF,1998,879.476975300576,4,2019
dsir_group,MPF,1999,879.476975300576,4,2019
dsir_group,MPF,2000,879.476975300576,4,2019
dsir_group,MPF,2001,879.476975300576,4,2019
dsir_group,MPF,2002,879.476975300576,4,2019
dsir_group,MPF,2003,879.476975300576,4,2019
dsir_group,MPF,2004,879.476975300576,4,2019
dsir_group,MPF,2005,879.476975300576,4,2019
dsir_group,MPF,2006,879.476975300576,4,2019
dsir_group,MPF,2007,879.476975300576,4,2019
dsir_group,MPF,2008,879.476975300576,4,2019
dsir_group,MPF,2009,879.476975300576,4,2019
dsir_group,MPF,2010,942.9420018466656,4,2019
dsir_group,MPF,2011,975.1490334172479,4,2019
dsir_group,MPF,2012,993.5351982520156,4,2019
dsir_group,MPF,2013,1011.7275706191089,4,2019
dsir_group,MPF,2014,1019.8670533217299,4,2019
dsir_group,MPF,2015,1026.898459056957,4,2019
dsir_group,MPF,2016,1015.4249253464532,4,2019
dsir_group,MPF,2017,1028.1683482155406,4,2019
dsir_group,MPF,2018,1038.043384607283,4,2019
dsir_group,MPF,2019,1048.5165821617557,4,2019
dsir_group,NTU,1971,170.0896762365438,4,2019
dsir_group,NTU,1972,170.0896762365438,4,2019
dsir_group,NTU,1973,170.0896762365438,4,2019
dsir_group,NTU,1974,170.0896762365438,4,2019
dsir_group,NTU,1975,170.0896762365438,4,2019
dsir_group,NTU,1976,170.0896762365438,4,2019
dsir_group,NTU,1977,170.0896762365438,4,2019
dsir_group,NTU,1978,170.0896762365438,4,2019
dsir_group,NTU,1979,170.0896762365438,4,2019
dsir_group,NTU,1980,170.0896762365438,4,2019
dsir_group,NTU,1981,170.0896762365438,4,2019
dsir_group,NTU,1982,170.0896762365438,4,2019
dsir_group,NTU,1983,170.0896762365438,4,2019
dsir_group,NTU,1984,170.0896762365438,4,2019
dsir_group,NTU,1985,170.0896762365438,4,2019
dsir_group,NTU,1986,170.0896762365438,4,2019
dsir_group,NTU,1987,170.0896762365438,4,2019
dsir_group,NTU,1988,170.0896762365438,4,2019
dsir_group,NTU,1989,170.0896762365438,4,2019
dsir_group,NTU,1990,170.0896762365438,4,2019
dsir_group,NTU,1991,170.0896762365438,4,2019
dsir_group,NTU,1992,170.0896762365438,4,2019
dsir_group,NTU,1993,170.0896762365438,4,2019
dsir_group,NTU,1994,170.0896762365438,4,2019
dsir_group,NTU,1995,170.0896762365438,4,2019
dsir_group,NTU,1996,170.0896762365438,4,2019
dsir_group,NTU,1997,170.0896762365438,4,2019
dsir_group,NTU,1998,170.0896762365438,4,2019
dsir_group,NTU,1999,170.0896762365438,4,2019
dsir_group,NTU,2000,170.0896762365438,4,2019
dsir_group,NTU,2001,170.0896762365438,4,2019
dsir_group,NTU,2002,170.0896762365438,4,2019
dsir_group,NTU,2003,170.0896762365438,4,2019
dsir_group,NTU,2004,170.0896762365438,4,2019
dsir_group,NTU,2005,170.0896762365438,4,2019
dsir_group,NTU,2006,170.0896762365438,4,2019
dsir_group,NTU,2007,170.0896762365438,4,2019
dsir_group,NTU,2008,170.0896762365438,4,2019
dsir_group,NTU,2009,170.0896762365438,4,2019
dsir_group,NTU,2010,187.2169425229421,4,2019
dsir_group,NTU,2011,203.96980623175,4,2019
dsir_group,NTU,2012,220.9454579345307,4,2019
dsir_group,NTU,2013,238.607706957116,4,2019
dsir_group,NTU,2014,254.39921083147885,4,2019
dsir_group,NTU,2015,268.453777233238,4,2019
dsir_group,NTU,2016,264.2897907907506,4,2019
dsir_group,NTU,2017,272.3503827132386,4,2019
dsir_group,NTU,2018,287.2239920887216,4,2019
dsir_group,NTU,2019,302.0513999308042,4,2019
dsir_group,SAR,1971,276.18845223493145,4,2019
dsir_group,SAR,1972,276.18845223493145,4,2019
dsir_group,SAR,1973,276.18845223493145,4,2019
dsir_group,SAR,1974,276.18845223493145,4,2019
dsir_group,SAR,1975,276.18845223493145,4,2019
dsir_group,SAR,1976,276.18845223493145,4,2019
dsir_group,SAR,1977,276.18845223493145,4,2019
dsir_group,SAR,1978,276.18845223493145,4,2019
dsir_group,SAR,1979,276.18845223493145,4,2019
dsir_group,SAR,1980,276.18845223493145,4,2019
dsir_group,SAR,1981,276.18845223493145,4,2019
dsir_group,SAR,1982,276.18845223493145,4,2019
dsir_group,SAR,1983,276.18845223493145,4,2019
dsir_group,SAR,1984,276.18845223493145,4,2019
dsir_group,SAR,1985,276.18845223493145,4,2019
dsir_group,SAR,1986,276.18845223493145,4,2019
dsir_group,SAR,1987,276.18845223493145,4,2019
dsir_group,SAR,1988,276.18845223493145,4,2019
dsir_group,SAR,1989,276.18845223493145,4,2019
dsir_group,SAR,1990,276.18845223493145,4,2019
dsir_group,SAR,1991,276.18845223493145,4,2019
dsir_group,SAR,1992,276.18845223493145,4,2019
dsir_group,SAR,1993,276.18845223493145,4,2019
dsir_group,SAR,1994,276.18845223493145,4,2019
dsir_group,SAR,1995,276.18845223493145,4,2019
dsir_group,SAR,1996,276.18845223493145,4,2019
dsir_group,SAR,1997,276.18845223493145,4,2019
dsir_group,SAR,1998,276.18845223493145,4,2019
dsir_group,SAR,1999,276.18845223493145,4,2019
dsir_group,SAR,2000,276.18845223493145,4,2019
dsir_group,SAR,2001,276.18845223493145,4,2019
dsir_group,SAR,2002,276.18845223493145,4,2019
dsir_group,SAR,2003,276.18845223493145,4,2019
dsir_group,SAR,2004,276.18845223493145,4,2019
dsir_group,SAR,2005,276.18845223493145,4,2019
dsir_group,SAR,2006,276.18845223493145,4,2019
dsir_group,SAR,2007,276.18845223493145,4,2019
dsir_group,SAR,2008,276.18845223493145,4,2019
dsir_group,SAR,2009,276.18845223493145,4,2019
dsir_group,SAR,2010,314.57449315748863,4,2019
dsir_group,SAR,2011,354.6519017201919,4,2019
dsir_group,SAR,2012,393.1253841107307,4,2019
dsir_group,SAR,2013,438.09167712042193,4,2019
dsir_group,SAR,2014,479.319693340544,4,2019
dsir_group,SAR,2015,513.7337562632925,4,2019
dsir_group,SAR,2016,512.1530779774558,4,2019
dsir_group,SAR,2017,541.4731444408457,4,2019
dsir_group,SAR,2018,576.9062731009003,4,2019
dsir_group,SAR,2019,608.4116158989135,4,2019
dsir_group,SCP,1971,110.91352081178924,4,2019
dsir_group,SCP,1972,110.91352081178924,4,2019
dsir_group,SCP,1973,110.91352081178924,4,2019
dsir_group,SCP,1974,110.91352081178924,4,2019
dsir_group,SCP,1975,110.91352081178924,4,2019
dsir_group,SCP,1976,110.91352081178924,4,2019
dsir_group,SCP,1977,110.91352081178924,4,2019
dsir_group,SCP,1978,110.91352081178924,4,2019
dsir_group,SCP,1979,110.91352081178924,4,2019
dsir_group,SCP,1980,110.91352081178924,4,2019
dsir_group,SCP,1981,110.91352081178924,4,2019
dsir_group,SCP,1982,110.91352081178924,4,2019
dsir_group,SCP,1983,110.91352081178924,4,2019
dsir_group,SCP,1984,110.91352081178924,4,2019
dsir_group,SCP,1985,110.91352081178924,4,2019
dsir_group,SCP,1986,110.91352081178924,4,2019
dsir_group,SCP,1987,110.91352081178924,4,2019
dsir_group,SCP,1988,110.91352081178924,4,2019
dsir_group,SCP,1989,110.91352081178924,4,2019
dsir_group,SCP,1990,110.91352081178924,4,2019
dsir_group,SCP,1991,110.91352081178924,4,2019
dsir_group,SCP,1992,110.91352081178924,4,2019
dsir_group,SCP,1993,110.91352081178924,4,2019
dsir_group,SCP,1994,110.91352081178924,4,2019
dsir_group,SCP,1995,110.91352081178924,4,2019
dsir_group,SCP,1996,110.91352081178924,4,2019
dsir_group,SCP,1997,110.91352081178924,4,2019
dsir_group,SCP,1998,110.91352081178924,4,2019
dsir_group,SCP,1999,110.91352081178924,4,2019
dsir_group,SCP,2000,110.91352081178924,4,2019
dsir_group,SCP,2001,110.91352081178924,4,2019
dsir_group,SCP,2002,110.91352081178924,4,2019
dsir_group,SCP,2003,110.91352081178924,4,2019
dsir_group,SCP,2004,110.91352081178924,4,2019
dsir_group,SCP,2005,110.91352081178924,4,2019
dsir_group,SCP,2006,110.91352081178924,4,2019
dsir_group,SCP,2007,110.91352081178924,4,2019
dsir_group,SCP,2008,110.91352081178924,4,2019
dsir_group,SCP,2009,110.91352081178924,4,2019
dsir_group,SCP,2010,130.88082281479006,4,2019
dsir_group,SCP,2011,141.6971986158758,4,2019
dsir_group,SCP,2012,144.42450134989903,4,2019
dsir_group,SCP,2013,145.7072346596807,4,2019
dsir_group,SCP,2014,143.5550550150444,4,2019
dsir_group,SCP,2015,141.56620267554277,4,2019
dsir_group,SCP,2016,121.365942898745,4,2019
dsir_group,SCP,2017,127.08161216445184,4,2019
dsir_group,SCP,2018,136.99505068831522,4,2019
dsir_group,SCP,2019,141.38661437099208,4,2019
dsir_group,ANC,1971,338.1159481823319,5,2018
dsir_group,ANC,1972,338.1159481823319,5,2018
dsir_group,ANC,1973,338.1159481823319,5,2018
dsir_group,ANC,1974,338.1159481823319,5,2018
dsir_group,ANC,1975,338.1159481823319,5,2018
dsir_group,ANC,1976,338.1159481823319,5,2018
dsir_group,ANC,1977,338.1159481823319,5,2018
dsir_group,ANC,1978,338.1159481823319,5,2018
dsir_group,ANC,1979,338.1159481823319,5,2018
dsir_group,ANC,1980,338.1159481823319,5,2018
dsir_group,ANC,1981,338.1159481823319,5,2018
dsir_group,ANC,1982,338.1159481823319,5,2018
dsir_group,ANC,1983,338.1159481823319,5,2018
dsir_group,ANC,1984,338.1159481823319,5,2018
dsir_group,ANC,1985,338.1159481823319,5,2018
dsir_group,ANC,1986,338.1159481823319,5,2018
dsir_group,ANC,1987,338.1159481823319,5,2018
dsir_group,ANC,1988,338.1159481823319,5,2018
dsir_group,ANC,1989,338.1159481823319,5,2018
dsir_group,ANC,1990,338.1159481823319,5,2018
dsir_group,ANC,1991,338.1159481823319,5,2018
dsir_group,ANC,1992,338.1159481823319,5,2018
dsir_group,ANC,1993,338.1159481823319,5,2018
dsir_group,ANC,1994,338.1159481823319,5,2018
dsir_group,ANC,1995,338.1159481823319,5,2018
dsir_group,ANC,1996,338.1159481823319,5,2018
dsir_group,ANC,1997,338.1159481823319,5,2018
dsir_group,ANC,1998,338.1159481823319,5,2018
dsir_group,ANC,1999,338.1159481823319,5,2018
dsir_group,ANC,2000,338.1159481823319,5,2018
dsir_group,ANC,2001,338.1159481823319,5,2018
dsir_group,ANC,2002,332.2189600486626,5,2018
dsir_group,ANC,2003,312.41742005406326,5,2018
dsir_group,ANC,2004,269.7670230178449,5,2018
dsir_group,ANC,2005,264.11360434709195,5,2018
dsir_group,ANC,2006,247.3464629417016,5,2018
dsir_group,ANC,2007,237.73987389812476,5,2018
dsir_group,ANC,2008,239.37565432171155,5,2018
dsir_group,ANC,2009,235.10743362873524,5,2018
dsir_group,ANC,2010,238.6680308616045,5,2018
dsir_group,ANC,2011,250.46881205867905,5,2018
dsir_group,ANC,2012,260.03746754222084,5,2018
dsir_group,ANC,2013,302.52570939853484,5,2018
dsir_group,ANC,2014,363.04848636953807,5,2018
dsir_group,ANC,2015,421.46483322494385,5,2018
dsir_group,ANC,2016,487.71146267381783,5,2018
dsir_group,ANC,2017,505.1696808231939,5,2018
dsir_group,ANC,2018,560.9490900820442,5,2018
dsir_group,CMA,1971,293.09509988202205,5,2018
dsir_group,CMA,1972,293.09509988202205,5,2018
dsir_group,CMA,1973,293.09509988202205,5,2018
dsir_group,CMA,1974,293.09509988202205,5,2018
dsir_group,CMA,1975,293.09509988202205,5,2018
dsir_group,CMA,1976,293.09509988202205,5,2018
dsir_group,CMA,1977,293.09509988202205,5,2018
dsir_group,CMA,1978,293.09509988202205,5,2018
dsir_group,CMA,1979,293.09509988202205,5,2018
dsir_group,CMA,1980,293.09509988202205,5,2018
dsir_group,CMA,1981,293.09509988202205,5,2018
dsir_group,CMA,1982,293.09509988202205,5,2018
dsir_group,CMA,1983,293.09509988202205,5,2018
dsir_group,CMA,1984,293.09509988202205,5,2018
dsir_group,CMA,1985,293.09509988202205,5,2018
dsir_group,CMA,1986,293.09509988202205,5,2018
dsir_group,CMA,1987,293.09509988202205,5,2018
dsir_group,CMA,1988,293.09509988202205,5,2018
dsir_group,CMA,1989,293.09509988202205,5,2018
dsir_group,CMA,1990,293.09509988202205,5,2018
dsir_group,CMA,1991,293.09509988202205,5,2018
dsir_group,CMA,1992,293.09509988202205,5,2018
dsir_group,CMA,1993,293.09509988202205,5,2018
dsir_group,CMA,1994,293.09509988202205,5,2018
dsir_group,CMA,1995,293.09509988202205,5,2018
dsir_group,CMA,1996,293.09509988202205,5,2018
dsir_group,CMA,1997,293.09509988202205,5,2018
dsir_group,CMA,1998,293.09509988202205,5,2018
dsir_group,CMA,1999,293.09509988202205,5,2018
dsir_group,CMA,2000,293.09509988202205,5,2018
dsir_group,CMA,2001,293.09509988202205,5,2018
dsir_group,CMA,2002,293.09509988202205,5,2018
dsir_group,CMA,2003,293.09509988202205,5,2018
dsir_group,CMA,2004,293.09509988202205,5,2018
dsir_group,CMA,2005,293.09509988202205,5,2018
dsir_group,CMA,2006,293.09509988202205,5,2018
dsir_group,CMA,2007,293.09509988202205,5,2018
dsir_group,CMA,2008,293.09509988202205,5,2018
dsir_group,CMA,2009,293.09509988202205,5,2018
dsir_group,CMA,2010,299.4047197367767,5,2018
dsir_group,CMA,2011,300.78622815693063,5,2018
dsir_group,CMA,2012,301.8055884819152,5,2018
dsir_group,CMA,2013,303.11862466219685,5,2018
dsir_group,CMA,2014,302.5246830999041,5,2018
dsir_group,CMA,2015,301.0055994937473,5,2018
dsir_group,CMA,2016,284.51211830724776,5,2018
dsir_group,CMA,2017,283.798073999488,5,2018
dsir_group,CMA,2018,284.20941016441384,5,2018
dsir_group,DMF,1971,290.4452216302476,5,2018
dsir_group,DMF,1972,290.4452216302476,5,2018
dsir_group,DMF,1973,290.4452216302476,5,2018
dsir_group,DMF,1974,290.4452216302476,5,2018
dsir_group,DMF,1975,290.4452216302476,5,2018
dsir_group,DMF,1976,290.4452216302476,5,2018
dsir_group,DMF,1977,290.4452216302476,5,2018
dsir_group,DMF,1978,282.3092301542665,5,2018
dsir_group,DMF,1979,277.5467393527988,5,2018
dsir_group,DMF,1980,272.7935300973693,5,2018
dsir_group,DMF,1981,271.84195979797886,5,2018
dsir_group,DMF,1982,268.5108335567084,5,2018
dsir_group,DMF,1983,267.4492779472144,5,2018
dsir_group,DMF,1984,261.60850508643733,5,2018
dsir_group,DMF,1985,260.5301825950602,5,2018
dsir_group,DMF,1986,255.54718755629375,5,2018
dsir_group,DMF,1987,242.31137467031715,5,2018
dsir_group,DMF,1988,230.28668600724063,5,2018
dsir_group,DMF,1989,224.05988056436814,5,2018
dsir_group,DMF,1990,220.97868162476726,5,2018
dsir_group,DMF,1991,216.121615546755,5,2018
dsir_group,DMF,1992,216.28120791922902,5,2018
dsir_group,DMF,1993,218.87394207944774,5,2018
dsir_group,DMF,1994,216.71936778412885,5,2018
dsir_group,DMF,1995,208.9507172028087,5,2018
dsir_group,DMF,1996,201.59905236191958,5,2018
dsir_group,DMF,1997,197.0079988256668,5,2018
dsir_group,DMF,1998,191.88493457218163,5,2018
dsir_group,DMF,1999,179.82628246429735,5,2018
dsir_group,DMF,2000,175.28821538689613,5,2018
dsir_group,DMF,2001,174.15568986487852,5,2018
dsir_group,DMF,2002,170.68734625891975,5,2018
dsir_group,DMF,2003,166.52468376322753,5,2018
dsir_group,DMF,2004,158.85911793981256,5,2018
dsir_group,DMF,2005,156.29008823226587,5,2018
dsir_group,DMF,2006,152.97741915466815,5,2018
dsir_group,DMF,2007,151.59110125176602,5,2018
dsir_group,DMF,2008,153.5514426174921,5,2018
dsir_group,DMF,2009,153.34330109489431,5,2018
dsir_group,DMF,2010,150.7309903431823,5,2018
dsir_group,DMF,2011,144.2238613732062,5,2018
dsir_group,DMF,2012,144.55604199915686,5,2018
dsir_group,DMF,2013,151.89284326328146,5,2018
dsir_group,DMF,2014,152.95146408626536,5,2018
dsir_group,DMF,2015,154.43021499051386,5,2018
dsir_group,DMF,2016,153.17708073143598,5,2018
dsir_group,DMF,2017,148.7646162381553,5,2018
dsir_group,DMF,2018,135.67905059715255,5,2018
dsir_group,LPF,1971,394.2582645137262,5,2018
dsir_group,LPF,1972,394.2582645137262,5,2018
dsir_group,LPF,1973,394.2582645137262,5,2018
dsir_group,LPF,1974,394.2582645137262,5,2018
dsir_group,LPF,1975,394.2582645137262,5,2018
dsir_group,LPF,1976,394.2582645137262,5,2018
dsir_group,LPF,1977,394.2582645137262,5,2018
dsir_group,LPF,1978,394.2582645137262,5,2018
dsir_group,LPF,1979,394.2582645137262,5,2018
dsir_group,LPF,1980,394.2582645137262,5,2018
dsir_group,LPF,1981,394.2582645137262,5,2018
dsir_group,LPF,1982,394.2582645137262,5,2018
dsir_group,LPF,1983,394.2582645137262,5,2018
dsir_group,LPF,1984,394.2582645137262,5,2018
dsir_group,LPF,1985,394.2582645137262,5,2018
dsir_group,LPF,1986,394.2582645137262,5,2018
dsir_group,LPF,1987,394.2582645137262,5,2018
dsir_group,LPF,1988,394.2582645137262,5,2018
dsir_group,LPF,1989,394.2582645137262,5,2018
dsir_group,LPF,1990,394.2582645137262,5,2018
dsir_group,LPF,1991,394.2582645137262,5,2018
dsir_group,LPF,1992,394.2582645137262,5,2018
dsir_group,LPF,1993,394.2582645137262,5,2018
dsir_group,LPF,1994,394.2582645137262,5,2018
dsir_group,LPF,1995,394.2582645137262,5,2018
dsir_group,LPF,1996,394.2582645137262,5,2018
dsir_group,LPF,1997,394.2582645137262,5,2018
dsir_group,LPF,1998,394.2582645137262,5,2018
dsir_group,LPF,1999,394.2582645137262,5,2018
dsir_group,LPF,2000,394.2582645137262,5,2018
dsir_group,LPF,2001,394.2582645137262,5,2018
dsir_group,LPF,2002,394.2582645137262,5,2018
dsir_group,LPF,2003,394.2582645137262,5,2018
dsir_group,LPF,2004,394.2582645137262,5,2018
dsir_group,LPF,2005,394.2582645137262,5,2018
dsir_group,LPF,2006,394.2582645137262,5,2018
dsir_group,LPF,2007,394.2582645137262,5,2018
dsir_group,LPF,2008,394.2582645137262,5,2018
dsir_group,LPF,2009,394.2582645137262,5,2018
dsir_group,LPF,2010,412.86219265318636,5,2018
dsir_group,LPF,2011,427.6716375463931,5,2018
dsir_group,LPF,2012,440.21134981183667,5,2018
dsir_group,LPF,2013,453.10102048185024,5,2018
dsir_group,LPF,2014,459.2008755265024,5,2018
dsir_group,LPF,2015,464.30322995893374,5,2018
dsir_group,LPF,2016,446.6986152722057,5,2018
dsir_group,LPF,2017,442.35846471023046,5,2018
dsir_group,LPF,2018,438.58087855369786,5,2018
dsir_group,MPF,1971,811.1810772080092,5,2018
dsir_group,MPF,1972,811.1810772080092,5,2018
dsir_group,MPF,1973,811.1810772080092,5,2018
dsir_group,MPF,1974,811.1810772080092,5,2018
dsir_group,MPF,1975,811.1810772080092,5,2018
dsir_group,MPF,1976,811.1810772080092,5,2018
dsir_group,MPF,1977,811.1810772080092,5,2018
dsir_group,MPF,1978,811.1810772080092,5,2018
dsir_group,MPF,1979,811.1810772080092,5,2018
dsir_group,MPF,1980,811.1810772080092,5,2018
dsir_group,MPF,1981,811.1810772080092,5,2018
dsir_group,MPF,1982,811.1810772080092,5,2018
dsir_group,MPF,1983,811.1810772080092,5,2018
dsir_group,MPF,1984,811.1810772080092,5,2018
dsir_group,MPF,1985,811.1810772080092,5,2018
dsir_group,MPF,1986,811.1810772080092,5,2018
dsir_group,MPF,1987,811.1810772080092,5,2018
dsir_group,MPF,1988,811.1810772080092,5,2018
dsir_group,MPF,1989,811.1810772080092,5,2018
dsir_group,MPF,1990,811.1810772080092,5,2018
dsir_group,MPF,1991,811.1810772080092,5,2018
dsir_group,MPF,1992,811.1810772080092,5,2018
dsir_group,MPF,1993,811.1810772080092,5,2018
dsir_group,MPF,1994,811.1810772080092,5,2018
dsir_group,MPF,1995,811.1810772080092,5,2018
dsir_group,MPF,1996,811.1810772080092,5,2018
dsir_group,MPF,1997,811.1810772080092,5,2018
dsir_group,MPF,1998,811.1810772080092,5,2018
dsir_group,MPF,1999,811.1810772080092,5,2018
dsir_group,MPF,2000,811.1810772080092,5,2018
dsir_group,MPF,2001,811.1810772080092,5,2018
dsir_group,MPF,2002,811.1810772080092,5,2018
dsir_group,MPF,2003,811.1810772080092,5,2018
dsir_group,MPF,2004,811.1810772080092,5,2018
dsir_group,MPF,2005,811.1810772080092,5,2018
dsir_group,MPF,2006,811.1810772080092,5,2018
dsir_group,MPF,2007,811.1810772080092,5,2018
dsir_group,MPF,2008,811.1810772080092,5,2018
dsir_group,MPF,2009,811.1810772080092,5,2018
dsir_group,MPF,2010,859.8291903659466,5,2018
dsir_group,MPF,2011,885.5022490634298,5,2018
dsir_group,MPF,2012,900.9828738636406,5,2018
dsir_group,MPF,2013,917.366885892325,5,2018
dsir_group,MPF,2014,924.3821844467395,5,2018
dsir_group,MPF,2015,930.3443481960821,5,2018
dsir_group,MPF,2016,916.769709360982,5,2018
dsir_group,MPF,2017,928.5792541990677,5,2018
dsir_group,MPF,2018,938.7351612638632,5,2018
dsir_group,NTU,1971,159.8439807912314,5,2018
dsir_group,NTU,1972,159.8439807912314,5,2018
dsir_group,NTU,1973,159.8439807912314,5,2018
dsir_group,NTU,1974,159.8439807912314,5,2018
dsir_group,NTU,1975,159.8439807912314,5,2018
dsir_group,NTU,1976,159.8439807912314,5,2018
dsir_group,NTU,1977,159.8439807912314,5,2018
dsir_group,NTU,1978,159.8439807912314,5,2018
dsir_group,NTU,1979,159.8439807912314,5,2018
dsir_group,NTU,1980,159.8439807912314,5,2018
dsir_group,NTU,1981,159.8439807912314,5,2018
dsir_group,NTU,1982,159.8439807912314,5,2018
dsir_group,NTU,1983,159.8439807912314,5,2018
dsir_group,NTU,1984,159.8439807912314,5,2018
dsir_group,NTU,1985,159.8439807912314,5,2018
dsir_group,NTU,1986,159.8439807912314,5,2018
dsir_group,NTU,1987,159.8439807912314,5,2018
dsir_group,NTU,1988,159.8439807912314,5,2018
dsir_group,NTU,1989,159.8439807912314,5,2018
dsir_group,NTU,1990,159.8439807912314,5,2018
dsir_group,NTU,1991,159.8439807912314,5,2018
dsir_group,NTU,1992,159.8439807912314,5,2018
dsir_group,NTU,1993,159.8439807912314,5,2018
dsir_group,NTU,1994,159.8439807912314,5,2018
dsir_group,NTU,1995,159.8439807912314,5,2018
dsir_group,NTU,1996,159.8439807912314,5,2018
dsir_group,NTU,1997,159.8439807912314,5,2018
dsir_group,NTU,1998,159.8439807912314,5,2018
dsir_group,NTU,1999,159.8439807912314,5,2018
dsir_group,NTU,2000,159.8439807912314,5,2018
dsir_group,NTU,2001,159.8439807912314,5,2018
dsir_group,NTU,2002,159.8439807912314,5,2018
dsir_group,NTU,2003,159.8439807912314,5,2018
dsir_group,NTU,2004,159.8439807912314,5,2018
dsir_group,NTU,2005,159.8439807912314,5,2018
dsir_group,NTU,2006,159.8439807912314,5,2018
dsir_group,NTU,2007,159.8439807912314,5,2018
dsir_group,NTU,2008,159.8439807912314,5,2018
dsir_group,NTU,2009,159.8439807912314,5,2018
dsir_group,NTU,2010,175.2981032475618,5,2018
dsir_group,NTU,2011,190.66962233237754,5,2018
dsir_group,NTU,2012,206.71731985497033,5,2018
dsir_group,NTU,2013,224.03803118062822,5,2018
dsir_group,NTU,2014,240.19424377163085,5,2018
dsir_group,NTU,2015,255.28706543151014,5,2018
dsir_group,NTU,2016,253.30308901974513,5,2018
dsir_group,NTU,2017,262.8093674801341,5,2018
dsir_group,NTU,2018,279.0752144500919,5,2018
dsir_group,SAR,1971,301.55872244617257,5,2018
dsir_group,SAR,1972,301.55872244617257,5,2018
dsir_group,SAR,1973,301.55872244617257,5,2018
dsir_group,SAR,1974,301.55872244617257,5,2018
dsir_group,SAR,1975,301.55872244617257,5,2018
dsir_group,SAR,1976,301.55872244617257,5,2018
dsir_group,SAR,1977,301.55872244617257,5,2018
dsir_group,SAR,1978,301.55872244617257,5,2018
dsir_group,SAR,1979,301.55872244617257,5,2018
dsir_group,SAR,1980,301.55872244617257,5,2018
dsir_group,SAR,1981,301.55872244617257,5,2018
dsir_group,SAR,1982,301.55872244617257,5,2018
dsir_group,SAR,1983,301.55872244617257,5,2018
dsir_group,SAR,1984,301.55872244617257,5,2018
dsir_group,SAR,1985,301.55872244617257,5,2018
dsir_group,SAR,1986,301.55872244617257,5,2018
dsir_group,SAR,1987,301.55872244617257,5,2018
dsir_group,SAR,1988,301.55872244617257,5,2018
dsir_group,SAR,1989,301.55872244617257,5,2018
dsir_group,SAR,1990,301.55872244617257,5,2018
dsir_group,SAR,1991,301.55872244617257,5,2018
dsir_group,SAR,1992,301.55872244617257,5,2018
dsir_group,SAR,1993,301.55872244617257,5,2018
dsir_group,SAR,1994,301.55872244617257,5,2018
dsir_group,SAR,1995,301.55872244617257,5,2018
dsir_group,SAR,1996,301.55872244617257,5,2018
dsir_group,SAR,1997,301.55872244617257,5,2018
dsir_group,SAR,1998,301.55872244617257,5,2018
dsir_group,SAR,1999,301.55872244617257,5,2018
dsir_group,SAR,2000,301.55872244617257,5,2018
dsir_group,SAR,2001,301.55872244617257,5,2018
dsir_group,SAR,2002,301.55872244617257,5,2018
dsir_group,SAR,2003,301.55872244617257,5,2018
dsir_group,SAR,2004,301.55872244617257,5,2018
dsir_group,SAR,2005,301.55872244617257,5,2018
dsir_group,SAR,2006,301.55872244617257,5,2018
dsir_group,SAR,2007,301.55872244617257,5,2018
dsir_group,SAR,2008,301.55872244617257,5,2018
dsir_group,SAR,2009,301.55872244617257,5,2018
dsir_group,SAR,2010,345.4771789792863,5,2018
dsir_group,SAR,2011,390.72434858063036,5,2018
dsir_group,SAR,2012,433.6098661987887,5,2018
dsir_group,SAR,2013,481.8046994568107,5,2018
dsir_group,SAR,2014,524.8432399988166,5,2018
dsir_group,SAR,2015,559.9409167159266,5,2018
dsir_group,SAR,2016,559.3467281726336,5,2018
dsir_group,SAR,2017,588.6821008625574,5,2018
dsir_group,SAR,2018,622.7785105444779,5,2018
dsir_group,SCP,1971,106.5923739061402,5,2018
dsir_group,SCP,1972,106.5923739061402,5,2018
dsir_group,SCP,1973,106.5923739061402,5,2018
dsir_group,SCP,1974,106.5923739061402,5,2018
dsir_group,SCP,1975,106.5923739061402,5,2018
dsir_group,SCP,1976,106.5923739061402,5,2018
dsir_group,SCP,1977,106.5923739061402,5,2018
dsir_group,SCP,1978,106.5923739061402,5,2018
dsir_group,SCP,1979,106.5923739061402,5,2018
dsir_group,SCP,1980,106.5923739061402,5,2018
dsir_group,SCP,1981,106.5923739061402,5,2018
dsir_group,SCP,1982,106.5923739061402,5,2018
dsir_group,SCP,1983,106.5923739061402,5,2018
dsir_group,SCP,1984,106.5923739061402,5,2018
dsir_group,SCP,1985,106.5923739061402,5,2018
dsir_group,SCP,1986,106.5923739061402,5,2018
dsir_group,SCP,1987,106.5923739061402,5,2018
dsir_group,SCP,1988,106.5923739061402,5,2018
dsir_group,SCP,1989,106.5923739061402,5,2018
dsir_group,SCP,1990,106.5923739061402,5,2018
dsir_group,SCP,1991,106.5923739061402,5,2018
dsir_group,SCP,1992,106.5923739061402,5,2018
dsir_group,SCP,1993,106.5923739061402,5,2018
dsir_group,SCP,1994,106.5923739061402,5,2018
dsir_group,SCP,1995,106.5923739061402,5,2018
dsir_group,SCP,1996,106.5923739061402,5,2018
dsir_group,SCP,1997,106.5923739061402,5,2018
dsir_group,SCP,1998,106.5923739061402,5,2018
dsir_group,SCP,1999,106.5923739061402,5,2018
dsir_group,SCP,2000,106.5923739061402,5,2018
dsir_group,SCP,2001,106.5923739061402,5,2018
dsir_group,SCP,2002,106.5923739061402,5,2018
dsir_group,SCP,2003,106.5923739061402,5,2018
dsir_group,SCP,2004,106.5923739061402,5,2018
dsir_group,SCP,2005,106.5923739061402,5,2018
dsir_group,SCP,2006,106.5923739061402,5,2018
dsir_group,SCP,2007,106.5923739061402,5,2018
dsir_group,SCP,2008,106.5923739061402,5,2018
dsir_group,SCP,2009,106.5923739061402,5,2018
dsir_group,SCP,2010,123.55064553749395,5,2018
dsir_group,SCP,2011,133.72502892980015,5,2018
dsir_group,SCP,2012,136.96607261502288,5,2018
dsir_group,SCP,2013,138.33287468685987,5,2018
dsir_group,SCP,2014,135.85873898596145,5,2018
dsir_group,SCP,2015,132.9461063509479,5,2018
dsir_group,SCP,2016,111.55413061549706,5,2018
dsir_group,SCP,2017,114.15718993294314,5,2018
dsir_group,SCP,2018,122.31042578769207,5,2018
dsir_channel,ANC,1971,186.76172745106422,0,2023
dsir_channel,ANC,1972,186.76172745106422,0,2023
dsir_channel,ANC,1973,186.76172745106422,0,2023
dsir_channel,ANC,1974,186.76172745106422,0,2023
dsir_channel,ANC,1975,186.76172745106422,0,2023
dsir_channel,ANC,1976,186.76172745106422,0,2023
dsir_channel,ANC,1977,186.76172745106422,0,2023
dsir_channel,ANC,1978,186.76172745106422,0,2023
dsir_channel,ANC,1979,186.76172745106422,0,2023
dsir_channel,ANC,1980,186.76172745106422,0,2023
dsir_channel,ANC,1981,186.76172745106422,0,2023
dsir_channel,ANC,1982,186.76172745106422,0,2023
dsir_channel,ANC,1983,186.76172745106422,0,2023
dsir_channel,ANC,1984,186.76172745106422,0,2023
dsir_channel,ANC,1985,186.76172745106422,0,2023
dsir_channel,ANC,1986,186.76172745106422,0,2023
dsir_channel,ANC,1987,186.76172745106422,0,2023
dsir_channel,ANC,1988,186.76172745106422,0,2023
dsir_channel,ANC,1989,186.76172745106422,0,2023
dsir_channel,ANC,1990,186.76172745106422,0,2023
dsir_channel,ANC,1991,186.76172745106422,0,2023
dsir_channel,ANC,1992,186.76172745106422,0,2023
dsir_channel,ANC,1993,186.76172745106422,0,2023
dsir_channel,ANC,1994,186.76172745106422,0,2023
dsir_channel,ANC,1995,186.76172745106422,0,2023
dsir_channel,ANC,1996,186.76172745106422,0,2023
dsir_channel,ANC,1997,186.76172745106422,0,2023
dsir_channel,ANC,1998,186.76172745106422,0,2023
dsir_channel,ANC,1999,186.76172745106422,0,2023
dsir_channel,ANC,2000,186.76172745106422,0,2023
dsir_channel,ANC,2001,186.76172745106422,0,2023
dsir_channel,ANC,2002,186.76172745106422,0,2023
dsir_channel,ANC,2003,186.76172745106422,0,2023
dsir_channel,ANC,2004,186.76172745106422,0,2023
dsir_channel,ANC,2005,186.76172745106422,0,2023
dsir_channel,ANC,2006,186.76172745106422,0,2023
dsir_channel,ANC,2007,186.76172745106422,0,2023
dsir_channel,ANC,2008,186.76172745106422,0,2023
dsir_channel,ANC,2009,148.18621585486284,0,2023
dsir_channel,ANC,2010,129.7878041298673,0,2023
dsir_channel,ANC,2011,123.38591885799738,0,2023
dsir_channel,ANC,2012,116.05731874576067,0,2023
dsir_channel,ANC,2013,136.05136505360147,0,2023
dsir_channel,ANC,2014,171.19750145552126,0,2023
dsir_channel,ANC,2015,204.3891332554118,0,2023
dsir_channel,ANC,2016,242.63230033504638,0,2023
dsir_channel,ANC,2017,241.1193580763263,0,2023
dsir_channel,ANC,2018,272.2864784758954,0,2023
dsir_channel,ANC,2019,316.01037248909535,0,2023
dsir_channel,ANC,2020,351.60943851092634,0,2023
dsir_channel,ANC,2021,401.59488272843,0,2023
dsir_channel,ANC,2022,443.01824907452567,0,2023
dsir_channel,ANC,2023,467.6069982913029,0,2023
dsir_channel,CMA,1971,269.30586542463516,0,2023
dsir_channel,CMA,1972,269.30586542463516,0,2023
dsir_channel,CMA,1973,269.30586542463516,0,2023
dsir_channel,CMA,1974,269.30586542463516,0,2023
dsir_channel,CMA,1975,269.30586542463516,0,2023
dsir_channel,CMA,1976,269.30586542463516,0,2023
dsir_channel,CMA,1977,269.30586542463516,0,2023
dsir_channel,CMA,1978,269.30586542463516,0,2023
dsir_channel,CMA,1979,269.30586542463516,0,2023
dsir_channel,CMA,1980,269.30586542463516,0,2023
dsir_channel,CMA,1981,269.30586542463516,0,2023
dsir_channel,CMA,1982,269.30586542463516,0,2023
dsir_channel,CMA,1983,269.30586542463516,0,2023
dsir_channel,CMA,1984,269.30586542463516,0,2023
dsir_channel,CMA,1985,269.30586542463516,0,2023
dsir_channel,CMA,1986,269.30586542463516,0,2023
dsir_channel,CMA,1987,269.30586542463516,0,2023
dsir_channel,CMA,1988,269.30586542463516,0,2023
dsir_channel,CMA,1989,269.30586542463516,0,2023
dsir_channel,CMA,1990,269.30586542463516,0,2023
dsir_channel,CMA,1991,269.30586542463516,0,2023
dsir_channel,CMA,1992,269.30586542463516,0,2023
dsir_channel,CMA,1993,269.30586542463516,0,2023
dsir_channel,CMA,1994,269.30586542463516,0,2023
dsir_channel,CMA,1995,269.30586542463516,0,2023
dsir_channel,CMA,1996,269.30586542463516,0,2023
dsir_channel,CMA,1997,269.30586542463516,0,2023
dsir_channel,CMA,1998,284.0029374774878,0,2023
dsir_channel,CMA,1999,289.79912039595257,0,2023
dsir_channel,CMA,2000,291.1035281871476,0,2023
dsir_channel,CMA,2001,294.47650185314507,0,2023
dsir_channel,CMA,2002,295.5121680723445,0,2023
dsir_channel,CMA,2003,294.0190833009881,0,2023
dsir_channel,CMA,2004,290.2577064144759,0,2023
dsir_channel,CMA,2005,288.6183467836207,0,2023
dsir_channel,CMA,2006,287.8813396340599,0,2023
dsir_channel,CMA,2007,289.2323835453082,0,2023
dsir_channel,CMA,2008,290.06726023325734,0,2023
dsir_channel,CMA,2009,289.45070024027706,0,2023
dsir_channel,CMA,2010,288.31750804762754,0,2023
dsir_channel,CMA,2011,285.7006617036671,0,2023
dsir_channel,CMA,2012,285.0245819119475,0,2023
dsir_channel,CMA,2013,285.38241064975693,0,2023
dsir_channel,CMA,2014,284.3815325998467,0,2023
dsir_channel,CMA,2015,282.53581126213095,0,2023
dsir_channel,CMA,2016,267.6268166224013,0,2023
dsir_channel,CMA,2017,266.1481498993312,0,2023
dsir_channel,CMA,2018,265.00317039501743,0,2023
dsir_channel,CMA,2019,268.02659162878786,0,2023
dsir_channel,CMA,2020,266.5563075132534,0,2023
dsir_channel,CMA,2021,272.3881608739393,0,2023
dsir_channel,CMA,2022,275.24251150457854,0,2023
dsir_channel,CMA,2023,277.36375473128726,0,2023
dsir_channel,DMF,1971,296.41457281449277,0,2023
dsir_channel,DMF,1972,296.41457281449277,0,2023
dsir_channel,DMF,1973,296.41457281449277,0,2023
dsir_channel,DMF,1974,296.41457281449277,0,2023
dsir_channel,DMF,1975,296.41457281449277,0,2023
dsir_channel,DMF,1976,296.41457281449277,0,2023
dsir_channel,DMF,1977,296.41457281449277,0,2023
dsir_channel,DMF,1978,296.41457281449277,0,2023
dsir_channel,DMF,1979,296.41457281449277,0,2023
dsir_channel,DMF,1980,296.41457281449277,0,2023
dsir_channel,DMF,1981,291.7588167316953,0,2023
dsir_channel,DMF,1982,285.80532492408327,0,2023
dsir_channel,DMF,1983,281.4750080396482,0,2023
dsir_channel,DMF,1984,273.2604393903171,0,2023
dsir_channel,DMF,1985,270.4860852532783,0,2023
dsir_channel,DMF,1986,264.55194950579346,0,2023
dsir_channel,DMF,1987,248.9735432802631,0,2023
dsir_channel,DMF,1988,233.29044612709237,0,2023
dsir_channel,DMF,1989,223.4018531827242,0,2023
dsir_channel,DMF,1990,217.5422255045807,0,2023
dsir_channel,DMF,1991,210.86449620316904,0,2023
dsir_channel,DMF,1992,212.2514031956366,0,2023
dsir_channel,DMF,1993,217.00916426862437,0,2023
dsir_channel,DMF,1994,218.4861737016527,0,2023
dsir_channel,DMF,1995,214.72369146439007,0,2023
dsir_channel,DMF,1996,212.2324466399248,0,2023
dsir_channel,DMF,1997,211.69140076228481,0,2023
dsir_channel,DMF,1998,208.2131571686322,0,2023
dsir_channel,DMF,1999,197.26183578475192,0,2023
dsir_channel,DMF,2000,192.8666975782933,0,2023
dsir_channel,DMF,2001,192.38138151894623,0,2023
dsir_channel,DMF,2002,191.26618866673599,0,2023
dsir_channel,DMF,2003,189.67951584910122,0,2023
dsir_channel,DMF,2004,185.03037292125302,0,2023
dsir_channel,DMF,2005,185.34819675312326,0,2023
dsir_channel,DMF,2006,185.60484555893802,0,2023
dsir_channel,DMF,2007,187.94526279400148,0,2023
dsir_channel,DMF,2008,194.00813798967752,0,2023
dsir_channel,DMF,2009,199.3861794427207,0,2023
dsir_channel,DMF,2010,201.04873741189124,0,2023
dsir_channel,DMF,2011,197.77382809340193,0,2023
dsir_channel,DMF,2012,200.78134515793323,0,2023
dsir_channel,DMF,2013,211.04002097472232,0,2023
dsir_channel,DMF,2014,215.8814767906184,0,2023
dsir_channel,DMF,2015,221.34866983105292,0,2023
dsir_channel,DMF,2016,224.56536108010852,0,2023
dsir_channel,DMF,2017,225.95668161510704,0,2023
dsir_channel,DMF,2018,218.31038279809644,0,2023
dsir_channel,DMF,2019,210.56814984748274,0,2023
dsir_channel,DMF,2020,200.58335107060498,0,2023
dsir_channel,DMF,2021,200.68092609781206,0,2023
dsir_channel,DMF,2022,202.2136094378336,0,2023
dsir_channel,DMF,2023,205.6746422054125,0,2023
dsir_channel,LPF,1971,406.2859000730142,0,2023
dsir_channel,LPF,1972,406.2859000730142,0,2023
dsir_channel,LPF,1973,406.2859000730142,0,2023
dsir_channel,LPF,1974,406.2859000730142,0,2023
dsir_channel,LPF,1975,406.2859000730142,0,2023
dsir_channel,LPF,1976,406.2859000730142,0,2023
dsir_channel,LPF,1977,406.2859000730142,0,2023
dsir_channel,LPF,1978,406.2859000730142,0,2023
dsir_channel,LPF,1979,406.2859000730142,0,2023
dsir_channel,LPF,1980,406.2859000730142,0,2023
dsir_channel,LPF,1981,406.2859000730142,0,2023
dsir_channel,LPF,1982,406.2859000730142,0,2023
dsir_channel,LPF,1983,406.2859000730142,0,2023
dsir_channel,LPF,1984,406.2859000730142,0,2023
dsir_channel,LPF,1985,406.2859000730142,0,2023
dsir_channel,LPF,1986,406.2859000730142,0,2023
dsir_channel,LPF,1987,406.2859000730142,0,2023
dsir_channel,LPF,1988,406.2859000730142,0,2023
dsir_channel,LPF,1989,406.2859000730142,0,2023
dsir_channel,LPF,1990,406.2859000730142,0,2023
dsir_channel,LPF,1991,406.2859000730142,0,2023
dsir_channel,LPF,1992,411.79565241964673,0,2023
dsir_channel,LPF,1993,410.5678201052322,0,2023
dsir_channel,LPF,1994,409.7426112163289,0,2023
dsir_channel,LPF,1995,408.8658638855616,0,2023
dsir_channel,LPF,1996,406.1755416275603,0,2023
dsir_channel,LPF,1997,415.69705569078224,0,2023
dsir_channel,LPF,1998,422.8956804276962,0,2023
dsir_channel,LPF,1999,422.46910314372883,0,2023
dsir_channel,LPF,2000,417.40112233659005,0,2023
dsir_channel,LPF,2001,421.5409085096058,0,2023
dsir_channel,LPF,2002,420.62708914552053,0,2023
dsir_channel,LPF,2003,416.97819416642807,0,2023
dsir_channel,LPF,2004,411.2065747771272,0,2023
dsir_channel,LPF,2005,406.7167765149706,0,2023
dsir_channel,LPF,2006,406.09218059698543,0,2023
dsir_channel,LPF,2007,407.5180349589467,0,2023
dsir_channel,LPF,2008,408.174804171309,0,2023
dsir_channel,LPF,2009,408.26832236705866,0,2023
dsir_channel,LPF,2010,406.8065064494271,0,2023
dsir_channel,LPF,2011,404.45384463066324,0,2023
dsir_channel,LPF,2012,402.58150103045773,0,2023
dsir_channel,LPF,2013,403.52379047398136,0,2023
dsir_channel,LPF,2014,400.2356344001245,0,2023
dsir_channel,LPF,2015,397.96255394223635,0,2023
dsir_channel,LPF,2016,376.6386349768414,0,2023
dsir_channel,LPF,2017,367.9726480385876,0,2023
dsir_channel,LPF,2018,360.18355359651446,0,2023
dsir_channel,LPF,2019,358.5957411426082,0,2023
dsir_channel,LPF,2020,352.1030708370665,0,2023
dsir_channel,LPF,2021,344.0195715350499,0,2023
dsir_channel,LPF,2022,343.3408366753864,0,2023
dsir_channel,LPF,2023,350.40100339889943,0,2023
dsir_channel,MPF,1971,234.88063173700672,0,2023
dsir_channel,MPF,1972,234.88063173700672,0,2023
dsir_channel,MPF,1973,234.88063173700672,0,2023
dsir_channel,MPF,1974,234.88063173700672,0,2023
dsir_channel,MPF,1975,234.88063173700672,0,2023
dsir_channel,MPF,1976,234.88063173700672,0,2023
dsir_channel,MPF,1977,234.88063173700672,0,2023
dsir_channel,MPF,1978,234.88063173700672,0,2023
dsir_channel,MPF,1979,234.88063173700672,0,2023
dsir_channel,MPF,1980,234.88063173700672,0,2023
dsir_channel,MPF,1981,234.88063173700672,0,2023
dsir_channel,MPF,1982,234.88063173700672,0,2023
dsir_channel,MPF,1983,234.88063173700672,0,2023
dsir_channel,MPF,1984,234.88063173700672,0,2023
dsir_channel,MPF,1985,234.88063173700672,0,2023
dsir_channel,MPF,1986,234.88063173700672,0,2023
dsir_channel,MPF,1987,234.88063173700672,0,2023
dsir_channel,MPF,1988,234.88063173700672,0,2023
dsir_channel,MPF,1989,234.88063173700672,0,2023
dsir_channel,MPF,1990,234.88063173700672,0,2023
dsir_channel,MPF,1991,234.88063173700672,0,2023
dsir_channel,MPF,1992,250.8170980169838,0,2023
dsir_channel,MPF,1993,255.05336396827394,0,2023
dsir_channel,MPF,1994,254.70525707871855,0,2023
dsir_channel,MPF,1995,257.3258099628468,0,2023
dsir_channel,MPF,1996,251.3573288428777,0,2023
dsir_channel,MPF,1997,262.6733851844924,0,2023
dsir_channel,MPF,1998,270.6298748581788,0,2023
dsir_channel,MPF,1999,271.544577041207,0,2023
dsir_channel,MPF,2000,264.26120575255874,0,2023
dsir_channel,MPF,2001,273.7195015914381,0,2023
dsir_channel,MPF,2002,275.89600016799153,0,2023
dsir_channel,MPF,2003,265.5864533060656,0,2023
dsir_channel,MPF,2004,248.43555168374482,0,2023
dsir_channel,MPF,2005,229.30588027362128,0,2023
dsir_channel,MPF,2006,219.20696872834762,0,2023
dsir_channel,MPF,2007,217.40166123404006,0,2023
dsir_channel,MPF,2008,216.36473244386843,0,2023
dsir_channel,MPF,2009,213.94225112074764,0,2023
dsir_channel,MPF,2010,206.68603042843503,0,2023
dsir_channel,MPF,2011,200.06365164475346,0,2023
dsir_channel,MPF,2012,194.605487712298,0,2023
dsir_channel,MPF,2013,194.05592393870887,0,2023
dsir_channel,MPF,2014,189.41062950591285,0,2023
dsir_channel,MPF,2015,182.06869428957853,0,2023
dsir_channel,MPF,2016,153.04392100790324,0,2023
dsir_channel,MPF,2017,135.933751882289,0,2023
dsir_channel,MPF,2018,123.38086695927701,0,2023
dsir_channel,MPF,2019,117.55989024526562,0,2023
dsir_channel,MPF,2020,110.01540124717393,0,2023
dsir_channel,MPF,2021,113.76248064010227,0,2023
dsir_channel,MPF,2022,117.05081816280557,0,2023
dsir_channel,MPF,2023,119.4794879181106,0,2023
dsir_channel,NTU,1971,163.56356567764485,0,2023
dsir_channel,NTU,1972,163.56356567764485,0,2023
dsir_channel,NTU,1973,163.56356567764485,0,2023
dsir_channel,NTU,1974,163.56356567764485,0,2023
dsir_channel,NTU,1975,163.56356567764485,0,2023
dsir_channel,NTU,1976,163.56356567764485,0,2023
dsir_channel,NTU,1977,163.56356567764485,0,2023
dsir_channel,NTU,1978,163.56356567764485,0,2023
dsir_channel,NTU,1979,163.56356567764485,0,2023
dsir_channel,NTU,1980,163.56356567764485,0,2023
dsir_channel,NTU,1981,163.56356567764485,0,2023
dsir_channel,NTU,1982,163.56356567764485,0,2023
dsir_channel,NTU,1983,163.56356567764485,0,2023
dsir_channel,NTU,1984,163.56356567764485,0,2023
dsir_channel,NTU,1985,163.56356567764485,0,2023
dsir_channel,NTU,1986,163.56356567764485,0,2023
dsir_channel,NTU,1987,163.56356567764485,0,2023
dsir_channel,NTU,1988,163.56356567764485,0,2023
dsir_channel,NTU,1989,163.56356567764485,0,2023
dsir_channel,NTU,1990,163.56356567764485,0,2023
dsir_channel,NTU,1991,163.56356567764485,0,2023
dsir_channel,NTU,1992,160.33066003645487,0,2023
dsir_channel,NTU,1993,153.9140768213199,0,2023
dsir_channel,NTU,1994,145.51070882513227,0,2023
dsir_channel,NTU,1995,142.4009775097224,0,2023
dsir_channel,NTU,1996,135.35847381128627,0,2023
dsir_channel,NTU,1997,134.94837754979497,0,2023
dsir_channel,NTU,1998,135.65240236439834,0,2023
dsir_channel,NTU,1999,136.73221080113237,0,2023
dsir_channel,NTU,2000,136.69340819321448,0,2023
dsir_channel,NTU,2001,141.48453514142716,0,2023
dsir_channel,NTU,2002,146.54319888359805,0,2023
dsir_channel,NTU,2003,148.4793663177473,0,2023
dsir_channel,NTU,2004,149.1275427236919,0,2023
dsir_channel,NTU,2005,148.77462021120203,0,2023
dsir_channel,NTU,2006,150.838341603681,0,2023
dsir_channel,NTU,2007,154.59104237357997,0,2023
dsir_channel,NTU,2008,158.62299617503655,0,2023
dsir_channel,NTU,2009,162.13905853884202,0,2023
dsir_channel,NTU,2010,165.8533285592525,0,2023
dsir_channel,NTU,2011,168.64991120618376,0,2023
dsir_channel,NTU,2012,171.75134802483979,0,2023
dsir_channel,NTU,2013,175.75514214084293,0,2023
dsir_channel,NTU,2014,178.49331276085695,0,2023
dsir_channel,NTU,2015,180.2443530422088,0,2023
dsir_channel,NTU,2016,168.2750168178115,0,2023
dsir_channel,NTU,2017,165.5466309832804,0,2023
dsir_channel,NTU,2018,167.8809312484822,0,2023
dsir_channel,NTU,2019,170.94319671937723,0,2023
dsir_channel,NTU,2020,174.12320109817776,0,2023
dsir_channel,NTU,2021,181.2562829761711,0,2023
dsir_channel,NTU,2022,189.9088828061615,0,2023
dsir_channel,NTU,2023,198.2744530684721,0,2023
dsir_channel,SAR,1971,942.7741576145798,0,2023
dsir_channel,SAR,1972,942.7741576145798,0,2023
dsir_channel,SAR,1973,942.7741576145798,0,2023
dsir_channel,SAR,1974,942.7741576145798,0,2023
dsir_channel,SAR,1975,942.7741576145798,0,2023
dsir_channel,SAR,1976,942.7741576145798,0,2023
dsir_channel,SAR,1977,942.7741576145798,0,2023
dsir_channel,SAR,1978,942.7741576145798,0,2023
dsir_channel,SAR,1979,942.7741576145798,0,2023
dsir_channel,SAR,1980,942.7741576145798,0,2023
dsir_channel,SAR,1981,942.7741576145798,0,2023
dsir_channel,SAR,1982,942.7741576145798,0,2023
dsir_channel,SAR,1983,942.7741576145798,0,2023
dsir_channel,SAR,1984,942.7741576145798,0,2023
dsir_channel,SAR,1985,942.7741576145798,0,2023
dsir_channel,SAR,1986,942.7741576145798,0,2023
dsir_channel,SAR,1987,942.7741576145798,0,2023
dsir_channel,SAR,1988,942.7741576145798,0,2023
dsir_channel,SAR,1989,942.7741576145798,0,2023
dsir_channel,SAR,1990,942.7741576145798,0,2023
dsir_channel,SAR,1991,546.2662743274717,0,2023
dsir_channel,SAR,1992,487.5490629720422,0,2023
dsir_channel,SAR,1993,416.03704325561694,0,2023
dsir_channel,SAR,1994,373.18458076631407,0,2023
dsir_channel,SAR,1995,343.99132651352085,0,2023
dsir_channel,SAR,1996,320.4137760888932,0,2023
dsir_channel,SAR,1997,335.7102255336245,0,2023
dsir_channel,SAR,1998,352.38230808084796,0,2023
dsir_channel,SAR,1999,362.50876667498295,0,2023
dsir_channel,SAR,2000,361.8067220719189,0,2023
dsir_channel,SAR,2001,382.80454929827215,0,2023
dsir_channel,SAR,2002,402.8044267894049,0,2023
dsir_channel,SAR,2003,417.95920331312,0,2023
dsir_channel,SAR,2004,423.78757738477054,0,2023
dsir_channel,SAR,2005,437.7088333398062,0,2023
dsir_channel,SAR,2006,458.73189343488514,0,2023
dsir_channel,SAR,2007,487.68284035387984,0,2023
dsir_channel,SAR,2008,520.3888077457227,0,2023
dsir_channel,SAR,2009,554.3481125775021,0,2023
dsir_channel,SAR,2010,589.8938244654496,0,2023
dsir_channel,SAR,2011,625.2205125452134,0,2023
dsir_channel,SAR,2012,657.5188285576917,0,2023
dsir_channel,SAR,2013,696.7858816665923,0,2023
dsir_channel,SAR,2014,733.249245015638,0,2023
dsir_channel,SAR,2015,765.0490579789077,0,2023
dsir_channel,SAR,2016,756.6131275337057,0,2023
dsir_channel,SAR,2017,781.4438199541643,0,2023
dsir_channel,SAR,2018,818.0361837405832,0,2023
dsir_channel,SAR,2019,856.2503631689501,0,2023
dsir_channel,SAR,2020,887.6953412847702,0,2023
dsir_channel,SAR,2021,933.1320262072957,0,2023
dsir_channel,SAR,2022,978.1917270036539,0,2023
dsir_channel,SAR,2023,1014.5067146711652,0,2023
dsir_channel,SCP,1971,100.56061061121927,0,2023
dsir_channel,SCP,1972,100.56061061121927,0,2023
dsir_channel,SCP,1973,100.56061061121927,0,2023
dsir_channel,SCP,1974,100.56061061121927,0,2023
dsir_channel,SCP,1975,100.56061061121927,0,2023
dsir_channel,SCP,1976,100.56061061121927,0,2023
dsir_channel,SCP,1977,100.56061061121927,0,2023
dsir_channel,SCP,1978,100.56061061121927,0,2023
dsir_channel,SCP,1979,100.56061061121927,0,2023
dsir_channel,SCP,1980,100.56061061121927,0,2023
dsir_channel,SCP,1981,100.56061061121927,0,2023
dsir_channel,SCP,1982,100.56061061121927,0,2023
dsir_channel,SCP,1983,100.56061061121927,0,2023
dsir_channel,SCP,1984,100.56061061121927,0,2023
dsir_channel,SCP,1985,100.56061061121927,0,2023
dsir_channel,SCP,1986,100.56061061121927,0,2023
dsir_channel,SCP,1987,100.56061061121927,0,2023
dsir_channel,SCP,1988,100.56061061121927,0,2023
dsir_channel,SCP,1989,100.56061061121927,0,2023
dsir_channel,SCP,1990,100.56061061121927,0,2023
dsir_channel,SCP,1991,100.56061061121927,0,2023
dsir_channel,SCP,1992,100.56061061121927,0,2023
dsir_channel,SCP,1993,100.56061061121927,0,2023
dsir_channel,SCP,1994,100.56061061121927,0,2023
dsir_channel,SCP,1995,100.56061061121927,0,2023
dsir_channel,SCP,1996,106.88048389274331,0,2023
dsir_channel,SCP,1997,118.5307797875852,0,2023
dsir_channel,SCP,1998,130.5720683031414,0,2023
dsir_channel,SCP,1999,141.25379771939276,0,2023
dsir_channel,SCP,2000,147.7363074744104,0,2023
dsir_channel,SCP,2001,158.69666221813878,0,2023
dsir_channel,SCP,2002,168.1686310923677,0,2023
dsir_channel,SCP,2003,174.6895519167533,0,2023
dsir_channel,SCP,2004,176.97304441176254,0,2023
dsir_channel,SCP,2005,179.2148402782533,0,2023
dsir_channel,SCP,2006,182.83336154884265,0,2023
dsir_channel,SCP,2007,187.0531894358116,0,2023
dsir_channel,SCP,2008,190.0288489977436,0,2023
dsir_channel,SCP,2009,192.47312380290245,0,2023
dsir_channel,SCP,2010,193.80854507976898,0,2023
dsir_channel,SCP,2011,194.27874624835792,0,2023
dsir_channel,SCP,2012,192.52993883758512,0,2023
dsir_channel,SCP,2013,191.27794835293687,0,2023
dsir_channel,SCP,2014,187.54684032111646,0,2023
dsir_channel,SCP,2015,182.95936927452672,0,2023
dsir_channel,SCP,2016,158.07863388302482,0,2023
dsir_channel,SCP,2017,151.42983762436654,0,2023
dsir_channel,SCP,2018,152.3482444686631,0,2023
dsir_channel,SCP,2019,152.85012602465702,0,2023
dsir_channel,SCP,2020,152.58365485742664,0,2023
dsir_channel,SCP,2021,154.5359156973966,0,2023
dsir_channel,SCP,2022,157.72309795878695,0,2023
dsir_channel,SCP,2023,162.1486956918784,0,2023
dsir_channel,ANC,1971,195.55507611797267,1,2022
dsir_channel,ANC,1972,195.55507611797267,1,2022
dsir_channel,ANC,1973,195.55507611797267,1,2022
dsir_channel,ANC,1974,195.55507611797267,1,2022
dsir_channel,ANC,1975,195.55507611797267,1,2022
dsir_channel,ANC,1976,195.55507611797267,1,2022
dsir_channel,ANC,1977,195.55507611797267,1,2022
dsir_channel,ANC,1978,195.55507611797267,1,2022
dsir_channel,ANC,1979,195.55507611797267,1,2022
dsir_channel,ANC,1980,195.55507611797267,1,2022
dsir_channel,ANC,1981,195.55507611797267,1,2022
dsir_channel,ANC,1982,195.55507611797267,1,2022
dsir_channel,ANC,1983,195.55507611797267,1,2022
dsir_channel,ANC,1984,195.55507611797267,1,2022
dsir_channel,ANC,1985,195.55507611797267,1,2022
dsir_channel,ANC,1986,195.55507611797267,1,2022
dsir_channel,ANC,1987,195.55507611797267,1,2022
dsir_channel,ANC,1988,195.55507611797267,1,2022
dsir_channel,ANC,1989,195.55507611797267,1,2022
dsir_channel,ANC,1990,195.55507611797267,1,2022
dsir_channel,ANC,1991,195.55507611797267,1,2022
dsir_channel,ANC,1992,195.55507611797267,1,2022
dsir_channel,ANC,1993,195.55507611797267,1,2022
dsir_channel,ANC,1994,195.55507611797267,1,2022
dsir_channel,ANC,1995,195.55507611797267,1,2022
dsir_channel,ANC,1996,195.55507611797267,1,2022
dsir_channel,ANC,1997,195.55507611797267,1,2022
dsir_channel,ANC,1998,195.55507611797267,1,2022
dsir_channel,ANC,1999,195.55507611797267,1,2022
dsir_channel,ANC,2000,195.55507611797267,1,2022
dsir_channel,ANC,2001,195.55507611797267,1,2022
dsir_channel,ANC,2002,195.55507611797267,1,2022
dsir_channel,ANC,2003,195.55507611797267,1,2022
dsir_channel,ANC,2004,195.55507611797267,1,2022
dsir_channel,ANC,2005,195.55507611797267,1,2022
dsir_channel,ANC,2006,195.55507611797267,1,2022
dsir_channel,ANC,2007,195.55507611797267,1,2022
dsir_channel,ANC,2008,195.55507611797267,1,2022
dsir_channel,ANC,2009,155.77502946287444,1,2022
dsir_channel,ANC,2010,136.69417203126147,1,2022
dsir_channel,ANC,2011,129.93704154158198,1,2022
dsir_channel,ANC,2012,122.64990289771991,1,2022
dsir_channel,ANC,2013,143.43832072073215,1,2022
dsir_channel,ANC,2014,179.82156274354614,1,2022
dsir_channel,ANC,2015,214.60967809524095,1,2022
dsir_channel,ANC,2016,255.14103860446767,1,2022
dsir_channel,ANC,2017,256.3482745783841,1,2022
dsir_channel,ANC,2018,289.420609951207,1,2022
dsir_channel,ANC,2019,334.9878232850928,1,2022
dsir_channel,ANC,2020,372.066443199987,1,2022
dsir_channel,ANC,2021,423.76966583633117,1,2022
dsir_channel,ANC,2022,466.8202115986093,1,2022
dsir_channel,CMA,1971,265.87138348782764,1,2022
dsir_channel,CMA,1972,265.87138348782764,1,2022
dsir_channel,CMA,1973,265.87138348782764,1,2022
dsir_channel,CMA,1974,265.87138348782764,1,2022
dsir_channel,CMA,1975,265.87138348782764,1,2022
dsir_channel,CMA,1976,265.87138348782764,1,2022
dsir_channel,CMA,1977,265.87138348782764,1,2022
dsir_channel,CMA,1978,265.87138348782764,1,2022
dsir_channel,CMA,1979,265.87138348782764,1,2022
dsir_channel,CMA,1980,265.87138348782764,1,2022
dsir_channel,CMA,1981,265.87138348782764,1,2022
dsir_channel,CMA,1982,265.87138348782764,1,2022
dsir_channel,CMA,1983,265.87138348782764,1,2022
dsir_channel,CMA,1984,265.87138348782764,1,2022
dsir_channel,CMA,1985,265.87138348782764,1,2022
dsir_channel,CMA,1986,265.87138348782764,1,2022
dsir_channel,CMA,1987,265.87138348782764,1,2022
dsir_channel,CMA,1988,265.87138348782764,1,2022
dsir_channel,CMA,1989,265.87138348782764,1,2022
dsir_channel,CMA,1990,265.87138348782764,1,2022
dsir_channel,CMA,1991,265.87138348782764,1,2022
dsir_channel,CMA,1992,265.87138348782764,1,2022
dsir_channel,CMA,1993,265.87138348782764,1,2022
dsir_channel,CMA,1994,265.87138348782764,1,2022
dsir_channel,CMA,1995,265.87138348782764,1,2022
dsir_channel,CMA,1996,265.87138348782764,1,2022
dsir_channel,CMA,1997,265.87138348782764,1,2022
dsir_channel,CMA,1998,284.65081617720216,1,2022
dsir_channel,CMA,1999,291.05049407667417,1,2022
dsir_channel,CMA,2000,292.03239909226204,1,2022
dsir_channel,CMA,2001,295.1462110407002,1,2022
dsir_channel,CMA,2002,295.81881437848017,1,2022
dsir_channel,CMA,2003,294.090344836819,1,2022
dsir_channel,CMA,2004,290.3606569868092,1,2022
dsir_channel,CMA,2005,289.0239649045434,1,2022
dsir_channel,CMA,2006,288.4751385517354,1,2022
dsir_channel,CMA,2007,289.92270638174847,1,2022
dsir_channel,CMA,2008,290.6340925326818,1,2022
dsir_channel,CMA,2009,289.8684937889594,1,2022
dsir_channel,CMA,2010,288.70164370229116,1,2022
dsir_channel,CMA,2011,286.1775636895709,1,2022
dsir_channel,CMA,2012,285.7024503986475,1,2022
dsir_channel,CMA,2013,286.16269633018976,1,2022
dsir_channel,CMA,2014,285.0986486268283,1,2022
dsir_channel,CMA,2015,283.3276012791945,1,2022
dsir_channel,CMA,2016,268.3660128692788,1,2022
dsir_channel,CMA,2017,268.53685529114006,1,2022
dsir_channel,CMA,2018,268.2994148274322,1,2022
dsir_channel,CMA,2019,271.5876887441022,1,2022
dsir_channel,CMA,2020,270.01741689739384,1,2022
dsir_channel,CMA,2021,275.6353706446023,1,2022
dsir_channel,CMA,2022,278.04855374290725,1,2022
dsir_channel,DMF,1971,293.1385995245501,1,2022
dsir_channel,DMF,1972,293.1385995245501,1,2022
dsir_channel,DMF,1973,293.1385995245501,1,2022
dsir_channel,DMF,1974,293.1385995245501,1,2022
dsir_channel,DMF,1975,293.1385995245501,1,2022
dsir_channel,DMF,1976,293.1385995245501,1,2022
dsir_channel,DMF,1977,293.1385995245501,1,2022
dsir_channel,DMF,1978,293.1385995245501,1,2022
dsir_channel,DMF,1979,293.1385995245501,1,2022
dsir_channel,DMF,1980,293.1385995245501,1,2022
dsir_channel,DMF,1981,288.78809245717883,1,2022
dsir_channel,DMF,1982,283.0272397823082,1,2022
dsir_channel,DMF,1983,278.3974680206282,1,2022
dsir_channel,DMF,1984,269.8328178764281,1,2022
dsir_channel,DMF,1985,266.8764640872234,1,2022
dsir_channel,DMF,1986,260.7396005874501,1,2022
dsir_channel,DMF,1987,244.4576837793454,1,2022
dsir_channel,DMF,1988,227.8401612591811,1,2022
dsir_channel,DMF,1989,217.05741909053737,1,2022
dsir_channel,DMF,1990,210.4338775374533,1,2022
dsir_channel,DMF,1991,203.14953968466557,1,2022
dsir_channel,DMF,1992,201.66808101986425,1,2022
dsir_channel,DMF,1993,204.53478658911672,1,2022
dsir_channel,DMF,1994,204.60615223678246,1,2022
dsir_channel,DMF,1995,199.81968450194876,1,2022
dsir_channel,DMF,1996,195.2704603022722,1,2022
dsir_channel,DMF,1997,193.2075966493831,1,2022
dsir_channel,DMF,1998,190.74758012435998,1,2022
dsir_channel,DMF,1999,181.86133212697854,1,2022
dsir_channel,DMF,2000,178.81756716345419,1,2022
dsir_channel,DMF,2001,179.51961075695877,1,2022
dsir_channel,DMF,2002,179.93023771019688,1,2022
dsir_channel,DMF,2003,180.153160275045,1,2022
dsir_channel,DMF,2004,177.10334355605872,1,2022
dsir_channel,DMF,2005,178.63021147029048,1,2022
dsir_channel,DMF,2006,179.79578584085863,1,2022
dsir_channel,DMF,2007,183.1719405511183,1,2022
dsir_channel,DMF,2008,190.409801204443,1,2022
dsir_channel,DMF,2009,196.78304013058624,1,2022
dsir_channel,DMF,2010,199.53164607631672,1,2022
dsir_channel,DMF,2011,197.45634577570704,1,2022
dsir_channel,DMF,2012,201.34123572622056,1,2022
dsir_channel,DMF,2013,212.65587150993585,1,2022
dsir_channel,DMF,2014,219.11840725922744,1,2022
dsir_channel,DMF,2015,226.57214287495765,1,2022
dsir_channel,DMF,2016,231.97665212580372,1,2022
dsir_channel,DMF,2017,234.59200519126375,1,2022
dsir_channel,DMF,2018,227.79981193774552,1,2022
dsir_channel,DMF,2019,220.60310722676365,1,2022
dsir_channel,DMF,2020,211.31481868392632,1,2022
dsir_channel,DMF,2021,211.97836756706192,1,2022
dsir_channel,DMF,2022,214.696470983685,1,2022
dsir_channel,LPF,1971,370.7704017938251,1,2022
dsir_channel,LPF,1972,370.7704017938251,1,2022
dsir_channel,LPF,1973,370.7704017938251,1,2022
dsir_channel,LPF,1974,370.7704017938251,1,2022
dsir_channel,LPF,1975,370.7704017938251,1,2022
dsir_channel,LPF,1976,370.7704017938251,1,2022
dsir_channel,LPF,1977,370.7704017938251,1,2022
dsir_channel,LPF,1978,370.7704017938251,1,2022
dsir_channel,LPF,1979,370.7704017938251,1,2022
dsir_channel,LPF,1980,370.7704017938251,1,2022
dsir_channel,LPF,1981,370.7704017938251,1,2022
dsir_channel,LPF,1982,370.7704017938251,1,2022
dsir_channel,LPF,1983,370.7704017938251,1,2022
dsir_channel,LPF,1984,370.7704017938251,1,2022
dsir_channel,LPF,1985,370.7704017938251,1,2022
dsir_channel,LPF,1986,370.7704017938251,1,2022
dsir_channel,LPF,1987,370.7704017938251,1,2022
dsir_channel,LPF,1988,370.7704017938251,1,2022
dsir_channel,LPF,1989,370.7704017938251,1,2022
dsir_channel,LPF,1990,370.7704017938251,1,2022
dsir_channel,LPF,1991,370.7704017938251,1,2022
dsir_channel,LPF,1992,384.1241775293434,1,2022
dsir_channel,LPF,1993,385.2637410332434,1,2022
dsir_channel,LPF,1994,385.8331872750155,1,2022
dsir_channel,LPF,1995,385.8225060892874,1,2022
dsir_channel,LPF,1996,383.9082133029222,1,2022
dsir_channel,LPF,1997,394.5749739613324,1,2022
dsir_channel,LPF,1998,399.6483599232059,1,2022
dsir_channel,LPF,1999,396.1267876285305,1,2022
dsir_channel,LPF,2000,389.86382802214655,1,2022
dsir_channel,LPF,2001,394.8496032847808,1,2022
dsir_channel,LPF,2002,393.22138815301884,1,2022
dsir_channel,LPF,2003,389.45726468897425,1,2022
dsir_channel,LPF,2004,384.6638868209276,1,2022
dsir_channel,LPF,2005,382.08905340742297,1,2022
dsir_channel,LPF,2006,383.53966111527416,1,2022
dsir_channel,LPF,2007,386.0437637824062,1,2022
dsir_channel,LPF,2008,386.8221717188148,1,2022
dsir_channel,LPF,2009,386.76975133924174,1,2022
dsir_channel,LPF,2010,385.23502020118804,1,2022
dsir_channel,LPF,2011,383.21501991543755,1,2022
dsir_channel,LPF,2012,382.1495599260215,1,2022
dsir_channel,LPF,2013,383.949046711624,1,2022
dsir_channel,LPF,2014,380.7694212197752,1,2022
dsir_channel,LPF,2015,379.4054454136095,1,2022
dsir_channel,LPF,2016,358.83643950338984,1,2022
dsir_channel,LPF,2017,356.1823402867948,1,2022
dsir_channel,LPF,2018,353.6420402855389,1,2022
dsir_channel,LPF,2019,356.702662548585,1,2022
dsir_channel,LPF,2020,352.9535998188706,1,2022
dsir_channel,LPF,2021,348.150321893082,1,2022
dsir_channel,LPF,2022,351.36285689318635,1,2022
dsir_channel,MPF,1971,224.95981812205144,1,2022
dsir_channel,MPF,1972,224.95981812205144,1,2022
dsir_channel,MPF,1973,224.95981812205144,1,2022
dsir_channel,MPF,1974,224.95981812205144,1,2022
dsir_channel,MPF,1975,224.95981812205144,1,2022
dsir_channel,MPF,1976,224.95981812205144,1,2022
dsir_channel,MPF,1977,224.95981812205144,1,2022
dsir_channel,MPF,1978,224.95981812205144,1,2022
dsir_channel,MPF,1979,224.95981812205144,1,2022
dsir_channel,MPF,1980,224.95981812205144,1,2022
dsir_channel,MPF,1981,224.95981812205144,1,2022
dsir_channel,MPF,1982,224.95981812205144,1,2022
dsir_channel,MPF,1983,224.95981812205144,1,2022
dsir_channel,MPF,1984,224.95981812205144,1,2022
dsir_channel,MPF,1985,224.95981812205144,1,2022
dsir_channel,MPF,1986,224.95981812205144,1,2022
dsir_channel,MPF,1987,224.95981812205144,1,2022
dsir_channel,MPF,1988,224.95981812205144,1,2022
dsir_channel,MPF,1989,224.95981812205144,1,2022
dsir_channel,MPF,1990,224.95981812205144,1,2022
dsir_channel,MPF,1991,224.95981812205144,1,2022
dsir_channel,MPF,1992,244.47396734710193,1,2022
dsir_channel,MPF,1993,250.71871437014445,1,2022
dsir_channel,MPF,1994,251.92995441043735,1,2022
dsir_channel,MPF,1995,256.08927611346684,1,2022
dsir_channel,MPF,1996,249.30125797347804,1,2022
dsir_channel,MPF,1997,258.7447925636958,1,2022
dsir_channel,MPF,1998,265.64009577907876,1,2022
dsir_channel,MPF,1999,264.9404520083933,1,2022
dsir_channel,MPF,2000,257.6026093265097,1,2022
dsir_channel,MPF,2001,266.395845891622,1,2022
dsir_channel,MPF,2002,268.78452088126573,1,2022
dsir_channel,MPF,2003,258.49738793505395,1,2022
dsir_channel,MPF,2004,242.25953192155416,1,2022
dsir_channel,MPF,2005,223.6287900386483,1,2022
dsir_channel,MPF,2006,214.1411469539226,1,2022
dsir_channel,MPF,2007,212.31838978757727,1,2022
dsir_channel,MPF,2008,211.6690965943514,1,2022
dsir_channel,MPF,2009,209.35154608183407,1,2022
dsir_channel,MPF,2010,202.65705867852952,1,2022
dsir_channel,MPF,2011,196.38310968201742,1,2022
dsir_channel,MPF,2012,191.35734857912888,1,2022
dsir_channel,MPF,2013,190.80078459107446,1,2022
dsir_channel,MPF,2014,186.24662979856345,1,2022
dsir_channel,MPF,2015,179.04679367888954,1,2022
dsir_channel,MPF,2016,150.26120017412254,1,2022
dsir_channel,MPF,2017,135.22370843935286,1,2022
dsir_channel,MPF,2018,123.81874740718074,1,2022
dsir_channel,MPF,2019,118.48296689222184,1,2022
dsir_channel,MPF,2020,111.28230212580691,1,2022
dsir_channel,MPF,2021,115.02198736462414,1,2022
dsir_channel,MPF,2022,118.21264289245418,1,2022
dsir_channel,NTU,1971,127.39601204474423,1,2022
dsir_channel,NTU,1972,127.39601204474423,1,2022
dsir_channel,NTU,1973,127.39601204474423,1,2022
dsir_channel,NTU,1974,127.39601204474423,1,2022
dsir_channel,NTU,1975,127.39601204474423,1,2022
dsir_channel,NTU,1976,127.39601204474423,1,2022
dsir_channel,NTU,1977,127.39601204474423,1,2022
dsir_channel,NTU,1978,127.39601204474423,1,2022
dsir_channel,NTU,1979,127.39601204474423,1,2022
dsir_channel,NTU,1980,127.39601204474423,1,2022
dsir_channel,NTU,1981,127.39601204474423,1,2022
dsir_channel,NTU,1982,127.39601204474423,1,2022
dsir_channel,NTU,1983,127.39601204474423,1,2022
dsir_channel,NTU,1984,127.39601204474423,1,2022
dsir_channel,NTU,1985,127.39601204474423,1,2022
dsir_channel,NTU,1986,127.39601204474423,1,2022
dsir_channel,NTU,1987,127.39601204474423,1,2022
dsir_channel,NTU,1988,127.39601204474423,1,2022
dsir_channel,NTU,1989,127.39601204474423,1,2022
dsir_channel,NTU,1990,127.39601204474423,1,2022
dsir_channel,NTU,1991,127.39601204474423,1,2022
dsir_channel,NTU,1992,166.88123183962463,1,2022
dsir_channel,NTU,1993,167.5121346101328,1,2022
dsir_channel,NTU,1994,165.18959748133832,1,2022
dsir_channel,NTU,1995,169.03123513122202,1,2022
dsir_channel,NTU,1996,164.3957553445576,1,2022
dsir_channel,NTU,1997,170.88108535968271,1,2022
dsir_channel,NTU,1998,170.02430682973667,1,2022
dsir_channel,NTU,1999,170.09845830203224,1,2022
dsir_channel,NTU,2000,168.41920352160128,1,2022
dsir_channel,NTU,2001,173.3238419801898,1,2022
dsir_channel,NTU,2002,171.9626917594429,1,2022
dsir_channel,NTU,2003,168.8258000994573,1,2022
dsir_channel,NTU,2004,167.9286727138927,1,2022
dsir_channel,NTU,2005,166.80057415572563,1,2022
dsir_channel,NTU,2006,168.99976630201755,1,2022
dsir_channel,NTU,2007,169.85524049587653,1,2022
dsir_channel,NTU,2008,169.49650632502207,1,2022
dsir_channel,NTU,2009,168.71808618523013,1,2022
dsir_channel,NTU,2010,168.6962202755606,1,2022
dsir_channel,NTU,2011,167.40909930366487,1,2022
dsir_channel,NTU,2012,167.5083137225736,1,2022
dsir_channel,NTU,2013,167.95113004923215,1,2022
dsir_channel,NTU,2014,166.0750215007616,1,2022
dsir_channel,NTU,2015,165.07094719687458,1,2022
dsir_channel,NTU,2016,150.72652460889216,1,2022
dsir_channel,NTU,2017,161.41386704064914,1,2022
dsir_channel,NTU,2018,165.60541945934295,1,2022
dsir_channel,NTU,2019,165.20708315434348,1,2022
dsir_channel,NTU,2020,164.85328569181905,1,2022
dsir_channel,NTU,2021,168.82113202360924,1,2022
dsir_channel,NTU,2022,169.2493546721028,1,2022
dsir_channel,SAR,1971,131.1729172701392,1,2022
dsir_channel,SAR,1972,131.1729172701392,1,2022
dsir_channel,SAR,1973,131.1729172701392,1,2022
dsir_channel,SAR,1974,131.1729172701392,1,2022
dsir_channel,SAR,1975,131.1729172701392,1,2022
dsir_channel,SAR,1976,131.1729172701392,1,2022
dsir_channel,SAR,1977,131.1729172701392,1,2022
dsir_channel,SAR,1978,131.1729172701392,1,2022
dsir_channel,SAR,1979,131.1729172701392,1,2022
dsir_channel,SAR,1980,131.1729172701392,1,2022
dsir_channel,SAR,1981,131.1729172701392,1,2022
dsir_channel,SAR,1982,131.1729172701392,1,2022
dsir_channel,SAR,1983,131.1729172701392,1,2022
dsir_channel,SAR,1984,131.1729172701392,1,2022
dsir_channel,SAR,1985,131.1729172701392,1,2022
dsir_channel,SAR,1986,131.1729172701392,1,2022
dsir_channel,SAR,1987,131.1729172701392,1,2022
dsir_channel,SAR,1988,131.1729172701392,1,2022
dsir_channel,SAR,1989,131.1729172701392,1,2022
dsir_channel,SAR,1990,131.1729172701392,1,2022
dsir_channel,SAR,1991,97.34391149476164,1,2022
dsir_channel,SAR,1992,95.0084335493831,1,2022
dsir_channel,SAR,1993,88.90607472000582,1,2022
dsir_channel,SAR,1994,91.5818434079583,1,2022
dsir_channel,SAR,1995,92.90335639120964,1,2022
dsir_channel,SAR,1996,91.25246163174475,1,2022
dsir_channel,SAR,1997,87.79805675369538,1,2022
dsir_channel,SAR,1998,86.90699438144104,1,2022
dsir_channel,SAR,1999,82.06852008192348,1,2022
dsir_channel,SAR,2000,82.00826927757157,1,2022
dsir_channel,SAR,2001,81.7438396543069,1,2022
dsir_channel,SAR,2002,82.44863113759645,1,2022
dsir_channel,SAR,2003,81.4469398873638,1,2022
dsir_channel,SAR,2004,75.95789952949453,1,2022
dsir_channel,SAR,2005,79.16757748820586,1,2022
dsir_channel,SAR,2006,82.70361059665252,1,2022
dsir_channel,SAR,2007,88.55388361648436,1,2022
dsir_channel,SAR,2008,96.51694161674638,1,2022
dsir_channel,SAR,2009,103.41283636880968,1,2022
dsir_channel,SAR,2010,112.2776094103781,1,2022
dsir_channel,SAR,2011,119.64548104842676,1,2022
dsir_channel,SAR,2012,126.02819734709547,1,2022
dsir_channel,SAR,2013,139.25175993198488,1,2022
dsir_channel,SAR,2014,148.48431792225696,1,2022
dsir_channel,SAR,2015,153.98360504592097,1,2022
dsir_channel,SAR,2016,135.9320938859111,1,2022
dsir_channel,SAR,2017,160.67653172328644,1,2022
dsir_channel,SAR,2018,180.68550383169045,1,2022
dsir_channel,SAR,2019,191.45640510875964,1,2022
dsir_channel,SAR,2020,191.65777555934253,1,2022
dsir_channel,SAR,2021,210.6636426083383,1,2022
dsir_channel,SAR,2022,213.4761097204336,1,2022
dsir_channel,SCP,1971,99.33493244100757,1,2022
dsir_channel,SCP,1972,99.33493244100757,1,2022
dsir_channel,SCP,1973,99.33493244100757,1,2022
dsir_channel,SCP,1974,99.33493244100757,1,2022
dsir_channel,SCP,1975,99.33493244100757,1,2022
dsir_channel,SCP,1976,99.33493244100757,1,2022
dsir_channel,SCP,1977,99.33493244100757,1,2022
dsir_channel,SCP,1978,99.33493244100757,1,2022
dsir_channel,SCP,1979,99.33493244100757,1,2022
dsir_channel,SCP,1980,99.33493244100757,1,2022
dsir_channel,SCP,1981,99.33493244100757,1,2022
dsir_channel,SCP,1982,99.33493244100757,1,2022
dsir_channel,SCP,1983,99.33493244100757,1,2022
dsir_channel,SCP,1984,99.33493244100757,1,2022
dsir_channel,SCP,1985,99.33493244100757,1,2022
dsir_channel,SCP,1986,99.33493244100757,1,2022
dsir_channel,SCP,1987,99.33493244100757,1,2022
dsir_channel,SCP,1988,99.33493244100757,1,2022
dsir_channel,SCP,1989,99.33493244100757,1,2022
dsir_channel,SCP,1990,99.33493244100757,1,2022
dsir_channel,SCP,1991,99.33493244100757,1,2022
dsir_channel,SCP,1992,99.33493244100757,1,2022
dsir_channel,SCP,1993,99.33493244100757,1,2022
dsir_channel,SCP,1994,99.33493244100757,1,2022
dsir_channel,SCP,1995,99.33493244100757,1,2022
dsir_channel,SCP,1996,161.46184127459145,1,2022
dsir_channel,SCP,1997,127.51355666060391,1,2022
dsir_channel,SCP,1998,160.37665803437181,1,2022
dsir_channel,SCP,1999,125.85799519941096,1,2022
dsir_channel,SCP,2000,154.6354669422851,1,2022
dsir_channel,SCP,2001,133.54963861518266,1,2022
dsir_channel,SCP,2002,152.81723193836297,1,2022
dsir_channel,SCP,2003,131.25026689522434,1,2022
dsir_channel,SCP,2004,148.41279182169993,1,2022
dsir_channel,SCP,2005,132.69053953839682,1,2022
dsir_channel,SCP,2006,148.9477024362864,1,2022
dsir_channel,SCP,2007,134.10165992378052,1,2022
dsir_channel,SCP,2008,147.52571517936028,1,2022
dsir_channel,SCP,2009,134.28485586342524,1,2022
dsir_channel,SCP,2010,146.12128047523714,1,2022
dsir_channel,SCP,2011,134.090375747732,1,2022
dsir_channel,SCP,2012,143.6559898079839,1,2022
dsir_channel,SCP,2013,134.79894608186032,1,2022
dsir_channel,SCP,2014,140.77040208472545,1,2022
dsir_channel,SCP,2015,133.89882630740436,1,2022
dsir_channel,SCP,2016,122.15717192135979,1,2022
dsir_channel,SCP,2017,143.4581281702477,1,2022
dsir_channel,SCP,2018,133.12236373511604,1,2022
dsir_channel,SCP,2019,142.24833069908698,1,2022
dsir_channel,SCP,2020,132.7466963592978,1,2022
dsir_channel,SCP,2021,143.8232654640153,1,2022
dsir_channel,SCP,2022,134.9502785844584,1,2022
dsir_channel,ANC,1971,210.0317059217429,2,2021
dsir_channel,ANC,1972,210.0317059217429,2,2021
dsir_channel,ANC,1973,210.0317059217429,2,2021
dsir_channel,ANC,1974,210.0317059217429,2,2021
dsir_channel,ANC,1975,210.0317059217429,2,2021
dsir_channel,ANC,1976,210.0317059217429,2,2021
dsir_channel,ANC,1977,210.0317059217429,2,2021
dsir_channel,ANC,1978,210.0317059217429,2,2021
dsir_channel,ANC,1979,210.0317059217429,2,2021
dsir_channel,ANC,1980,210.0317059217429,2,2021
dsir_channel,ANC,1981,210.0317059217429,2,2021
dsir_channel,ANC,1982,210.0317059217429,2,2021
dsir_channel,ANC,1983,210.0317059217429,2,2021
dsir_channel,ANC,1984,210.0317059217429,2,2021
dsir_channel,ANC,1985,210.0317059217429,2,2021
dsir_channel,ANC,1986,210.0317059217429,2,2021
dsir_channel,ANC,1987,210.0317059217429,2,2021
dsir_channel,ANC,1988,210.0317059217429,2,2021
dsir_channel,ANC,1989,210.0317059217429,2,2021
dsir_channel,ANC,1990,210.0317059217429,2,2021
dsir_channel,ANC,1991,210.0317059217429,2,2021
dsir_channel,ANC,1992,210.0317059217429,2,2021
dsir_channel,ANC,1993,210.0317059217429,2,2021
dsir_channel,ANC,1994,210.0317059217429,2,2021
dsir_channel,ANC,1995,210.0317059217429,2,2021
dsir_channel,ANC,1996,210.0317059217429,2,2021
dsir_channel,ANC,1997,210.0317059217429,2,2021
dsir_channel,ANC,1998,210.0317059217429,2,2021
dsir_channel,ANC,1999,210.0317059217429,2,2021
dsir_channel,ANC,2000,210.0317059217429,2,2021
dsir_channel,ANC,2001,210.0317059217429,2,2021
dsir_channel,ANC,2002,210.0317059217429,2,2021
dsir_channel,ANC,2003,210.0317059217429,2,2021
dsir_channel,ANC,2004,210.0317059217429,2,2021
dsir_channel,ANC,2005,210.0317059217429,2,2021
dsir_channel,ANC,2006,210.0317059217429,2,2021
dsir_channel,ANC,2007,210.0317059217429,2,2021
dsir_channel,ANC,2008,210.0317059217429,2,2021
dsir_channel,ANC,2009,166.31305088487153,2,2021
dsir_channel,ANC,2010,145.74697335933232,2,2021
dsir_channel,ANC,2011,138.86007397614395,2,2021
dsir_channel,ANC,2012,132.3885390608145,2,2021
dsir_channel,ANC,2013,155.52751251362415,2,2021
dsir_channel,ANC,2014,195.53593430752036,2,2021
dsir_channel,ANC,2015,235.2580357102192,2,2021
dsir_channel,ANC,2016,282.27677372418617,2,2021
dsir_channel,ANC,2017,289.25708034182776,2,2021
dsir_channel,ANC,2018,329.32695812122165,2,2021
dsir_channel,ANC,2019,382.1995499346384,2,2021
dsir_channel,ANC,2020,425.8105514367081,2,2021
dsir_channel,ANC,2021,482.88996961181783,2,2021
dsir_channel,CMA,1971,258.35335906340885,2,2021
dsir_channel,CMA,1972,258.35335906340885,2,2021
dsir_channel,CMA,1973,258.35335906340885,2,2021
dsir_channel,CMA,1974,258.35335906340885,2,2021
dsir_channel,CMA,1975,258.35335906340885,2,2021
dsir_channel,CMA,1976,258.35335906340885,2,2021
dsir_channel,CMA,1977,258.35335906340885,2,2021
dsir_channel,CMA,1978,258.35335906340885,2,2021
dsir_channel,CMA,1979,258.35335906340885,2,2021
dsir_channel,CMA,1980,258.35335906340885,2,2021
dsir_channel,CMA,1981,258.35335906340885,2,2021
dsir_channel,CMA,1982,258.35335906340885,2,2021
dsir_channel,CMA,1983,258.35335906340885,2,2021
dsir_channel,CMA,1984,258.35335906340885,2,2021
dsir_channel,CMA,1985,258.35335906340885,2,2021
dsir_channel,CMA,1986,258.35335906340885,2,2021
dsir_channel,CMA,1987,258.35335906340885,2,2021
dsir_channel,CMA,1988,258.35335906340885,2,2021
dsir_channel,CMA,1989,258.35335906340885,2,2021
dsir_channel,CMA,1990,258.35335906340885,2,2021
dsir_channel,CMA,1991,258.35335906340885,2,2021
dsir_channel,CMA,1992,258.35335906340885,2,2021
dsir_channel,CMA,1993,258.35335906340885,2,2021
dsir_channel,CMA,1994,258.35335906340885,2,2021
dsir_channel,CMA,1995,258.35335906340885,2,2021
dsir_channel,CMA,1996,258.35335906340885,2,2021
dsir_channel,CMA,1997,258.35335906340885,2,2021
dsir_channel,CMA,1998,276.14584288877137,2,2021
dsir_channel,CMA,1999,281.8710210121297,2,2021
dsir_channel,CMA,2000,282.5371367327419,2,2021
dsir_channel,CMA,2001,285.47543836683855,2,2021
dsir_channel,CMA,2002,286.0749315153311,2,2021
dsir_channel,CMA,2003,284.26103707716794,2,2021
dsir_channel,CMA,2004,280.46523823197714,2,2021
dsir_channel,CMA,2005,279.07427337195884,2,2021
dsir_channel,CMA,2006,278.4528803901886,2,2021
dsir_channel,CMA,2007,279.82511810281653,2,2021
dsir_channel,CMA,2008,280.4310899463281,2,2021
dsir_channel,CMA,2009,279.5600199246436,2,2021
dsir_channel,CMA,2010,278.28252555018446,2,2021
dsir_channel,CMA,2011,275.68086930621064,2,2021
dsir_channel,CMA,2012,275.10173560579625,2,2021
dsir_channel,CMA,2013,275.47700272054607,2,2021
dsir_channel,CMA,2014,274.24082346298974,2,2021
dsir_channel,CMA,2015,272.3450528771301,2,2021
dsir_channel,CMA,2016,256.8523501016503,2,2021
dsir_channel,CMA,2017,257.3549660701912,2,2021
dsir_channel,CMA,2018,257.3377830527203,2,2021
dsir_channel,CMA,2019,260.50511410460723,2,2021
dsir_channel,CMA,2020,258.8299603897224,2,2021
dsir_channel,CMA,2021,264.1767466004333,2,2021
dsir_channel,DMF,1971,324.0688724079452,2,2021
dsir_channel,DMF,1972,324.0688724079452,2,2021
dsir_channel,DMF,1973,324.0688724079452,2,2021
dsir_channel,DMF,1974,324.0688724079452,2,2021
dsir_channel,DMF,1975,324.0688724079452,2,2021
dsir_channel,DMF,1976,324.0688724079452,2,2021
dsir_channel,DMF,1977,324.0688724079452,2,2021
dsir_channel,DMF,1978,324.0688724079452,2,2021
dsir_channel,DMF,1979,324.0688724079452,2,2021
dsir_channel,DMF,1980,324.0688724079452,2,2021
dsir_channel,DMF,1981,327.47612675366486,2,2021
dsir_channel,DMF,1982,327.56293868204364,2,2021
dsir_channel,DMF,1983,328.65277733744256,2,2021
dsir_channel,DMF,1984,324.6047746802054,2,2021
dsir_channel,DMF,1985,325.0049123709022,2,2021
dsir_channel,DMF,1986,321.40364235137514,2,2021
dsir_channel,DMF,1987,308.4964315024708,2,2021
dsir_channel,DMF,1988,296.12316724429,2,2021
dsir_channel,DMF,1989,289.8139222849746,2,2021
dsir_channel,DMF,1990,287.20927296612183,2,2021
dsir_channel,DMF,1991,283.08368052274596,2,2021
dsir_channel,DMF,1992,283.21600912697966,2,2021
dsir_channel,DMF,1993,285.6353294887541,2,2021
dsir_channel,DMF,1994,283.92757854415174,2,2021
dsir_channel,DMF,1995,276.82588070732055,2,2021
dsir_channel,DMF,1996,269.7233350622639,2,2021
dsir_channel,DMF,1997,264.87808641492,2,2021
dsir_channel,DMF,1998,259.22131355668967,2,2021
dsir_channel,DMF,1999,246.01331672186612,2,2021
dsir_channel,DMF,2000,241.4611271103761,2,2021
dsir_channel,DMF,2001,240.614201554314,2,2021
dsir_channel,DMF,2002,239.00136547983288,2,2021
dsir_channel,DMF,2003,236.4793891624449,2,2021
dsir_channel,DMF,2004,231.05306658287944,2,2021
dsir_channel,DMF,2005,230.69255188850806,2,2021
dsir_channel,DMF,2006,230.31841930081828,2,2021
dsir_channel,DMF,2007,231.60199220679416,2,2021
dsir_channel,DMF,2008,236.70938111597474,2,2021
dsir_channel,DMF,2009,239.82510617029098,2,2021
dsir_channel,DMF,2010,238.58220144235247,2,2021
dsir_channel,DMF,2011,232.11644737346143,2,2021
dsir_channel,DMF,2012,233.32376007142827,2,2021
dsir_channel,DMF,2013,241.5674798554508,2,2021
dsir_channel,DMF,2014,243.27880112521666,2,2021
dsir_channel,DMF,2015,245.37630620876652,2,2021
dsir_channel,DMF,2016,245.05461264927993,2,2021
dsir_channel,DMF,2017,243.1587916221535,2,2021
dsir_channel,DMF,2018,230.93289285077034,2,2021
dsir_channel,DMF,2019,219.69984817356791,2,2021
dsir_channel,DMF,2020,207.19462161701307,2,2021
dsir_channel,DMF,2021,205.49744678949946,2,2021
dsir_channel,LPF,1971,348.68026141048574,2,2021
dsir_channel,LPF,1972,348.68026141048574,2,2021
dsir_channel,LPF,1973,348.68026141048574,2,2021
dsir_channel,LPF,1974,348.68026141048574,2,2021
dsir_channel,LPF,1975,348.68026141048574,2,2021
dsir_channel,LPF,1976,348.68026141048574,2,2021
dsir_channel,LPF,1977,348.68026141048574,2,2021
dsir_channel,LPF,1978,348.68026141048574,2,2021
dsir_channel,LPF,1979,348.68026141048574,2,2021
dsir_channel,LPF,1980,348.68026141048574,2,2021
dsir_channel,LPF,1981,348.68026141048574,2,2021
dsir_channel,LPF,1982,348.68026141048574,2,2021
dsir_channel,LPF,1983,348.68026141048574,2,2021
dsir_channel,LPF,1984,348.68026141048574,2,2021
dsir_channel,LPF,1985,348.68026141048574,2,2021
dsir_channel,LPF,1986,348.68026141048574,2,2021
dsir_channel,LPF,1987,348.68026141048574,2,2021
dsir_channel,LPF,1988,348.68026141048574,2,2021
dsir_channel,LPF,1989,348.68026141048574,2,2021
dsir_channel,LPF,1990,348.68026141048574,2,2021
dsir_channel,LPF,1991,348.68026141048574,2,2021
dsir_channel,LPF,1992,372.39586212466094,2,2021
dsir_channel,LPF,1993,371.6240818288094,2,2021
dsir_channel,LPF,1994,371.57627699196547,2,2021
dsir_channel,LPF,1995,371.2795989234749,2,2021
dsir_channel,LPF,1996,369.4388442364114,2,2021
dsir_channel,LPF,1997,381.1466762982091,2,2021
dsir_channel,LPF,1998,382.64822972477566,2,2021
dsir_channel,LPF,1999,377.17079270159843,2,2021
dsir_channel,LPF,2000,371.69571848072445,2,2021
dsir_channel,LPF,2001,378.9261910847157,2,2021
dsir_channel,LPF,2002,375.74914949263473,2,2021
dsir_channel,LPF,2003,372.4352948601523,2,2021
dsir_channel,LPF,2004,368.715917468622,2,2021
dsir_channel,LPF,2005,367.8118220387891,2,2021
dsir_channel,LPF,2006,370.1535521425259,2,2021
dsir_channel,LPF,2007,372.3818673928193,2,2021
dsir_channel,LPF,2008,372.17336595324184,2,2021
dsir_channel,LPF,2009,371.6291010532565,2,2021
dsir_channel,LPF,2010,369.88438898881657,2,2021
dsir_channel,LPF,2011,368.3431968953144,2,2021
dsir_channel,LPF,2012,367.86195143169977,2,2021
dsir_channel,LPF,2013,370.14067071933175,2,2021
dsir_channel,LPF,2014,366.3617013899238,2,2021
dsir_channel,LPF,2015,366.02039064707225,2,2021
dsir_channel,LPF,2016,345.5592790738844,2,2021
dsir_channel,LPF,2017,349.24983361599914,2,2021
dsir_channel,LPF,2018,349.27799612771116,2,2021
dsir_channel,LPF,2019,353.66757658384824,2,2021
dsir_channel,LPF,2020,349.2930880579123,2,2021
dsir_channel,LPF,2021,345.71558374321444,2,2021
dsir_channel,MPF,1971,239.50790639914666,2,2021
dsir_channel,MPF,1972,239.50790639914666,2,2021
dsir_channel,MPF,1973,239.50790639914666,2,2021
dsir_channel,MPF,1974,239.50790639914666,2,2021
dsir_channel,MPF,1975,239.50790639914666,2,2021
dsir_channel,MPF,1976,239.50790639914666,2,2021
dsir_channel,MPF,1977,239.50790639914666,2,2021
dsir_channel,MPF,1978,239.50790639914666,2,2021
dsir_channel,MPF,1979,239.50790639914666,2,2021
dsir_channel,MPF,1980,239.50790639914666,2,2021
dsir_channel,MPF,1981,239.50790639914666,2,2021
dsir_channel,MPF,1982,239.50790639914666,2,2021
dsir_channel,MPF,1983,239.50790639914666,2,2021
dsir_channel,MPF,1984,239.50790639914666,2,2021
dsir_channel,MPF,1985,239.50790639914666,2,2021
dsir_channel,MPF,1986,239.50790639914666,2,2021
dsir_channel,MPF,1987,239.50790639914666,2,2021
dsir_channel,MPF,1988,239.50790639914666,2,2021
dsir_channel,MPF,1989,239.50790639914666,2,2021
dsir_channel,MPF,1990,239.50790639914666,2,2021
dsir_channel,MPF,1991,239.50790639914666,2,2021
dsir_channel,MPF,1992,259.2971865004215,2,2021
dsir_channel,MPF,1993,266.38120220673267,2,2021
dsir_channel,MPF,1994,268.36726699697863,2,2021
dsir_channel,MPF,1995,273.00490694750334,2,2021
dsir_channel,MPF,1996,266.6402752016949,2,2021
dsir_channel,MPF,1997,276.46587407448084,2,2021
dsir_channel,MPF,1998,283.93485267870943,2,2021
dsir_channel,MPF,1999,283.7885664181548,2,2021
dsir_channel,MPF,2000,276.6168905214019,2,2021
dsir_channel,MPF,2001,285.539966497561,2,2021
dsir_channel,MPF,2002,287.97397431277193,2,2021
dsir_channel,MPF,2003,277.28729289857256,2,2021
dsir_channel,MPF,2004,260.1307756274947,2,2021
dsir_channel,MPF,2005,239.99393121623868,2,2021
dsir_channel,MPF,2006,229.20861979842996,2,2021
dsir_channel,MPF,2007,226.1528267315745,2,2021
dsir_channel,MPF,2008,224.26684268054453,2,2021
dsir_channel,MPF,2009,220.68686098360743,2,2021
dsir_channel,MPF,2010,212.6562284309442,2,2021
dsir_channel,MPF,2011,204.79101971069605,2,2021
dsir_channel,MPF,2012,198.4051659980094,2,2021
dsir_channel,MPF,2013,196.6157423839604,2,2021
dsir_channel,MPF,2014,190.8381329169005,2,2021
dsir_channel,MPF,2015,182.18041418959362,2,2021
dsir_channel,MPF,2016,152.09727812976513,2,2021
dsir_channel,MPF,2017,134.29305363165847,2,2021
dsir_channel,MPF,2018,120.05862546291247,2,2021
dsir_channel,MPF,2019,112.3984564436767,2,2021
dsir_channel,MPF,2020,103.07084866955732,2,2021
dsir_channel,MPF,2021,104.62979433614936,2,2021
dsir_channel,NTU,1971,128.02790552022333,2,2021
dsir_channel,NTU,1972,128.02790552022333,2,2021
dsir_channel,NTU,1973,128.02790552022333,2,2021
dsir_channel,NTU,1974,128.02790552022333,2,2021
dsir_channel,NTU,1975,128.02790552022333,2,2021
dsir_channel,NTU,1976,128.02790552022333,2,2021
dsir_channel,NTU,1977,128.02790552022333,2,2021
dsir_channel,NTU,1978,128.02790552022333,2,2021
dsir_channel,NTU,1979,128.02790552022333,2,2021
dsir_channel,NTU,1980,128.02790552022333,2,2021
dsir_channel,NTU,1981,128.02790552022333,2,2021
dsir_channel,NTU,1982,128.02790552022333,2,2021
dsir_channel,NTU,1983,128.02790552022333,2,2021
dsir_channel,NTU,1984,128.02790552022333,2,2021
dsir_channel,NTU,1985,128.02790552022333,2,2021
dsir_channel,NTU,1986,128.02790552022333,2,2021
dsir_channel,NTU,1987,128.02790552022333,2,2021
dsir_channel,NTU,1988,128.02790552022333,2,2021
dsir_channel,NTU,1989,128.02790552022333,2,2021
dsir_channel,NTU,1990,128.02790552022333,2,2021
dsir_channel,NTU,1991,128.02790552022333,2,2021
dsir_channel,NTU,1992,164.28867155760932,2,2021
dsir_channel,NTU,1993,168.51247144714597,2,2021
dsir_channel,NTU,1994,165.98610027138454,2,2021
dsir_channel,NTU,1995,169.75653163950312,2,2021
dsir_channel,NTU,1996,165.57698559380538,2,2021
dsir_channel,NTU,1997,171.7236235805307,2,2021
dsir_channel,NTU,1998,171.68966524787396,2,2021
dsir_channel,NTU,1999,171.62482940979763,2,2021
dsir_channel,NTU,2000,170.0220167131349,2,2021
dsir_channel,NTU,2001,174.85565161969367,2,2021
dsir_channel,NTU,2002,174.10064613820177,2,2021
dsir_channel,NTU,2003,170.78773140741328,2,2021
dsir_channel,NTU,2004,169.67721297233192,2,2021
dsir_channel,NTU,2005,168.58223228993054,2,2021
dsir_channel,NTU,2006,170.72240645933314,2,2021
dsir_channel,NTU,2007,171.88353972732418,2,2021
dsir_channel,NTU,2008,171.6682324146969,2,2021
dsir_channel,NTU,2009,170.9158190439444,2,2021
dsir_channel,NTU,2010,170.9066882560411,2,2021
dsir_channel,NTU,2011,169.7327646348265,2,2021
dsir_channel,NTU,2012,169.80802820017044,2,2021
dsir_channel,NTU,2013,170.3479639180462,2,2021
dsir_channel,NTU,2014,168.67475329683344,2,2021
dsir_channel,NTU,2015,167.61827523421832,2,2021
dsir_channel,NTU,2016,153.95931327822186,2,2021
dsir_channel,NTU,2017,163.0846553019412,2,2021
dsir_channel,NTU,2018,167.98154266991338,2,2021
dsir_channel,NTU,2019,168.02664754121764,2,2021
dsir_channel,NTU,2020,167.75031808663792,2,2021
dsir_channel,NTU,2021,171.57257071904496,2,2021
dsir_channel,SAR,1971,154.06642505744617,2,2021
dsir_channel,SAR,1972,154.06642505744617,2,2021
dsir_channel,SAR,1973,154.06642505744617,2,2021
dsir_channel,SAR,1974,154.06642505744617,2,2021
dsir_channel,SAR,1975,154.06642505744617,2,2021
dsir_channel,SAR,1976,154.06642505744617,2,2021
dsir_channel,SAR,1977,154.06642505744617,2,2021
dsir_channel,SAR,1978,154.06642505744617,2,2021
dsir_channel,SAR,1979,154.06642505744617,2,2021
dsir_channel,SAR,1980,154.06642505744617,2,2021
dsir_channel,SAR,1981,154.06642505744617,2,2021
dsir_channel,SAR,1982,154.06642505744617,2,2021
dsir_channel,SAR,1983,154.06642505744617,2,2021
dsir_channel,SAR,1984,154.06642505744617,2,2021
dsir_channel,SAR,1985,154.06642505744617,2,2021
dsir_channel,SAR,1986,154.06642505744617,2,2021
dsir_channel,SAR,1987,154.06642505744617,2,2021
dsir_channel,SAR,1988,154.06642505744617,2,2021
dsir_channel,SAR,1989,154.06642505744617,2,2021
dsir_channel,SAR,1990,154.06642505744617,2,2021
dsir_channel,SAR,1991,102.72396382189648,2,2021
dsir_channel,SAR,1992,95.85862622345935,2,2021
dsir_channel,SAR,1993,87.78156443726724,2,2021
dsir_channel,SAR,1994,88.64462639442966,2,2021
dsir_channel,SAR,1995,89.2766752660296,2,2021
dsir_channel,SAR,1996,87.94383142113473,2,2021
dsir_channel,SAR,1997,85.92318826773565,2,2021
dsir_channel,SAR,1998,85.13934969290149,2,2021
dsir_channel,SAR,1999,81.19617098870911,2,2021
dsir_channel,SAR,2000,80.37260899975313,2,2021
dsir_channel,SAR,2001,80.09583503996332,2,2021
dsir_channel,SAR,2002,80.45083697449947,2,2021
dsir_channel,SAR,2003,79.69190869544579,2,2021
dsir_channel,SAR,2004,73.58190210503844,2,2021
dsir_channel,SAR,2005,75.55230153630677,2,2021
dsir_channel,SAR,2006,77.34075935599905,2,2021
dsir_channel,SAR,2007,81.71603301787077,2,2021
dsir_channel,SAR,2008,88.2386005659752,2,2021
dsir_channel,SAR,2009,94.78648843756126,2,2021
dsir_channel,SAR,2010,103.32850061279049,2,2021
dsir_channel,SAR,2011,111.44611487443355,2,2021
dsir_channel,SAR,2012,118.65926043917966,2,2021
dsir_channel,SAR,2013,132.62710915834015,2,2021
dsir_channel,SAR,2014,144.8145463721819,2,2021
dsir_channel,SAR,2015,153.94407689900177,2,2021
dsir_channel,SAR,2016,138.18091298949406,2,2021
dsir_channel,SAR,2017,159.7974704325544,2,2021
dsir_channel,SAR,2018,186.22030424008048,2,2021
dsir_channel,SAR,2019,205.7081748512043,2,2021
dsir_channel,SAR,2020,211.42355731880266,2,2021
dsir_channel,SAR,2021,234.04903267318508,2,2021
dsir_channel,SCP,1971,102.22551952545592,2,2021
dsir_channel,SCP,1972,102.22551952545592,2,2021
dsir_channel,SCP,1973,102.22551952545592,2,2021
dsir_channel,SCP,1974,102.22551952545592,2,2021
dsir_channel,SCP,1975,102.22551952545592,2,2021
dsir_channel,SCP,1976,102.22551952545592,2,2021
dsir_channel,SCP,1977,102.22551952545592,2,2021
dsir_channel,SCP,1978,102.22551952545592,2,2021
dsir_channel,SCP,1979,102.22551952545592,2,2021
dsir_channel,SCP,1980,102.22551952545592,2,2021
dsir_channel,SCP,1981,102.22551952545592,2,2021
dsir_channel,SCP,1982,102.22551952545592,2,2021
dsir_channel,SCP,1983,102.22551952545592,2,2021
dsir_channel,SCP,1984,102.22551952545592,2,2021
dsir_channel,SCP,1985,102.22551952545592,2,2021
dsir_channel,SCP,1986,102.22551952545592,2,2021
dsir_channel,SCP,1987,102.22551952545592,2,2021
dsir_channel,SCP,1988,102.22551952545592,2,2021
dsir_channel,SCP,1989,102.22551952545592,2,2021
dsir_channel,SCP,1990,102.22551952545592,2,2021
dsir_channel,SCP,1991,102.22551952545592,2,2021
dsir_channel,SCP,1992,102.22551952545592,2,2021
dsir_channel,SCP,1993,102.22551952545592,2,2021
dsir_channel,SCP,1994,102.22551952545592,2,2021
dsir_channel,SCP,1995,102.22551952545592,2,2021
dsir_channel,SCP,1996,160.53499277388465,2,2021
dsir_channel,SCP,1997,127.06221722175864,2,2021
dsir_channel,SCP,1998,159.5946741522607,2,2021
dsir_channel,SCP,1999,124.9227703597045,2,2021
dsir_channel,SCP,2000,154.19948676901467,2,2021
dsir_channel,SCP,2001,132.10458918352504,2,2021
dsir_channel,SCP,2002,152.53295815570962,2,2021
dsir_channel,SCP,2003,129.48140125231365,2,2021
dsir_channel,SCP,2004,148.1144262855242,2,2021
dsir_channel,SCP,2005,130.8016716049515,2,2021
dsir_channel,SCP,2006,148.43090917326322,2,2021
dsir_channel,SCP,2007,132.18852737561625,2,2021
dsir_channel,SCP,2008,146.841466101162,2,2021
dsir_channel,SCP,2009,132.30078434025378,2,2021
dsir_channel,SCP,2010,145.19324668982952,2,2021
dsir_channel,SCP,2011,132.06711165861765,2,2021
dsir_channel,SCP,2012,142.40788183732593,2,2021
dsir_channel,SCP,2013,132.7885411287722,2,2021
dsir_channel,SCP,2014,139.20558821011903,2,2021
dsir_channel,SCP,2015,131.78759361903812,2,2021
dsir_channel,SCP,2016,119.76381740757908,2,2021
dsir_channel,SCP,2017,140.8936957562371,2,2021
dsir_channel,SCP,2018,131.7027104743727,2,2021
dsir_channel,SCP,2019,139.4323862615066,2,2021
dsir_channel,SCP,2020,131.1753492327942,2,2021
dsir_channel,SCP,2021,140.94126073101387,2,2021
dsir_channel,ANC,1971,218.15467438513502,3,2020
dsir_channel,ANC,1972,218.15467438513502,3,2020
dsir_channel,ANC,1973,218.15467438513502,3,2020
dsir_channel,ANC,1974,218.15467438513502,3,2020
dsir_channel,ANC,1975,218.15467438513502,3,2020
dsir_channel,ANC,1976,218.15467438513502,3,2020
dsir_channel,ANC,1977,218.15467438513502,3,2020
dsir_channel,ANC,1978,218.15467438513502,3,2020
dsir_channel,ANC,1979,218.15467438513502,3,2020
dsir_channel,ANC,1980,218.15467438513502,3,2020
dsir_channel,ANC,1981,218.15467438513502,3,2020
dsir_channel,ANC,1982,218.15467438513502,3,2020
dsir_channel,ANC,1983,218.15467438513502,3,2020
dsir_channel,ANC,1984,218.15467438513502,3,2020
dsir_channel,ANC,1985,218.15467438513502,3,2020
dsir_channel,ANC,1986,218.15467438513502,3,2020
dsir_channel,ANC,1987,218.15467438513502,3,2020
dsir_channel,ANC,1988,218.15467438513502,3,2020
dsir_channel,ANC,1989,218.15467438513502,3,2020
dsir_channel,ANC,1990,218.15467438513502,3,2020
dsir_channel,ANC,1991,218.15467438513502,3,2020
dsir_channel,ANC,1992,218.15467438513502,3,2020
dsir_channel,ANC,1993,218.15467438513502,3,2020
dsir_channel,ANC,1994,218.15467438513502,3,2020
dsir_channel,ANC,1995,218.15467438513502,3,2020
dsir_channel,ANC,1996,218.15467438513502,3,2020
dsir_channel,ANC,1997,218.15467438513502,3,2020
dsir_channel,ANC,1998,218.15467438513502,3,2020
dsir_channel,ANC,1999,218.15467438513502,3,2020
dsir_channel,ANC,2000,218.15467438513502,3,2020
dsir_channel,ANC,2001,218.15467438513502,3,2020
dsir_channel,ANC,2002,218.15467438513502,3,2020
dsir_channel,ANC,2003,218.15467438513502,3,2020
dsir_channel,ANC,2004,218.15467438513502,3,2020
dsir_channel,ANC,2005,218.15467438513502,3,2020
dsir_channel,ANC,2006,218.15467438513502,3,2020
dsir_channel,ANC,2007,218.15467438513502,3,2020
dsir_channel,ANC,2008,218.15467438513502,3,2020
dsir_channel,ANC,2009,172.55614858213917,3,2020
dsir_channel,ANC,2010,151.3155683250706,3,2020
dsir_channel,ANC,2011,144.48306833839064,3,2020
dsir_channel,ANC,2012,138.53605333395637,3,2020
dsir_channel,ANC,2013,163.00367960777777,3,2020
dsir_channel,ANC,2014,204.93393989580042,3,2020
dsir_channel,ANC,2015,247.13643032644364,3,2020
dsir_channel,ANC,2016,297.2777396873169,3,2020
dsir_channel,ANC,2017,307.2797476239688,3,2020
dsir_channel,ANC,2018,350.3974282750612,3,2020
dsir_channel,ANC,2019,405.7202523365447,3,2020
dsir_channel,ANC,2020,451.0666217333074,3,2020
dsir_channel,CMA,1971,257.4514995781249,3,2020
dsir_channel,CMA,1972,257.4514995781249,3,2020
dsir_channel,CMA,1973,257.4514995781249,3,2020
dsir_channel,CMA,1974,257.4514995781249,3,2020
dsir_channel,CMA,1975,257.4514995781249,3,2020
dsir_channel,CMA,1976,257.4514995781249,3,2020
dsir_channel,CMA,1977,257.4514995781249,3,2020
dsir_channel,CMA,1978,257.4514995781249,3,2020
dsir_channel,CMA,1979,257.4514995781249,3,2020
dsir_channel,CMA,1980,257.4514995781249,3,2020
dsir_channel,CMA,1981,257.4514995781249,3,2020
dsir_channel,CMA,1982,257.4514995781249,3,2020
dsir_channel,CMA,1983,257.4514995781249,3,2020
dsir_channel,CMA,1984,257.4514995781249,3,2020
dsir_channel,CMA,1985,257.4514995781249,3,2020
dsir_channel,CMA,1986,257.4514995781249,3,2020
dsir_channel,CMA,1987,257.4514995781249,3,2020
dsir_channel,CMA,1988,257.4514995781249,3,2020
dsir_channel,CMA,1989,257.4514995781249,3,2020
dsir_channel,CMA,1990,257.4514995781249,3,2020
dsir_channel,CMA,1991,257.4514995781249,3,2020
dsir_channel,CMA,1992,257.4514995781249,3,2020
dsir_channel,CMA,1993,257.4514995781249,3,2020
dsir_channel,CMA,1994,257.4514995781249,3,2020
dsir_channel,CMA,1995,257.4514995781249,3,2020
dsir_channel,CMA,1996,257.4514995781249,3,2020
dsir_channel,CMA,1997,257.4514995781249,3,2020
dsir_channel,CMA,1998,274.1158880839432,3,2020
dsir_channel,CMA,1999,279.82148696841097,3,2020
dsir_channel,CMA,2000,280.6695331049339,3,2020
dsir_channel,CMA,2001,283.73305394771756,3,2020
dsir_channel,CMA,2002,284.4804653022693,3,2020
dsir_channel,CMA,2003,282.72855484718576,3,2020
dsir_channel,CMA,2004,278.9225379309875,3,2020
dsir_channel,CMA,2005,277.4471643510097,3,2020
dsir_channel,CMA,2006,276.7926114510588,3,2020
dsir_channel,CMA,2007,278.1606410167311,3,2020
dsir_channel,CMA,2008,278.8382273783822,3,2020
dsir_channel,CMA,2009,278.0424498837429,3,2020
dsir_channel,CMA,2010,276.80837118187685,3,2020
dsir_channel,CMA,2011,274.25406373574083,3,2020
dsir_channel,CMA,2012,273.64756096593953,3,2020
dsir_channel,CMA,2013,274.01936889213397,3,2020
dsir_channel,CMA,2014,272.851847135886,3,2020
dsir_channel,CMA,2015,271.04806545283634,3,2020
dsir_channel,CMA,2016,255.7889570965802,3,2020
dsir_channel,CMA,2017,256.261369428931,3,2020
dsir_channel,CMA,2018,256.3936149500717,3,2020
dsir_channel,CMA,2019,259.5361451269674,3,2020
dsir_channel,CMA,2020,258.1139656230956,3,2020
dsir_channel,DMF,1971,319.81166783204765,3,2020
dsir_channel,DMF,1972,319.81166783204765,3,2020
dsir_channel,DMF,1973,319.81166783204765,3,2020
dsir_channel,DMF,1974,319.81166783204765,3,2020
dsir_channel,DMF,1975,319.81166783204765,3,2020
dsir_channel,DMF,1976,319.81166783204765,3,2020
dsir_channel,DMF,1977,319.81166783204765,3,2020
dsir_channel,DMF,1978,319.81166783204765,3,2020
dsir_channel,DMF,1979,319.81166783204765,3,2020
dsir_channel,DMF,1980,319.81166783204765,3,2020
dsir_channel,DMF,1981,324.4404355929887,3,2020
dsir_channel,DMF,1982,325.4260509353681,3,2020
dsir_channel,DMF,1983,327.21301222673065,3,2020
dsir_channel,DMF,1984,323.65169997872016,3,2020
dsir_channel,DMF,1985,324.4137253765341,3,2020
dsir_channel,DMF,1986,321.08401033533244,3,2020
dsir_channel,DMF,1987,308.39881755953866,3,2020
dsir_channel,DMF,1988,296.2617260745993,3,2020
dsir_channel,DMF,1989,290.19443134325735,3,2020
dsir_channel,DMF,1990,287.8196368635677,3,2020
dsir_channel,DMF,1991,283.9003431511727,3,2020
dsir_channel,DMF,1992,284.09901057292006,3,2020
dsir_channel,DMF,1993,286.68019610476443,3,2020
dsir_channel,DMF,1994,285.03071055491813,3,2020
dsir_channel,DMF,1995,277.9916112999758,3,2020
dsir_channel,DMF,1996,270.95209559362195,3,2020
dsir_channel,DMF,1997,266.1532304565019,3,2020
dsir_channel,DMF,1998,260.5601074705506,3,2020
dsir_channel,DMF,1999,247.35632671917185,3,2020
dsir_channel,DMF,2000,242.92878226663467,3,2020
dsir_channel,DMF,2001,242.19282347500615,3,2020
dsir_channel,DMF,2002,240.74022392200715,3,2020
dsir_channel,DMF,2003,238.34425093676862,3,2020
dsir_channel,DMF,2004,233.101018791364,3,2020
dsir_channel,DMF,2005,232.96145901799193,3,2020
dsir_channel,DMF,2006,232.80856260749604,3,2020
dsir_channel,DMF,2007,234.30982209230316,3,2020
dsir_channel,DMF,2008,239.62814695817374,3,2020
dsir_channel,DMF,2009,242.9230907501789,3,2020
dsir_channel,DMF,2010,241.8510345836477,3,2020
dsir_channel,DMF,2011,235.53918634953206,3,2020
dsir_channel,DMF,2012,236.99427408131638,3,2020
dsir_channel,DMF,2013,245.44941054252328,3,2020
dsir_channel,DMF,2014,247.32131415596004,3,2020
dsir_channel,DMF,2015,249.58080606746597,3,2020
dsir_channel,DMF,2016,249.4637503149861,3,2020
dsir_channel,DMF,2017,247.89526744219123,3,2020
dsir_channel,DMF,2018,236.21953808756857,3,2020
dsir_channel,DMF,2019,225.48879728531895,3,2020
dsir_channel,DMF,2020,213.49846941640808,3,2020
dsir_channel,LPF,1971,349.12615379841304,3,2020
dsir_channel,LPF,1972,349.12615379841304,3,2020
dsir_channel,LPF,1973,349.12615379841304,3,2020
dsir_channel,LPF,1974,349.12615379841304,3,2020
dsir_channel,LPF,1975,349.12615379841304,3,2020
dsir_channel,LPF,1976,349.12615379841304,3,2020
dsir_channel,LPF,1977,349.12615379841304,3,2020
dsir_channel,LPF,1978,349.12615379841304,3,2020
dsir_channel,LPF,1979,349.12615379841304,3,2020
dsir_channel,LPF,1980,349.12615379841304,3,2020
dsir_channel,LPF,1981,349.12615379841304,3,2020
dsir_channel,LPF,1982,349.12615379841304,3,2020
dsir_channel,LPF,1983,349.12615379841304,3,2020
dsir_channel,LPF,1984,349.12615379841304,3,2020
dsir_channel,LPF,1985,349.12615379841304,3,2020
dsir_channel,LPF,1986,349.12615379841304,3,2020
dsir_channel,LPF,1987,349.12615379841304,3,2020
dsir_channel,LPF,1988,349.12615379841304,3,2020
dsir_channel,LPF,1989,349.12615379841304,3,2020
dsir_channel,LPF,1990,349.12615379841304,3,2020
dsir_channel,LPF,1991,349.12615379841304,3,2020
dsir_channel,LPF,1992,362.94227184868214,3,2020
dsir_channel,LPF,1993,363.4592033157221,3,2020
dsir_channel,LPF,1994,363.68029437512274,3,2020
dsir_channel,LPF,1995,363.4761910021817,3,2020
dsir_channel,LPF,1996,361.52153598141365,3,2020
dsir_channel,LPF,1997,372.3144250883862,3,2020
dsir_channel,LPF,1998,376.6374848610347,3,2020
dsir_channel,LPF,1999,372.51631335753683,3,2020
dsir_channel,LPF,2000,366.18078687725,3,2020
dsir_channel,LPF,2001,371.5202949216782,3,2020
dsir_channel,LPF,2002,369.5809126082982,3,2020
dsir_channel,LPF,2003,365.8044010902889,3,2020
dsir_channel,LPF,2004,361.1239767140167,3,2020
dsir_channel,LPF,2005,358.8520014049288,3,2020
dsir_channel,LPF,2006,360.43077801241265,3,2020
dsir_channel,LPF,2007,362.8596851491667,3,2020
dsir_channel,LPF,2008,363.343912727664,3,2020
dsir_channel,LPF,2009,362.95291120615116,3,2020
dsir_channel,LPF,2010,361.09547678662284,3,2020
dsir_channel,LPF,2011,358.9892632351216,3,2020
dsir_channel,LPF,2012,357.97879269812216,3,2020
dsir_channel,LPF,2013,359.89880645478644,3,2020
dsir_channel,LPF,2014,356.51093874997474,3,2020
dsir_channel,LPF,2015,355.26107000599336,3,2020
dsir_channel,LPF,2016,334.86887593021123,3,2020
dsir_channel,LPF,2017,333.2438969363248,3,2020
dsir_channel,LPF,2018,330.7020211927175,3,2020
dsir_channel,LPF,2019,333.70955763128643,3,2020
dsir_channel,LPF,2020,329.7221207062453,3,2020
dsir_channel,MPF,1971,241.73596672073634,3,2020
dsir_channel,MPF,1972,241.73596672073634,3,2020
dsir_channel,MPF,1973,241.73596672073634,3,2020
dsir_channel,MPF,1974,241.73596672073634,3,2020
dsir_channel,MPF,1975,241.73596672073634,3,2020
dsir_channel,MPF,1976,241.73596672073634,3,2020
dsir_channel,MPF,1977,241.73596672073634,3,2020
dsir_channel,MPF,1978,241.73596672073634,3,2020
dsir_channel,MPF,1979,241.73596672073634,3,2020
dsir_channel,MPF,1980,241.73596672073634,3,2020
dsir_channel,MPF,1981,241.73596672073634,3,2020
dsir_channel,MPF,1982,241.73596672073634,3,2020
dsir_channel,MPF,1983,241.73596672073634,3,2020
dsir_channel,MPF,1984,241.73596672073634,3,2020
dsir_channel,MPF,1985,241.73596672073634,3,2020
dsir_channel,MPF,1986,241.73596672073634,3,2020
dsir_channel,MPF,1987,241.73596672073634,3,2020
dsir_channel,MPF,1988,241.73596672073634,3,2020
dsir_channel,MPF,1989,241.73596672073634,3,2020
dsir_channel,MPF,1990,241.73596672073634,3,2020
dsir_channel,MPF,1991,241.73596672073634,3,2020
dsir_channel,MPF,1992,261.9050105339068,3,2020
dsir_channel,MPF,1993,269.4527696911826,3,2020
dsir_channel,MPF,1994,271.42252983566163,3,2020
dsir_channel,MPF,1995,276.13717435460126,3,2020
dsir_channel,MPF,1996,269.643776308415,3,2020
dsir_channel,MPF,1997,279.6264147543279,3,2020
dsir_channel,MPF,1998,287.3088598474166,3,2020
dsir_channel,MPF,1999,287.41630384661653,3,2020
dsir_channel,MPF,2000,280.24149634945434,3,2020
dsir_channel,MPF,2001,289.4844495117205,3,2020
dsir_channel,MPF,2002,291.89803037135954,3,2020
dsir_channel,MPF,2003,281.14012002393906,3,2020
dsir_channel,MPF,2004,263.8991584074431,3,2020
dsir_channel,MPF,2005,244.07563028576482,3,2020
dsir_channel,MPF,2006,233.71144360753462,3,2020
dsir_channel,MPF,2007,231.2488737894652,3,2020
dsir_channel,MPF,2008,229.78262292525864,3,2020
dsir_channel,MPF,2009,226.60992690274546,3,2020
dsir_channel,MPF,2010,218.89331134624885,3,2020
dsir_channel,MPF,2011,211.55071730000955,3,2020
dsir_channel,MPF,2012,205.3309346034515,3,2020
dsir_channel,MPF,2013,203.69143862778478,3,2020
dsir_channel,MPF,2014,197.8335480708364,3,2020
dsir_channel,MPF,2015,189.25011112091383,3,2020
dsir_channel,MPF,2016,157.57247419751943,3,2020
dsir_channel,MPF,2017,140.83481098261444,3,2020
dsir_channel,MPF,2018,128.8669083888608,3,2020
dsir_channel,MPF,2019,122.92570353918174,3,2020
dsir_channel,MPF,2020,115.07583176385478,3,2020
dsir_channel,NTU,1971,134.82045350844643,3,2020
dsir_channel,NTU,1972,134.82045350844643,3,2020
dsir_channel,NTU,1973,134.82045350844643,3,2020
dsir_channel,NTU,1974,134.82045350844643,3,2020
dsir_channel,NTU,1975,134.82045350844643,3,2020
dsir_channel,NTU,1976,134.82045350844643,3,2020
dsir_channel,NTU,1977,134.82045350844643,3,2020
dsir_channel,NTU,1978,134.82045350844643,3,2020
dsir_channel,NTU,1979,134.82045350844643,3,2020
dsir_channel,NTU,1980,134.82045350844643,3,2020
dsir_channel,NTU,1981,134.82045350844643,3,2020
dsir_channel,NTU,1982,134.82045350844643,3,2020
dsir_channel,NTU,1983,134.82045350844643,3,2020
dsir_channel,NTU,1984,134.82045350844643,3,2020
dsir_channel,NTU,1985,134.82045350844643,3,2020
dsir_channel,NTU,1986,134.82045350844643,3,2020
dsir_channel,NTU,1987,134.82045350844643,3,2020
dsir_channel,NTU,1988,134.82045350844643,3,2020
dsir_channel,NTU,1989,134.82045350844643,3,2020
dsir_channel,NTU,1990,134.82045350844643,3,2020
dsir_channel,NTU,1991,134.82045350844643,3,2020
dsir_channel,NTU,1992,168.72555886249228,3,2020
dsir_channel,NTU,1993,175.14758266193127,3,2020
dsir_channel,NTU,1994,173.2058138930543,3,2020
dsir_channel,NTU,1995,176.78721757661688,3,2020
dsir_channel,NTU,1996,173.0131073942162,3,2020
dsir_channel,NTU,1997,178.87753696063953,3,2020
dsir_channel,NTU,1998,179.48840373510907,3,2020
dsir_channel,NTU,1999,179.4345354516607,3,2020
dsir_channel,NTU,2000,177.87772828057393,3,2020
dsir_channel,NTU,2001,182.61730077917548,3,2020
dsir_channel,NTU,2002,182.39729429829703,3,2020
dsir_channel,NTU,2003,179.04333357811808,3,2020
dsir_channel,NTU,2004,177.70590213578078,3,2020
dsir_channel,NTU,2005,176.58944873988307,3,2020
dsir_channel,NTU,2006,178.69130866800177,3,2020
dsir_channel,NTU,2007,180.1081758115467,3,2020
dsir_channel,NTU,2008,180.08187586868834,3,2020
dsir_channel,NTU,2009,179.3873152848364,3,2020
dsir_channel,NTU,2010,179.3962883452503,3,2020
dsir_channel,NTU,2011,178.31103250342343,3,2020
dsir_channel,NTU,2012,178.4124275111895,3,2020
dsir_channel,NTU,2013,179.04002238066616,3,2020
dsir_channel,NTU,2014,177.57130408471815,3,2020
dsir_channel,NTU,2015,176.4820358348572,3,2020
dsir_channel,NTU,2016,163.48612082422287,3,2020
dsir_channel,NTU,2017,171.19184666900549,3,2020
dsir_channel,NTU,2018,176.370427285431,3,2020
dsir_channel,NTU,2019,176.95164742872072,3,2020
dsir_channel,NTU,2020,176.79670644108137,3,2020
dsir_channel,SAR,1971,158.01787417613528,3,2020
dsir_channel,SAR,1972,158.01787417613528,3,2020
dsir_channel,SAR,1973,158.01787417613528,3,2020
dsir_channel,SAR,1974,158.01787417613528,3,2020
dsir_channel,SAR,1975,158.01787417613528,3,2020
dsir_channel,SAR,1976,158.01787417613528,3,2020
dsir_channel,SAR,1977,158.01787417613528,3,2020
dsir_channel,SAR,1978,158.01787417613528,3,2020
dsir_channel,SAR,1979,158.01787417613528,3,2020
dsir_channel,SAR,1980,158.01787417613528,3,2020
dsir_channel,SAR,1981,158.01787417613528,3,2020
dsir_channel,SAR,1982,158.01787417613528,3,2020
dsir_channel,SAR,1983,158.01787417613528,3,2020
dsir_channel,SAR,1984,158.01787417613528,3,2020
dsir_channel,SAR,1985,158.01787417613528,3,2020
dsir_channel,SAR,1986,158.01787417613528,3,2020
dsir_channel,SAR,1987,158.01787417613528,3,2020
dsir_channel,SAR,1988,158.01787417613528,3,2020
dsir_channel,SAR,1989,158.01787417613528,3,2020
dsir_channel,SAR,1990,158.01787417613528,3,2020
dsir_channel,SAR,1991,104.06001427572363,3,2020
dsir_channel,SAR,1992,96.48278349694121,3,2020
dsir_channel,SAR,1993,88.2756353268681,3,2020
dsir_channel,SAR,1994,88.92896079372318,3,2020
dsir_channel,SAR,1995,89.42963074289672,3,2020
dsir_channel,SAR,1996,88.09073609990625,3,2020
dsir_channel,SAR,1997,86.18946887839165,3,2020
dsir_channel,SAR,1998,85.46533890563637,3,2020
dsir_channel,SAR,1999,81.5646430373863,3,2020
dsir_channel,SAR,2000,80.63809142844349,3,2020
dsir_channel,SAR,2001,80.34802631118278,3,2020
dsir_channel,SAR,2002,80.68403820873868,3,2020
dsir_channel,SAR,2003,79.95099572653476,3,2020
dsir_channel,SAR,2004,73.82969893220451,3,2020
dsir_channel,SAR,2005,75.96296681165141,3,2020
dsir_channel,SAR,2006,78.09296483777281,3,2020
dsir_channel,SAR,2007,82.95290370430209,3,2020
dsir_channel,SAR,2008,89.83037554624926,3,2020
dsir_channel,SAR,2009,96.5946885890387,3,2020
dsir_channel,SAR,2010,105.05691905202303,3,2020
dsir_channel,SAR,2011,112.87063088038859,3,2020
dsir_channel,SAR,2012,119.43837591320363,3,2020
dsir_channel,SAR,2013,132.6229199218176,3,2020
dsir_channel,SAR,2014,143.88169036177464,3,2020
dsir_channel,SAR,2015,152.0152617526483,3,2020
dsir_channel,SAR,2016,135.86387974005615,3,2020
dsir_channel,SAR,2017,155.63713242871648,3,2020
dsir_channel,SAR,2018,181.27433972205904,3,2020
dsir_channel,SAR,2019,201.2166431833497,3,2020
dsir_channel,SAR,2020,207.61483869410276,3,2020
dsir_channel,SCP,1971,98.32216527780027,3,2020
dsir_channel,SCP,1972,98.32216527780027,3,2020
dsir_channel,SCP,1973,98.32216527780027,3,2020
dsir_channel,SCP,1974,98.32216527780027,3,2020
dsir_channel,SCP,1975,98.32216527780027,3,2020
dsir_channel,SCP,1976,98.32216527780027,3,2020
dsir_channel,SCP,1977,98.32216527780027,3,2020
dsir_channel,SCP,1978,98.32216527780027,3,2020
dsir_channel,SCP,1979,98.32216527780027,3,2020
dsir_channel,SCP,1980,98.32216527780027,3,2020
dsir_channel,SCP,1981,98.32216527780027,3,2020
dsir_channel,SCP,1982,98.32216527780027,3,2020
dsir_channel,SCP,1983,98.32216527780027,3,2020
dsir_channel,SCP,1984,98.32216527780027,3,2020
dsir_channel,SCP,1985,98.32216527780027,3,2020
dsir_channel,SCP,1986,98.32216527780027,3,2020
dsir_channel,SCP,1987,98.32216527780027,3,2020
dsir_channel,SCP,1988,98.32216527780027,3,2020
dsir_channel,SCP,1989,98.32216527780027,3,2020
dsir_channel,SCP,1990,98.32216527780027,3,2020
dsir_channel,SCP,1991,98.32216527780027,3,2020
dsir_channel,SCP,1992,98.32216527780027,3,2020
dsir_channel,SCP,1993,98.32216527780027,3,2020
dsir_channel,SCP,1994,98.32216527780027,3,2020
dsir_channel,SCP,1995,98.32216527780027,3,2020
dsir_channel,SCP,1996,153.9883460178985,3,2020
dsir_channel,SCP,1997,121.40657323747146,3,2020
dsir_channel,SCP,1998,153.0877962481362,3,2020
dsir_channel,SCP,1999,119.26556834985794,3,2020
dsir_channel,SCP,2000,147.57348996132617,3,2020
dsir_channel,SCP,2001,126.64363755356204,3,2020
dsir_channel,SCP,2002,145.88270539100034,3,2020
dsir_channel,SCP,2003,124.0460378885693,3,2020
dsir_channel,SCP,2004,141.49300259653228,3,2020
dsir_channel,SCP,2005,125.37184227352348,3,2020
dsir_channel,SCP,2006,141.93098293010732,3,2020
dsir_channel,SCP,2007,126.72800204958233,3,2020
dsir_channel,SCP,2008,140.44156054899133,3,2020
dsir_channel,SCP,2009,126.8176412998847,3,2020
dsir_channel,SCP,2010,138.90355930464455,3,2020
dsir_channel,SCP,2011,126.57317580269898,3,2020
dsir_channel,SCP,2012,136.28230636426406,3,2020
dsir_channel,SCP,2013,127.27863670450004,3,2020
dsir_channel,SCP,2014,133.24250362408938,3,2020
dsir_channel,SCP,2015,126.31232969032908,3,2020
dsir_channel,SCP,2016,114.39389199473091,3,2020
dsir_channel,SCP,2017,135.33843475534388,3,2020
dsir_channel,SCP,2018,125.92273371431877,3,2020
dsir_channel,SCP,2019,134.01622047443362,3,2020
dsir_channel,SCP,2020,125.43101691453258,3,2020
dsir_channel,ANC,1971,212.3749714453164,4,2019
dsir_channel,ANC,1972,212.3749714453164,4,2019
dsir_channel,ANC,1973,212.3749714453164,4,2019
dsir_channel,ANC,1974,212.3749714453164,4,2019
dsir_channel,ANC,1975,212.3749714453164,4,2019
dsir_channel,ANC,1976,212.3749714453164,4,2019
dsir_channel,ANC,1977,212.3749714453164,4,2019
dsir_channel,ANC,1978,212.3749714453164,4,2019
dsir_channel,ANC,1979,212.3749714453164,4,2019
dsir_channel,ANC,1980,212.3749714453164,4,2019
dsir_channel,ANC,1981,212.3749714453164,4,2019
dsir_channel,ANC,1982,212.3749714453164,4,2019
dsir_channel,ANC,1983,212.3749714453164,4,2019
dsir_channel,ANC,1984,212.3749714453164,4,2019
dsir_channel,ANC,1985,212.3749714453164,4,2019
dsir_channel,ANC,1986,212.3749714453164,4,2019
dsir_channel,ANC,1987,212.3749714453164,4,2019
dsir_channel,ANC,1988,212.3749714453164,4,2019
dsir_channel,ANC,1989,212.3749714453164,4,2019
dsir_channel,ANC,1990,212.3749714453164,4,2019
dsir_channel,ANC,1991,212.3749714453164,4,2019
dsir_channel,ANC,1992,212.3749714453164,4,2019
dsir_channel,ANC,1993,212.3749714453164,4,2019
dsir_channel,ANC,1994,212.3749714453164,4,2019
dsir_channel,ANC,1995,212.3749714453164,4,2019
dsir_channel,ANC,1996,212.3749714453164,4,2019
dsir_channel,ANC,1997,212.3749714453164,4,2019
dsir_channel,ANC,1998,212.3749714453164,4,2019
dsir_channel,ANC,1999,212.3749714453164,4,2019
dsir_channel,ANC,2000,212.3749714453164,4,2019
dsir_channel,ANC,2001,212.3749714453164,4,2019
dsir_channel,ANC,2002,212.3749714453164,4,2019
dsir_channel,ANC,2003,212.3749714453164,4,2019
dsir_channel,ANC,2004,212.3749714453164,4,2019
dsir_channel,ANC,2005,212.3749714453164,4,2019
dsir_channel,ANC,2006,212.3749714453164,4,2019
dsir_channel,ANC,2007,212.3749714453164,4,2019
dsir_channel,ANC,2008,212.3749714453164,4,2019
dsir_channel,ANC,2009,162.5730210191318,4,2019
dsir_channel,ANC,2010,138.36684059197881,4,2019
dsir_channel,ANC,2011,129.37363121048338,4,2019
dsir_channel,ANC,2012,122.05113721798745,4,2019
dsir_channel,ANC,2013,144.0770712200435,4,2019
dsir_channel,ANC,2014,185.1041847454217,4,2019
dsir_channel,ANC,2015,231.3700268182785,4,2019
dsir_channel,ANC,2016,291.8725732388653,4,2019
dsir_channel,ANC,2017,324.79349425362614,4,2019
dsir_channel,ANC,2018,391.86143573322096,4,2019
dsir_channel,ANC,2019,475.76092869714785,4,2019
dsir_channel,CMA,1971,257.7548119971321,4,2019
dsir_channel,CMA,1972,257.7548119971321,4,2019
dsir_channel,CMA,1973,257.7548119971321,4,2019
dsir_channel,CMA,1974,257.7548119971321,4,2019
dsir_channel,CMA,1975,257.7548119971321,4,2019
dsir_channel,CMA,1976,257.7548119971321,4,2019
dsir_channel,CMA,1977,257.7548119971321,4,2019
dsir_channel,CMA,1978,257.7548119971321,4,2019
dsir_channel,CMA,1979,257.7548119971321,4,2019
dsir_channel,CMA,1980,257.7548119971321,4,2019
dsir_channel,CMA,1981,257.7548119971321,4,2019
dsir_channel,CMA,1982,257.7548119971321,4,2019
dsir_channel,CMA,1983,257.7548119971321,4,2019
dsir_channel,CMA,1984,257.7548119971321,4,2019
dsir_channel,CMA,1985,257.7548119971321,4,2019
dsir_channel,CMA,1986,257.7548119971321,4,2019
dsir_channel,CMA,1987,257.7548119971321,4,2019
dsir_channel,CMA,1988,257.7548119971321,4,2019
dsir_channel,CMA,1989,257.7548119971321,4,2019
dsir_channel,CMA,1990,257.7548119971321,4,2019
dsir_channel,CMA,1991,257.7548119971321,4,2019
dsir_channel,CMA,1992,257.7548119971321,4,2019
dsir_channel,CMA,1993,257.7548119971321,4,2019
dsir_channel,CMA,1994,257.7548119971321,4,2019
dsir_channel,CMA,1995,257.7548119971321,4,2019
dsir_channel,CMA,1996,257.7548119971321,4,2019
dsir_channel,CMA,1997,257.7548119971321,4,2019
dsir_channel,CMA,1998,275.1904183570611,4,2019
dsir_channel,CMA,1999,281.18163216806573,4,2019
dsir_channel,CMA,2000,282.04656016409007,4,2019
dsir_channel,CMA,2001,285.19476139079757,4,2019
dsir_channel,CMA,2002,285.95817199126753,4,2019
dsir_channel,CMA,2003,284.2230619472597,4,2019
dsir_channel,CMA,2004,280.4454805883025,4,2019
dsir_channel,CMA,2005,279.066942497864,4,2019
dsir_channel,CMA,2006,278.4777364537649,4,2019
dsir_channel,CMA,2007,279.9361519637978,4,2019
dsir_channel,CMA,2008,280.66623890201004,4,2019
dsir_channel,CMA,2009,279.9338054319833,4,2019
dsir_channel,CMA,2010,278.7663712707743,4,2019
dsir_channel,CMA,2011,276.35115763923056,4,2019
dsir_channel,CMA,2012,275.85962573283496,4,2019
dsir_channel,CMA,2013,276.34585363665605,4,2019
dsir_channel,CMA,2014,275.29753435906474,4,2019
dsir_channel,CMA,2015,273.694122119965,4,2019
dsir_channel,CMA,2016,258.96385388031274,4,2019
dsir_channel,CMA,2017,259.91049290172487,4,2019
dsir_channel,CMA,2018,260.2651819226613,4,2019
dsir_channel,CMA,2019,263.43257866223206,4,2019
dsir_channel,DMF,1971,323.27131505668206,4,2019
dsir_channel,DMF,1972,323.27131505668206,4,2019
dsir_channel,DMF,1973,323.27131505668206,4,2019
dsir_channel,DMF,1974,323.27131505668206,4,2019
dsir_channel,DMF,1975,323.27131505668206,4,2019
dsir_channel,DMF,1976,323.27131505668206,4,2019
dsir_channel,DMF,1977,323.27131505668206,4,2019
dsir_channel,DMF,1978,323.27131505668206,4,2019
dsir_channel,DMF,1979,323.27131505668206,4,2019
dsir_channel,DMF,1980,323.27131505668206,4,2019
dsir_channel,DMF,1981,315.1906283663813,4,2019
dsir_channel,DMF,1982,306.9502624797639,4,2019
dsir_channel,DMF,1983,301.74539491657737,4,2019
dsir_channel,DMF,1984,292.98222897698855,4,2019
dsir_channel,DMF,1985,289.7393521829412,4,2019
dsir_channel,DMF,1986,283.26569161801285,4,2019
dsir_channel,DMF,1987,268.0288833542159,4,2019
dsir_channel,DMF,1988,253.34243296803032,4,2019
dsir_channel,DMF,1989,244.5467074996143,4,2019
dsir_channel,DMF,1990,239.48578004312697,4,2019
dsir_channel,DMF,1991,233.23103670467268,4,2019
dsir_channel,DMF,1992,233.1728152582964,4,2019
dsir_channel,DMF,1993,236.64452043126494,4,2019
dsir_channel,DMF,1994,236.00911460127074,4,2019
dsir_channel,DMF,1995,229.58738020017748,4,2019
dsir_channel,DMF,1996,223.62055066755175,4,2019
dsir_channel,DMF,1997,220.87981510252976,4,2019
dsir_channel,DMF,1998,217.03370849202662,4,2019
dsir_channel,DMF,1999,206.49061831003843,4,2019
dsir_channel,DMF,2000,202.13454728331922,4,2019
dsir_channel,DMF,2001,201.94686915444987,4,2019
dsir_channel,DMF,2002,200.2064544344919,4,2019
dsir_channel,DMF,2003,198.0545321926897,4,2019
dsir_channel,DMF,2004,191.61094074281274,4,2019
dsir_channel,DMF,2005,190.5434898830853,4,2019
dsir_channel,DMF,2006,188.47813174965697,4,2019
dsir_channel,DMF,2007,188.8529511319336,4,2019
dsir_channel,DMF,2008,192.49288981963446,4,2019
dsir_channel,DMF,2009,194.58045250015806,4,2019
dsir_channel,DMF,2010,191.75954253341217,4,2019
dsir_channel,DMF,2011,184.23668005378508,4,2019
dsir_channel,DMF,2012,183.327079025784,4,2019
dsir_channel,DMF,2013,189.82090704769703,4,2019
dsir_channel,DMF,2014,189.97849726940498,4,2019
dsir_channel,DMF,2015,190.87664414921943,4,2019
dsir_channel,DMF,2016,189.1277105516736,4,2019
dsir_channel,DMF,2017,185.01097209656598,4,2019
dsir_channel,DMF,2018,172.40862692649935,4,2019
dsir_channel,DMF,2019,160.1130707747017,4,2019
dsir_channel,LPF,1971,334.8599979172288,4,2019
dsir_channel,LPF,1972,334.8599979172288,4,2019
dsir_channel,LPF,1973,334.8599979172288,4,2019
dsir_channel,LPF,1974,334.8599979172288,4,2019
dsir_channel,LPF,1975,334.8599979172288,4,2019
dsir_channel,LPF,1976,334.8599979172288,4,2019
dsir_channel,LPF,1977,334.8599979172288,4,2019
dsir_channel,LPF,1978,334.8599979172288,4,2019
dsir_channel,LPF,1979,334.8599979172288,4,2019
dsir_channel,LPF,1980,334.8599979172288,4,2019
dsir_channel,LPF,1981,334.8599979172288,4,2019
dsir_channel,LPF,1982,334.8599979172288,4,2019
dsir_channel,LPF,1983,334.8599979172288,4,2019
dsir_channel,LPF,1984,334.8599979172288,4,2019
dsir_channel,LPF,1985,334.8599979172288,4,2019
dsir_channel,LPF,1986,334.8599979172288,4,2019
dsir_channel,LPF,1987,334.8599979172288,4,2019
dsir_channel,LPF,1988,334.8599979172288,4,2019
dsir_channel,LPF,1989,334.8599979172288,4,2019
dsir_channel,LPF,1990,334.8599979172288,4,2019
dsir_channel,LPF,1991,334.8599979172288,4,2019
dsir_channel,LPF,1992,352.9087605862365,4,2019
dsir_channel,LPF,1993,351.9949044696448,4,2019
dsir_channel,LPF,1994,351.94193347975676,4,2019
dsir_channel,LPF,1995,351.7294474207058,4,2019
dsir_channel,LPF,1996,349.988494639503,4,2019
dsir_channel,LPF,1997,361.68387715520555,4,2019
dsir_channel,LPF,1998,364.0747469197467,4,2019
dsir_channel,LPF,1999,358.9050322293974,4,2019
dsir_channel,LPF,2000,353.15727100658495,4,2019
dsir_channel,LPF,2001,360.00631726549983,4,2019
dsir_channel,LPF,2002,357.3055763127757,4,2019
dsir_channel,LPF,2003,353.944770778711,4,2019
dsir_channel,LPF,2004,350.06292309014054,4,2019
dsir_channel,LPF,2005,348.9837528804316,4,2019
dsir_channel,LPF,2006,351.2467509086834,4,2019
dsir_channel,LPF,2007,353.6880159692683,4,2019
dsir_channel,LPF,2008,353.75101872263565,4,2019
dsir_channel,LPF,2009,353.2030333816373,4,2019
dsir_channel,LPF,2010,351.42694321359755,4,2019
dsir_channel,LPF,2011,349.8529209439472,4,2019
dsir_channel,LPF,2012,349.4438786767035,4,2019
dsir_channel,LPF,2013,351.83479902465695,4,2019
dsir_channel,LPF,2014,348.2933597097194,4,2019
dsir_channel,LPF,2015,347.8799373918699,4,2019
dsir_channel,LPF,2016,328.5255137325311,4,2019
dsir_channel,LPF,2017,330.56536449416814,4,2019
dsir_channel,LPF,2018,329.4055138026724,4,2019
dsir_channel,LPF,2019,333.45358772084586,4,2019
dsir_channel,MPF,1971,476.42163896699316,4,2019
dsir_channel,MPF,1972,476.42163896699316,4,2019
dsir_channel,MPF,1973,476.42163896699316,4,2019
dsir_channel,MPF,1974,476.42163896699316,4,2019
dsir_channel,MPF,1975,476.42163896699316,4,2019
dsir_channel,MPF,1976,476.42163896699316,4,2019
dsir_channel,MPF,1977,476.42163896699316,4,2019
dsir_channel,MPF,1978,476.42163896699316,4,2019
dsir_channel,MPF,1979,476.42163896699316,4,2019
dsir_channel,MPF,1980,476.42163896699316,4,2019
dsir_channel,MPF,1981,476.42163896699316,4,2019
dsir_channel,MPF,1982,476.42163896699316,4,2019
dsir_channel,MPF,1983,476.42163896699316,4,2019
dsir_channel,MPF,1984,476.42163896699316,4,2019
dsir_channel,MPF,1985,476.42163896699316,4,2019
dsir_channel,MPF,1986,476.42163896699316,4,2019
dsir_channel,MPF,1987,476.42163896699316,4,2019
dsir_channel,MPF,1988,476.42163896699316,4,2019
dsir_channel,MPF,1989,476.42163896699316,4,2019
dsir_channel,MPF,1990,476.42163896699316,4,2019
dsir_channel,MPF,1991,476.42163896699316,4,2019
dsir_channel,MPF,1992,501.86147976661556,4,2019
dsir_channel,MPF,1993,499.21224355145375,4,2019
dsir_channel,MPF,1994,496.5410864111639,4,2019
dsir_channel,MPF,1995,505.323491897774,4,2019
dsir_channel,MPF,1996,499.7253434258285,4,2019
dsir_channel,MPF,1997,525.8036247111523,4,2019
dsir_channel,MPF,1998,538.9812658765225,4,2019
dsir_channel,MPF,1999,540.5465334008348,4,2019
dsir_channel,MPF,2000,534.6451300743979,4,2019
dsir_channel,MPF,2001,554.9279031017511,4,2019
dsir_channel,MPF,2002,556.7151178418628,4,2019
dsir_channel,MPF,2003,548.0903752237355,4,2019
dsir_channel,MPF,2004,540.4954730510668,4,2019
dsir_channel,MPF,2005,536.859922056067,4,2019
dsir_channel,MPF,2006,544.9762078306618,4,2019
dsir_channel,MPF,2007,557.4601645837288,4,2019
dsir_channel,MPF,2008,563.6839879671733,4,2019
dsir_channel,MPF,2009,566.5088896791189,4,2019
dsir_channel,MPF,2010,564.6658322968084,4,2019
dsir_channel,MPF,2011,567.3494457858378,4,2019
dsir_channel,MPF,2012,570.3253167894767,4,2019
dsir_channel,MPF,2013,577.577297634825,4,2019
dsir_channel,MPF,2014,577.5919571119114,4,2019
dsir_channel,MPF,2015,577.6268850961817,4,2019
dsir_channel,MPF,2016,557.9142654133024,4,2019
dsir_channel,MPF,2017,564.3736692872455,4,2019
dsir_channel,MPF,2018,571.1610038336211,4,2019
dsir_channel,MPF,2019,579.89461307924,4,2019
dsir_channel,NTU,1971,138.09624927946035,4,2019
dsir_channel,NTU,1972,138.09624927946035,4,2019
dsir_channel,NTU,1973,138.09624927946035,4,2019
dsir_channel,NTU,1974,138.09624927946035,4,2019
dsir_channel,NTU,1975,138.09624927946035,4,2019
dsir_channel,NTU,1976,138.09624927946035,4,2019
dsir_channel,NTU,1977,138.09624927946035,4,2019
dsir_channel,NTU,1978,138.09624927946035,4,2019
dsir_channel,NTU,1979,138.09624927946035,4,2019
dsir_channel,NTU,1980,138.09624927946035,4,2019
dsir_channel,NTU,1981,138.09624927946035,4,2019
dsir_channel,NTU,1982,138.09624927946035,4,2019
dsir_channel,NTU,1983,138.09624927946035,4,2019
dsir_channel,NTU,1984,138.09624927946035,4,2019
dsir_channel,NTU,1985,138.09624927946035,4,2019
dsir_channel,NTU,1986,138.09624927946035,4,2019
dsir_channel,NTU,1987,138.09624927946035,4,2019
dsir_channel,NTU,1988,138.09624927946035,4,2019
dsir_channel,NTU,1989,138.09624927946035,4,2019
dsir_channel,NTU,1990,138.09624927946035,4,2019
dsir_channel,NTU,1991,138.09624927946035,4,2019
dsir_channel,NTU,1992,171.9666098042496,4,2019
dsir_channel,NTU,1993,179.21512063837463,4,2019
dsir_channel,NTU,1994,177.57386512804075,4,2019
dsir_channel,NTU,1995,181.02477970898232,4,2019
dsir_channel,NTU,1996,177.3989019320187,4,2019
dsir_channel,NTU,1997,183.26239255028696,4,2019
dsir_channel,NTU,1998,184.0156413590571,4,2019
dsir_channel,NTU,1999,183.9749167669602,4,2019
dsir_channel,NTU,2000,182.39331518242943,4,2019
dsir_channel,NTU,2001,187.14309325317294,4,2019
dsir_channel,NTU,2002,187.03969229465292,4,2019
dsir_channel,NTU,2003,183.70549041743362,4,2019
dsir_channel,NTU,2004,182.33372938932075,4,2019
dsir_channel,NTU,2005,181.2143064762642,4,2019
dsir_channel,NTU,2006,183.3514390053976,4,2019
dsir_channel,NTU,2007,184.86473516643875,4,2019
dsir_channel,NTU,2008,184.92124282874997,4,2019
dsir_channel,NTU,2009,184.28217936136,4,2019
dsir_channel,NTU,2010,184.3284158468905,4,2019
dsir_channel,NTU,2011,183.28357165394573,4,2019
dsir_channel,NTU,2012,183.49156224032228,4,2019
dsir_channel,NTU,2013,184.2100532877959,4,2019
dsir_channel,NTU,2014,182.87885019850148,4,2019
dsir_channel,NTU,2015,181.83814948263844,4,2019
dsir_channel,NTU,2016,169.45206162081635,4,2019
dsir_channel,NTU,2017,176.4605571093401,4,2019
dsir_channel,NTU,2018,181.36781048978628,4,2019
dsir_channel,NTU,2019,182.17180762272898,4,2019
dsir_channel,SAR,1971,152.5286210805994,4,2019
dsir_channel,SAR,1972,152.5286210805994,4,2019
dsir_channel,SAR,1973,152.5286210805994,4,2019
dsir_channel,SAR,1974,152.5286210805994,4,2019
dsir_channel,SAR,1975,152.5286210805994,4,2019
dsir_channel,SAR,1976,152.5286210805994,4,2019
dsir_channel,SAR,1977,152.5286210805994,4,2019
dsir_channel,SAR,1978,152.5286210805994,4,2019
dsir_channel,SAR,1979,152.5286210805994,4,2019
dsir_channel,SAR,1980,152.5286210805994,4,2019
dsir_channel,SAR,1981,152.5286210805994,4,2019
dsir_channel,SAR,1982,152.5286210805994,4,2019
dsir_channel,SAR,1983,152.5286210805994,4,2019
dsir_channel,SAR,1984,152.5286210805994,4,2019
dsir_channel,SAR,1985,152.5286210805994,4,2019
dsir_channel,SAR,1986,152.5286210805994,4,2019
dsir_channel,SAR,1987,152.5286210805994,4,2019
dsir_channel,SAR,1988,152.5286210805994,4,2019
dsir_channel,SAR,1989,152.5286210805994,4,2019
dsir_channel,SAR,1990,152.5286210805994,4,2019
dsir_channel,SAR,1991,115.18788391700869,4,2019
dsir_channel,SAR,1992,105.9747077947254,4,2019
dsir_channel,SAR,1993,97.09732703814444,4,2019
dsir_channel,SAR,1994,98.4774926095262,4,2019
dsir_channel,SAR,1995,99.36631430240402,4,2019
dsir_channel,SAR,1996,97.11234787443962,4,2019
dsir_channel,SAR,1997,93.22311315432583,4,2019
dsir_channel,SAR,1998,91.58719448509149,4,2019
dsir_channel,SAR,1999,86.00902204050121,4,2019
dsir_channel,SAR,2000,85.55174894970845,4,2019
dsir_channel,SAR,2001,84.81995954001472,4,2019
dsir_channel,SAR,2002,85.14168592922255,4,2019
dsir_channel,SAR,2003,83.75758912103645,4,2019
dsir_channel,SAR,2004,78.21906435900878,4,2019
dsir_channel,SAR,2005,80.65058526539131,4,2019
dsir_channel,SAR,2006,83.7634519930959,4,2019
dsir_channel,SAR,2007,88.9121428531921,4,2019
dsir_channel,SAR,2008,96.68956105535842,4,2019
dsir_channel,SAR,2009,103.78240758021906,4,2019
dsir_channel,SAR,2010,113.55823813616422,4,2019
dsir_channel,SAR,2011,122.14625164635697,4,2019
dsir_channel,SAR,2012,130.0301200046873,4,2019
dsir_channel,SAR,2013,144.42201622934442,4,2019
dsir_channel,SAR,2014,156.03010194024912,4,2019
dsir_channel,SAR,2015,163.6646338440334,4,2019
dsir_channel,SAR,2016,145.39217114620473,4,2019
dsir_channel,SAR,2017,170.2884875402808,4,2019
dsir_channel,SAR,2018,195.22184244539042,4,2019
dsir_channel,SAR,2019,210.50077902944471,4,2019
dsir_channel,SCP,1971,102.63315684650733,4,2019
dsir_channel,SCP,1972,102.63315684650733,4,2019
dsir_channel,SCP,1973,102.63315684650733,4,2019
dsir_channel,SCP,1974,102.63315684650733,4,2019
dsir_channel,SCP,1975,102.63315684650733,4,2019
dsir_channel,SCP,1976,102.63315684650733,4,2019
dsir_channel,SCP,1977,102.63315684650733,4,2019
dsir_channel,SCP,1978,102.63315684650733,4,2019
dsir_channel,SCP,1979,102.63315684650733,4,2019
dsir_channel,SCP,1980,102.63315684650733,4,2019
dsir_channel,SCP,1981,102.63315684650733,4,2019
dsir_channel,SCP,1982,102.63315684650733,4,2019
dsir_channel,SCP,1983,102.63315684650733,4,2019
dsir_channel,SCP,1984,102.63315684650733,4,2019
dsir_channel,SCP,1985,102.63315684650733,4,2019
dsir_channel,SCP,1986,102.63315684650733,4,2019
dsir_channel,SCP,1987,102.63315684650733,4,2019
dsir_channel,SCP,1988,102.63315684650733,4,2019
dsir_channel,SCP,1989,102.63315684650733,4,2019
dsir_channel,SCP,1990,102.63315684650733,4,2019
dsir_channel,SCP,1991,102.63315684650733,4,2019
dsir_channel,SCP,1992,102.63315684650733,4,2019
dsir_channel,SCP,1993,102.63315684650733,4,2019
dsir_channel,SCP,1994,102.63315684650733,4,2019
dsir_channel,SCP,1995,102.63315684650733,4,2019
dsir_channel,SCP,1996,160.72971999133694,4,2019
dsir_channel,SCP,1997,126.40612769395132,4,2019
dsir_channel,SCP,1998,160.177290810424,4,2019
dsir_channel,SCP,1999,123.72954592529767,4,2019
dsir_channel,SCP,2000,154.84186378273586,4,2019
dsir_channel,SCP,2001,131.18156165672866,4,2019
dsir_channel,SCP,2002,153.35875546611447,4,2019
dsir_channel,SCP,2003,128.39029298204073,4,2019
dsir_channel,SCP,2004,149.0677777581524,4,2019
dsir_channel,SCP,2005,129.81964567396196,4,2019
dsir_channel,SCP,2006,149.48802326027382,4,2019
dsir_channel,SCP,2007,131.31780106381606,4,2019
dsir_channel,SCP,2008,148.03027535898264,4,2019
dsir_channel,SCP,2009,131.51034345967716,4,2019
dsir_channel,SCP,2010,146.4162831062975,4,2019
dsir_channel,SCP,2011,131.5103161367141,4,2019
dsir_channel,SCP,2012,143.72019546156818,4,2019
dsir_channel,SCP,2013,132.4923656716082,4,2019
dsir_channel,SCP,2014,140.68982653049113,4,2019
dsir_channel,SCP,2015,131.7736999241397,4,2019
dsir_channel,SCP,2016,121.88718485790332,4,2019
dsir_channel,SCP,2017,141.42713895583816,4,2019
dsir_channel,SCP,2018,132.9171808953069,4,2019
dsir_channel,SCP,2019,140.3070882827068,4,2019
dsir_channel,ANC,1971,206.17721845373575,5,2018
dsir_channel,ANC,1972,206.17721845373575,5,2018
dsir_channel,ANC,1973,206.17721845373575,5,2018
dsir_channel,ANC,1974,206.17721845373575,5,2018
dsir_channel,ANC,1975,206.17721845373575,5,2018
dsir_channel,ANC,1976,206.17721845373575,5,2018
dsir_channel,ANC,1977,206.17721845373575,5,2018
dsir_channel,ANC,1978,206.17721845373575,5,2018
dsir_channel,ANC,1979,206.17721845373575,5,2018
dsir_channel,ANC,1980,206.17721845373575,5,2018
dsir_channel,ANC,1981,206.17721845373575,5,2018
dsir_channel,ANC,1982,206.17721845373575,5,2018
dsir_channel,ANC,1983,206.17721845373575,5,2018
dsir_channel,ANC,1984,206.17721845373575,5,2018
dsir_channel,ANC,1985,206.17721845373575,5,2018
dsir_channel,ANC,1986,206.17721845373575,5,2018
dsir_channel,ANC,1987,206.17721845373575,5,2018
dsir_channel,ANC,1988,206.17721845373575,5,2018
dsir_channel,ANC,1989,206.17721845373575,5,2018
dsir_channel,ANC,1990,206.17721845373575,5,2018
dsir_channel,ANC,1991,206.17721845373575,5,2018
dsir_channel,ANC,1992,206.17721845373575,5,2018
dsir_channel,ANC,1993,206.17721845373575,5,2018
dsir_channel,ANC,1994,206.17721845373575,5,2018
dsir_channel,ANC,1995,206.17721845373575,5,2018
dsir_channel,ANC,1996,206.17721845373575,5,2018
dsir_channel,ANC,1997,206.17721845373575,5,2018
dsir_channel,ANC,1998,206.17721845373575,5,2018
dsir_channel,ANC,1999,206.17721845373575,5,2018
dsir_channel,ANC,2000,206.17721845373575,5,2018
dsir_channel,ANC,2001,206.17721845373575,5,2018
dsir_channel,ANC,2002,206.17721845373575,5,2018
dsir_channel,ANC,2003,206.17721845373575,5,2018
dsir_channel,ANC,2004,206.17721845373575,5,2018
dsir_channel,ANC,2005,206.17721845373575,5,2018
dsir_channel,ANC,2006,206.17721845373575,5,2018
dsir_channel,ANC,2007,206.17721845373575,5,2018
dsir_channel,ANC,2008,206.17721845373575,5,2018
dsir_channel,ANC,2009,158.81230061857786,5,2018
dsir_channel,ANC,2010,135.1449645820932,5,2018
dsir_channel,ANC,2011,126.00539136615315,5,2018
dsir_channel,ANC,2012,118.29023206397743,5,2018
dsir_channel,ANC,2013,139.35406265561238,5,2018
dsir_channel,ANC,2014,179.42553077492343,5,2018
dsir_channel,ANC,2015,225.1523499528454,5,2018
dsir_channel,ANC,2016,286.30037031981857,5,2018
dsir_channel,ANC,2017,321.3880466145668,5,2018
dsir_channel,ANC,2018,391.3261780351163,5,2018
dsir_channel,CMA,1971,260.15372115102326,5,2018
dsir_channel,CMA,1972,260.15372115102326,5,2018
dsir_channel,CMA,1973,260.15372115102326,5,2018
dsir_channel,CMA,1974,260.15372115102326,5,2018
dsir_channel,CMA,1975,260.15372115102326,5,2018
dsir_channel,CMA,1976,260.15372115102326,5,2018
dsir_channel,CMA,1977,260.15372115102326,5,2018
dsir_channel,CMA,1978,260.15372115102326,5,2018
dsir_channel,CMA,1979,260.15372115102326,5,2018
dsir_channel,CMA,1980,260.15372115102326,5,2018
dsir_channel,CMA,1981,260.15372115102326,5,2018
dsir_channel,CMA,1982,260.15372115102326,5,2018
dsir_channel,CMA,1983,260.15372115102326,5,2018
dsir_channel,CMA,1984,260.15372115102326,5,2018
dsir_channel,CMA,1985,260.15372115102326,5,2018
dsir_channel,CMA,1986,260.15372115102326,5,2018
dsir_channel,CMA,1987,260.15372115102326,5,2018
dsir_channel,CMA,1988,260.15372115102326,5,2018
dsir_channel,CMA,1989,260.15372115102326,5,2018
dsir_channel,CMA,1990,260.15372115102326,5,2018
dsir_channel,CMA,1991,260.15372115102326,5,2018
dsir_channel,CMA,1992,260.15372115102326,5,2018
dsir_channel,CMA,1993,260.15372115102326,5,2018
dsir_channel,CMA,1994,260.15372115102326,5,2018
dsir_channel,CMA,1995,260.15372115102326,5,2018
dsir_channel,CMA,1996,260.15372115102326,5,2018
dsir_channel,CMA,1997,260.15372115102326,5,2018
dsir_channel,CMA,1998,274.9948998516637,5,2018
dsir_channel,CMA,1999,280.6904447338665,5,2018
dsir_channel,CMA,2000,281.86086181665894,5,2018
dsir_channel,CMA,2001,285.2716123283449,5,2018
dsir_channel,CMA,2002,286.37629176662944,5,2018
dsir_channel,CMA,2003,284.854569793037,5,2018
dsir_channel,CMA,2004,281.12420735918926,5,2018
dsir_channel,CMA,2005,279.5973526921619,5,2018
dsir_channel,CMA,2006,278.9561880087387,5,2018
dsir_channel,CMA,2007,280.41056103567433,5,2018
dsir_channel,CMA,2008,281.3218552376137,5,2018
dsir_channel,CMA,2009,280.78940691184573,5,2018
dsir_channel,CMA,2010,279.76852280691764,5,2018
dsir_channel,CMA,2011,277.4347926428657,5,2018
dsir_channel,CMA,2012,276.94305677762367,5,2018
dsir_channel,CMA,2013,277.455998287491,5,2018
dsir_channel,CMA,2014,276.62534362402783,5,2018
dsir_channel,CMA,2015,275.19405735602805,5,2018
dsir_channel,CMA,2016,261.1546413674383,5,2018
dsir_channel,CMA,2017,261.3889439538304,5,2018
dsir_channel,CMA,2018,261.4601146119047,5,2018
dsir_channel,DMF,1971,295.7002340275505,5,2018
dsir_channel,DMF,1972,295.7002340275505,5,2018
dsir_channel,DMF,1973,295.7002340275505,5,2018
dsir_channel,DMF,1974,295.7002340275505,5,2018
dsir_channel,DMF,1975,295.7002340275505,5,2018
dsir_channel,DMF,1976,295.7002340275505,5,2018
dsir_channel,DMF,1977,295.7002340275505,5,2018
dsir_channel,DMF,1978,295.7002340275505,5,2018
dsir_channel,DMF,1979,295.7002340275505,5,2018
dsir_channel,DMF,1980,295.7002340275505,5,2018
dsir_channel,DMF,1981,292.4179080317279,5,2018
dsir_channel,DMF,1982,287.6753841952896,5,2018
dsir_channel,DMF,1983,285.51221750682714,5,2018
dsir_channel,DMF,1984,279.0383860422544,5,2018
dsir_channel,DMF,1985,277.58079273949323,5,2018
dsir_channel,DMF,1986,272.4193142952421,5,2018
dsir_channel,DMF,1987,258.80217510235,5,2018
dsir_channel,DMF,1988,246.17288655955554,5,2018
dsir_channel,DMF,1989,239.4424937128525,5,2018
dsir_channel,DMF,1990,236.09752643601414,5,2018
dsir_channel,DMF,1991,231.12926181374866,5,2018
dsir_channel,DMF,1992,231.06564699922424,5,2018
dsir_channel,DMF,1993,233.8664921109539,5,2018
dsir_channel,DMF,1994,232.15411046830758,5,2018
dsir_channel,DMF,1995,224.7655995807835,5,2018
dsir_channel,DMF,1996,218.0439070349805,5,2018
dsir_channel,DMF,1997,214.54332132210627,5,2018
dsir_channel,DMF,1998,209.69946484562183,5,2018
dsir_channel,DMF,1999,198.0527048399953,5,2018
dsir_channel,DMF,2000,193.51203340243512,5,2018
dsir_channel,DMF,2001,192.97036958456488,5,2018
dsir_channel,DMF,2002,190.6718775811937,5,2018
dsir_channel,DMF,2003,187.7778994834481,5,2018
dsir_channel,DMF,2004,180.87127334180923,5,2018
dsir_channel,DMF,2005,179.45540031948025,5,2018
dsir_channel,DMF,2006,177.06764748517128,5,2018
dsir_channel,DMF,2007,176.9104002195083,5,2018
dsir_channel,DMF,2008,179.94863482343268,5,2018
dsir_channel,DMF,2009,181.30482973351462,5,2018
dsir_channel,DMF,2010,177.69871594006,5,2018
dsir_channel,DMF,2011,169.43599527623974,5,2018
dsir_channel,DMF,2012,168.149198197085,5,2018
dsir_channel,DMF,2013,174.10757348386576,5,2018
dsir_channel,DMF,2014,173.32955389111473,5,2018
dsir_channel,DMF,2015,173.2042023948312,5,2018
dsir_channel,DMF,2016,170.40476118029085,5,2018
dsir_channel,DMF,2017,165.8331892955299,5,2018
dsir_channel,DMF,2018,152.59552801017804,5,2018
dsir_channel,LPF,1971,351.49021385043403,5,2018
dsir_channel,LPF,1972,351.49021385043403,5,2018
dsir_channel,LPF,1973,351.49021385043403,5,2018
dsir_channel,LPF,1974,351.49021385043403,5,2018
dsir_channel,LPF,1975,351.49021385043403,5,2018
dsir_channel,LPF,1976,351.49021385043403,5,2018
dsir_channel,LPF,1977,351.49021385043403,5,2018
dsir_channel,LPF,1978,351.49021385043403,5,2018
dsir_channel,LPF,1979,351.49021385043403,5,2018
dsir_channel,LPF,1980,351.49021385043403,5,2018
dsir_channel,LPF,1981,351.49021385043403,5,2018
dsir_channel,LPF,1982,351.49021385043403,5,2018
dsir_channel,LPF,1983,351.49021385043403,5,2018
dsir_channel,LPF,1984,351.49021385043403,5,2018
dsir_channel,LPF,1985,351.49021385043403,5,2018
dsir_channel,LPF,1986,351.49021385043403,5,2018
dsir_channel,LPF,1987,351.49021385043403,5,2018
dsir_channel,LPF,1988,351.49021385043403,5,2018
dsir_channel,LPF,1989,351.49021385043403,5,2018
dsir_channel,LPF,1990,351.49021385043403,5,2018
dsir_channel,LPF,1991,351.49021385043403,5,2018
dsir_channel,LPF,1992,360.48442408246154,5,2018
dsir_channel,LPF,1993,359.79163917311746,5,2018
dsir_channel,LPF,1994,359.5363907951142,5,2018
dsir_channel,LPF,1995,359.19698012859084,5,2018
dsir_channel,LPF,1996,357.16001889537637,5,2018
dsir_channel,LPF,1997,367.6401252897808,5,2018
dsir_channel,LPF,1998,373.23546889341856,5,2018
dsir_channel,LPF,1999,370.2734751629674,5,2018
dsir_channel,LPF,2000,364.0778013935835,5,2018
dsir_channel,LPF,2001,368.69383930541306,5,2018
dsir_channel,LPF,2002,367.1133484842484,5,2018
dsir_channel,LPF,2003,363.27949512084973,5,2018
dsir_channel,LPF,2004,358.2232650103927,5,2018
dsir_channel,LPF,2005,355.2531047982336,5,2018
dsir_channel,LPF,2006,356.2798353121924,5,2018
dsir_channel,LPF,2007,358.6103551043047,5,2018
dsir_channel,LPF,2008,359.44293599403426,5,2018
dsir_channel,LPF,2009,359.2261884042723,5,2018
dsir_channel,LPF,2010,357.44534651535173,5,2018
dsir_channel,LPF,2011,355.1775978079384,5,2018
dsir_channel,LPF,2012,354.02882231976184,5,2018
dsir_channel,LPF,2013,355.83053231716514,5,2018
dsir_channel,LPF,2014,352.6597662748079,5,2018
dsir_channel,LPF,2015,351.1625229378586,5,2018
dsir_channel,LPF,2016,331.4802076709636,5,2018
dsir_channel,LPF,2017,327.4162307414239,5,2018
dsir_channel,LPF,2018,322.2886590264747,5,2018
dsir_channel,MPF,1971,457.90407454952435,5,2018
dsir_channel,MPF,1972,457.90407454952435,5,2018
dsir_channel,MPF,1973,457.90407454952435,5,2018
dsir_channel,MPF,1974,457.90407454952435,5,2018
dsir_channel,MPF,1975,457.90407454952435,5,2018
dsir_channel,MPF,1976,457.90407454952435,5,2018
dsir_channel,MPF,1977,457.90407454952435,5,2018
dsir_channel,MPF,1978,457.90407454952435,5,2018
dsir_channel,MPF,1979,457.90407454952435,5,2018
dsir_channel,MPF,1980,457.90407454952435,5,2018
dsir_channel,MPF,1981,457.90407454952435,5,2018
dsir_channel,MPF,1982,457.90407454952435,5,2018
dsir_channel,MPF,1983,457.90407454952435,5,2018
dsir_channel,MPF,1984,457.90407454952435,5,2018
dsir_channel,MPF,1985,457.90407454952435,5,2018
dsir_channel,MPF,1986,457.90407454952435,5,2018
dsir_channel,MPF,1987,457.90407454952435,5,2018
dsir_channel,MPF,1988,457.90407454952435,5,2018
dsir_channel,MPF,1989,457.90407454952435,5,2018
dsir_channel,MPF,1990,457.90407454952435,5,2018
dsir_channel,MPF,1991,457.90407454952435,5,2018
dsir_channel,MPF,1992,486.0552478141018,5,2018
dsir_channel,MPF,1993,485.10909282177397,5,2018
dsir_channel,MPF,1994,481.9504002305542,5,2018
dsir_channel,MPF,1995,489.0148019909899,5,2018
dsir_channel,MPF,1996,482.3015789230482,5,2018
dsir_channel,MPF,1997,505.304803037797,5,2018
dsir_channel,MPF,1998,516.9745191582623,5,2018
dsir_channel,MPF,1999,517.691019375455,5,2018
dsir_channel,MPF,2000,511.1522685791139,5,2018
dsir_channel,MPF,2001,529.819180262255,5,2018
dsir_channel,MPF,2002,531.2870969416513,5,2018
dsir_channel,MPF,2003,521.9328978532229,5,2018
dsir_channel,MPF,2004,513.0409638255189,5,2018
dsir_channel,MPF,2005,507.9301347172086,5,2018
dsir_channel,MPF,2006,514.9300478467692,5,2018
dsir_channel,MPF,2007,526.9398160816879,5,2018
dsir_channel,MPF,2008,533.0578787264177,5,2018
dsir_channel,MPF,2009,535.6255661211115,5,2018
dsir_channel,MPF,2010,533.2780017049338,5,2018
dsir_channel,MPF,2011,535.0673005038974,5,2018
dsir_channel,MPF,2012,537.5010509877387,5,2018
dsir_channel,MPF,2013,544.625288883508,5,2018
dsir_channel,MPF,2014,544.2239038927781,5,2018
dsir_channel,MPF,2015,543.4739104682784,5,2018
dsir_channel,MPF,2016,519.4961470265735,5,2018
dsir_channel,MPF,2017,525.3345208055664,5,2018
dsir_channel,MPF,2018,532.8376542694382,5,2018
dsir_channel,NTU,1971,139.61842184157857,5,2018
dsir_channel,NTU,1972,139.61842184157857,5,2018
dsir_channel,NTU,1973,139.61842184157857,5,2018
dsir_channel,NTU,1974,139.61842184157857,5,2018
dsir_channel,NTU,1975,139.61842184157857,5,2018
dsir_channel,NTU,1976,139.61842184157857,5,2018
dsir_channel,NTU,1977,139.61842184157857,5,2018
dsir_channel,NTU,1978,139.61842184157857,5,2018
dsir_channel,NTU,1979,139.61842184157857,5,2018
dsir_channel,NTU,1980,139.61842184157857,5,2018
dsir_channel,NTU,1981,139.61842184157857,5,2018
dsir_channel,NTU,1982,139.61842184157857,5,2018
dsir_channel,NTU,1983,139.61842184157857,5,2018
dsir_channel,NTU,1984,139.61842184157857,5,2018
dsir_channel,NTU,1985,139.61842184157857,5,2018
dsir_channel,NTU,1986,139.61842184157857,5,2018
dsir_channel,NTU,1987,139.61842184157857,5,2018
dsir_channel,NTU,1988,139.61842184157857,5,2018
dsir_channel,NTU,1989,139.61842184157857,5,2018
dsir_channel,NTU,1990,139.61842184157857,5,2018
dsir_channel,NTU,1991,139.61842184157857,5,2018
dsir_channel,NTU,1992,171.5010887655191,5,2018
dsir_channel,NTU,1993,180.08815271549,5,2018
dsir_channel,NTU,1994,179.3597113087745,5,2018
dsir_channel,NTU,1995,182.5507849603673,5,2018
dsir_channel,NTU,1996,179.24849849188027,5,2018
dsir_channel,NTU,1997,184.8515548923006,5,2018
dsir_channel,NTU,1998,185.92857064141225,5,2018
dsir_channel,NTU,1999,185.88230575246504,5,2018
dsir_channel,NTU,2000,184.2775821051067,5,2018
dsir_channel,NTU,2001,188.89611055402656,5,2018
dsir_channel,NTU,2002,189.1865167721028,5,2018
dsir_channel,NTU,2003,185.85261156604224,5,2018
dsir_channel,NTU,2004,184.2601832546503,5,2018
dsir_channel,NTU,2005,183.01582365019942,5,2018
dsir_channel,NTU,2006,185.1516409648378,5,2018
dsir_channel,NTU,2007,186.86974824912727,5,2018
dsir_channel,NTU,2008,187.12082056138027,5,2018
dsir_channel,NTU,2009,186.55028908641188,5,2018
dsir_channel,NTU,2010,186.60693675891824,5,2018
dsir_channel,NTU,2011,185.57090502065722,5,2018
dsir_channel,NTU,2012,185.88229151476867,5,2018
dsir_channel,NTU,2013,186.722727753248,5,2018
dsir_channel,NTU,2014,185.57923959796184,5,2018
dsir_channel,NTU,2015,184.4935207207873,5,2018
dsir_channel,NTU,2016,172.71831022123325,5,2018
dsir_channel,NTU,2017,178.29266182771804,5,2018
dsir_channel,NTU,2018,182.9907493449422,5,2018
dsir_channel,SAR,1971,176.27264464383865,5,2018
dsir_channel,SAR,1972,176.27264464383865,5,2018
dsir_channel,SAR,1973,176.27264464383865,5,2018
dsir_channel,SAR,1974,176.27264464383865,5,2018
dsir_channel,SAR,1975,176.27264464383865,5,2018
dsir_channel,SAR,1976,176.27264464383865,5,2018
dsir_channel,SAR,1977,176.27264464383865,5,2018
dsir_channel,SAR,1978,176.27264464383865,5,2018
dsir_channel,SAR,1979,176.27264464383865,5,2018
dsir_channel,SAR,1980,176.27264464383865,5,2018
dsir_channel,SAR,1981,176.27264464383865,5,2018
dsir_channel,SAR,1982,176.27264464383865,5,2018
dsir_channel,SAR,1983,176.27264464383865,5,2018
dsir_channel,SAR,1984,176.27264464383865,5,2018
dsir_channel,SAR,1985,176.27264464383865,5,2018
dsir_channel,SAR,1986,176.27264464383865,5,2018
dsir_channel,SAR,1987,176.27264464383865,5,2018
dsir_channel,SAR,1988,176.27264464383865,5,2018
dsir_channel,SAR,1989,176.27264464383865,5,2018
dsir_channel,SAR,1990,176.27264464383865,5,2018
dsir_channel,SAR,1991,114.83476752109739,5,2018
dsir_channel,SAR,1992,103.85285087128501,5,2018
dsir_channel,SAR,1993,94.00693015092959,5,2018
dsir_channel,SAR,1994,93.89117871231504,5,2018
dsir_channel,SAR,1995,93.99905926956487,5,2018
dsir_channel,SAR,1996,92.11673509414453,5,2018
dsir_channel,SAR,1997,89.54009105802778,5,2018
dsir_channel,SAR,1998,88.24734185204764,5,2018
dsir_channel,SAR,1999,83.62769527248905,5,2018
dsir_channel,SAR,2000,82.44110191917721,5,2018
dsir_channel,SAR,2001,81.73811807809429,5,2018
dsir_channel,SAR,2002,81.86451086020963,5,2018
dsir_channel,SAR,2003,80.76946549469214,5,2018
dsir_channel,SAR,2004,74.70528716126798,5,2018
dsir_channel,SAR,2005,76.53398612288956,5,2018
dsir_channel,SAR,2006,78.70965752200465,5,2018
dsir_channel,SAR,2007,83.34663588620174,5,2018
dsir_channel,SAR,2008,90.26037353036847,5,2018
dsir_channel,SAR,2009,97.01615184092249,5,2018
dsir_channel,SAR,2010,105.92798077587113,5,2018
dsir_channel,SAR,2011,114.18764165199677,5,2018
dsir_channel,SAR,2012,121.4945632527296,5,2018
dsir_channel,SAR,2013,135.10968873485982,5,2018
dsir_channel,SAR,2014,147.267968848054,5,2018
dsir_channel,SAR,2015,156.4193676425215,5,2018
dsir_channel,SAR,2016,140.4194216599479,5,2018
dsir_channel,SAR,2017,160.7006653135141,5,2018
dsir_channel,SAR,2018,188.3748388730473,5,2018
dsir_channel,SCP,1971,101.78009353747409,5,2018
dsir_channel,SCP,1972,101.78009353747409,5,2018
dsir_channel,SCP,1973,101.78009353747409,5,2018
dsir_channel,SCP,1974,101.78009353747409,5,2018
dsir_channel,SCP,1975,101.78009353747409,5,2018
dsir_channel,SCP,1976,101.78009353747409,5,2018
dsir_channel,SCP,1977,101.78009353747409,5,2018
dsir_channel,SCP,1978,101.78009353747409,5,2018
dsir_channel,SCP,1979,101.78009353747409,5,2018
dsir_channel,SCP,1980,101.78009353747409,5,2018
dsir_channel,SCP,1981,101.78009353747409,5,2018
dsir_channel,SCP,1982,101.78009353747409,5,2018
dsir_channel,SCP,1983,101.78009353747409,5,2018
dsir_channel,SCP,1984,101.78009353747409,5,2018
dsir_channel,SCP,1985,101.78009353747409,5,2018
dsir_channel,SCP,1986,101.78009353747409,5,2018
dsir_channel,SCP,1987,101.78009353747409,5,2018
dsir_channel,SCP,1988,101.78009353747409,5,2018
dsir_channel,SCP,1989,101.78009353747409,5,2018
dsir_channel,SCP,1990,101.78009353747409,5,2018
dsir_channel,SCP,1991,101.78009353747409,5,2018
dsir_channel,SCP,1992,101.78009353747409,5,2018
dsir_channel,SCP,1993,101.78009353747409,5,2018
dsir_channel,SCP,1994,101.78009353747409,5,2018
dsir_channel,SCP,1995,101.78009353747409,5,2018
dsir_channel,SCP,1996,157.4657299797212,5,2018
dsir_channel,SCP,1997,124.5406696313764,5,2018
dsir_channel,SCP,1998,157.1350902268506,5,2018
dsir_channel,SCP,1999,121.37007197846357,5,2018
dsir_channel,SCP,2000,152.14799177439698,5,2018
dsir_channel,SCP,2001,128.36436624545289,5,2018
dsir_channel,SCP,2002,150.84698662514265,5,2018
dsir_channel,SCP,2003,125.31282052567174,5,2018
dsir_channel,SCP,2004,146.62509697460374,5,2018
dsir_channel,SCP,2005,126.66718407309062,5,2018
dsir_channel,SCP,2006,146.94184289008322,5,2018
dsir_channel,SCP,2007,128.1603370074625,5,2018
dsir_channel,SCP,2008,145.45206222766893,5,2018
dsir_channel,SCP,2009,128.2915415332472,5,2018
dsir_channel,SCP,2010,143.69030372920912,5,2018
dsir_channel,SCP,2011,128.34721673119975,5,2018
dsir_channel,SCP,2012,140.81175142794788,5,2018
dsir_channel,SCP,2013,129.41489327602844,5,2018
dsir_channel,SCP,2014,137.65292686875242,5,2018
dsir_channel,SCP,2015,128.70395881135144,5,2018
dsir_channel,SCP,2016,118.70641749131654,5,2018
dsir_channel,SCP,2017,137.91915587653858,5,2018
dsir_channel,SCP,2018,130.1153889011353,5,2018
