species,period,interaction_mode,likelihood_mode,catch_scale_total,K,K_se,K_lcl95,K_ucl95,r,r_se,r_lcl95,r_ucl95,B0,B0_se,B0_lcl95,B0_ucl95,MSY,MSY_se,MSY_lcl95,MSY_ucl95,B_MSY,B_MSY_se,B_MSY_lcl95,B_MSY_ucl95,F_MSY,F_MSY_se,current_B,current_F,B_over_B_MSY,F_over_F_MSY,q_idx,q_idx_se,sigma_cpue,sigma_cpue_se,delta_pred,delta_pred_se,delta_pred_lcl95,delta_pred_ucl95,delta_prey,delta_prey_se,delta_prey_lcl95,delta_prey_ucl95,scenario,peel,cutoff
ANC,Min. informative,r_eff,per_fleet_sigma,141.64545368012423,1426.1908839831276,430.08133242459616,583.231472430919,2269.1502955353362,0.5183950302798382,0.10493299170248635,0.31272636654296504,0.7240636940167114,338.33161240935226,56.24715559458332,228.08718744396896,448.57603737473556,184.83256662181566,28.953615718007697,128.0834798145206,241.58165342911073,713.0954419915638,215.04066621229808,291.6157362154595,1134.5751477676681,0.2591975151399191,0.052466495851243175,832.2922676792479,0.1653703125878394,1.1671540984118283,0.6380088655501569,0.015006279067189938,0.07124029422853193,0.39327874212919195,0.02523217397572576,-0.012213947263968752,0.2924859990886543,-0.5854865054777312,0.5610586109497937,9.609087882643561e-8,0.3,-0.5879999039091212,0.5880000960908788,baseline,0,2023
CMA,Min. informative,r_eff,per_fleet_sigma,21.56869619375907,552.8487558537646,91.20923195279559,374.07866122628525,731.618850481244,0.12360179880941473,0.029649703846718597,0.06548837926984627,0.1817152183489832,497.64607549993474,83.99756228985015,333.01085341182846,662.281297588041,17.083275173268063,2.186274429413237,12.798177291618119,21.36837305491801,276.4243779268823,45.604615976397795,187.03933061314262,365.809425240622,0.061800899404707364,0.014824851923359299,65.49838497875626,0.17569104257066392,NA,NA,7.128086613207086e-5,0.00976748465589677,0.569039127062807,0.03201478999843471,0.025866608897068002,0.2981696105005323,-0.5585458276839753,0.6102790454781114,-0.02474871566159812,0.2969141442060694,-0.606700438305494,0.5572030069822979,baseline,0,2023
DMF,Min. informative,r_eff,per_fleet_sigma,53.745783427672954,868.2145610955974,193.44724604452043,489.0579588483375,1247.3711633428575,0.26497660750810365,0.05127659617838808,0.16447447899846301,0.3654787360177443,446.7122256751527,92.8635398031459,264.6996876609867,628.7247636893186,57.514137247062166,9.574717893267994,38.747690176256896,76.28058431786742,434.1072805477987,96.72362302226021,244.52897942416874,623.6855816714287,0.13248830375405182,0.02563829808919404,179.52746652595695,0.35605485654421987,NA,NA,0.0033499636239988115,0.039151435804135305,0.4050071406463474,0.020237458741613614,0.5141025938660083,0.2536880748535074,0.016873967153133773,1.011331220578883,-0.6810146602194188,0.2296228687652178,-1.1310754829992458,-0.2309538374395919,baseline,0,2023
LPF,Min. informative,r_eff,per_fleet_sigma,33.742589811320755,1052.294160754852,107.75518592551676,841.0939963408391,1263.4943251688646,0.09593007966209814,0.014556640167928188,0.06739906493295889,0.1244610943912374,953.6356651412267,96.88940261038177,763.7324360248784,1143.5388942575748,25.23666566729342,3.1932609396522165,18.97787422557507,31.495457109011763,526.147080377426,53.87759296275838,420.54699817041956,631.7471625844323,0.04796503983104907,0.007278320083964094,246.0970824823659,0.09209057687978905,NA,NA,0.011723675742856609,0.0066877535644547246,0.19084604308713596,0.011064680054734878,0.13377485195063657,0.29290972096117296,-0.44032820113326243,0.7078779050345355,-0.4180527973815375,0.2769863235539235,-0.9609459915472276,0.12484039678415254,baseline,0,2023
MPF,Min. informative,r_eff,per_fleet_sigma,62.10427093976778,503.7243451514045,77.86441771155924,351.1100864367484,656.3386038660606,0.519608834465859,0.09043069823987109,0.3423646659157117,0.6968530030160064,449.5812897794483,74.58433717041706,303.39598892543086,595.7665906334657,65.43490496904984,6.400413793188889,52.890093934399616,77.97971600370006,251.86217257570226,38.93220885577962,175.5550432183742,328.1693019330303,0.2598044172329295,0.04521534911993554,116.10828611210867,0.4945656519219286,NA,NA,6.654793172173336e-4,0.04079950610575761,0.2837934108698562,0.014476495029360357,0.024640003847263708,0.2762376137526885,-0.5167857191080057,0.5660657268025332,0.1466423253977559,0.24657596108507332,-0.3366465583289878,0.6299312091244996,baseline,0,2023
NTU,Min. informative,r_eff,per_fleet_sigma,31.47516468069666,92.31702090465674,10.34204076884666,72.0466209977173,112.5874208115962,0.9848536661003688,0.13057759090844673,0.7289215879198132,1.2407857442809245,64.95628038677934,7.651305652466406,49.959721307945195,79.95283946561351,22.729689120353903,2.2008377646829143,18.41604710157539,27.043331139132416,46.15851045232837,5.17102038442333,36.02331049885865,56.2937104057981,0.4924268330501844,0.06528879545422336,27.897638639796387,5,NA,NA,0.011472293473666195,0.06929402388552963,0.2545341544532677,0.01286438391191403,0.8320919129550278,0.21744805560192612,0.40589372397525264,1.258290101934803,-0.2561210841876271,0.25395119137982086,-0.753865419292076,0.2416232509168218,baseline,0,2023
SAR,Min. informative,r_eff,per_fleet_sigma,85.36122802637362,417.67047660054857,46.468766273410594,326.5916947046638,508.74925849643336,0.868903859318859,0.04783520310219479,0.7751468612385572,0.9626608573991609,205.05841783466443,26.575165171109074,152.97109409929064,257.14574157003824,90.72887226044097,8.138624031155876,74.77716915937545,106.68057536150647,208.83523830027428,23.234383136705297,163.2958473523319,254.37462924821668,0.4344519296594295,0.023917601551097394,127.66512598265928,5,NA,NA,0.00888057243735461,0.059535527931433324,0.2118158964359498,0.011670157586560861,2.1344114919424464,0.15870069674018303,1.8233581263316876,2.445464857553205,-4.536393336970273e-8,0.3,-0.5880000453639334,0.5879999546360666,baseline,0,2023
SCP,Min. informative,r_eff,per_fleet_sigma,31.127090375457875,899.7097820312289,290.372247046509,330.58017782007124,1468.8393862423866,0.2715875299691413,0.052419770157362336,0.16884478046071114,0.37433027947757147,256.1922330661528,47.88033951596589,162.34676761485971,350.037698517446,61.087489347734014,17.336536943179247,27.10787693910268,95.06710175636535,449.85489101561444,145.1861235232545,165.29008891003562,734.4196931211933,0.13579376498457066,0.026209885078681168,90.79646941255774,0.18386100392298932,NA,NA,0.015325861163403306,0.03645326188853286,0.19830021246526694,0.010720674857329054,-0.25732221708597003,0.27523556683974476,-0.7967839280918697,0.28213949391992965,0.3176925262135098,0.24635339731912764,-0.16516013253198036,0.800545184959,baseline,0,2023
ANC,Min. informative,r_eff,per_fleet_sigma,142.90850785714287,1477.3365869681227,466.88650885460305,562.2390296131008,2392.4341443231447,0.5188989011648288,0.10545710974126943,0.31220296607194076,0.7255948362577169,333.69797758603386,57.40956147321022,221.17523709854183,446.22071807352586,191.6470829070894,33.49822953983932,125.99055300900436,257.3036128051745,738.6682934840613,233.44325442730153,281.1195148065504,1196.2170721615723,0.2594494505824144,0.052728554870634714,757.7004038870406,0.16456725802223637,1.0257654356777801,0.6342941087476359,0.015396785538000491,0.07759103469292598,0.40048679140288357,0.026219780810669092,-0.010355092462790969,0.2923500384651377,-0.5833611678544608,0.5626509829288788,-1.373389900227942e-7,0.3,-0.58800013733899,0.5879998626610099,baseline,1,2022
CMA,Min. informative,r_eff,per_fleet_sigma,21.446578574660634,542.7311672687262,89.77274682829751,366.77658348526296,718.6857510521893,0.12573132189510705,0.03015105790775905,0.06663524839589932,0.18482739539431478,488.7972497610952,82.72329318492238,326.6595951186473,650.9349044035431,17.059576773592852,2.1999916637712285,12.747593112601244,21.37156043458446,271.3655836343631,44.88637341414876,183.38829174263148,359.34287552609464,0.06286566094755353,0.015075528953879525,65.1810058102163,0.15657710259319124,NA,NA,7.335537653746513e-5,0.010036870638341265,0.5672177471534993,0.03188217050950519,0.012573942481236087,0.2980562046877778,-0.5716162187068085,0.5967641036692807,-0.009957823268603616,0.29660799364604024,-0.5913094908148425,0.5713938442776353,baseline,1,2022
DMF,Min. informative,r_eff,per_fleet_sigma,53.92733956378987,892.4972993018234,211.52447694264433,477.90932449424054,1307.0852741094063,0.26295329890129926,0.05039390438550077,0.16418124630571773,0.3617253514968808,443.2184172651559,91.64094040307249,263.60217407513386,622.834660455178,58.67127727797868,10.622938180877497,37.85031844345878,79.49223611249857,446.2486496509117,105.76223847132216,238.95466224712027,653.5426370547032,0.13147664945064963,0.025196952192750387,183.01029154864918,0.33306372096120285,NA,NA,0.003375519874781735,0.03867884934327044,0.40624674198024663,0.02084870222030093,0.5267275164320765,0.25211882111486106,0.0325746270469488,1.0208804058172043,-0.6909582661253795,0.2274752152509174,-1.1368096880171776,-0.24510684423358137,baseline,1,2022
LPF,Min. informative,r_eff,per_fleet_sigma,33.97715884615385,1028.8761379919433,109.38445293369087,814.4826102419091,1243.2696657419774,0.09830776577321017,0.015287598132409368,0.06834407343368781,0.12827145811273252,939.8019468527516,99.19621451672292,745.3773663999747,1134.2265273055286,25.286628595839257,3.2546275891734835,18.907558521059226,31.66569867061929,514.4380689959717,54.69222646684543,407.24130512095456,621.6348328709887,0.049153882886605084,0.007643799066204684,245.9272209526726,0.08434507237923583,NA,NA,0.011868677159048557,0.0069198333229894245,0.1944290958814723,0.011621483918347232,0.1075245124057959,0.2929788940596496,-0.4667141199511173,0.681763144762709,-0.3926887952460041,0.2771731849515583,-0.9359482377510583,0.15057064725905012,baseline,1,2022
MPF,Min. informative,r_eff,per_fleet_sigma,62.514411395173454,485.44612756024094,75.35788529043823,337.744672390982,633.1475827294998,0.543618580334769,0.09472495161205324,0.3579576751751446,0.7292794854943934,433.72820672777044,72.63327132972923,291.3669949215012,576.0894185340396,65.97438367332734,6.666419710124452,52.908201041483416,79.04056630517127,242.72306378012047,37.67894264521912,168.872336195491,316.5737913647499,0.2718092901673845,0.04736247580602662,112.90256857864897,0.45439957230540085,NA,NA,6.934274094137058e-4,0.043075138639346026,0.28442579132131507,0.014805548448284002,0.07333241873914932,0.27961298574672533,-0.4747090333244324,0.621373870802731,0.1683958466865786,0.24861800090217634,-0.31889543508168705,0.6556871284548442,baseline,1,2022
NTU,Min. informative,r_eff,per_fleet_sigma,31.383267722473605,90.88529164907409,10.305824348421108,70.68587592616872,111.08470737197946,0.9966952408441841,0.13689534747872495,0.7283803597858833,1.265010121902485,64.18534513506658,7.679469649613536,49.13358462182405,79.23710564830913,22.646234412341958,2.262513169895476,18.211708599346824,27.080760225337087,45.442645824537045,5.152912174210554,35.34293796308436,55.54235368598973,0.4983476204220921,0.06844767373936247,27.852292221719154,4.999999999999962,NA,NA,0.011578684786411832,0.07030387013320054,0.2578479349334153,0.013272122939313697,0.8236104369335577,0.22967795674533933,0.3734416417126926,1.2737792321544228,-0.2301133728690055,0.2588105470227466,-0.7373820450335887,0.2771552992955778,baseline,1,2022
SAR,Min. informative,r_eff,per_fleet_sigma,85.85755522297808,506.36314429362113,71.31172937438697,366.59215471982264,646.1341338674196,0.8216683089493589,0.04407790519644025,0.735275614764336,0.9080610031343819,192.0624055544312,23.631225468674046,145.74520363583005,238.37960747303234,104.015637121505,11.191270138532419,82.08074764998146,125.95052659302853,253.18157214681057,35.655864687193485,183.29607735991132,323.0670669337098,0.41083415447467947,0.022038952598220123,141.46951691347542,5,NA,NA,0.009016012826715544,0.06089360846551728,0.19814817572635038,0.010923679237369097,2.214685425304063,0.1431577574019121,1.9340962207963153,2.4952746298118105,6.483692176153576e-8,0.3,-0.5879999351630782,0.5880000648369217,baseline,1,2022
SCP,Min. informative,r_eff,per_fleet_sigma,31.346467000674764,987.0419566349585,332.5239258505347,335.29506196791056,1638.7888513020066,0.2707631482834189,0.052941385034448486,0.16699803361589988,0.37452826295093794,256.89897627620985,47.78611272057068,163.23819534389133,350.55975720852837,66.81364691657681,20.462884599326262,26.706393101897344,106.92090073125628,493.52097831747926,166.26196292526734,167.64753098395528,819.3944256510033,0.13538157414170945,0.026470692517224243,89.51320963833851,0.16305175114284332,NA,NA,0.015341465505067087,0.03621618443429381,0.1994740341388043,0.010908280877630948,-0.21038406750575794,0.27634326496273914,-0.7520168668327267,0.3312487318212108,0.33968527818148864,0.24867724366956145,-0.14772211941085178,0.8270926757738291,baseline,1,2022
ANC,Min. informative,r_eff,per_fleet_sigma,142.55788170426067,1587.2789770663912,509.0560749405814,589.5290701828517,2585.028883949931,0.4993051209191448,0.10114525562728585,0.30106041988966453,0.6975498219486251,346.6470795956938,60.850617404422636,227.37986948302546,465.9142897083622,198.1341303941377,36.48183772334776,126.62972845637611,269.63853233189934,793.6394885331956,254.5280374702907,294.76453509142584,1292.5144419749654,0.2496525604595724,0.050572627813642926,748.0712881958029,0.14672354014915978,0.9425832497049613,0.5877109366675993,0.014619543261699213,0.07842980325478403,0.4048116596038661,0.027011582358129223,-0.019437894135697166,0.2930945120234749,-0.593903137701708,0.5550273494303136,2.4202079791193647e-6,0.3,-0.5879975797920208,0.5880024202079791,baseline,2,2021
CMA,Min. informative,r_eff,per_fleet_sigma,21.49910311372549,549.760754874519,90.20233461278958,372.96417903345144,726.5573307155865,0.12145647105496045,0.029114395439446966,0.0643922559936444,0.1785206861162765,495.6766769967265,83.11731406915044,332.7667414211916,658.5866125722613,16.69300030289256,2.164972368013776,12.449654461585558,20.93634614419956,274.8803774372595,45.10116730639479,186.48208951672572,363.2786653577933,0.060728235527480225,0.014557197719723483,68.00521097252322,0.14910450310609136,NA,NA,7.296099980256831e-5,0.009971892470528104,0.5650468834551695,0.03167995092227456,0.016321976086999302,0.29881807701086016,-0.5693614548542867,0.6020054070282852,0.0034493895243689916,0.2968276491031162,-0.5783328027177388,0.5852315817664768,baseline,2,2021
DMF,Min. informative,r_eff,per_fleet_sigma,54.13188494607843,712.8863222823753,137.29496181785504,443.78819711937945,981.9844474453711,0.28149156185944935,0.05572754678659246,0.17226557015772814,0.39071755356117055,461.51325101470604,91.50236127054245,282.16862292444284,640.8578791049691,50.16787107187613,5.685930821795959,39.02344666115605,61.31229548259621,356.44316114118766,68.64748090892752,221.89409855968972,490.99222372268554,0.14074578092972467,0.02786377339329623,162.23459876844618,0.3689229497519806,NA,NA,0.0032432329211374393,0.03832862231353311,0.4116585806126271,0.021261808023445315,0.47690534929456924,0.2588488617215546,-0.030438419679677697,0.9842491182688162,-0.6808496981366309,0.2328194256182153,-1.137175772348333,-0.22452362392492886,baseline,2,2021
LPF,Min. informative,r_eff,per_fleet_sigma,34.25861294117647,1030.6486968285428,114.40703156959734,806.410914952132,1254.8864787049536,0.09681980627006044,0.015060803990488548,0.06730063044870288,0.126338982091418,943.5680007921603,103.76844236787026,740.1818537511347,1146.954147833186,24.946801789857446,3.1937875556830457,18.686978180718675,31.206625398996216,515.3243484142714,57.20351578479867,403.205457476066,627.4432393524768,0.04840990313503022,0.007530401995244274,259.262854135707,0.08282058949742055,NA,NA,0.01187081645556332,0.0071191843982973,0.19618043452133196,0.011868250606769038,0.13520500097241006,0.2941105958082646,-0.44125176681178857,0.7116617687566087,-0.3841324941577573,0.2771010769747132,-0.9272506050281951,0.15898561671268052,baseline,2,2021
MPF,Min. informative,r_eff,per_fleet_sigma,63.04855322745098,527.3329263290913,80.24475526635287,370.05320600703965,684.6126466511429,0.4872486829304503,0.0854692278328312,0.31972899637810115,0.6547683694827995,474.4049944230514,77.77865723310912,321.9588262461575,626.8511625999453,64.23556845492747,6.624493029614591,51.25156211688287,77.21957479297207,263.66646316454563,40.122377633176434,185.02660300351982,342.30632332557144,0.24362434146522516,0.0427346139164156,106.87830093056834,0.4144752444287976,NA,NA,6.3915194414992e-4,0.0385748147280001,0.2814630134284534,0.014757387817352849,0.0044842808332166,0.27780905565934677,-0.540021468259103,0.5489900299255362,0.09533008965419337,0.25431199431414875,-0.40312141920153816,0.5937815985099248,baseline,2,2021
NTU,Min. informative,r_eff,per_fleet_sigma,31.336875976470587,93.78117473088035,11.178215275485865,71.87187279092807,115.69047667083265,0.975977696556976,0.12660969103838937,0.7278227021217328,1.2241326909922192,64.63078720805882,7.790598109747807,49.361214912953116,79.90035950316452,22.882083723562978,2.150405245171064,18.66728944302769,27.09687800409826,46.890587365440176,5.5891076377429325,35.93593639546403,57.845238335416326,0.487988848278488,0.06330484551919469,28.830695380900384,4.999999999986369,NA,NA,0.011663599612216578,0.07073207276787447,0.2549763254599363,0.013410858146911899,0.9732802522549818,0.23079159010536526,0.520928735648466,1.4256317688614977,-0.17253467187628868,0.25577973912085866,-0.6738629605531716,0.32879361680059427,baseline,2,2021
SAR,Min. informative,r_eff,per_fleet_sigma,86.57822269230769,693.5938534593906,124.08938939518791,450.3786502448223,936.8090566739588,0.7776865000886125,0.034319085287602275,0.7104210929249121,0.844951907252313,179.08800699235192,20.243680544861324,139.41039312442376,218.7656208602801,134.84964409495183,20.067699085243035,95.51695388787547,174.18233430202815,346.7969267296953,62.044694697593954,225.18932512241116,468.4045283369794,0.38884325004430625,0.017159542643801137,153.5642564650077,5,NA,NA,0.009204630906438468,0.06221139683456617,0.18396619792941155,0.010163977614788492,2.2217483725142304,0.1336494963387013,1.9597953596903759,2.483701385338085,2.4415552999526527e-6,0.3,-0.5879975584447,0.5880024415552999,baseline,2,2021
SCP,Min. informative,r_eff,per_fleet_sigma,31.683514932659424,294.9536400579881,103.8701375635171,91.36817043349456,498.5391096824816,0.8071037824076132,0.08382480516001868,0.6428071642939766,0.9714004005212498,68.70406737785954,7.68939933293434,53.632844685308235,83.77529007041085,59.51454963142397,17.324207564172273,25.55910280564631,93.46999645720162,147.47682002899404,51.93506878175855,45.68408521674728,249.2695548412408,0.4035518912038066,0.04191240258000934,22.982450737641138,4.99999999764312,NA,NA,0.05508352190867468,0.07471863620967963,0.2020996487690412,0.010981461234788827,0.13612461559375533,0.17391123078071646,-0.20474139673644892,0.4769906279239596,-0.7259466800198745,0.2112521408365701,-1.140000876059552,-0.31189248398019714,baseline,2,2021
ANC,Min. informative,r_eff,per_fleet_sigma,144.44013527777778,1449.3569897388572,437.2900700300913,592.2684524798784,2306.445526997836,0.49853036919088267,0.10410251323135021,0.29448944325743626,0.702571295124329,357.4833574642378,65.15292411646787,229.78362619596084,485.1830887325149,180.63711879597471,32.57549640931992,116.78914583370766,244.48509175824177,724.6784948694286,218.64503501504564,296.1342262399392,1153.222763498918,0.24926518459544134,0.052051256615675105,667.1131222375101,0.15526297768950847,0.9205642598207767,0.6228827260473663,0.014084746065038742,0.08655840680537809,0.41561100839456333,0.0286510601379876,0.0015170651668171664,0.29179156467450534,-0.5703944015952133,0.5734285319288476,-4.432403026015638e-7,0.3,-0.5880004432403025,0.5879995567596974,baseline,3,2020
CMA,Min. informative,r_eff,per_fleet_sigma,21.315843673469388,521.9037639537112,87.2470767402868,350.899493542749,692.9080343646733,0.13072937948029048,0.031801998630998654,0.06839746216353312,0.19306129679704784,468.06389266611035,80.21131457414594,310.8497161007843,625.2780692314363,17.05703880252417,2.28386901698663,12.580655529230375,21.533422075817963,260.9518819768556,43.6235383701434,175.4497467713745,346.45401718233666,0.06536468974014524,0.015900999315499327,61.92337838854271,0.160390329175347,NA,NA,7.863703711187773e-5,0.010831366166362995,0.5613582158269314,0.031316140173451835,-0.023445553378075825,0.29784170100254265,-0.6072152873430594,0.5603241805869077,0.05111985081256974,0.29588621197203246,-0.5288171246526139,0.6310568262777534,baseline,3,2020
DMF,Min. informative,r_eff,per_fleet_sigma,54.19570181025641,764.2477849583125,176.91392888482346,417.4964843440585,1110.9990855725664,0.27581743124365893,0.0521040355642594,0.1736935215377105,0.37794134094960735,414.6877862466405,86.47441985733941,245.1979233262553,584.1776491670257,52.69821522021451,9.268644425774736,34.53167214569602,70.864758294733,382.12389247915627,88.45696444241173,208.74824217202925,555.4995427862832,0.13790871562182946,0.0260520177821297,169.3515321662729,0.3814778732509154,NA,NA,0.003582630045660919,0.041362830539646726,0.40531176641907374,0.021713762938122928,0.47464298732570154,0.24479061557301077,-0.00514661919739956,0.9544325938488026,-0.717080540471375,0.2264268590731162,-1.1608771842546828,-0.2732838966880673,baseline,3,2020
LPF,Min. informative,r_eff,per_fleet_sigma,34.168365200000004,880.7503102542763,99.5786113975113,685.5762319151543,1075.9243885933984,0.11495289639793171,0.019036008752383957,0.07764231924325915,0.15226347355260428,809.5324781908878,92.14381927206949,628.9305924176316,990.134363964144,25.311199791776517,3.375087037127442,18.69602919900673,31.926370384546303,440.37515512713816,49.78930569875565,342.78811595757713,537.9621942966992,0.05747644819896586,0.009518004376191979,212.51327553051212,0.10620961508270454,NA,NA,0.01389498867105467,0.008598798809095077,0.18599661667924264,0.011200073160310806,0.05745952492742226,0.29520847470413,-0.5211490854926725,0.6360681353475169,-0.27391303727868976,0.28292842610090907,-0.8284527524364715,0.280626677879092,baseline,3,2020
MPF,Min. informative,r_eff,per_fleet_sigma,63.929030408163264,525.978554379913,86.96860559520877,355.52008741330377,696.4370213465222,0.4967751276662383,0.09606418033870077,0.3084893342023848,0.6850609211300919,474.6332841609346,83.85422655801457,310.279000107226,638.9875682146431,65.3232658754462,7.748020023115456,50.1371466301399,80.50938512075247,262.9892771899565,43.484302797604386,177.76004370665189,348.2185106732611,0.24838756383311916,0.04803209016935039,110.32740616858374,0.43100283116586713,NA,NA,6.269914583932621e-4,0.04164199566499405,0.28513727430033176,0.015387530622168119,0.018668380034715375,0.2879840002451395,-0.545780260445758,0.5831170205151888,0.058987230407180145,0.2617366759044313,-0.4540166543655052,0.5719911151798655,baseline,3,2020
NTU,Min. informative,r_eff,per_fleet_sigma,31.29698632653061,903.2341421849632,355.85727459066896,205.753883987252,1600.7144003826745,0.10306724269725831,0.02213858171304802,0.05967562253968419,0.14645886285483242,396.60806415793405,77.56984519474808,244.57116757622782,548.6449607396403,23.273463136256883,7.976379715749447,7.639758893387966,38.907167379125795,451.6170710924816,177.92863729533448,102.876941993626,800.3572001913373,0.051533621348629155,0.01106929085652401,133.7949827458351,0.08074890716036442,NA,NA,0.001980441137517216,0.0220849265169494,0.27843981406484025,0.01592701419199736,0.14997087495637249,0.28826182542280127,-0.415022302872318,0.714964052785063,0.11481795647764789,0.2821048293130501,-0.4381075089759302,0.667743421931226,baseline,3,2020
SAR,Min. informative,r_eff,per_fleet_sigma,87.72790941815025,516.9530042918486,87.18365106482607,346.0730482047895,687.8329603789076,0.8147799212790608,0.051247132947657925,0.7143355407016513,0.9152243018564704,209.64663731219213,28.792219309523794,153.21388746552546,266.07938715885876,105.3007320354716,12.966183200817404,79.88701296186949,130.7144511090737,258.4765021459243,43.59182553241303,173.03652410239474,343.9164801894538,0.4073899606395304,0.025623566473828963,138.79022271822996,5,NA,NA,0.008332360144829996,0.061528044481473095,0.18624643604106386,0.010873550047277249,2.2280351441269652,0.14016857611974723,1.9533047349322608,2.50276555332167,-1.7494234396892567e-6,0.3,-0.5880017494234396,0.5879982505765603,baseline,3,2020
SCP,Min. informative,r_eff,per_fleet_sigma,31.77389952931192,908.0373630080508,328.55446054138116,264.07062034694366,1552.0041056691578,0.26613671005495354,0.05427519606674428,0.15975732576413476,0.3725160943457723,269.0078493096079,52.43409073317839,166.23703147257828,371.77866714663753,60.415519099484534,20.36789341863844,20.49444799895319,100.33659020001588,454.0186815040254,164.27723027069058,132.03531017347183,776.0020528345789,0.13306835502747677,0.02713759803337214,90.64792242432166,0.17043819982286124,NA,NA,0.014703449746909234,0.03612564355875349,0.2052591723354214,0.011742049594536138,-0.2004639546946045,0.28129357554950346,-0.7517993627716313,0.3508714533824222,0.4083119673263275,0.2622642370551773,-0.10572593730182006,0.9223498719544752,baseline,3,2020
ANC,Min. informative,r_eff,per_fleet_sigma,148.526272128483,1744.094631867441,547.1776263803979,671.6264841618612,2816.562779573021,0.5494993119918214,0.11762850402657982,0.318947444099725,0.7800511798839179,309.3569191965847,66.30140968804328,179.40615620801987,439.30768218514953,239.59470006494706,52.50586142022091,136.68321168131408,342.5061884485801,872.0473159337205,273.58881319019895,335.8132420809306,1408.2813897865105,0.2747496559959107,0.05881425201328991,609.7594564528372,0.22923130005387815,0.6992274906550846,0.834327887410676,0.01751873652123765,0.11571777727958696,0.3886143228743999,0.02864464234465459,0.052236606591906744,0.29198449828311396,-0.5200530100429965,0.6245262232268101,7.622328307858669e-8,0.3,-0.5879999237767168,0.5880000762232831,baseline,4,2019
CMA,Min. informative,r_eff,per_fleet_sigma,21.18280350765306,521.6788094309173,86.7824186647841,351.5852688479406,691.7723500138942,0.12658711590490024,0.03132651223881694,0.06518715191681904,0.18798707989298144,466.3935755076419,79.80370141789744,309.97832072856295,622.8088302867209,16.509453978640472,2.2281234147695943,12.14233208569207,20.876575871588877,260.83940471545867,43.39120933239205,175.7926344239703,345.8861750069471,0.06329355795245012,0.01566325611940847,61.64227298255088,0.20390273833787553,NA,NA,7.918154448300873e-5,0.010774272347665257,0.558316026587423,0.030911945514972217,-0.0436685913537861,0.2981153129146809,-0.6279746046665606,0.5406374219589885,0.08011778794413178,0.2959413423744573,-0.49992724310980446,0.6601628189980681,baseline,4,2019
DMF,Min. informative,r_eff,per_fleet_sigma,54.22064810955961,551.2855398465313,104.15560166908138,347.14056057513176,755.4305191179309,0.35353044676261725,0.07505213352382685,0.20642826505591663,0.5006326284693179,377.4734020482942,80.16192762768601,220.35602389802963,534.5907801985588,48.72405579892871,4.9465352123242745,39.02884678277314,58.41926481508429,275.64276992326563,52.07780083454069,173.57028028756588,377.71525955896544,0.17676522338130862,0.037526066761913425,116.63321786336874,0.6567549069686223,NA,NA,0.004037331593128662,0.05279378392877916,0.3169882690017894,0.01659136712872772,0.30872481314047223,0.2504649338345976,-0.1821864571753391,0.7996360834562836,-0.8292483769386987,0.22243625936505704,-1.2652234452942106,-0.3932733085831869,baseline,4,2019
LPF,Min. informative,r_eff,per_fleet_sigma,34.11190326530612,830.4811834544979,98.04165222157245,638.3195451002159,1022.6428218087799,0.11734911957833949,0.019626430436530114,0.07888131592274047,0.1558169232339385,761.5944719578749,90.90358440372239,583.4234465265791,939.7654973891707,24.364058926190687,3.1144259640851697,18.259784036583756,30.468333815797617,415.24059172724895,49.020826110786224,319.15977255010796,511.32141090438995,0.058674559789169745,0.009813215218265057,209.43850569147187,0.12168407033271311,NA,NA,0.014623206091483465,0.009423801143704707,0.1902641860967858,0.011757207093439939,0.07888275284274102,0.2938855061270769,-0.49713283916632967,0.6548983448518118,-0.28617683631855173,0.2768668099740053,-0.8288357838676021,0.2564821112304987,baseline,4,2019
MPF,Min. informative,r_eff,per_fleet_sigma,64.93513521258504,544.3354491558459,95.34400657137704,357.461196275947,731.2097020357451,0.49358036414761153,0.0985860661452069,0.30035167450300604,0.686809053792217,490.86748766302384,91.40587679931184,311.7119691363726,670.023006189675,67.16832230319906,7.650753578850173,52.172845288652724,82.1637993177454,272.16772457792297,47.67200328568852,178.7305981379735,365.60485101787253,0.24679018207380576,0.04929303307260345,127.48696115628843,0.5090930406384784,NA,NA,6.007758592405485e-4,0.04176705799447992,0.2840077091822968,0.015856003731561468,0.060149456424006625,0.2897451140722916,-0.5077509671576849,0.6280498800056981,0.12397361455031473,0.25878155513362905,-0.38323823351159814,0.6311854626122276,baseline,4,2019
NTU,Min. informative,r_eff,per_fleet_sigma,31.43243199404762,1039.667139339388,548.6076851798996,-35.60392361321514,2114.9382022919917,0.09764504645326494,0.020753341203972868,0.056968497693478115,0.13832159521305176,374.44423502271303,75.0753111360242,227.29662519610562,521.5918448493204,25.379586529181903,11.819672268236134,2.2130288834390788,48.54614417492473,519.833569669694,274.3038425899498,-17.80196180660757,1057.4691011459959,0.04882252322663247,0.010376670601986434,125.05412876926466,0.11906011356724999,NA,NA,0.00207376078584618,0.0236595534785342,0.28013965684574815,0.016006705321331284,0.19264331684512068,0.28778724843809433,-0.37141969009354414,0.7567063237837856,-0.00853472800410016,0.2811312112823052,-0.5595519021174183,0.542482446109218,baseline,4,2019
SAR,Min. informative,r_eff,per_fleet_sigma,88.29354010869565,479.0627554631233,69.8948427824318,342.068863609557,616.0566473166896,0.8426873511612715,0.05043990800743092,0.7438251314667068,0.9415495708558361,227.5524619098963,32.88481001591948,163.09823427869412,292.00668954109847,100.92503111030985,11.184858351026731,79.00270874229744,122.84735347832223,239.53137773156166,34.9474213912159,171.0344318047785,308.0283236583448,0.42134367558063573,0.02521995400371546,135.31841283699018,5,NA,NA,0.007907411599962562,0.05954965771432451,0.18918098839661188,0.01135487568652421,2.179500646203469,0.15060331804394445,1.884318142837338,2.4746831495696,-3.004336808471167e-7,0.3,-0.5880003004336808,0.5879996995663191,baseline,4,2019
SCP,Min. informative,r_eff,per_fleet_sigma,31.881771253968253,238.16312159025026,81.4066615284708,78.60606499444748,397.720178186053,0.8312109592905994,0.09546855968879767,0.644092582300556,1.018329336280643,71.20424133607143,8.324014057613113,54.88917378314974,87.51930888899315,49.49094919116888,13.212729928774701,23.593998530770467,75.3878998515673,119.08156079512513,40.7033307642354,39.30303249722374,198.8600890930265,0.4156054796452997,0.04773427984439883,29.187503805911934,4.99999999999982,NA,NA,0.052362798591141575,0.0732782683975163,0.19546283265575104,0.011000029987334882,0.2628732804924789,0.19499114988299238,-0.11930937327818619,0.6450559342631439,-0.6605536882306835,0.21583014762232444,-1.0835807775704394,-0.2375265988909276,baseline,4,2019
ANC,Min. informative,r_eff,per_fleet_sigma,150.7561677777778,1587.475820937863,487.2353943129877,632.4944480844073,2542.457193791319,0.5508052705931565,0.13293406052730297,0.2902545119596427,0.8113560292266704,309.4718306341225,75.30332319551734,161.87731717090853,457.06634409733647,218.59751227794322,53.42870081751263,113.87725867561848,323.317765880268,793.7379104689315,243.61769715649385,316.24722404220364,1271.2285968956594,0.27540263529657827,0.06646703026365149,514.7873077530023,0.23334027444271932,0.6485608170697954,0.8472695774731334,0.016926132791314333,0.1443290110597363,0.40279210387511816,0.03191104664327261,0.06735516731183082,0.29369270970296646,-0.5082825437059835,0.642992878329645,-7.5693136596723224e-6,0.3,-0.5880075693136596,0.5879924306863403,baseline,5,2018
CMA,Min. informative,r_eff,per_fleet_sigma,20.851261640070923,484.7412163898925,82.83526565515496,322.38409570578875,647.0983370739962,0.13870623308249766,0.034620518033476023,0.07085001773688465,0.20656244842811067,428.9378745533613,75.73055085795652,280.5059948717666,577.3697542349561,16.80915703631746,2.2339782777719077,12.43055961188452,21.1877544607504,242.37060819494624,41.41763282757748,161.19204785289438,323.5491685369981,0.06935311654124883,0.017310259016738012,55.64429075727674,0.21082993758821633,NA,NA,8.834429654094744e-5,0.012174753217212531,0.5543626230629427,0.030474020905829274,-0.04647862545945421,0.2969576433502598,-0.6285156064259635,0.535558355507055,0.07724318417676626,0.29447963277741435,-0.4999368960669659,0.6544232644204984,baseline,5,2018
DMF,Min. informative,r_eff,per_fleet_sigma,54.096365850225226,508.9656403985649,104.43655751869935,304.26998766191423,713.6612931352156,0.3883847053889282,0.08930513482099561,0.21334664113977683,0.5634227696380796,344.75712494233966,78.88236046008025,190.1476984405824,499.36655144409696,49.41861757482098,5.039375400743707,39.541441789363304,59.29579336027864,254.48282019928246,52.21827875934967,152.13499383095711,356.8306465676078,0.1941923526944641,0.044652567410497807,110.48237475653382,0.7616170746387683,NA,NA,0.004457991994261884,0.06193716184258204,0.319150445237454,0.016710379672488403,0.27334520041188,0.24941424872381884,-0.21550672708680496,0.7621971279105649,-0.8617841982445327,0.22340839302276827,-1.2996646485691585,-0.42390374791990687,baseline,5,2018
LPF,Min. informative,r_eff,per_fleet_sigma,33.890401250000004,702.8603559367251,85.04900483580114,536.1643064585548,869.5564054148954,0.13909682720967384,0.023810207918777537,0.09242881968886987,0.1857648347304778,636.1392349367559,79.13352022919454,481.0375352875345,791.2409345859771,24.441411370565135,3.0915092694349964,18.382053202472544,30.500769538657725,351.43017796836256,42.52450241790057,268.0821532292774,434.7782027074477,0.06954841360483692,0.011905103959388768,165.16992937052225,0.14876932997354508,NA,NA,0.017826232012934894,0.011761243515763199,0.1803387950832523,0.010723636491068325,0.07853158326185518,0.292963425253876,-0.49567673023574177,0.6527398967594521,-0.2829200315962523,0.2748249067438214,-0.8215768488141422,0.25573678562163754,baseline,5,2018
MPF,Min. informative,r_eff,per_fleet_sigma,65.90134984929078,571.8661553002298,97.14384752497067,381.4642141512873,762.2680964491723,0.4602797902891498,0.09157061679511454,0.2808013813707253,0.6397581992075743,513.7756026906253,92.93063557786736,331.6315569580054,695.9196484232453,65.80460850876302,7.385681726466724,51.328672324888245,80.2805446926378,285.9330776501149,48.57192376248533,190.73210707564365,381.13404822458614,0.2301398951445749,0.04578530839755727,125.29838703050658,0.4959919978523253,NA,NA,5.79162725930061e-4,0.038845241341028784,0.2814065969412612,0.01567956310024683,0.045928515158330796,0.28581668507393315,-0.5142721875865781,0.6061292179032398,0.03034325843106705,0.2581737423852853,-0.47567727664409215,0.5363637935062262,baseline,5,2018
NTU,Min. informative,r_eff,per_fleet_sigma,31.504875425531914,897.1648857963203,417.7672734303919,78.34102987275203,1715.9887417198886,0.10297651700517722,0.022705458186769948,0.05847381895910812,0.14747921505124634,358.571497706389,71.2836050601117,218.85563178857007,498.28736362420796,23.096728779663163,8.850933590950671,5.7488989413998475,40.444558617926475,448.58244289816014,208.88363671519596,39.170514936376016,857.9943708599443,0.05148825850258861,0.011352729093384974,116.37135435421496,0.12785856258174988,NA,NA,0.002137023880468749,0.023955108180860416,0.2835689633984457,0.016305958179244632,0.17156466086056293,0.28889705110274194,-0.3946735593008112,0.737802881021937,-0.006223036361040757,0.28243861255262825,-0.559802716964192,0.5473566442421106,baseline,5,2018
SAR,Min. informative,r_eff,per_fleet_sigma,88.56528108171446,431.89740252296554,52.53376957147167,328.9312141628811,534.86359088305,0.8664360797510047,0.04691140035109493,0.7744897350628586,0.9583824244391508,247.01561019075325,34.99285509566213,178.42961420325545,315.601606178251,93.55287307415998,9.24602104038294,75.4306718350094,111.67507431331055,215.94870126148277,26.266884785735837,164.46560708144054,267.431795441525,0.43321803987550234,0.023455700175547465,126.72627609517177,5,NA,NA,0.007652290607721298,0.05639026253585101,0.19236599583248817,0.012003429806702362,2.0303487509728777,0.1641490985815711,1.7086165177529984,2.352080984192757,-9.407489112571288e-6,0.3,-0.5880094074891126,0.5879905925108874,baseline,5,2018
SCP,Min. informative,r_eff,per_fleet_sigma,31.854278861726506,960.7355705635157,313.31335520614795,346.64139435946583,1574.8297467675657,0.28466644498337795,0.05559930703787645,0.17569180318914013,0.3936410867776158,247.69049237016745,46.467556039798104,156.61408253216314,338.76690220817176,68.37229486034833,19.70070223889975,29.758918472104828,106.98567124859184,480.36778528175785,156.65667760307397,173.32069717973292,787.4148733837828,0.14233322249168898,0.027799653518938226,87.06378774300718,0.1893557230525973,NA,NA,0.01574673132979836,0.03588476693438229,0.18908337806103648,0.011140924966301733,-0.23337111373060843,0.2817343382233913,-0.7855704166484554,0.3188281891872385,0.4927011525468401,0.2497977467287245,0.0030975689585400756,0.9823047361351401,baseline,5,2018
ANC,Min. informative,r_eff,per_fleet_sigma,141.64545368012423,1234.075844118363,325.34549300559905,596.3986778273888,1871.753010409337,0.5654666417474449,0.10668148644246114,0.35637092832022105,0.7745623551746688,325.7518711363169,53.45633802698506,220.97744860342615,430.5262936692076,174.45718080881352,19.685243123773787,135.8741042862169,213.04025733141012,617.0379220591815,162.67274650279953,298.1993389136944,935.8765052046685,0.28273332087372244,0.05334074322123057,784.7814250981307,0.1701502769282035,1.2718528262884636,0.6018048258422216,0.015461525810526686,0.07210852089363028,0.39193278528929726,0.025057799627997066,0.08810328508183606,0.29735100146933496,-0.4947046777980605,0.6709112479617326,1.816530004909769e-6,0.3,-0.5879981834699951,0.5880018165300048,post_1987,0,2023
CMA,Min. informative,r_eff,per_fleet_sigma,20.826265833333334,351.05782722672734,102.68219009617287,149.80073463822853,552.3149198152262,0.6387957820039786,0.2850771285555307,0.08004461003513841,1.1975469539728187,299.28079371720355,90.83528580417288,121.2436335410247,477.31795389338237,56.06356481797873,22.455675586232537,12.050440668962956,100.0766889669945,175.52891361336367,51.34109504808644,74.90036731911427,276.1574599076131,0.3193978910019893,0.14253856427776534,317.02629842132734,0.06575076136229452,NA,NA,3.6806669212091395e-5,0.014897459773998641,0.7514147341765056,0.05449586512317051,-0.010243444086207774,0.3004346316774238,-0.5990953221739584,0.5786084340015428,0.011513494278060091,0.3006261615276907,-0.5777137823162136,0.6007407708723339,post_1987,0,2023
DMF,Min. informative,r_eff,per_fleet_sigma,59.5675915,604.0013976153107,158.4199997475502,293.49819811011224,914.5045971205091,0.45862673445369984,0.1172354507934162,0.22884525089860408,0.6884082180087956,265.0741077225119,59.28590693049587,148.87373013874,381.27448530628385,69.25279714844518,9.028125824476124,51.557670532471974,86.94792376441838,302.00069880765534,79.2099998737751,146.74909905505612,457.25229856025453,0.22931336722684992,0.0586177253967081,336.3806797381585,0.17585293050366868,NA,NA,0.0020726906634825387,0.04237641437448194,0.47274655795719656,0.02811308931437773,0.0476548360492419,0.2933688262124319,-0.5273480633271246,0.6226577354256084,-0.050198764777597146,0.2887911348591487,-0.6162293891015286,0.5158318595463344,post_1987,0,2023
LPF,Min. informative,r_eff,per_fleet_sigma,37.579840555555556,516.8887902169079,117.18542253852291,287.20536204140296,746.5722183924128,0.40610732986659853,0.13221647965071523,0.14696302975119668,0.6652516299820004,409.2292703095431,90.89372425936791,231.07757076118196,587.3809698579041,52.478081608241226,9.879262668875597,33.11472677724505,71.8414364392374,258.44439510845393,58.59271126926146,143.60268102070148,373.2861091962064,0.20305366493329927,0.06610823982535761,343.4954064618574,0.10848569659787355,NA,NA,0.010480578662875484,0.021693525673586452,0.1822862303700088,0.011894018937054536,0.04146431897157351,0.29938546393089976,-0.5453311903329899,0.628259828276137,-0.13380142453542257,0.2907815489129411,-0.7037332604047871,0.43613041133394204,post_1987,0,2023
MPF,Min. informative,r_eff,per_fleet_sigma,65.1221825,672.2280077693599,191.84961562330437,296.2027611476834,1048.2532543910365,0.9444524954858243,0.36262532875168974,0.23370685113251244,1.6551981398391362,549.7552821941761,162.3352552825846,231.57818184031026,867.9323825480418,158.72185486830904,44.60181639698424,71.30229473021991,246.14141500639815,336.11400388467996,95.92480781165219,148.1013805738417,524.1266271955183,0.47222624774291216,0.18131266437584487,637.4490223281986,0.05143118519598655,NA,NA,1.8846672602174577e-4,0.02920644846430077,0.39261652950411524,0.02406430275643272,-0.07138583851513246,0.2984001395057933,-0.6562501119464873,0.5134784349162224,-0.07733810547617151,0.311736989745983,-0.6883426053782982,0.5336663944259552,post_1987,0,2023
NTU,Min. informative,r_eff,per_fleet_sigma,31.016683888888892,209.31146354879374,65.11666709428809,81.68279604398907,336.9401310535984,1.2511775862050598,0.4012016758913981,0.4648223014579196,2.0375328709522,153.47253005657063,50.30090051463882,54.882765047878564,252.06229506526273,65.47145293200703,18.649199948905334,28.919021032152568,102.02388483186147,104.65573177439687,32.558333547144045,40.841398021994536,168.4700655267992,0.6255887931025299,0.20060083794569905,194.6227647522513,0.09827760525263596,NA,NA,0.0016762307171762252,0.05207366403236705,0.3017000796719549,0.01892392325321978,-0.03673755302718852,0.29838271263269506,-0.6215676697872708,0.5480925637328938,0.06103576600771745,0.2988209369218096,-0.5246532703590294,0.6467248023744643,post_1987,0,2023
SAR,Min. informative,r_eff,per_fleet_sigma,85.12018666666667,266.6179996523621,24.26360384671321,219.06133611280416,314.17466319191993,1.664839740208078,0.11458910242886176,1.440245099447509,1.889434380968647,154.60727199643577,17.51250220188262,120.28276768074586,188.93177631212572,110.96906031900893,10.716832600011035,89.96406842298731,131.97405221503055,133.30899982618104,12.131801923356605,109.53066805640208,157.08733159595997,0.832419870104039,0.05729455121443088,225.61974874407323,0.18189057012180676,NA,NA,0.005756661878203253,0.057244126182550134,0.24968166144920717,0.016478065794471815,0.3511801162227579,0.2930680186592468,-0.22323320034936578,0.9255934327948816,1.3243152304197857e-5,0.3,-0.5879867568476957,0.5880132431523042,post_1987,0,2023
SCP,Min. informative,r_eff,per_fleet_sigma,23.670013333333333,656.3031957792278,256.17705634326643,154.19616534642563,1158.41022621203,0.20284917366673333,0.04388733555105468,0.11682999598666616,0.2888683513468005,149.94355445000699,32.96523624598203,85.33169140788222,214.55541749213177,33.282640234663155,11.117154517421941,11.493017380516152,55.07226308881016,328.1515978896139,128.08852817163321,77.09808267321282,579.205113106015,0.10142458683336666,0.02194366777552734,135.46900953349706,0.14484841764531442,NA,NA,0.010546995688995166,0.03935110083537768,0.22153514644927141,0.01429260823510408,0.031168407697502325,0.3013755803429718,-0.5595277297747224,0.621864545169727,-0.13196888626667436,0.28775064272909523,-0.695960146015701,0.4320223734823523,post_1987,0,2023
ANC,Min. informative,r_eff,per_fleet_sigma,142.90850785714287,1261.4934526522272,347.94980535991766,579.5118341467887,1943.475071157666,0.556659156117359,0.10196647230620835,0.35680487039719067,0.7565134418375274,325.2951449023272,55.299917344965834,216.90730690619418,433.68298289846024,175.55547020024068,20.634937943318928,135.11099183133558,215.99994856914577,630.7467263261136,173.97490267995883,289.75591707339436,971.737535578833,0.2783295780586795,0.050983236153104176,727.0892873885385,0.16674856512810976,1.1527436561162794,0.5991047243026201,0.01567406565846032,0.07840903252083693,0.3992096770717493,0.026033240843145112,0.06777269268692818,0.2999184059759121,-0.5200673830258594,0.6556127683997158,4.9354934192120314e-8,0.3,-0.5879999506450658,0.5880000493549341,post_1987,1,2022
CMA,Min. informative,r_eff,per_fleet_sigma,20.629405428571427,348.619899375054,101.59026704229441,149.50297597215692,547.736822777951,0.6201120635795072,0.28158417347792203,0.06820708356278005,1.1720170435962345,298.57497429642996,90.12454660197963,121.93086295654992,475.21908563631,54.045851301586204,22.15567327105003,10.620731690328146,97.47097091284425,174.309949687527,50.79513352114721,74.75148798607846,273.8684113889755,0.3100560317897536,0.14079208673896101,309.9548861538445,0.05956727070853507,NA,NA,3.719653643999103e-5,0.014923951795601633,0.7511085804902038,0.05446938867864603,0.0039233155005133045,0.30012815323191483,-0.5843278648340398,0.5921744958350663,-0.0056751792008637855,0.3001480941581077,-0.5939654437507549,0.5826150853490273,post_1987,1,2022
DMF,Min. informative,r_eff,per_fleet_sigma,60.04555615966386,640.012221001757,180.92110113666922,285.4068627738853,994.6175792296287,0.436348979638518,0.10572980514238119,0.22911856155945087,0.6435793977175851,266.98461257631425,59.06513780940466,151.21694246988113,382.75228268274736,69.81716989757459,5.372862348579585,59.286359694358595,80.34798010079058,320.0061105008785,90.46055056833461,142.70343138694264,497.3087896148144,0.218174489819259,0.05286490257119059,345.98204489034623,0.16473325120200144,NA,NA,0.002055259650068176,0.04180795980209495,0.47505804113007627,0.028856127998497814,0.058098233058595246,0.29991938356348063,-0.5297437587258267,0.6459402248430173,-0.04081565769772468,0.29676915855926633,-0.6224832084738867,0.5408518930784374,post_1987,1,2022
LPF,Min. informative,r_eff,per_fleet_sigma,38.03797885714286,452.5620655703453,121.91359163499072,213.6114259657635,691.5127051749272,0.584309587463712,0.22522760861275284,0.14286347458271642,1.0257557003447075,380.9944104271222,99.95002778399554,185.09235597049093,576.8964648837534,66.10908845878345,14.600705079948408,37.49170650208456,94.72647041548231,226.28103278517264,60.95679581749536,106.80571298288174,345.7563525874636,0.292154793731856,0.11261380430637642,337.1320636731052,0.10414619610974274,NA,NA,0.011127411762005476,0.02721891966774528,0.18069732915559422,0.012007704796687923,0.022990613686778873,0.2995634555673095,-0.5641537592251478,0.6101349865987056,0.044256783907821645,0.3040828496285103,-0.5517456013640586,0.6402591691797018,post_1987,1,2022
MPF,Min. informative,r_eff,per_fleet_sigma,65.817886,611.7481322654983,129.91613429289515,357.1125090514238,866.3837554795729,0.4632203917132048,0.09159602102345572,0.2836921905072316,0.642748592919178,228.8347476465484,50.58555856577668,129.68705285762613,327.9824424354707,70.84355236446139,8.325103756587719,54.52634900154946,87.16075572737333,305.87406613274914,64.95806714644758,178.5562545257119,433.19187773978643,0.2316101958566024,0.04579801051172786,131.99606319544762,0.3843131475247068,NA,NA,6.255302455064663e-4,0.07116017039122953,0.32774465045383205,0.020857779070092425,0.06555839472838255,0.3016617624455172,-0.5256986596648311,0.6568154491215962,-0.16428627031397408,0.3071059253607736,-0.7662138840210904,0.43764134339314215,post_1987,1,2022
NTU,Min. informative,r_eff,per_fleet_sigma,30.864514285714286,1573.9534733988432,726.8826816369166,149.26341739048667,2998.6435294072,0.13878058910535018,0.02920576300451539,0.08153729361650003,0.19602388459420034,272.4689494317375,51.57641286767393,171.3791802110966,373.5587186523784,54.60854756567591,21.13787769800136,13.178307277593246,96.03878785375858,786.9767366994216,363.4413408184583,74.63170869524333,1499.3217647036,0.06939029455267509,0.014602881502257695,251.131888279018,0.06516234036166946,NA,NA,0.001481609679588816,0.030558578489866973,0.31701449364503853,0.020316899652478293,-0.023377909061071393,0.3006416395313494,-0.6126355225425163,0.5658797044203735,0.13880085791423377,0.2972070442519104,-0.44372494881951063,0.7213266646479782,post_1987,1,2022
SAR,Min. informative,r_eff,per_fleet_sigma,85.91750365217392,2725.615031442444,598.0097550678997,1553.5159115093606,3897.714151375527,0.2042171062037337,0.02637085659985187,0.15253022726802404,0.25590398513944335,1021.415455214803,170.38154952624933,687.4676181433545,1355.3632922862516,139.15430358664366,19.98159570988829,99.99037599526262,178.3182311780247,1362.807515721222,299.00487753394987,776.7579557546803,1948.8570756877634,0.10210855310186685,0.013185428299925936,1250.1840279935793,0.04463248665869557,NA,NA,0.0010406651801505892,0.018059547589088988,0.23277018450508669,0.016024059632973948,0.25332351203489833,0.2996561592610518,-0.3340025601167632,0.8406495841865599,-1.9453222097527224e-7,0.3,-0.588000194532221,0.587999805467779,post_1987,1,2022
SCP,Min. informative,r_eff,per_fleet_sigma,23.760899428571427,211.06101149411853,65.52864118695497,82.62487476768678,339.49714822055023,1.08308476602045,0.6058395008745213,-0.10436065569361186,2.2705301877345114,166.45076874964175,49.765426076546404,68.91053363961078,263.99100385967273,57.149241562536716,22.249528693435995,13.540165323402165,100.75831780167127,105.53050574705927,32.764320593477485,41.31243738384339,169.74857411027511,0.541542383010225,0.30291975043726066,179.8823352005139,0.1592091861264704,NA,NA,0.008618221678305758,0.03787579788244618,0.23534634449854192,0.015337188372523517,-0.012104406760863379,0.29942532492699786,-0.5989780436177792,0.5747692300960525,-0.07430319182808968,0.2993291199330896,-0.6609882668969452,0.512381883240766,post_1987,1,2022
ANC,Min. informative,r_eff,per_fleet_sigma,142.55788170426067,1323.3197436322334,365.58623886316,606.7707154604396,2039.8687718040271,0.5292103813895999,0.0953882146209025,0.34224948073263095,0.7161712820465688,342.5798159485672,58.319327568116684,228.2739339150585,456.88569798207595,175.07863655700046,21.97812073140809,132.0015199234406,218.15575319056032,661.6598718161167,182.79311943158,303.3853577302198,1019.9343859020136,0.26460519069479993,0.04769410731045125,719.7779436891773,0.1475592997837163,1.0878367789080796,0.5576583716904997,0.014665326283393587,0.07802151557952974,0.40600300584788673,0.02715950597222711,0.04288191178626461,0.30038270019229635,-0.5458681805906361,0.6316320041631655,1.2242819029200457e-7,0.3,-0.5879998775718097,0.5880001224281902,post_1987,2,2021
CMA,Min. informative,r_eff,per_fleet_sigma,20.686542352941178,345.39955974853643,100.71204294518394,148.00395557597597,542.795163921097,0.6109647798575213,0.2757364529492771,0.07052133207693811,1.1514082276381044,296.232325604989,89.37816704216333,121.05111820234889,471.41353300762916,52.75674149616232,21.641014474603708,10.340353125939059,95.17312986638558,172.69977987426822,50.35602147259197,74.00197778798798,271.3975819605485,0.30548238992876064,0.13786822647463856,301.83443149078306,0.06047918099670646,NA,NA,3.7630254003612486e-5,0.015195851086863978,0.75095215999764,0.0544600882237356,0.007427904123393702,0.2999727191645536,-0.5805186254391314,0.5953744336859187,-0.009646386352832399,0.29993528573578865,-0.5975195463949782,0.5782267736893133,post_1987,2,2021
DMF,Min. informative,r_eff,per_fleet_sigma,60.58087394830659,591.4253609539678,162.62671474201318,272.677000059622,910.1737218483136,0.4558420865084464,0.10993211643005725,0.24037513830553417,0.6713090347113586,251.20431959652848,56.35107048385742,140.75622144816796,361.652417744889,67.39914263781695,6.498645262225585,54.6617979238548,80.1364873517791,295.7126804769839,81.31335737100659,136.338500029811,455.0868609241568,0.2279210432542232,0.054966058215028625,301.87157641060577,0.20037640371632737,NA,NA,0.0021425269692343586,0.04603059244790253,0.47895655929029557,0.029507950220608946,0.06135493323475201,0.2976650854141574,-0.5220686341769964,0.6447785006465006,-0.06855561931886255,0.2959752629590476,-0.6486671347185958,0.5115558960808707,post_1987,2,2021
LPF,Min. informative,r_eff,per_fleet_sigma,38.57959588235294,415.6760462294061,119.65392034086065,181.15436236131924,650.197730097493,0.849517373326894,0.33647725721178484,0.1900219491917957,1.5090127974619922,361.446242816135,101.91140972901503,161.69987974726556,561.1926058850045,88.28100573692844,21.952411369727205,45.25427945226312,131.30773202159375,207.83802311470305,59.826960170430326,90.57718118065962,325.0988650487465,0.424758686663447,0.16823862860589242,336.7753853175666,0.10603215402136801,NA,NA,0.011523051621690455,0.03078859924440562,0.1764883015026916,0.012056660001779369,0.030463575654947443,0.2996488267752462,-0.5568481248245352,0.61777527613443,0.028124499264687783,0.30321491127304445,-0.5661767268304794,0.6224257253598549,post_1987,2,2021
MPF,Min. informative,r_eff,per_fleet_sigma,66.71275676470589,700.5858905354187,160.15796648511912,386.6762762245852,1014.4955048462522,0.4058326516685027,0.08453278250946411,0.24014839794995305,0.5715169053870524,242.84532102723904,53.02681032159831,138.91277279690632,346.77786925757175,71.08015741938209,9.903401422738783,51.66949063081407,90.49082420795011,350.29294526770934,80.07898324255956,193.3381381122926,507.2477524231261,0.20291632583425134,0.042266391254732055,121.971020582894,0.3647811977176234,NA,NA,5.815907967990044e-4,0.06623876922188071,0.3269168403027069,0.021284379987847185,0.04840504266049573,0.3020770917517766,-0.5436660571729864,0.6404761424939779,-0.14030878218058246,0.3002646366344738,-0.728827469984151,0.4482099056229862,post_1987,2,2021
NTU,Min. informative,r_eff,per_fleet_sigma,30.777139411764708,1636.2870406857837,737.2339002991177,191.3085960995131,3081.265485272055,0.142854592645713,0.03075636100589256,0.08257212507416359,0.20313706021726244,275.43842960999774,52.6962876967412,172.153705724385,378.7231534956105,58.437779662156736,22.3549612256903,14.622055659803756,102.25350366450972,818.1435203428919,368.6169501495589,95.65429804975655,1540.6327426360274,0.0714272963228565,0.01537818050294628,256.03201558336895,0.05960446555476473,NA,NA,0.001483619718696857,0.030519536191081473,0.31535625530846245,0.020556204767468597,-0.037929278743771194,0.3005051468523614,-0.6269193665743995,0.5510608090868572,0.23472483802280927,0.297103754623187,-0.3475985210386372,0.8170481970842558,post_1987,2,2021
SAR,Min. informative,r_eff,per_fleet_sigma,87.04359197860963,3546.0098278055552,863.1625902673053,1854.211150881637,5237.808504729473,0.19526224867852726,0.022933838346553017,0.15031192551928335,0.24021257183777117,990.6460274301756,164.99584776794666,667.2541658050003,1314.0378890553511,173.1004632033674,32.56518884115548,109.27269307470267,236.92823333203216,1773.0049139027776,431.58129513365265,927.1055754408185,2618.9042523647363,0.09763112433926363,0.011466919173276508,1230.2079432036871,0.04744856548204979,NA,NA,0.0010923852253465597,0.01932056126323348,0.215817855096867,0.015543668082362565,0.2201456520188617,0.3050896906979355,-0.3778301417490919,0.8181214457868153,-4.825500865783251e-7,0.3,-0.5880004825500865,0.5879995174499134,post_1987,2,2021
SCP,Min. informative,r_eff,per_fleet_sigma,24.002308235294116,548.5342063263952,214.91676246194143,127.29735190099001,969.7710607518004,0.24416830170338671,0.0503910620223076,0.14540182013966382,0.3429347832671096,136.91838298157484,27.426194252386406,83.16304224689748,190.6737237162522,33.48366639623276,10.804620393933657,12.306610424122798,54.66072236834273,274.2671031631976,107.45838123097072,63.648675950495004,484.8855303759002,0.12208415085169336,0.0251955310111538,120.74077678986252,0.14144135795964896,NA,NA,0.012195853033988508,0.041046755656577644,0.2283610077679588,0.015215014166507617,-0.10112926235777214,0.3005332513237004,-0.690174434952225,0.48791591023668063,0.06983832409564449,0.2935641064354724,-0.5055473245178814,0.6452239727091704,post_1987,2,2021
ANC,Min. informative,r_eff,per_fleet_sigma,144.44013527777778,1331.1412641352752,368.5587631619551,608.7660883378433,2053.5164399327073,0.5140165260151971,0.1003570961025889,0.3173166176541229,0.7107164343762713,359.3261511167889,63.26185811006931,235.33290922105303,483.31939301252476,171.05715205657302,24.00437819575345,124.00857079289626,218.1057333202498,665.5706320676376,184.27938158097754,304.38304416892163,1026.7582199663536,0.25700826300759855,0.05017854805129445,680.4595289729285,0.14759199637413367,1.022370123001127,0.574269459849118,0.013573973275413289,0.08287771528799964,0.41742630726234375,0.02888372303007429,0.07015684327389252,0.2976189051092674,-0.5131762107402716,0.6534898972880566,6.819268231892559e-7,0.3,-0.5879993180731767,0.5880006819268232,post_1987,3,2020
CMA,Min. informative,r_eff,per_fleet_sigma,20.39001787878788,347.36941320573084,101.05037183659664,149.31068440600143,545.4281420054602,0.5978608408427512,0.2743971070201022,0.06004251108335079,1.1356791706021516,297.8264413021231,89.60422466865606,122.20216095155723,473.4507216526889,51.919642365557834,21.751581736781144,9.286542161466793,94.55274256964887,173.68470660286542,50.52518591829832,74.65534220300071,272.7140710027301,0.2989304204213756,0.1371985535100511,299.38409206677494,0.059163645110952956,NA,NA,3.7470242301491024e-5,0.014902228847411981,0.7511861416888671,0.05448131510355061,0.006152321468886543,0.3001506422880602,-0.5821429374157114,0.5944475803534846,-0.0076199313891427665,0.3000860317209565,-0.5957885535622175,0.580548690783932,post_1987,3,2020
DMF,Min. informative,r_eff,per_fleet_sigma,60.92352147727273,695.3224387776501,217.0985938347444,269.80919486155096,1120.835682693749,0.42539859877666203,0.10978380284583708,0.21022234519882135,0.6405748523545027,263.44125949444174,57.04470835902618,151.6336311107504,375.248887878133,73.9472977884959,8.61237787233004,57.06703715872903,90.82755841826278,347.66121938882503,108.5492969173722,134.90459743077548,560.4178413468745,0.21269929938833101,0.05489190142291854,345.20671358837757,0.18611176660611495,NA,NA,0.0020297091394226524,0.0419850303890646,0.4717720496066006,0.03002776458176423,0.07880147316295573,0.2971171111066763,-0.5035480646061299,0.6611510109320413,-0.05087935981596753,0.2938242351147054,-0.6267748606407901,0.525016141008855,post_1987,3,2020
LPF,Min. informative,r_eff,per_fleet_sigma,38.57379575757576,421.58600567906575,121.31263627006207,183.81323858974406,659.3587727683873,0.6574981586941527,0.27961874958636795,0.10944540950487158,1.2055509078834339,359.9182384345325,99.86223458237741,164.1882586530728,555.6482182159922,69.29800561630209,17.002569167023367,35.97297004893629,102.6230411836679,210.79300283953287,60.656318135031036,91.90661929487203,329.67938638419366,0.32874907934707637,0.13980937479318398,318.25458970214254,0.12162454277843615,NA,NA,0.011802274169412498,0.03091735410300771,0.1712195122456805,0.011973935653738419,0.022848259149750274,0.2995644316055532,-0.5642980267971339,0.6099945450966345,0.05831273839978162,0.30403252177729434,-0.5375910042837153,0.6542164810832785,post_1987,3,2020
MPF,Min. informative,r_eff,per_fleet_sigma,68.15156,662.1279783999967,146.77947355573028,374.4402102307653,949.8157465692279,0.4380877995630522,0.09129532133706104,0.2591489697424126,0.6170266293836919,256.58986739805295,58.203236733364236,142.51152340065903,370.6682113954468,72.51754727159668,8.531461047090302,55.79588361929969,89.23921092389368,331.06398919999833,73.38973677786514,187.22010511538264,474.90787328461397,0.2190438997815261,0.04564766066853052,143.51498560693835,0.34546224967833616,NA,NA,5.381488363895405e-4,0.06425186468523923,0.32577002587980375,0.021537930159391264,0.059751574946980614,0.29922706855137615,-0.5267334794137166,0.6462366293076778,-0.18341538001433605,0.30283955124466294,-0.7769809004538755,0.4101501404252033,post_1987,3,2020
NTU,Min. informative,r_eff,per_fleet_sigma,30.69647424242424,234.0258997277264,71.87737477387768,93.14624517092614,374.90555428452666,1.1386703224480164,0.398020784985476,0.3585495838764834,1.9187910610195493,170.4476243435314,55.464985464245274,61.73625283361066,279.1589958534521,66.61958667603935,20.19440149994086,27.038559736155268,106.20061361592343,117.0129498638632,35.93868738693884,46.57312258546307,187.45277714226333,0.5693351612240082,0.199010392492738,217.07947702785336,0.06426423849404816,NA,NA,0.001484846868262013,0.0448875980376688,0.31434817359950373,0.020838923324491217,0.010771288033036142,0.30108076096508063,-0.5793470034585219,0.6008895795245942,0.027868049745423208,0.2999311835736219,-0.5599970700588757,0.6157331695497221,post_1987,3,2020
SAR,Min. informative,r_eff,per_fleet_sigma,88.79121857142857,3112.4576292825623,749.6265354188413,1643.1896198616334,4581.72563870349,0.20183717994333597,0.025540783133282483,0.1517772450021023,0.2518971148845696,995.0195898416086,170.2482814463164,661.3329582068285,1328.706221476389,157.05241764687833,29.083489678536687,100.04877787694642,214.0560574168102,1556.2288146412811,374.81326770942064,821.5948099308167,2290.862819351745,0.10091858997166799,0.012770391566641242,1090.8757427341127,0.05622767054183253,NA,NA,0.0010795013243186694,0.021016803798732508,0.21591712270808855,0.015888273231655883,0.23621956707222394,0.3039836780954315,-0.35958844199482176,0.8320275761392696,8.475298360143536e-7,0.3,-0.587999152470164,0.588000847529836,post_1987,3,2020
SCP,Min. informative,r_eff,per_fleet_sigma,23.89807515151515,504.1770683124449,201.8517582998904,108.5476220446597,899.8065145802301,0.2505315704915959,0.051438325594843924,0.14971245232570182,0.35135068865749,136.64537036202262,27.505273209222207,82.7350348719471,190.55570585209813,31.578068182541365,10.092656776337707,11.79646090091946,51.359675464163274,252.08853415622244,100.9258791499452,54.27381102232985,449.90325729011505,0.12526578524579796,0.025719162797421962,117.30533700487136,0.158211449680703,NA,NA,0.012422342911073964,0.04139442306300829,0.2335976906656754,0.015862998366390626,-0.0065991519354568155,0.30006277019459965,-0.5947221815168721,0.5815238776459585,0.049961457737117715,0.296064688626657,-0.5303253319711301,0.6302482474453655,post_1987,3,2020
ANC,Min. informative,r_eff,per_fleet_sigma,148.526272128483,1492.0382937252919,434.58333382509596,640.2549594281037,2343.82162802248,0.5647372324825077,0.11984962584589255,0.3298319658245583,0.7996424991404572,322.4820400047662,67.23912958026045,190.69334602745573,454.27073398207665,210.65239418908612,40.652739885495826,130.97302401351428,290.33176436465794,746.0191468626459,217.29166691254798,320.12747971405184,1171.91081401124,0.28236861624125387,0.059924812922946276,619.4955234268241,0.21398621525369155,0.8304016405370935,0.7578257743447776,0.016484318444786327,0.11398820041293876,0.39524794438293537,0.029808243773469675,0.07478979583386916,0.29580347557203,-0.5049850162873097,0.654564607955048,-2.012455020440453e-6,0.3,-0.5880020124550204,0.5879979875449796,post_1987,4,2019
CMA,Min. informative,r_eff,per_fleet_sigma,20.1602859375,347.61786216888447,101.18932002832167,149.286794913374,545.9489294243949,0.5983765595516204,0.27217198207168014,0.06491947469112735,1.1318336444121133,297.11743658553974,89.446423833961,121.80244587097616,472.43242730010337,52.00159510082661,21.60091924226936,9.663793385978666,94.33939681567456,173.80893108444224,50.59466001416084,74.643397456687,272.97446471219746,0.2991882797758102,0.13608599103584007,302.1978557345643,0.06941166430652235,NA,NA,3.741371649374933e-5,0.014702642757382745,0.7515121022270889,0.05450211749373268,-0.0011537422373933922,0.30072638778228644,-0.5905774622906748,0.588269977815888,0.0032033888123095926,0.3007167207607519,-0.5862013838787641,0.5926081615033834,post_1987,4,2019
DMF,Min. informative,r_eff,per_fleet_sigma,61.247734606854834,470.4768733623968,122.58020566517753,230.21967025864888,710.7340764661449,0.577470729435326,0.15527510372289557,0.27313152613845065,0.8818099327322013,227.73397467215975,55.89957916713594,118.1707995045733,337.2971498397462,67.92165581075868,8.954430659849548,50.37097171745357,85.4723399040638,235.2384366811984,61.290102832588765,115.10983512932444,355.36703823307244,0.288735364717663,0.07763755186144779,226.82459739530464,0.32706752542457895,NA,NA,0.002405515619579635,0.06637357095029102,0.36879043860190386,0.024200216808731558,0.008001074636029537,0.2904294079710255,-0.5612405649871804,0.5772427142592395,-0.14966490377586558,0.287196518604093,-0.7125700802398879,0.41324027268815666,post_1987,4,2019
LPF,Min. informative,r_eff,per_fleet_sigma,38.625008125,403.8502779172978,118.04582327064044,172.48046430684252,635.2200915277531,0.7996138041030015,0.3445231271626132,0.12434847486427969,1.4748791333417235,350.7132237891514,99.84613998486701,155.0147894188121,546.4116581594907,80.7310642533762,22.093493968956096,37.42781607422225,124.03431243253014,201.9251389586489,59.02291163532022,86.24023215342126,317.61004576387654,0.39980690205150077,0.1722615635813066,328.4273344578692,0.12607872327396752,NA,NA,0.01194643263835706,0.03225494285403151,0.1735430571553689,0.012445212566856163,0.01977673906433676,0.2994347416417818,-0.5671153545535556,0.606668832682229,0.05634947511531945,0.2994300444256392,-0.5305334119589334,0.6432323621895722,post_1987,4,2019
MPF,Min. informative,r_eff,per_fleet_sigma,69.81510875,619.4572186791823,167.24131986923476,291.66423173548225,947.2502056228824,0.7388587289117821,0.2567616890167371,0.23560581843897732,1.2421116393845868,490.0827329662972,135.84745308814811,223.82172491352694,756.3437410190676,114.42284330213216,31.5989090938744,52.488981478138356,176.35670512612597,309.7286093395912,83.62065993461738,145.83211586774112,473.6251028114412,0.36942936445589103,0.12838084450836856,528.9298681742988,0.10400929593836139,NA,NA,2.4412540030408676e-4,0.038293479818255545,0.33865401435155373,0.02288758171451487,-0.01625098019443923,0.2986945302092639,-0.6016922594045965,0.5691902990157179,-0.09074549020101445,0.30798760270587716,-0.6944011915045336,0.5129102111025048,post_1987,4,2019
NTU,Min. informative,r_eff,per_fleet_sigma,30.8810453125,244.4463723031932,74.27600077305777,98.86541078799995,390.02733381838647,1.1048490511323315,0.3952552767233465,0.33014870875457236,1.8795493935100906,178.39690758394582,57.44488165298351,65.80493954409813,290.9888756237935,67.51908562298091,20.956845845373845,26.443667766048176,108.59450347991364,122.2231861515966,37.13800038652889,49.432705393999974,195.01366690919323,0.5524245255661657,0.19762763836167324,228.0225473871529,0.07213012671180508,NA,NA,0.0014094535121137969,0.042299944408987246,0.32168334546202176,0.021716199264790355,-0.025926849714237702,0.3001114991519888,-0.6141453880521358,0.5622916886236603,0.039996580660260135,0.2993892492108122,-0.5468063477929318,0.6267995091134521,post_1987,4,2019
SAR,Min. informative,r_eff,per_fleet_sigma,89.7714678125,394.541226116344,77.55342615472053,242.53651085309176,546.5459413795961,1.3770944274586359,0.12682729808904178,1.128512923204114,1.6256759317131577,148.6993561225276,21.119996448784008,107.30416308291095,190.09454916214426,135.83013097187873,19.309898710459727,97.9827294993777,173.6775324443798,197.270613058172,38.77671307736026,121.26825542654588,273.27297068979806,0.6885472137293179,0.06341364904452089,206.21856174456823,0.6099720298824396,NA,NA,0.006616094677666714,0.08079779230967113,0.19933593205765981,0.015164355733357612,0.37328551095026985,0.2787565249015926,-0.17307727785685156,0.9196482997573913,-3.0957165526073973e-6,0.3,-0.5880030957165526,0.5879969042834473,post_1987,4,2019
SCP,Min. informative,r_eff,per_fleet_sigma,23.81067125,443.00396789772185,168.7269142445491,112.29921597840558,773.7087198170382,0.2705564322143587,0.05564624393147518,0.16148979410866737,0.37962307032005005,138.8971678066532,26.585814539367036,86.78897130949377,191.00536430381254,29.964393252802978,8.356854297789823,13.584958829134925,46.34382767647103,221.50198394886093,84.36345712227455,56.14960798920279,386.8543599085191,0.13527821610717936,0.02782312196573759,129.60306887614954,0.16207210907099423,NA,NA,0.012377185242820745,0.03802816123403734,0.21599250314524016,0.015238803623973876,0.09591702846869406,0.2969825671412301,-0.486168803128117,0.6780028600655051,0.0619406754312293,0.2994392525252454,-0.5249602595182516,0.6488416103807102,post_1987,4,2019
ANC,Min. informative,r_eff,per_fleet_sigma,150.7561677777778,1444.5870622051627,424.5338647464028,612.5006873022132,2276.673437108112,0.5427528097608987,0.1279653424954675,0.29194073846978236,0.7935648810520151,331.3732263565099,78.89786306596011,176.7334147472281,486.0130379657918,196.01342173902353,45.791627398861635,106.26183203725473,285.76501144079236,722.2935311025814,212.2669323732014,306.2503436511066,1138.336718554056,0.27137640488044934,0.06398267124773376,548.1341215130465,0.2059481148210054,0.7588800091789822,0.7589020678188019,0.015180979303408032,0.13538888645127103,0.41109468491276396,0.03342980361569498,0.07379503938130072,0.2972064062166539,-0.5087295168033409,0.6563195955659423,-2.466328525015503e-7,0.3,-0.5880002466328524,0.5879997533671475,post_1987,5,2018
CMA,Min. informative,r_eff,per_fleet_sigma,19.620544193548387,346.91036548462375,100.39481280892673,150.13653237912735,543.6841985901202,0.5780413948159419,0.26532494760079484,0.05800449751838399,1.0980782921134997,296.38771112341607,88.72293221868361,122.4907639747962,470.284658272036,50.132137885210014,21.317403348337866,8.350027322467797,91.91424844795223,173.45518274231188,50.197406404463365,75.06826618956367,271.8420992950601,0.28902069740797093,0.13266247380039742,299.35003917403805,0.06178414039994351,NA,NA,3.758581729143992e-5,0.014371379982858406,0.7519196642822997,0.05454053472551232,0.00773987213500121,0.30035678321027715,-0.5809594229571421,0.5964391672271444,-0.007209620838724002,0.3002422932500819,-0.5956845156088845,0.5812652739314365,post_1987,5,2018
DMF,Min. informative,r_eff,per_fleet_sigma,61.34382131182796,455.0609048512845,122.3076914406835,215.33782962754483,694.7839800750243,0.5909016371203039,0.15771774965632468,0.2817748477939075,0.9000284264467002,222.82040282477672,56.32742675250279,112.41864638987124,333.22215925968214,67.22405841651772,6.617237500517869,54.254272915502696,80.19384391753275,227.53045242564224,61.15384572034175,107.66891481377242,347.39199003751213,0.29545081856015193,0.07885887482816234,226.92395341877418,0.34772221497995837,NA,NA,0.0024532603053997073,0.06989278400309662,0.37631598226133645,0.025166202946205057,0.026399538273467495,0.29701783043597346,-0.5557554093810404,0.6085544859279755,-0.1732087504461653,0.29029616236486683,-0.7421892286813043,0.3957717277889737,post_1987,5,2018
LPF,Min. informative,r_eff,per_fleet_sigma,38.427621290322584,436.9919626415479,116.85003503998722,207.96589396317296,666.0180313199228,0.5653793655336184,0.24857902631427503,0.07816447395763942,1.0525942571095974,368.77429185272115,94.61441048220216,183.33004730760493,554.2185363978374,61.76655964539225,17.357007643801314,27.74682466354167,95.78629462724282,218.49598132077395,58.42501751999361,103.98294698158648,333.0090156599614,0.2826896827668092,0.12428951315713752,318.8377386126988,0.1255758840097645,NA,NA,0.011647510014485614,0.028010964423130755,0.1723248486796109,0.012753259993190902,0.03185092426358081,0.2998632313566874,-0.5558810091955265,0.6195828577226882,0.09431743685892509,0.30670906782770896,-0.5068323360833844,0.6954672098012347,post_1987,5,2018
MPF,Min. informative,r_eff,per_fleet_sigma,71.46075387096774,645.1511046732368,145.92647639242077,359.135210944092,931.1669984023814,0.46314507843275715,0.10229878230223456,0.2626394651203774,0.6636506917451369,282.4653930559403,66.33721524433903,152.44445117703583,412.4863349348448,74.69963974371656,8.022348673125345,58.975836344390885,90.42344314304222,322.5755523366184,72.96323819621038,179.567605472046,465.5834992011907,0.23157253921637858,0.05114939115111728,183.73109826782277,0.38634631037856604,NA,NA,4.759662738102104e-4,0.06107926772381911,0.3220086057657836,0.02208640535872194,0.051133819359275766,0.2971786642343463,-0.531336362540043,0.6336040012585945,-0.1143929317793696,0.3015259479678087,-0.7053837897962746,0.4765979262375354,post_1987,5,2018
NTU,Min. informative,r_eff,per_fleet_sigma,30.971290967741936,250.34685778683513,75.49513720147553,102.3763888719431,398.31732670172715,1.1038489137779375,0.40386727178034176,0.31226906108846764,1.8954287664674072,182.65270570760717,58.53056388012023,67.93280050257152,297.3726109126428,69.08627675892946,21.958180728686735,26.048242530703455,112.12431098715545,125.17342889341757,37.747568600737765,51.18819443597155,199.15866335086358,0.5519244568889687,0.20193363589017088,233.00676820964196,0.06650824963197532,NA,NA,0.0013656810568824548,0.04089942670564168,0.3292414323406867,0.02266333652254835,0.0010598912215414097,0.3012080717534248,-0.5893079294151712,0.5914277118582539,0.02715758732814931,0.2999356206694675,-0.560716229184007,0.6150314038403056,post_1987,5,2018
SAR,Min. informative,r_eff,per_fleet_sigma,90.3949368081494,455.02769214691,99.41109014069585,260.1819554711461,649.8734288226739,1.2557331419053452,0.07746148877247595,1.1039086239112923,1.4075576598993982,149.64718413762495,20.924120564911384,108.63590783039864,190.65846044485127,142.8483383783944,23.965988069604524,95.87500176196953,189.8216749948193,227.513846073455,49.705545070347924,130.09097773557306,324.93671441133694,0.6278665709526726,0.03873074438623798,188.0259070876506,0.7150813679455075,NA,NA,0.006506157181583127,0.08067391679365443,0.1994122342067973,0.015831347764678056,0.17760513666622532,0.29005818810132056,-0.3909089120123629,0.7461191853448136,-3.793900465598962e-7,0.3,-0.5880003793900466,0.5879996206099534,post_1987,5,2018
SCP,Min. informative,r_eff,per_fleet_sigma,23.516467096774193,453.32901267408926,180.78452374003683,98.99134614361705,807.6666792045615,0.263242038942843,0.052567549005135245,0.1602096428927779,0.36627443499290807,133.38819286440588,25.584110712117194,83.24333586865617,183.5330498601556,29.833813402068294,9.047757839536503,12.100208036576747,47.567418767559836,226.66450633704463,90.39226187001842,49.495673071808525,403.8333396022808,0.1316210194714215,0.026283774502567622,114.89845099019615,0.1701283538859819,NA,NA,0.01293472272852669,0.03968109597635274,0.2150194231510508,0.015502709947418026,0.04346022499111365,0.30017703718521155,-0.5448867678919009,0.6318072178741283,0.03703153091302436,0.2999694228021196,-0.55090853777913,0.6249715996051787,post_1987,5,2018
ANC,Min. informative,r_eff,per_fleet_sigma,145.3633017032967,400.2965409118432,28.468726506173276,344.49783695974355,456.0952448639428,1.4922924837503533,0.05061144378072956,1.3930940539401233,1.5914909135605833,108.50073009189109,14.184895154849016,80.69833558838701,136.30312459539513,149.33987981850237,9.814828411424237,130.10281613211086,168.57694350489388,200.1482704559216,14.234363253086638,172.24891847987178,228.0476224319714,0.7461462418751766,0.02530572189036478,265.39714512133537,0.6165835980800036,1.3260026904893163,0.8263575737250076,0.04345634392000585,0.06740410914753818,0.39655075191767053,0.02676974250146849,-0.26522950348359753,0.2436158951007399,-0.7427166578810477,0.21225765091385262,-2.8010753232389443e-6,0.3,-0.5880028010753232,0.5879971989246767,thai_dof,0,2023
CMA,Min. informative,r_eff,per_fleet_sigma,21.56869619375907,524.6462309634096,81.92225550871746,364.0786101663234,685.2138517604958,0.12137865682576586,0.026146325295901357,0.0701318592457992,0.17262545440573251,466.8034366125489,76.05534451000293,317.73496137294313,615.8719118521547,15.9202137057598,1.4792382714535752,13.020906693710794,18.819520717808807,262.3231154817048,40.96112775435873,182.0393050831617,342.6069258802479,0.06068932841288293,0.013073162647950679,82.34533574846941,0.1641221185538857,NA,NA,7.59965238547045e-5,0.01065528509950773,0.5727389703807685,0.03219883388222986,0.24272103578712212,0.2992978590559935,-0.3439027679626251,0.8293448395368693,-0.3756757852243815,0.30017829200394397,-0.9640252375521117,0.21267366710334867,thai_dof,0,2023
DMF,Min. informative,r_eff,per_fleet_sigma,53.745783427672954,624.6695589859175,110.53934188785026,408.0124488857311,841.3266690861041,0.32009129712026746,0.06252138579003805,0.1975493809717929,0.44263321326874205,421.1749437586563,83.34705988178024,257.81470639036706,584.5351811269455,49.98782235183694,3.5768383763961893,42.9772191341004,56.99842556957348,312.3347794929588,55.26967094392513,204.00622444286554,420.66333454305203,0.16004564856013373,0.031260692895019024,184.87029245835882,0.35742739420155,NA,NA,0.003263511835420495,0.036864900391115216,0.4024416582051564,0.020167083218794058,0.6891576751983435,0.23117839697998877,0.2360480171175655,1.1422673332791216,-0.5392503537303353,0.26140549486556924,-1.0516051236668509,-0.02689558379381951,thai_dof,0,2023
LPF,Min. informative,r_eff,per_fleet_sigma,36.65727217391304,582.4244519612511,127.43971073434474,332.6426189219353,832.2062850005668,0.3059406363752887,0.0958303198298366,0.11811320950880894,0.4937680632417684,501.6863541767254,111.20742131587043,283.7198083976193,719.6528999558316,44.54682686838847,7.479745865396998,29.88652497221036,59.20712876456658,291.21222598062553,63.71985536717237,166.32130946096765,416.1031425002834,0.15297031818764434,0.0479151599149183,344.06601297888227,0.10030982694492874,NA,NA,0.009796391082968528,0.01920593835484277,0.1918249063793086,0.013879783295407455,-0.04191013491644298,0.2980142825093595,-0.6260181286347877,0.5421978588019016,0.1471028865956748,0.29530532449367675,-0.43169554941193156,0.7259013226032812,thai_dof,0,2023
MPF,Min. informative,r_eff,per_fleet_sigma,60.06852478260869,918.1826327671721,164.21720802560162,596.3169050369929,1240.0483604973513,0.18323264009994705,0.051611756570871796,0.08207359722103834,0.28439168297885575,794.1858583738001,145.30823875215577,509.3817104195748,1078.9900063280254,42.06025697396228,7.02788980795607,28.285592950368383,55.834920997556175,459.09131638358605,82.10860401280081,298.15845251849646,620.0241802486756,0.09161632004997353,0.025805878285435898,228.54436189455663,0.14103872360161773,NA,NA,3.278476268416104e-4,0.03461972258185862,0.33875323133888086,0.022525226951127724,-0.06822121391778134,0.29803811504822436,-0.6523759194123011,0.5159334915767384,0.23413536978311025,0.29334531170563327,-0.34082144115993096,0.8090921807261514,thai_dof,0,2023
NTU,Min. informative,r_eff,per_fleet_sigma,22.049744347826085,2067.7900146136085,915.9606696568504,272.50710208618165,3863.072927141035,0.1194434539000166,0.030613582823021453,0.059440831566894545,0.17944607623313863,191.32795116367518,54.227676423044876,85.0417053745072,297.61419695284314,61.74599532135379,21.743380994979063,19.12896857119483,104.36302207151275,1033.8950073068042,457.9803348284252,136.25355104309082,1931.5364635705175,0.0597217269500083,0.015306791411510727,252.04731340429134,0.1014195774242852,NA,NA,0.0013190779800043837,0.024600297456425994,0.3338621770108478,0.022248224064953016,-0.0010203781728568531,0.2977584826326212,-0.5846270041327944,0.5825862477870808,0.21071551618705675,0.2937605528017372,-0.36505516730434817,0.7864861996784617,thai_dof,0,2023
SAR,Min. informative,r_eff,per_fleet_sigma,85.36122802637362,272.9156367311473,20.58908106585416,232.56103784207315,313.27023562022146,1.3206277413066303,0.07022814850836508,1.1829805702302347,1.4582749123830259,214.99583712001214,23.638782267480764,168.66382387574984,261.3278503642744,90.10499022587896,5.978571527393935,78.38699003218686,101.82299041957108,136.45781836557364,10.29454053292708,116.28051892103657,156.63511781011073,0.6603138706533151,0.03511407425418254,108.42512641965173,5,NA,NA,0.009888537255560957,0.05041655318333215,0.2057713359675133,0.011018618286814061,1.8295032816583812,0.14613874082293868,1.5430713496454214,2.115935213671341,-1.2244514247450219e-5,0.3,-0.5880122445142474,0.5879877554857526,thai_dof,0,2023
SCP,Min. informative,r_eff,per_fleet_sigma,27.953238260869565,610.2691472919536,248.11761807830035,123.95861585848489,1096.5796787254224,0.2777575793872471,0.06503895551708078,0.15028122657376877,0.40523393220072546,139.13608873820272,33.208862602534715,74.04671803723468,204.22545943917075,42.3767202816331,12.434062872219203,18.00595705208346,66.74748351118274,305.1345736459768,124.05880903915018,61.979307929242445,548.2898393627112,0.13887878969362355,0.03251947775854039,135.62364975643047,0.19545584429883878,NA,NA,0.010458930920874125,0.03932362648090458,0.2305122682304207,0.015863488005385798,-0.21566215976784037,0.2914711462906315,-0.786945606497478,0.35562128696179734,0.17823779799821976,0.2963201344651336,-0.4025496655534421,0.7590252615498816,thai_dof,0,2023
ANC,Min. informative,r_eff,per_fleet_sigma,146.65054063492062,398.8793296688533,34.179646773557884,331.8872219926798,465.8714373450267,1.4839668608116037,0.0555414335998694,1.3751056509558597,1.5928280706673477,109.48262530339446,14.485724426205373,81.09060542803192,137.874645178757,147.98092667283126,11.095515452670844,126.2337163855964,169.7281369600661,199.43966483442665,17.089823386778942,165.9436109963399,232.93571867251336,0.7419834304058018,0.0277707167999347,245.27806034935946,0.674158325681355,1.2298359032692294,0.9085894617790155,0.04414680053448179,0.07906010632064356,0.40506778330580934,0.02854040296475544,-0.23299833880231544,0.26529710610687945,-0.7529806667717992,0.2869839891671683,1.5898354872286867e-6,0.3,-0.5879984101645127,0.5880015898354872,thai_dof,1,2022
CMA,Min. informative,r_eff,per_fleet_sigma,21.446578574660634,522.6096121773027,81.57915937374025,362.7144598047718,682.5047645498336,0.12137579481058472,0.0263996538973698,0.06963247317173991,0.1731191164494295,465.7082701962759,75.72806473229733,317.28126332097315,614.1352770715787,15.85803926341789,1.5061421079291955,12.906000731876667,18.810077794959113,261.30480608865133,40.78957968687013,181.3572299023859,341.2523822749168,0.06068789740529236,0.0131998269486849,78.46637849733834,0.14865288000975063,NA,NA,7.663566772713834e-5,0.010605303365841725,0.5705659059177156,0.03200405835092311,0.2083547547476183,0.29942387506439316,-0.3785160403785922,0.7952255498738289,-0.34651821398877286,0.2998665001837108,-0.9342565543488461,0.24122012637130036,thai_dof,1,2022
DMF,Min. informative,r_eff,per_fleet_sigma,53.92733956378987,631.5681275429632,113.08923463309056,409.9132276621057,853.2230274238207,0.3177710103313804,0.061781546475996776,0.1966791792384267,0.43886284142433407,420.5361492685548,82.70549987636794,258.43336951087366,582.638929026236,50.173510495606365,3.6491520428497126,43.02117249162093,57.32584849959181,315.7840637714816,56.54461731654528,204.95661383105286,426.61151371191033,0.1588855051656902,0.030890773237998388,186.96937729628814,0.332823272041753,NA,NA,0.003266015337373189,0.03625655438438766,0.40379728257946046,0.020750094426953518,0.7270917618007091,0.22729852777556342,0.28158664736060485,1.1725968762408134,-0.5439122201613157,0.26734690986035686,-1.0679121634876152,-0.019912276835016285,thai_dof,1,2022
LPF,Min. informative,r_eff,per_fleet_sigma,37.344193636363634,391.71421333104223,133.97460121485307,129.12399494993022,654.3044317121543,0.6095022446001993,0.3010073908031784,0.01952775862596967,1.199476730574429,328.37829147470586,127.1917529239616,79.08245574374112,577.6741272056705,59.687673066767886,13.003960764083034,34.199909969165134,85.17543616437064,195.85710666552112,66.98730060742653,64.56199747496511,327.15221585607713,0.30475112230009965,0.1505036954015892,257.11374230924775,0.1555938562225121,NA,NA,0.013397747950535506,0.03809935275970045,0.1975426357770665,0.014595098781984287,0.015003871630462011,0.297402697325782,-0.5679054151280707,0.5979131583889947,0.15045900540944676,0.29697591603364765,-0.4316137900165026,0.7325318008353962,thai_dof,1,2022
MPF,Min. informative,r_eff,per_fleet_sigma,60.945614090909096,928.1074258004384,164.5375244409387,605.6138778961985,1250.6009737046784,0.17703953991326163,0.050607913034357854,0.07784803036592024,0.276231049460603,805.9233675568,145.08853374656528,521.549841413532,1090.296893700068,41.077927913447795,7.055809397478193,27.24854149439054,54.90731433250505,464.0537129002192,82.26876222046936,302.80693894809923,625.3004868523392,0.08851976995663081,0.025303956517178927,228.347148356511,0.12646639629715395,NA,NA,3.257030524987448e-4,0.03349218431914563,0.34637348406880214,0.02405968680561976,-0.05908597789907951,0.2986416427777692,-0.6444235977435072,0.5262516419453481,0.25169376507304164,0.2929015341855084,-0.32239324193055485,0.8257807720766381,thai_dof,1,2022
NTU,Min. informative,r_eff,per_fleet_sigma,21.40006818181818,2035.1592222201584,902.1283123851504,266.9877299452639,3803.330714495053,0.1239759713995391,0.03251406298110209,0.060248407956579,0.1877035348424992,180.13136969598784,51.988597904639214,78.233717802895,282.0290215890807,63.077710381868634,22.2034049004562,19.559036776974487,106.59638398676279,1017.5796111100792,451.0641561925752,133.49386497263194,1901.6653572475266,0.06198798569976955,0.016257031490551046,234.8938613050104,0.08692977594925821,NA,NA,0.0014202465141779147,0.026610043075414144,0.3398314067704048,0.023166575786409776,0.004048848057964645,0.29870270866800525,-0.5814084609313256,0.589506157047255,0.2021952992765798,0.2939670094809861,-0.3739800393061529,0.7783706378593125,thai_dof,1,2022
SAR,Min. informative,r_eff,per_fleet_sigma,85.85755522297808,279.3752044469717,21.173651853290377,237.87484681452258,320.87556207942083,1.3280499252585407,0.06503542818285363,1.2005804860201477,1.4555193644969338,219.4394373624102,24.19921023337675,172.00898530499177,266.8698894198286,92.75605484622257,6.211143832205497,80.5822129350998,104.92989675734535,139.68760222348584,10.586825926645188,118.93742340726129,160.43778103971042,0.6640249626292704,0.032517714091426814,119.45805089542966,5,NA,NA,0.009766914912438852,0.05034803625859561,0.1942617575832755,0.010857415028117143,2.0402351594288133,0.15872795256426836,1.7291283724028472,2.351341946454779,6.9497464466483316e-6,0.3,-0.5879930502535533,0.5880069497464466,thai_dof,1,2022
SCP,Min. informative,r_eff,per_fleet_sigma,28.292521818181818,660.1847751610608,255.44381000678513,159.51490754776194,1160.8546427743595,0.28634806498476717,0.0674837160568455,0.15407998151335,0.41861614845618433,131.2223075673535,32.0404015925824,68.423120445892,194.02149468881498,47.26065822494332,13.705417805617627,20.39803932593277,74.12327712395387,330.0923875805304,127.72190500339256,79.75745377388097,580.4273213871797,0.14317403249238358,0.03374185802842275,126.39940590922723,0.17951092387306478,NA,NA,0.011223682784989546,0.04463474914790356,0.23449022789642796,0.01634837233421314,-0.18627476548960248,0.2924043064658054,-0.759387206162581,0.38683767518337614,0.16040020803432853,0.29715064053890927,-0.42201504742193363,0.7428154634905907,thai_dof,1,2022
ANC,Min. informative,r_eff,per_fleet_sigma,146.36321153846154,743.4821653329193,197.81293922090651,355.7688044599425,1131.195526205896,1.2610794173799134,0.057678237602128875,1.1480300716797407,1.374128763080086,105.58803111484617,8.221120912852278,89.47463412565571,121.70142810403664,234.3975139725986,51.8758335358669,132.72088024229947,336.07414770289773,371.74108266645965,98.90646961045326,177.88440222997124,565.597763102948,0.6305397086899567,0.028839118801064437,214.6968642419874,1.528479566768798,0.5775440871425601,2.4240813793384235,0.0432134416074526,0.07208429108546495,0.4113869931112365,0.032459075901988786,0.1852712093258084,0.24695479246575888,-0.29876018390707904,0.6693026025586958,-5.924618832148363e-4,0.3,-0.5885924618832148,0.5874075381167851,thai_dof,2,2021
CMA,Min. informative,r_eff,per_fleet_sigma,21.49910311372549,538.12350710487,84.97222604068887,371.5779440651199,704.6690701446203,0.12165663344009989,0.027743033615936556,0.06728028755286425,0.17603297932733553,480.74113767728267,78.48719459677842,326.90623626759697,634.5760390869684,16.366573562339536,1.6253843619102342,13.180820212995476,19.552326911683597,269.061753552435,42.48611302034443,185.78897203255994,352.33453507231013,0.060828316720049944,0.013871516807968278,79.16766084784004,0.13653654065564513,NA,NA,7.324812587330885e-5,0.009733069306669517,0.5713433352218509,0.031984883208329214,0.08831162160364364,0.30151378976021626,-0.5026554063263802,0.6792786495336676,-0.01918470538449096,0.3003350045930989,-0.6078413143869648,0.5694719036179829,thai_dof,2,2021
DMF,Min. informative,r_eff,per_fleet_sigma,54.13188494607843,544.4984591104443,99.27443236123187,349.9205716824298,739.0763465384588,0.38106149137869416,0.07672973445075952,0.2306712118552055,0.5314517709021829,412.4909331069584,83.82280807814792,248.19822927378846,576.7836369401283,51.87184872050672,2.853086767946949,46.2797986553307,57.46389878568274,272.24922955522214,49.63721618061594,174.9602858412149,369.5381732692294,0.19053074568934708,0.03836486722537976,163.00537357254598,0.3102455468214025,NA,NA,0.0031328162882897368,0.03814000058027776,0.42597629854146846,0.022407464698197738,-0.2015241576954164,0.2711128446680374,-0.7329053332447698,0.32985701785393695,-0.5868701102429583,0.28330986688908816,-1.142157449345571,-0.03158277114034558,thai_dof,2,2021
LPF,Min. informative,r_eff,per_fleet_sigma,38.18806,1300.989450420435,388.1316458493343,540.2514245557397,2061.7274762851303,0.20627663644102054,0.050146092593972014,0.10799029495683539,0.3045629779252057,305.7338095560849,60.7850026567549,186.5952043488453,424.8724147633245,67.09093196949482,16.335723878173575,35.07291316827461,99.10895077071503,650.4947252102176,194.06582292466715,270.12571227786987,1030.8637381425651,0.10313831822051027,0.025073046296986007,227.98428001126177,0.10840607369020905,NA,NA,0.016730848766279543,0.03772836295381762,0.17815722821612998,0.014497979245388521,0.3565284380847482,0.30582454307449214,-0.24288766634125636,0.9559445425107528,-0.15495052450465818,0.3014104090632624,-0.7457149262686524,0.43581387725933607,thai_dof,2,2021
MPF,Min. informative,r_eff,per_fleet_sigma,62.162439523809525,821.4909481786879,167.47480469050322,493.24033098530157,1149.741565372074,0.20892393891296404,0.06441792566644623,0.08266480460672943,0.33518307321919866,648.0621895005631,137.08757064882283,379.3705510288704,916.7538279722559,42.907281168709275,6.716890936521483,29.742174933127167,56.07238740429138,410.74547408934393,83.73740234525161,246.62016549265078,574.870782686037,0.10446196945648202,0.032208962833223116,162.2758691771131,0.20080388883287092,NA,NA,3.728818758900146e-4,0.04040490371774099,0.351129207683258,0.025685211546992888,-0.18152966732301665,0.29765448392397337,-0.7649324558140045,0.40187312116797114,0.02091470320358456,0.3002959118663453,-0.5676652840544522,0.6094946904616213,thai_dof,2,2021
NTU,Min. informative,r_eff,per_fleet_sigma,20.807916190476192,144.35193036121933,32.73301581431443,80.19521936516306,208.5086413572756,2.5501327646114356,NA,NA,NA,56.342433506416086,12.83715524754288,31.18160922123204,81.50325779160013,92.0291468122634,17.45802652800503,57.811414817373546,126.24687880715325,72.17596518060967,16.366507907157214,40.09760968258153,104.2543206786378,1.2750663823057178,NA,148.2055346795384,0.24051751134666066,NA,NA,0.0024265334883615576,0.036975673086369724,0.32215064564820717,0.02190661293590136,-0.13120342603331003,0.2645649168258364,-0.6497506630119493,0.3873438109453292,0.058654666760053084,NA,NA,NA,thai_dof,2,2021
SAR,Min. informative,r_eff,per_fleet_sigma,86.57822269230769,281.25556608726095,22.079666028024334,237.97942067233325,324.5317115021886,1.4102281494681221,0.06887310718303692,1.2752368593893697,1.5452194395468746,229.99379877349813,24.187237055897363,182.5868141439393,277.40078340305695,99.15862912271177,7.116554630782356,85.21018204637836,113.10707619904521,140.62778304363047,11.039833014012167,118.98971033616662,162.2658557510943,0.7051140747340611,0.03443655359151846,129.6506703036232,5,NA,NA,0.009538458554487,0.052364414342327505,0.17411789888773865,0.010469292173747372,2.3338137840446924,0.17532896799787756,1.9901690067688524,2.6774585613205324,-7.363387179557128e-4,0.3,-0.5887363387179557,0.5872636612820442,thai_dof,2,2021
SCP,Min. informative,r_eff,per_fleet_sigma,28.89916571428571,72.90000120364624,14.272573316177954,44.925757503937454,100.87424490335503,2.290302200286372,0.17528813541622673,1.9467374548705676,2.6338669457021764,43.84270704051086,10.829793957691011,22.61631088343648,65.06910319758524,41.74075828939754,7.116638790741282,27.792146259544623,55.68937031925045,36.45000060182312,7.136286658088977,22.462878751968727,50.43712245167752,1.145151100143186,0.08764406770811337,57.31337169950187,1.3917673784276534,NA,NA,0.029635466764825848,0.13500745520551274,0.20413825643392441,0.015862564223794288,0.8109306067661024,0.2377564412842013,0.34492798184906787,1.276933231683137,-0.3370522159671023,0.272251509384575,-0.8706651743608693,0.19656074242666471,thai_dof,2,2021
ANC,Min. informative,r_eff,per_fleet_sigma,148.12257412173912,265.48704133371496,36.13485837278272,194.66271892306082,336.3113637443691,1.7775246568964056,0.1897443894470011,1.4056256535802834,2.149423660212528,107.37879748761188,12.46540917068484,82.94659551306958,131.81099946215417,117.97744051428839,6.220696601199178,105.78487517593801,130.17000585263878,132.74352066685748,18.06742918639136,97.33135946153041,168.15568187218454,0.8887623284482028,0.09487219472350054,190.9307770323028,0.5179200097398651,1.4383434767522567,0.5827429821920603,0.03205435135267433,0.1243286728547663,0.49241699706315817,0.03520112093149686,0.12503209188005235,0.2942213054763627,-0.4516416668536185,0.7017058506137233,4.572160154215086e-7,0.3,-0.5879995427839846,0.5880004572160153,thai_dof,3,2020
CMA,Min. informative,r_eff,per_fleet_sigma,21.315843673469388,512.1023585635254,79.70662655974805,355.87737050641925,668.3273466206315,0.1226856771380774,0.02713090711952754,0.06950909918380344,0.17586225509235137,454.53995559084655,73.78748210496934,309.91649066510666,599.1634205165865,15.706906156093158,1.5096171093285966,12.74805662180911,18.665755690377203,256.0511792817627,39.85331327987402,177.93868525320963,334.16367331031574,0.0613428385690387,0.01356545355976377,73.0741868660842,0.15273197911270486,NA,NA,7.985587874143738e-5,0.010835983664322391,0.5654204405992425,0.03151352051990606,0.1804020484710764,0.2996944905130289,-0.4069991529344602,0.7678032498766131,-0.2770064601015535,0.30020005234506747,-0.8653985626978857,0.31138564249477874,thai_dof,3,2020
DMF,Min. informative,r_eff,per_fleet_sigma,54.19570181025641,564.0905984200613,108.4804274888594,351.4689605418968,776.7122362982257,0.35582937315347396,0.07488523572827673,0.20905431112605158,0.5026044351808964,391.34740844298125,81.90840762412365,230.8069294996989,551.8878873862636,50.1800010093946,3.2210363011054346,43.86676985922795,56.49323215956126,282.04529921003063,54.2402137444297,175.7344802709484,388.35611814911283,0.17791468657673698,0.03744261786413836,166.86066518524467,0.4182646373668648,NA,NA,0.0035218980594408852,0.04279230029829697,0.39943726959053544,0.021252265051203555,0.800573510413613,0.21288413449777907,0.38332060679796603,1.21782641402926,-0.6385557463862527,0.2880408097317236,-1.203115733460431,-0.07399575931207447,thai_dof,3,2020
LPF,Min. informative,r_eff,per_fleet_sigma,38.158913,333.5968716983454,90.1674255327191,156.86871765421597,510.32502574247485,0.7573341295221729,0.273145071615346,0.22196978915609478,1.292698469888251,273.25927250382426,83.4699048159897,109.65825906448445,436.86028594316406,63.16107410974659,11.709119652205626,40.21119959142357,86.11094862806962,166.7984358491727,45.08371276635955,78.43435882710799,255.16251287123742,0.37866706476108647,0.136572535807673,223.42863461007457,0.21045315194212488,NA,NA,0.015339579788602403,0.03738110436204174,0.18821891659444617,0.014779021763693024,0.027157716135503614,0.29765965881891604,-0.5562552151495718,0.6105706474205791,0.0716180451344279,0.30000915525131233,-0.5163998991581442,0.6596359894270001,thai_dof,3,2020
MPF,Min. informative,r_eff,per_fleet_sigma,64.308949,917.3172203369335,164.95353214050928,594.0082973415352,1240.6261433323316,0.18003611595032734,0.05361058553156875,0.0749593683084526,0.2851128635922021,788.1235569575159,143.94309016327713,505.9951002374927,1070.2520136775393,41.287557360953045,7.345758049750574,26.889871583441916,55.68524313846417,458.65861016846674,82.47676607025464,297.0041486707676,620.3130716661658,0.09001805797516367,0.026805292765784375,206.4654751791772,0.14799688096259356,NA,NA,3.2912329917407675e-4,0.034177582619026925,0.3520888657037973,0.026462778211879933,-0.09919132249696389,0.2987615705715444,-0.6847640008171909,0.4863813558232631,0.244598683675223,0.29357677714678015,-0.3308117995324661,0.820009166882912,thai_dof,3,2020
NTU,Min. informative,r_eff,per_fleet_sigma,20.176357499999998,1788.2358543575795,809.1484631045083,202.30486667274326,3374.1668420424157,0.1296489243830032,0.03461679914547769,0.06179999805786694,0.19749785070813947,162.18591391478552,47.052355164278005,69.96329779280063,254.40853003677043,57.96071376514528,20.788169595341447,17.215901358276042,98.70552617201452,894.1179271787897,404.57423155225416,101.15243333637163,1687.0834210212079,0.0648244621915016,0.017308399572738845,196.50502899300025,0.09146560930340275,NA,NA,0.001631018957116001,0.02994138121368071,0.34400764593681055,0.02472786771143007,-0.0020487108638300084,0.29982485039083295,-0.5897054176298625,0.5856079959022026,0.1694137389147411,0.29699106723558116,-0.412688752866998,0.7515162306964802,thai_dof,3,2020
SAR,Min. informative,r_eff,per_fleet_sigma,87.72790941815025,292.9380932108003,21.391410695926556,251.0109282467842,334.8652581748163,1.3375545286288897,0.0593816813599532,1.2211664331633814,1.453942624094398,240.79306691975165,24.118104568429008,193.5215819656308,288.06455187387246,97.95516829550441,6.601416323174403,85.01639230208258,110.89394428892625,146.46904660540014,10.695705347963278,125.5054641233921,167.43262908740815,0.6687772643144448,0.0296908406799766,119.84594012033068,5,NA,NA,0.0089667252431586,0.047622461817490344,0.17839116731019172,0.01028835585426012,1.9915543706171355,0.15633530160207626,1.685137179477066,2.2979715617572047,1.998656718919212e-6,0.3,-0.5879980013432811,0.5880019986567189,thai_dof,3,2020
SCP,Min. informative,r_eff,per_fleet_sigma,28.972024,626.1519709494919,247.43417121371567,141.1809953706092,1111.1229465283748,0.3219016211084386,0.08135360112225085,0.16244856290882698,0.48135467930805026,118.92823824051224,30.26610034062262,59.6066815728919,178.24979490813257,50.38983362722136,14.961418845577196,21.065452689890055,79.71421456455266,313.07598547474595,123.71708560685784,70.5904976853046,555.5614732641874,0.1609508105542193,0.04067680056112542,109.54980718289323,0.21551267933745422,NA,NA,0.012943897479818691,0.056650254979070766,0.24598605657424155,0.01784395720610012,-0.13513616376716694,0.2939240352696902,-0.7112272728957597,0.44095494536142577,0.1460486055595891,0.29780926700196286,-0.4376575577642581,0.7297547688834363,thai_dof,3,2020
ANC,Min. informative,r_eff,per_fleet_sigma,151.97049329545456,287.53167835999676,36.33884232300665,216.30754740690375,358.7558093130898,1.7142133084531486,0.16569994576285219,1.3894414147579583,2.038985202148339,107.34205288724355,11.692793373368833,84.42417787544063,130.25992789904646,123.22265741164415,4.952987384865887,113.51480213730702,132.93051268598128,143.76583917999838,18.169421161503326,108.15377370345188,179.3779046565449,0.8571066542265743,0.08284997288142609,234.82032286580193,0.3643827760330325,1.63335270885736,0.42513119485910406,0.028082363432248958,0.10283540984876492,0.4866824335532287,0.034772416916141496,0.07194739118688775,0.277593402791066,-0.4721356782836016,0.6160304606573771,2.0675126858317405e-6,0.3,-0.5879979324873141,0.5880020675126858,thai_dof,4,2019
CMA,Min. informative,r_eff,per_fleet_sigma,21.18280350765306,509.52439290537507,79.47791838547603,353.74767286984206,665.3011129409081,0.12462346001849088,0.028139775590878234,0.06946949986036954,0.17977742017661222,447.3907291363761,72.8067828592542,304.6894347322378,590.0920235405143,15.874673201922212,1.5240932020059843,12.887450525990484,18.861895877853943,254.76219645268753,39.738959192738015,176.87383643492103,332.65055647045403,0.06231173000924544,0.014069887795439117,75.74200183663855,0.182241115103281,NA,NA,8.13246413153481e-5,0.010701476498399096,0.5639838976875304,0.03134127223076928,0.11000673066617582,0.3001372778251406,-0.47826233387109973,0.6982757952034514,-0.08894713378634304,0.29938612459374464,-0.6757439379900825,0.4978496704173964,thai_dof,4,2019
DMF,Min. informative,r_eff,per_fleet_sigma,54.22064810955961,449.8939160707714,73.92030020907683,305.0101276609808,594.777704480562,0.4846082702962922,0.08586861314128878,0.3163057885393662,0.6529107520532182,358.8300913606586,66.88760792220701,227.73037983313293,489.9298028881844,54.50557812097045,2.6917577835057243,49.22973286529923,59.78142337664167,224.9469580353857,36.960150104538414,152.5050638304904,297.388852240281,0.2423041351481461,0.04293430657064439,123.92943317371724,0.4756649982146772,NA,NA,0.003632374683813329,0.04231785140131847,0.3286386223031354,0.018895950169582763,0.20494558510719574,0.3303607537606319,-0.4425614922636427,0.8524526624780342,0.4530827870982434,0.31972530492506585,-0.1735788105548856,1.0797443847513724,thai_dof,4,2019
LPF,Min. informative,r_eff,per_fleet_sigma,38.22332947368422,513.6266815155766,139.5651064083884,240.07907295513536,787.174290076018,0.34260632772229205,0.15278456132966556,0.043148587516147585,0.6420640679284365,441.2856481218152,119.70459921738322,206.66463365574407,675.9066625878862,43.99293779355974,10.216898433710377,23.967816863487403,64.01805872363208,256.8133407577883,69.7825532041942,120.03953647756768,393.587145038009,0.17130316386114602,0.07639228066483278,311.67661909280014,0.1260430465072373,NA,NA,0.011026394760184619,0.02481436606964931,0.19037630311635412,0.01605450914300236,0.053371823190476966,0.30052863331768137,-0.5356642981121785,0.6424079444931324,0.07942085964962868,0.30152309761960816,-0.5115644116848034,0.6704061309840607,thai_dof,4,2019
MPF,Min. informative,r_eff,per_fleet_sigma,66.90847263157895,929.1202228341741,170.23184226876668,595.4658119873914,1262.7746336809569,0.1790127960669967,0.05004414939556069,0.08092626325169773,0.27709932888229566,780.3842342165277,145.5266432953771,495.1520133575886,1065.6164550754668,41.58110224298414,6.1734744010781,29.48109241687106,53.68111206909721,464.56011141708706,85.11592113438334,297.7329059936957,631.3873168404784,0.08950639803349834,0.025022074697780346,242.6292529648797,0.17851121200170006,NA,NA,3.3212529615999145e-4,0.0359105181715404,0.3432891477890184,0.026881064559956102,-0.021234455507733455,0.30097956535818665,-0.6111544036097794,0.5686854925943123,0.06232658210363583,0.2998831021122515,-0.525444298036377,0.6500974622436487,thai_dof,4,2019
NTU,Min. informative,r_eff,per_fleet_sigma,19.933523684210524,164.04299059441692,49.743836221641594,66.54507159999939,261.54090958883444,1.5031962490769533,0.30841732119544224,0.8986982995338865,2.10769419862002,60.21863045241804,24.730032072503974,11.747767590310247,108.68949331452582,61.647202037223366,18.01670966605001,26.334451091765345,96.95995298268137,82.02149529720846,24.871918110820797,33.272535799999694,130.77045479441722,0.7515981245384766,0.15420866059772112,142.73533546051937,0.21985071503047138,NA,NA,0.0020754562938666483,0.04182740317892636,0.3334370810239083,0.02397367531272319,0.04742752364708726,0.29860189153908206,-0.5378321837695136,0.6326872310636881,-0.03564283224500666,0.3004480941394509,-0.6245210967583303,0.5532354322683171,thai_dof,4,2019
SAR,Min. informative,r_eff,per_fleet_sigma,88.29354010869565,288.24303277152904,21.158022394351743,246.7733088785996,329.7127566644584,1.4387441707224724,0.06047570206815401,1.3202117946688905,1.5572765467760543,242.65743248328923,23.479437170934272,196.63773562825804,288.6771293383204,103.67699578785101,6.786559951195271,90.37533828350828,116.97865329219373,144.12151638576452,10.579011197175872,123.3866544392998,164.8563783322292,0.7193720853612362,0.030237851034077005,113.84015094376556,5,NA,NA,0.008858841310814448,0.047457770162229004,0.1847205150932852,0.01105027210742994,1.927564329481076,0.17271219051500994,1.5890484360716566,2.2660802228904955,2.569599300091555e-6,0.3,-0.5879974304006998,0.5880025695993001,thai_dof,4,2019
SCP,Min. informative,r_eff,per_fleet_sigma,29.091867368421052,797.1727614316812,316.4290045111747,176.97191258977878,1417.3736102735836,0.33566166078197124,0.08350201901174929,0.17199770351894264,0.49932561804499986,111.20477871642446,27.32441997657048,57.648915562346325,164.7606418705026,66.8950832580771,20.42205586875078,26.867853755325577,106.92231276082862,398.5863807158406,158.21450225558735,88.48595629488939,708.6868051367918,0.16783083039098562,0.041751009505874646,111.97489549853047,0.24179717893923058,NA,NA,0.014798276031007945,0.0647632112418907,0.2237561075606263,0.01670021375160823,-0.021163834620518514,0.2972863841609199,-0.6038451475759216,0.5615174783348845,0.0914530851492748,0.2991641424440011,-0.49490863404096735,0.6778148043395169,thai_dof,4,2019
ANC,Min. informative,r_eff,per_fleet_sigma,153.8605625672878,275.4836774556398,34.752012569642396,207.36973281914072,343.5976220921389,1.770728310560159,0.16899553472407766,1.4394970625009669,2.101959558619351,106.92627877643461,11.529444644821915,84.32856727258367,129.52399028028555,121.9516866919812,6.854131183875304,108.5175895715856,135.3857838123768,137.7418387278199,17.376006284821198,103.68486640957036,171.79881104606946,0.8853641552800795,0.08449776736203883,219.6943394497968,0.3752278299027525,1.5949717346514907,0.4238118605378275,0.02713609073944392,0.10752446730607296,0.48749484067532833,0.03519855707987987,0.07933299671508073,0.28867025785839895,-0.4864607086873811,0.6451267021175426,1.3589951181040505e-6,0.3,-0.5879986410048819,0.5880013589951181,thai_dof,5,2018
CMA,Min. informative,r_eff,per_fleet_sigma,20.851261640070923,481.5435504856329,76.40233381500327,331.79497620822656,631.2921247630394,0.12949204384900903,0.029519231364046643,0.0716343503754776,0.18734973732254045,420.9590426689198,70.18695447773719,283.3926118925549,558.5254734452847,15.589014638673271,1.549921517263597,12.55116846483662,18.62686081250992,240.77177524281646,38.20116690750164,165.89748810411328,315.6460623815197,0.06474602192450452,0.014759615682023322,62.96365417001815,0.20192695348215572,NA,NA,8.968701886999215e-5,0.012025381454245731,0.5560870179371578,0.03060180715128348,0.13219994060868492,0.2972905053696207,-0.45048944991577167,0.7148893311331415,-0.21493105363529938,0.2971678711130781,-0.7973800810169325,0.36751797374633366,thai_dof,5,2018
DMF,Min. informative,r_eff,per_fleet_sigma,54.096365850225226,228.86181729082824,16.512933035497415,196.4964685412533,261.2271660404032,0.9734643413792945,0.06806532811064128,0.8400562982824376,1.1068723844761514,178.09646991716966,16.92581157998619,144.9218792203967,211.27106061394258,55.69720455897114,2.7275336776613575,50.35123855075487,61.0431705671874,114.43090864541412,8.256466517748708,98.24823427062665,130.6135830202016,0.48673217068964725,0.03403266405532064,67.79315646689659,4.999990752082264,NA,NA,0.008176882827420748,0.03456064269873275,0.279007157099026,0.014950533341255545,0.8067168231227304,0.20442326523694435,0.4060472232583195,1.2073864229871414,-0.8332441793012327,0.2549398987787574,-1.332926380907597,-0.3335619776948683,thai_dof,5,2018
LPF,Min. informative,r_eff,per_fleet_sigma,37.86107,490.87884843436495,99.46891987222554,295.9197654848029,685.8379313839271,0.3122279517270529,0.08661610558013028,0.1424603847899976,0.4819955186641083,418.61534399538397,86.49648268924909,249.0822379244558,588.1484500663122,38.316524348199046,6.384001539694433,25.803881330397957,50.829167366000135,245.43942421718248,49.73445993611277,147.95988274240145,342.91896569196354,0.15611397586352646,0.04330805279006514,269.8437611647382,0.13153653868543103,NA,NA,0.01219723500605203,0.024378236761280692,0.181857065656141,0.015449631071450913,-0.041539394120848463,0.29810853125273473,-0.6258321153762085,0.5427533271345115,0.13316204403515763,0.29906314997612615,-0.45300172991804966,0.7193258179883649,thai_dof,5,2018
MPF,Min. informative,r_eff,per_fleet_sigma,69.58115944444444,820.0427435613723,170.01655124614317,486.8103031189317,1153.2751840038127,0.24571773283027476,0.07546922489409304,0.09779805203785241,0.3936374136226971,696.3977233456259,145.37086298531173,411.4708318944149,981.324614796837,50.37476094295471,8.475872343088488,33.76205115050127,66.98747073540814,410.02137178068614,85.00827562307158,243.40515155946585,576.6375920019063,0.12285886641513738,0.03773461244704652,209.44179534341527,0.23442116011540826,NA,NA,3.5908897085700425e-4,0.043897642743268364,0.3494245685804823,0.027722555216598194,-0.09206949186958291,0.2990003407471279,-0.6781101597339536,0.4939711759947878,0.18622307520107986,0.29368604233190854,-0.3894015677694609,0.7618477181716206,thai_dof,5,2018
NTU,Min. informative,r_eff,per_fleet_sigma,19.48075111111111,1534.4596636989236,711.5967538623173,139.73002612878147,2929.1893012690657,0.13731284728945425,0.03709275437264229,0.06461104871907536,0.21001464585983315,149.09180352339928,43.44743419964686,63.93483249209143,234.2487745547071,52.67525636832941,19.014305893940318,15.407216816206383,89.94329592045243,767.2298318494618,355.79837693115866,69.86501306439074,1464.5946506345329,0.06865642364472713,0.018546377186321145,173.47686506691826,0.11006080365142257,NA,NA,0.0017663908887881586,0.03144543123761984,0.3610124140122084,0.027062515559112727,-0.028501645164781736,0.2996516684565777,-0.615818915339674,0.5588156250101106,0.16546866022335782,0.2961111149682067,-0.4149091251143273,0.745846445561043,thai_dof,5,2018
SAR,Min. informative,r_eff,per_fleet_sigma,88.56528108171446,310.26991940057667,22.93421433515914,265.31885930366474,355.2209794974886,1.2707566726179995,0.06379477719693391,1.145718909312009,1.39579443592399,255.34021526941527,25.5549633735005,205.25248705735427,305.4279434814763,98.56939259773294,6.9004135455610065,85.04458204843337,112.09420314703252,155.13495970028833,11.46710716757957,132.65942965183237,177.6104897487443,0.6353783363089998,0.031897388598466955,115.90613798371119,5,NA,NA,0.008323792220108322,0.04531324604763861,0.185755296010678,0.011072046782776583,1.6815498198548677,0.17344876003627518,1.3415902501837684,2.021509389525967,5.940659627321027e-6,0.3,-0.5879940593403726,0.5880059406596273,thai_dof,5,2018
SCP,Min. informative,r_eff,per_fleet_sigma,28.87858222222222,570.5451765517665,232.5224169369491,114.80123935534627,1026.2891137481868,0.35397402309203985,0.09091592842339985,0.17577880338217614,0.5321692428019036,112.839762213346,28.174190952321357,57.618347946796135,168.06117647989586,50.48954287494674,15.422098182777528,20.262230436702794,80.7168553131907,285.27258827588327,116.26120846847455,57.400619677673134,513.1445568740934,0.17698701154601992,0.045457964211699925,103.90310179420538,0.237408728436991,NA,NA,0.01424805869837081,0.06238506634912112,0.2257013309775013,0.01737172237961704,-0.11972802935203523,0.29554564188810695,-0.6989974874527248,0.4595414287486544,0.14485150594129742,0.29664757191953406,-0.43657773502098934,0.7262807469035841,thai_dof,5,2018
ANC,Min. informative,r_eff,per_fleet_sigma,111.43761125,222.4739072609469,26.34769611359647,170.83242287829782,274.11539164359596,2.21029534864322,0.26950820007006837,1.682059276505886,2.738531420780554,110.09591176147761,15.439944513877773,79.83362051427719,140.35820300867803,122.9332606033385,10.306113846669469,102.73327746386634,143.13324374281066,111.23695363047345,13.173848056798235,85.41621143914891,137.05769582179798,1.10514767432161,0.13475410003503419,140.8922511704543,1.6780751025149612,1.2665957361480344,1.5184170781022908,0.07718058933552173,0.1457760112158412,0.306098762243874,0.03137217580112201,0.05543266825114095,0.29691015526350045,-0.52651123606532,0.6373765725676018,7.774616857521758e-7,0.3,-0.5879992225383143,0.5880007774616857,recent_2016,0,2023
CMA,Min. informative,r_eff,per_fleet_sigma,28.78000875,844.22733218455,465.3396377486174,-67.83835780274002,1756.29302217184,0.498075018705184,0.26252051486081446,-0.016465190422012332,1.0126152278323803,673.0617200647852,380.1041883183214,-71.94248903912485,1418.065929168695,105.12213606731187,54.55462063538897,-1.804920378050519,212.04919251267424,422.113666092275,232.6698188743087,-33.91917890137001,878.14651108592,0.249037509352592,0.13126025743040723,788.8187621258629,0.02906294573193069,NA,NA,0.0025992664480349826,0.029922764447212934,0.29999502733676625,0.05999900546735323,-0.02340533429232493,0.3025321555805884,-0.6163683592302781,0.5695576906456282,0.03305408155293989,0.30388022768785156,-0.5625511647152491,0.6286593278211289,recent_2016,0,2023
DMF,Min. informative,r_eff,per_fleet_sigma,50.2563075,422.3165671289451,122.44922743074075,182.31608136469325,662.317052893197,0.9591841502669275,0.24191023553273658,0.4850400886227638,1.4333282119110913,179.53814931723917,60.2579623883946,61.43254303598576,297.6437555984926,101.26983939630577,24.927223919158415,52.41248051475528,150.12719827785625,211.15828356447255,61.224613715370374,91.15804068234662,331.1585264465985,0.47959207513346375,0.12095511776636829,360.37371550140716,0.13585662382803676,NA,NA,0.0023229065541491437,0.040264269689900795,0.5404549842509476,0.04893101193396271,-0.1327605394346278,0.30091658051963566,-0.7225570372531136,0.4570359583838581,0.11516132257761388,0.29922563710125966,-0.47132092614085497,0.7016435712960828,recent_2016,0,2023
LPF,Min. informative,r_eff,per_fleet_sigma,45.250282500000004,686.3128751557448,145.49118494004605,401.1501526732545,971.475597638235,0.2676131616261273,0.08253929120565677,0.10583615086304005,0.42939017238921456,525.9973697773189,131.7281921258522,267.81011321064864,784.1846263439892,45.91658959628662,9.060560441943334,28.157891130077683,63.67528806249556,343.1564375778724,72.74559247002303,200.57507633662726,485.7377988191175,0.13380658081306365,0.041269645602828385,382.0730001175183,0.08566219783730844,NA,NA,0.009015318937036883,0.029062490283298954,0.19636413780419687,0.021824120499606886,0.1592096898746664,0.2965445003419416,-0.42201753079553905,0.7404369105448719,-0.20758136170496438,0.2915975767146756,-0.7791126120657286,0.36394988865579986,recent_2016,0,2023
MPF,Min. informative,r_eff,per_fleet_sigma,23.27588375,343.01117719126194,110.78431896776601,125.87391201444056,560.1484423680834,0.7724119656932494,0.4975244197442984,-0.20273589700557537,1.7475598283920744,292.9241263693146,97.7275181526644,101.37819079009235,484.4700619485368,66.23648440726451,42.38095454701186,-16.83018650487872,149.30315531940778,171.50558859563097,55.392159483883006,62.93695600722028,280.0742211840417,0.3862059828466247,0.2487622098721492,313.71725132201595,0.07257329733252682,NA,NA,2.82607941126171e-4,0.02482723048887155,0.30920938534569264,0.030124425649774047,0.026881139993848308,0.3057551897397767,-0.5723990318961141,0.6261613118838107,-0.047985795698619674,0.30661816512880585,-0.6489573993510792,0.5529858079538398,recent_2016,0,2023
NTU,Min. informative,r_eff,per_fleet_sigma,30.595889999999997,539.3513433487719,326.09597664943277,-99.79677088411631,1178.4994575816602,0.41297268815119614,0.1761297523545193,0.06775837353633829,0.758187002766054,100.84982610820882,41.02411181947432,20.442566942039146,181.25708527437845,55.68434353017529,19.940416060112383,16.601128052355016,94.76755900799557,269.67567167438597,163.04798832471639,-49.89838544205816,589.2497287908301,0.20648634407559807,0.08806487617725965,103.00985014867462,0.461333393263347,NA,NA,0.003326566647344083,0.1096679454342406,0.3002839755881857,0.03181944715506279,0.19196148778244818,0.30517041365550573,-0.4061725229823431,0.7900954985472394,-0.250941877753999,0.30887170121281665,-0.8563304121311196,0.3544466566231216,recent_2016,0,2023
SAR,Min. informative,r_eff,per_fleet_sigma,51.2427775,332.7027492825593,94.6515345514321,147.18574156175237,518.2197570033662,1.9594350800375473,0.26409268572339545,1.4418134160196923,2.4770567440554023,258.2316254748699,79.8585695364108,101.70882918350475,414.75442176623505,162.97735954229586,42.95716933187025,78.78130765183016,247.17341143276155,166.35137464127965,47.32576727571605,73.59287078087618,259.1098785016831,0.9797175400187736,0.13204634286169772,305.922841964343,0.1544212132167635,NA,NA,0.003904067297321664,0.05254453364216191,0.24738778351841684,0.025865499027474637,-0.10391411887626188,0.29759745712106594,-0.6872051348335512,0.4793768970810274,9.66264931406104e-7,0.3,-0.5879990337350686,0.5880009662649314,recent_2016,0,2023
SCP,Min. informative,r_eff,per_fleet_sigma,26.86731,276.7422935320173,80.38935020410422,119.17916713197307,434.3054199320615,2.2562261589056347,0.2632723347566059,1.7402123827826872,2.7722399350285825,208.217244138604,63.55652532124503,83.64645450896373,332.78803376824425,156.09830048561977,42.77015790340065,72.26879099495449,239.92780997628503,138.37114676600865,40.19467510205211,59.58958356598654,217.15270996603076,1.1281130794528174,0.13163616737830294,296.3286914970989,0.08911933922536086,NA,NA,0.005439694739304701,0.03137677864387599,0.20045149982026242,0.023030130766658656,-9.220979874173576e-4,0.2987033134904029,-0.5863805924286071,0.5845363964537723,-0.08584652243939261,0.28875974305745267,-0.6518156188319998,0.48012257395321456,recent_2016,0,2023
ANC,Min. informative,r_eff,per_fleet_sigma,109.91548285714286,219.58491534323502,30.293965554277943,160.20874285685025,278.9610878296198,2.233858023794891,0.2787179790242561,1.6875707849073491,2.7801452626824332,110.24633795304129,17.904591351866035,75.15333890338385,145.33933700269873,122.63038126095186,11.438533497094106,100.21085560664741,145.04990691525632,109.79245767161751,15.146982777138971,80.10437142842513,139.4805439148099,1.1169290118974455,0.13935898951212805,142.01999681406298,1.4699829712485588,1.2935314485703202,1.3160934630494943,0.07651623016474891,0.165268496726734,0.31924563334854456,0.033847893991036104,0.045160040855647295,0.2957053935663843,-0.534422530534466,0.6247426122457606,5.864288009648797e-7,0.3,-0.587999413571199,0.5880005864288009,recent_2016,1,2022
CMA,Min. informative,r_eff,per_fleet_sigma,28.931955714285714,673.6076673670646,382.0519607492014,-75.21417570137022,1422.4295104354992,0.5125114352557005,0.2564347686449139,0.00989928871166934,1.0151235817997317,534.4490773923482,307.7345811962823,-68.71070175236511,1137.6088565370615,86.30790810038471,44.952079618794535,-1.7981679524525833,174.41398415322197,336.8038336835323,191.0259803746007,-37.60708785068511,711.2147552177496,0.25625571762785027,0.12821738432245694,610.6608262987227,0.03680183764448586,NA,NA,0.002599214727890716,0.03008014615970301,0.2999779431454394,0.059995588629087854,-0.013346382769349364,0.3014887511565695,-0.6042643350362256,0.5775715694975267,0.020521593233510646,0.30240458078112187,-0.5721913850974882,0.6132345715645096,recent_2016,1,2022
DMF,Min. informative,r_eff,per_fleet_sigma,51.33999428571428,449.19765262986317,137.46224204567437,179.7716582203414,718.623647039385,0.8852077840827289,0.24446589538921126,0.4060546291198749,1.364360939045583,173.28205665863115,60.04844187984866,55.58711057412778,290.97700274313456,99.40831467491117,24.274833414515623,51.829641182460534,146.98698816736177,224.59882631493159,68.73112102283719,89.8858291101707,359.3118235196925,0.44260389204136447,0.12223294769460563,367.4004341428787,0.14086052314231434,NA,NA,0.0025108968136808908,0.042645256501499355,0.5352445699459463,0.05123541469197847,-0.13547217161905828,0.30111943621761855,-0.7256662666055906,0.454721923367474,0.11691982857930451,0.29929393684376737,-0.46969628763447957,0.7035359447930886,recent_2016,1,2022
LPF,Min. informative,r_eff,per_fleet_sigma,48.63675142857143,606.4190257069189,155.2713861842832,302.0871087857239,910.7509426281138,0.40557424004835835,0.1405817973318152,0.13003391727800057,0.6811145628187161,469.1239151593747,135.3879869699581,203.76346069825686,734.4843696204925,61.486983875487375,13.907852375967167,34.22759321859173,88.74637453238303,303.20951285345944,77.6356930921416,151.04355439286195,455.3754713140569,0.20278712002417917,0.0702908986659076,382.1283181499616,0.09330132576851025,NA,NA,0.009704511468943007,0.036130645148299834,0.19476127973388557,0.022944098197042243,0.13169829012282974,0.2965488044263107,-0.44953736655273924,0.7129339467983987,-0.1665272180975936,0.29034466228121475,-0.7356027561687746,0.4025483199735873,recent_2016,1,2022
MPF,Min. informative,r_eff,per_fleet_sigma,20.77635857142857,394.01019148072083,131.60950085931538,136.05556979646266,651.964813164979,0.8156893611076238,0.49947805650901994,-0.16328762965005528,1.794666351865303,333.5325317082285,114.80799416906478,108.50886313686148,558.5562002795955,80.34748033970045,47.02885692358089,-11.829079230518085,172.524039909919,197.00509574036042,65.80475042965769,68.02778489823133,325.9824065824895,0.4078446805538119,0.24973902825450997,370.7586384607908,0.04624075226005431,NA,NA,2.5165641213393365e-4,0.018826460206130623,0.30751943163529954,0.03166098659314618,0.010404681684895136,0.30411322788790185,-0.5856572449753924,0.6064666083451827,-0.022480732462220255,0.304890164813636,-0.6200654554969468,0.5751039905725063,recent_2016,1,2022
NTU,Min. informative,r_eff,per_fleet_sigma,29.77492857142857,586.2995798996419,349.2548751934023,-98.23997547942666,1270.8391352787103,0.37358455483670594,0.14161272385250545,0.09602361608579524,0.6511454935876166,118.52713017664044,45.68211495233083,28.990184870072007,208.06407548320888,54.75811688943887,19.524093231724127,16.49089415525958,93.02533962361815,293.14978994982096,174.62743759670116,-49.11998773971333,635.4195676393551,0.18679227741835297,0.07080636192625273,138.3812612542916,0.2719146102763865,NA,NA,0.0027520404818015772,0.0868504556253844,0.31908668045440647,0.03383714137602456,0.17683937779248743,0.3022843448596531,-0.4156379381324326,0.7693166937174074,-0.21598607363575634,0.30506233161668517,-0.8139082436044593,0.3819360963329466,recent_2016,1,2022
SAR,Min. informative,r_eff,per_fleet_sigma,50.79575428571429,320.03357369472747,91.34121513610766,141.00479202795643,499.0623553614985,2.2975101754316847,0.21070168241903417,1.8845348778903777,2.7104854729729917,249.17612732803545,76.17480878139597,99.87350211649934,398.47875253957153,183.82009801085064,46.59464082746756,92.49460198901421,275.14559403268703,160.01678684736373,45.67060756805383,70.50239601397821,249.53117768074924,1.1487550877158423,0.10535084120951708,245.9189888861763,0.14482912892686528,NA,NA,0.0043649242592747935,0.05528672127172903,0.1743935752095587,0.021999013843837647,-0.1349036763325276,0.29659800229165795,-0.7162357608241772,0.44642840815912194,6.125691040692855e-7,0.3,-0.5879993874308959,0.5880006125691041,recent_2016,1,2022
SCP,Min. informative,r_eff,per_fleet_sigma,27.77849714285714,240.04382292163024,72.9804416151649,97.00215735590702,383.0854884873535,2.387126198753353,0.26848504884145613,1.8608955030240992,2.9133568944826074,178.33400816413138,57.526895571918786,65.58129284317056,291.0867234850922,143.25372463628358,39.768405124247145,65.30765059275917,221.19979867980797,120.02191146081512,36.49022080758245,48.50107867795351,191.54274424367674,1.1935630993766766,0.13424252442072807,173.15372733445426,0.1097336298536975,NA,NA,0.006713381434257619,0.041890063457162334,0.17943418742714412,0.022903498193196748,-0.013275916321842348,0.29549696921040197,-0.5924499759742302,0.5658981433305456,-0.05543526081404791,0.2787153725596611,-0.6017173910309837,0.4908468694028878,recent_2016,1,2022
ANC,Min. informative,r_eff,per_fleet_sigma,105.53100833333333,231.9541473057504,42.757585146044434,148.14928041950333,315.7590141919975,2.260552608120422,0.33524385582857147,1.603474650696422,2.9176305655444223,127.24661562025885,22.64209428519,82.86811082128644,171.62512041923125,131.08613816409067,13.568199887541313,104.49246638450968,157.67980994367164,115.9770736528752,21.378792573022217,74.07464020975166,157.87950709599875,1.130276304060211,0.16762192791428573,173.1791756864356,0.8814205533887396,1.4932190495232613,0.7798275078602244,0.0663355862658051,0.14759195020077523,0.33525334429754855,0.036156133671661955,0.005142235988320998,0.2418170790059638,-0.46881923886336807,0.47910371084001,-1.6509500725176875e-5,0.3,-0.5880165095007251,0.5879834904992748,recent_2016,2,2021
CMA,Min. informative,r_eff,per_fleet_sigma,30.639490000000002,464.9070584611011,263.80986842979786,-52.160283661302735,981.9744005835049,0.6165348281319828,0.2810102487720661,0.0657547405387332,1.1673149157252323,351.69656692959825,202.2304616810313,-44.67513796522306,748.0682718244196,71.65784834641514,34.077490913687804,4.86596615558705,138.44973053724323,232.45352923055054,131.90493421489893,-26.080141830651367,490.98720029175246,0.3082674140659914,0.14050512438603305,404.13363772640054,0.06542235404604657,NA,NA,0.002599336753819345,0.031856940990113866,0.29999153652420196,0.05999830730484037,-0.030831790619285388,0.3002871645151477,-0.6193946330689749,0.5577310518304041,0.04577361675498791,0.300577923208598,-0.5433591127338642,0.63490634624384,recent_2016,2,2021
DMF,Min. informative,r_eff,per_fleet_sigma,52.95462666666667,442.9397061411072,149.21521105912453,150.47789246522314,735.4015198169913,0.7507415831063653,0.2427861503538017,0.274880728412914,1.2266024377998166,187.41069203522082,66.47337232513426,57.122882277957665,317.69850179248397,83.13331405226076,21.957945703421593,40.095740473554436,126.17088763096707,221.4698530705536,74.60760552956226,75.23894623261157,367.7007599084956,0.37537079155318265,0.12139307517690084,334.2683792673009,0.17282018006845679,NA,NA,0.0024904944523832435,0.046049919182819365,0.5659090243224588,0.056395455859450605,-0.19665254305733104,0.296705540588427,-0.778195402610648,0.38489031649598593,0.16159322639419949,0.29436978349731013,-0.41537154926052833,0.7385580020489273,recent_2016,2,2021
LPF,Min. informative,r_eff,per_fleet_sigma,53.47237666666667,549.8489406076741,157.0592618669064,242.01278734853756,857.6850938668106,0.6169330468506634,0.2208891991417416,0.18399021653284992,1.0498758771684769,423.7875294082844,127.87110885582784,173.16015605086187,674.414902765707,84.80499555917547,21.17355847857554,43.30482094116741,126.30517017718353,274.92447030383704,78.5296309334532,121.00639367426878,428.8425469334053,0.3084665234253317,0.1104445995708708,397.5228977812695,0.10978574432540089,NA,NA,0.01027994523348606,0.041131689814919874,0.17555301847583327,0.023293849023380105,0.052859077356326965,0.2928438359985767,-0.5211148412008834,0.6268329959135374,-0.03262227157049404,0.28728111588153116,-0.595693258698295,0.530448715557307,recent_2016,2,2021
MPF,Min. informative,r_eff,per_fleet_sigma,18.340371666666666,475.47130116685605,158.4595009323503,164.89067933944943,786.0519229942626,0.7196914395259116,0.5465758935536829,-0.35159731183930665,1.7909801908911298,418.29123708755253,141.96732014319235,140.03528960689556,696.5471845682096,85.54815629750824,63.43558027684406,-38.78558104510612,209.8818936401226,237.73565058342803,79.22975046617515,82.44533966972472,393.0259614971313,0.3598457197629558,0.27328794677684143,449.7823815467562,0.029671866077565667,NA,NA,1.9759863813081439e-4,0.013644424059878002,0.3123876867136598,0.033719304334048225,0.03391313975687824,0.3174318451700981,-0.588253276776514,0.6560795562902705,-0.06869220320714473,0.3305893867339848,-0.716647401205755,0.5792629947914655,recent_2016,2,2021
NTU,Min. informative,r_eff,per_fleet_sigma,29.09820666666667,213.27311231244676,65.95053718527424,84.01005942930922,342.53616519558426,2.237527624654923,0.24090547042799115,1.7653529026160604,2.7097023466937857,100.12329081120146,33.33181263082429,34.79293805478585,165.45364356761706,119.30112009880789,34.6625869127518,51.36244974981437,187.2397904478014,106.63655615622338,32.97526859263712,42.00502971465461,171.26808259779213,1.1187638123274615,0.12045273521399558,208.33886877757547,0.13941786224233965,NA,NA,0.0020840539349806894,0.051602014757822876,0.1980023649751965,0.024967600184129503,-0.11542141249338211,0.3205966621276924,-0.7437908702636592,0.512948045276895,0.0783165957986282,0.3341816870026096,-0.5766795107264866,0.7333127023237429,recent_2016,2,2021
SAR,Min. informative,r_eff,per_fleet_sigma,51.69423333333333,537.2287660523982,172.6408921314701,198.85261747471677,875.6049146300796,0.771752628314057,0.28299474807314223,0.21708292209069824,1.3264223345374158,361.5973206950754,117.31341235560392,131.66303247809174,591.531608912059,103.651928051714,27.902783069951887,48.962473234608304,158.3413828688197,268.6143830261991,86.32044606573506,99.42630873735838,437.8024573150398,0.3858763141570285,0.14149737403657112,440.1129139453313,0.08912807757714347,NA,NA,0.003145357022777497,0.041224338188472064,0.20640279427297,0.025950140688051234,0.02938261479270932,0.2934741149599876,-0.5458266505288664,0.604591880114285,1.745775609802643e-5,0.3,-0.5879825422439019,0.588017457756098,recent_2016,2,2021
SCP,Min. informative,r_eff,per_fleet_sigma,29.81608,199.8850507713905,63.085441263495404,76.2375858949395,323.5325156478415,2.3634946810722424,0.3076011427281561,1.7605964413250565,2.966392920819428,149.05360657842607,49.693672947814875,51.65400760070891,246.45320555614322,118.10681358100912,32.3915970375074,54.619283387494626,181.59434377452362,99.94252538569525,31.542720631747702,38.11879294746975,161.76625782392074,1.1817473405361212,0.15380057136407804,219.1134814153175,0.14981667810783872,NA,NA,0.00801123786899075,0.05532760187534861,0.17971235690588822,0.029696587880011362,-0.0790568903184408,0.2915545882930292,-0.650503883372778,0.4923901027358964,0.031080486807088265,0.28048098577232944,-0.5186622453066774,0.580823218920854,recent_2016,2,2021
ANC,Min. informative,r_eff,per_fleet_sigma,104.444056,306.6916973065769,99.68237947160527,111.31423354223053,502.06916107092326,1.9644652295444716,0.37237539030880346,1.2346094645392167,2.6943209945497264,166.23180728380567,53.99064993552278,60.41013341018101,272.0534811574303,150.62129388718702,27.060708003660576,97.5823062000123,203.6602815743618,153.34584865328844,49.84118973580264,55.65711677111526,251.03458053546163,0.9822326147722358,0.18618769515440173,231.93425191342544,0.4965139725237204,1.512491234358901,0.505495302290338,0.047886515560677925,0.1732162200608992,0.35171709910267923,0.03949504962631447,-0.06166880847962866,0.28760972749462044,-0.6253838743690847,0.5020462574098274,2.103276577761587e-6,0.3,-0.5879978967234222,0.5880021032765778,recent_2016,3,2020
CMA,Min. informative,r_eff,per_fleet_sigma,30.673018,444.66493717728576,261.08285856090555,-67.05746560208911,956.3873399566606,0.6281719013911541,0.2836220853586997,0.0722726140881027,1.1840711886942055,332.9470491901504,199.51244244228556,-58.09733799672932,723.9914363770301,69.83150476715844,33.018763855310645,5.114727610749565,134.54828192356732,222.33246858864288,130.54142928045277,-33.528732801044555,478.1936699783303,0.31408595069557704,0.14181104267934985,377.0695377038405,0.07190665421547582,NA,NA,0.0025994043595330136,0.0318926306836956,0.2999919698192814,0.059998393963856256,-0.026183353108250224,0.2999118949637764,-0.614010667237252,0.5616439610207514,0.044344172230070825,0.29967862638585574,-0.5430259354862065,0.6317142799463481,recent_2016,3,2020
DMF,Min. informative,r_eff,per_fleet_sigma,53.73013,627.7435722316822,220.14698432330462,196.25548295800508,1059.2316615053592,0.7151432032044515,0.1697876071628005,0.3823594931653625,1.0479269132435405,159.75125554133868,55.885938838115656,50.21481541863198,269.2876956640453,112.23163725919252,32.01545177106325,49.48135178790856,174.9819227304765,313.8717861158411,110.07349216165231,98.12774147900254,529.6158307526796,0.35757160160222573,0.08489380358140025,418.8552111015769,0.17254048161506486,NA,NA,0.002723752541287536,0.044635573269464233,0.46170899021007783,0.05841800145449644,-0.2504473799915301,0.2883862145047521,-0.8156843604208442,0.31478960043778403,0.2177562475056828,0.28703186756259463,-0.34482621291700266,0.7803387079283682,recent_2016,3,2020
LPF,Min. informative,r_eff,per_fleet_sigma,56.412652,506.0744716811538,137.58482401286355,236.40821661594126,775.7407267463662,0.5500930350459038,0.20182262818852492,0.15452068379639494,0.9456653862954126,380.7489277871846,116.858444043957,151.70637746102895,609.7914781133403,69.59701052158455,15.860197245996469,38.51102391943147,100.68299712373762,253.0372358405769,68.79241200643177,118.20410830797063,387.8703633731831,0.2750465175229519,0.10091131409426246,318.85576227284776,0.15873608304714537,NA,NA,0.011683652734510953,0.051935692154711076,0.16189875910646662,0.024521878437245983,0.10294778754735398,0.2948171467332571,-0.47489382004982994,0.680789395144538,-0.10214317840825318,0.2867994715809633,-0.6642701427069412,0.45998378589043487,recent_2016,3,2020
MPF,Min. informative,r_eff,per_fleet_sigma,18.161996,503.21111145407747,176.46865048716913,157.332556499226,849.089666408929,0.8751039548230537,0.5726266714966589,-0.24724432131039764,1.997452230956505,433.02667201711205,156.7928566271983,125.71267302780345,740.3406710064206,110.09050843609192,65.29510336311533,-17.887894155614124,238.06891102779798,251.60555572703873,88.23432524358456,78.666278249613,424.5448332044645,0.43755197741152685,0.28631333574832946,480.9012515392425,0.0265530235914877,NA,NA,1.9997442393888447e-4,0.013035744588252378,0.2862384118664717,0.03484899021377521,-0.0014370749405674967,0.30569811684418,-0.6006053839551604,0.5977312340740253,-0.017736630278753673,0.311406299017534,-0.6280929763531204,0.592619715795613,recent_2016,3,2020
NTU,Min. informative,r_eff,per_fleet_sigma,28.23003,240.5213115637141,75.54050368672338,92.46192433773629,388.5806987896919,2.081179184519762,0.3050495423442433,1.483282081525045,2.6790762875144787,114.85538434981308,39.10473547168732,38.210102825305924,191.50066587432025,125.14198676494853,37.687905430775004,51.273692120629505,199.01028140926755,120.26065578185705,37.77025184336169,46.230962168868146,194.29034939484595,1.040589592259881,0.15252477117212165,228.9220626739774,0.12349583718404489,NA,NA,0.0018457794538282838,0.04563415444551655,0.2168522188263789,0.028903586285475964,-0.020149748340325242,0.2937590836174573,-0.5959175522305415,0.5556180555498911,-0.02938306708158604,0.2905004148215729,-0.5987638801318689,0.5399977459686969,recent_2016,3,2020
SAR,Min. informative,r_eff,per_fleet_sigma,56.231814,458.15625239238517,144.47973405846574,174.97597363779235,741.336531146978,0.915633218808813,0.3932416210532736,0.1448796415443968,1.6863867960732293,335.7376869565977,110.53261903627326,119.09375364550213,552.3816202676933,104.87577102385566,33.13050914746159,39.939973094830954,169.81156895288035,229.07812619619258,72.23986702923287,87.48798681889618,370.668265573489,0.4578166094044065,0.1966208105266368,362.02369966424504,0.13894842812617814,NA,NA,0.003362911881571466,0.05168207561673762,0.1881722316678773,0.026249105301258055,0.02040742862398576,0.29500268532471435,-0.5577978346124544,0.598612691860426,-2.2240823700536233e-6,0.3,-0.58800222408237,0.5879977759176299,recent_2016,3,2020
SCP,Min. informative,r_eff,per_fleet_sigma,30.290896,171.173815816551,53.41866642638696,66.47322962083256,275.87440201226946,2.477877115789988,0.29428914502473164,1.9010703915415141,3.054683840038462,127.80373448599937,43.267431666611074,42.99956841944168,212.60790055255708,106.03692025857056,28.049874528591015,51.05916618253217,161.01467433460894,85.5869079082755,26.70933321319348,33.23661481041628,137.93720100613473,1.238938557894994,0.14714457251236582,98.48067305208161,0.2204427625078198,NA,NA,0.010185042321087402,0.07145099001973804,0.1241981613696549,0.026303236642755346,-0.12166385379674438,0.2808050695009726,-0.6720417900186507,0.42871408242516196,0.12671337264177296,0.268525098746141,-0.39959582090066337,0.6530225661842093,recent_2016,3,2020
ANC,Min. informative,r_eff,per_fleet_sigma,148.36390515151516,399.76767585545326,25.787973460583117,349.2232478727103,450.31210383819615,1.4480863106886506,0.037930348370907176,1.3737428278816726,1.5224297934956286,112.93503026159496,13.31802456985019,86.8317021046886,139.03835841850133,144.7245247155249,6.562134057810737,131.86274196221586,157.58630746883395,199.88383792772663,12.893986730291559,174.61162393635516,225.15605191909808,0.7240431553443253,0.018965174185453588,273.29202433270984,0.5833712097130181,1.3672542370910745,0.805713313366785,0.043633247189116466,0.06231823016299335,0.37551559858161626,0.02394241384449936,0.3643831347920253,0.24038610995365053,-0.10677364071712975,0.8355399103011802,9.542777155363125e-6,0.3,-0.5879904572228446,0.5880095427771553,per_species,0,2023
CMA,Min. informative,r_eff,per_fleet_sigma,22.156372105263156,298.20123826898,93.70424573836344,114.54091662178767,481.8615599161723,0.6322872042669258,0.2975987235482665,0.048993706112323454,1.2155807024215282,263.0151341618871,83.47855964836863,99.39715725108458,426.63311107268953,47.137206813507184,20.98119647109885,6.014061730153434,88.26035189686094,149.10061913449,46.85212286918172,57.27045831089384,240.93077995808616,0.3161436021334629,0.14879936177413325,251.19994751392917,0.11632941018714416,NA,NA,5.0702593375966035e-5,0.019901876128310965,0.635898409376027,0.05677105990049731,0.002793942087340543,0.3000657929395433,-0.5853350120741643,0.5909228962488453,-0.004763140377066941,0.30012361374919405,-0.5930054233254872,0.5834791425713534,per_species,0,2023
DMF,Min. informative,r_eff,per_fleet_sigma,57.46373090643275,363.24135110595086,166.8733872028981,36.16951218827054,690.3131900236311,0.8278760226526058,0.4946938715347996,-0.1417239655556014,1.7974760108608132,184.15992351801287,78.42992442229453,30.437271650315598,337.88257538571014,75.17970125413832,15.737165930826103,44.33485602971916,106.02454647855748,181.62067555297543,83.43669360144905,18.08475609413527,345.15659501181557,0.4139380113263029,0.2473469357673998,282.4249011192734,0.17065240721197483,NA,NA,0.002535974677857874,0.06865098292827651,0.4964932769582883,0.03232240746494908,0.08813788686110267,0.3014061735191269,-0.502618213236386,0.6788939869585914,-0.017802635637802853,0.3004087927014016,-0.60660386933255,0.5709985980569443,per_species,0,2023
LPF,Min. informative,r_eff,per_fleet_sigma,37.579840555555556,522.8698455870318,117.86044660036204,291.86337025032225,753.8763209237413,0.3786605035884051,0.11796820446358894,0.14744282283977078,0.6098781843370393,411.56463856189424,89.73468944820037,235.68464724342152,587.444629880367,49.49753976029427,8.272046218919847,33.284329171211375,65.71075034937716,261.4349227935159,58.93022330018102,145.93168512516112,376.93816046187067,0.18933025179420254,0.05898410223179447,343.42530503975655,0.10800693858639487,NA,NA,0.01050731794747276,0.02145985079981335,0.18226804916517397,0.011898631836993587,0.006494877082953722,0.3109020077775486,-0.6028730581610415,0.615862812326949,-0.004609948612140851,0.29931018558683126,-0.59125791236233,0.5820380151380484,per_species,0,2023
MPF,Min. informative,r_eff,per_fleet_sigma,67.72453925,636.391877503431,115.1122903106667,410.7717884945243,862.0119665123377,0.4481296758600656,0.0744737630574889,0.3021611002673873,0.5940982514527439,416.31096129452675,74.71057643622412,269.87823147952747,562.7436911095259,71.29652144639778,7.325486109552573,56.93856867167474,85.65447422112082,318.1959387517155,57.55614515533335,205.38589424726214,431.00598325616886,0.2240648379300328,0.03723688152874445,126.81261613155188,0.3894347510382792,NA,NA,6.452029199133084e-4,0.05904863970361816,0.3049813287344485,0.01764850733162736,0.30419773288575397,0.27793382402053013,-0.24055256219448512,0.8489480279659931,-0.4604891375284517,0.2532969988168645,-0.9569512552095061,0.035972980152602696,per_species,0,2023
NTU,Min. informative,r_eff,per_fleet_sigma,31.47516468069666,77.09221381876108,5.64745118463563,66.02320949687525,88.16121814064691,1.5521238083823388,0.04802962434882263,1.4579857446586464,1.6462618721060311,59.33561912428946,5.771971178480298,48.022555614468075,70.64868263411084,29.914165127250254,2.1365392204162807,25.72654825523434,34.101781999266166,38.54610690938054,2.823725592317815,33.01160474843763,44.080609070323455,0.7760619041911694,0.024014812174411315,28.17429743903817,5,NA,NA,0.011610422756914119,0.058600757956300806,0.2549692769069491,0.012827338654355074,0.19516884330687864,0.3093688682051003,-0.41119413837511787,0.8015318249888752,0.4723150136849602,0.18391964820143616,0.11183250321014532,0.8327975241597751,per_species,0,2023
SAR,Min. informative,r_eff,per_fleet_sigma,57.82147803571428,660.1081393328775,200.59440448757093,266.9431065372385,1053.2731721285165,0.5960934478347736,0.15984721608748853,0.28279290430329607,0.9093939913662511,262.90477681359465,77.23753038220212,111.51921726447851,414.29033636271083,98.37153417968304,14.113852296912642,70.70838367773426,126.03468468163182,330.05406966643875,100.29720224378546,133.47155326861926,526.6365860642583,0.2980467239173868,0.07992360804374427,561.2584625741401,0.05830320808896872,NA,NA,0.002216786505270253,0.04075305933017934,0.24630725768453543,0.01911408058759105,0.05590764526475047,0.3014823521454927,-0.5349977649404152,0.6468130554699161,-4.505088436338109e-6,0.3,-0.5880045050884363,0.5879954949115637,per_species,0,2023
SCP,Min. informative,r_eff,per_fleet_sigma,23.670013333333333,664.4224117512,252.8489894515704,168.83839242612203,1160.006431076278,0.21482135009036804,0.045657880376039656,0.12533190455333032,0.30431079562740576,140.14507427734668,29.17354071752876,82.96493447099031,197.32521408370306,35.6830298806728,11.495542810559318,13.151765971976538,58.214293789369066,332.2112058756,126.4244947257852,84.41919621306101,580.003215538139,0.10741067504518402,0.022828940188019828,124.85576712216978,0.1625841596284312,NA,NA,0.011465496433043192,0.03989394569978991,0.2204907482292462,0.01420842238974108,-0.35061937436508533,0.29445801134986516,-0.927757076610821,0.22651832788065035,0.021588938246158096,0.3172101737809131,-0.6001430023644316,0.6433208788567477,per_species,0,2023
ANC,Min. informative,r_eff,per_fleet_sigma,149.5774540892857,407.2127150665315,31.455034409813255,345.5608476232975,468.86458250976546,1.3952028804306287,0.05342369813726443,1.2904924320815905,1.4999133287796669,111.71815163946884,13.196318017451,85.8533683252649,137.5829349536728,142.0360882522004,7.443300746682047,127.44721878870358,156.6249577156972,203.60635753326574,15.727517204906627,172.78042381164875,234.43229125488273,0.6976014402153143,0.026711849068632214,259.4575270052493,0.6188256419919211,1.274309555696749,0.8870762104518031,0.044285530721074835,0.06902347227693748,0.3811259346998211,0.024986047465633574,-0.3329505442193704,0.2643394328576112,-0.8510558326202884,0.18515474418154754,2.4404698924039325e-6,0.3,-0.5879975595301076,0.5880024404698924,per_species,1,2022
CMA,Min. informative,r_eff,per_fleet_sigma,21.847482777777778,230.87233195477842,65.35605007982814,102.77447379831527,358.97019011124155,0.41535971662743443,0.14584431696984418,0.12950485536653983,0.701214577888329,203.98296611657364,57.606697410666754,91.0738391916668,316.89209304148045,23.97376659446294,6.528018549778192,11.178850236897684,36.76868295202819,115.43616597738921,32.67802503991407,51.387236899157635,179.48509505562077,0.20767985831371721,0.07292215848492209,119.74771351776297,0.22016334352413125,NA,NA,6.992510808425409e-5,0.025566350259878336,0.6100829276718377,0.056622080531746694,0.013952057342757226,0.29998929310492306,-0.574026957142892,0.6019310718284063,-0.013969131842869045,0.3000539290236446,-0.6020748327292125,0.5741365690434743,per_species,1,2022
DMF,Min. informative,r_eff,per_fleet_sigma,58.273073562091504,707.9879513676888,250.69755974315163,216.6207342711116,1199.3551684642662,0.44413800263983266,0.1078948457662193,0.23266410493804285,0.6556119003416225,212.3496543512486,54.02704324237931,106.45664959618514,318.24265910631203,78.61108865337809,14.182907240338062,50.81259046231549,106.4095868444407,353.9939756838444,125.34877987157581,108.3103671355558,599.6775842321331,0.22206900131991633,0.05394742288310965,291.307435883707,0.19153533835315706,NA,NA,0.0028242557845939327,0.060280159255931096,0.48446397575807737,0.03251917363321573,0.04816544589747576,0.29692811758397464,-0.5338136645671145,0.630144556362066,-0.02225631816327466,0.2996547015316981,-0.6095795331654029,0.5650668968388536,per_species,1,2022
LPF,Min. informative,r_eff,per_fleet_sigma,38.03797885714286,446.9951692203088,119.09767376877484,213.56372863351012,680.4266098071075,0.5898119981617621,0.2193393431419319,0.15990688560357558,1.0197171107199487,377.9145407355405,98.90847844898599,184.05392297552797,571.7751584955531,65.91077848162135,13.953547833874673,38.561824727226984,93.25973223601571,223.4975846101544,59.54883688438742,106.78186431675506,340.21330490355376,0.29490599908088105,0.10966967157096595,332.49569885543724,0.10693959394825914,NA,NA,0.011263515975040866,0.027504874005332736,0.18045113444960373,0.011996658079133164,-0.07156867718134455,0.2983028879213692,-0.6562423375072282,0.5131049831445391,0.0839136366755672,0.3007468632806528,-0.5055502153545123,0.6733774887056466,per_species,1,2022
MPF,Min. informative,r_eff,per_fleet_sigma,68.41561564102564,571.3459609876426,100.44318176434425,374.4773247295279,768.2145972457573,0.4981027167670033,0.0840768430911493,0.3333121043083507,0.6628933292256559,371.04840374774835,70.03419355674374,233.7813843765306,508.3154231189661,71.14724384544975,7.711141534963347,56.033406436921595,86.26108125397792,285.6729804938213,50.22159088217212,187.23866236476394,384.10729862287866,0.24905135838350165,0.04203842154557465,118.8946655549975,0.43159629524722476,NA,NA,7.090874078491927e-4,0.06766665177354897,0.3074983499993024,0.018146107245362166,-0.0748165685866104,0.27597965894105136,-0.615736700111071,0.4661035629378502,0.1254841454575422,0.32213883087484696,-0.5059079630571579,0.7568762539722422,per_species,1,2022
NTU,Min. informative,r_eff,per_fleet_sigma,31.383267722473605,77.48193381982726,5.9374488855278145,65.84453400419275,89.11933363546177,1.500808833526121,0.054128561720774404,1.394716852553403,1.6069008144988388,59.235362733184566,5.965730888733727,47.542530191266465,70.92819527510268,29.071392678870758,2.0807236266588363,24.993174370619442,33.149610987122074,38.74096690991363,2.9687244427639072,32.922267002096376,44.559666817730886,0.7504044167630605,0.027064280860387202,27.68083651999216,5,NA,NA,0.011707938217134738,0.06008250951767423,0.25691017021315643,0.013117331282474937,0.5227057288827572,0.21553088859377625,0.10026518723895578,0.9451462705265588,0.27767191513293504,0.26190360547198893,-0.23565915159216327,0.7910029818580333,per_species,1,2022
SAR,Min. informative,r_eff,per_fleet_sigma,58.01482892307693,667.0400267612041,190.11893831014532,294.4069076733192,1039.6731458490888,0.5748800617587506,0.14309547599346856,0.29441292881155223,0.855347194705949,239.85936137555902,64.03978567277808,114.341381456914,365.3773412942041,95.86700294500992,12.968808437491385,70.4481384075268,121.28586748249303,333.52001338060205,95.05946915507266,147.2034538366596,519.8365729245444,0.2874400308793753,0.07154773799673428,547.9512318733061,0.05539386384866063,NA,NA,0.0025224041615366523,0.04149060419492645,0.21550605921739555,0.017578320393186537,0.08830867381969018,0.29862576303142985,-0.4969978217219123,0.6736151693612927,-1.1521313463057835e-6,0.3,-0.5880011521313463,0.5879988478686536,per_species,1,2022
SCP,Min. informative,r_eff,per_fleet_sigma,23.760899428571427,263.3874867957707,80.76756010715712,105.08306898574273,421.69190460579864,0.5791682086517013,0.34605615268972184,-0.09910185062015353,1.257438267923556,194.44049845055375,54.284143742313915,88.04357671561847,300.837420185489,38.136414727195024,14.968558635026104,8.798039802543862,67.47478965184618,131.69374339788536,40.38378005357856,52.541534492871364,210.84595230289932,0.28958410432585063,0.17302807634486092,197.73455691458224,0.13145898590804972,NA,NA,0.0076161553157861805,0.030426551179943022,0.23234149255884584,0.015516259070922715,-0.06391943478190189,0.3000980996828652,-0.6521117101603177,0.5242728405965139,-0.140479983703613,0.3016490723663739,-0.7317121655417058,0.45075219813447975,per_species,1,2022
ANC,Min. informative,r_eff,per_fleet_sigma,149.2404670113852,403.90328272748144,33.80959870772105,337.6364692603482,470.1700961946147,1.3947541237800094,0.05986551235679477,1.2774177195606917,1.512090527999327,112.85568665641601,13.462180872450473,86.46981214641308,139.24156116641893,140.83644229810946,8.396658743379087,124.37899116108643,157.29389343513245,201.95164136374072,16.904799353860525,168.8182346301741,235.08504809730735,0.6973770618900047,0.029932756178397385,258.77446110246234,0.5563758679381969,1.281368447193635,0.7978121139091215,0.04351364559690354,0.07379943255375637,0.38111780313107824,0.025353385837057162,-0.3094163468348794,0.2727309801772551,-0.8439690679822994,0.22513637431254063,1.0169025344872109e-6,0.3,-0.5879989830974655,0.5880010169025345,per_species,2,2021
CMA,Min. informative,r_eff,per_fleet_sigma,22.033408235294118,223.11464011088663,62.00208558550344,101.59055236329988,344.6387278584734,0.44140651220920873,0.1579107613121066,0.1319014200374798,0.7509116043809376,197.56869333475126,54.78922099216779,90.1818201901024,304.95556647940015,24.621063778539828,6.176345522903407,12.51542655364915,36.726701003430506,111.55732005544331,31.00104279275172,50.79527618164994,172.3193639292367,0.22070325610460437,0.0789553806560533,112.03218519795773,0.2305318064120554,NA,NA,7.196739168810836e-5,0.02568320749122868,0.6101039843165724,0.056215628043565835,0.022757107236582204,0.3000997867992133,-0.5654384748898759,0.6109526893630403,-0.01759913200908428,0.3000609284508614,-0.6057185517727726,0.5705202877546041,per_species,2,2021
DMF,Min. informative,r_eff,per_fleet_sigma,59.23417702205883,673.7746559540639,253.56832236392552,176.78074412076987,1170.7685677873578,0.4554529679010101,0.11798413019630513,0.22420407271625203,0.6867018630857682,206.22096507857512,54.408498874315704,99.58030728491634,312.86162287223385,76.71816668769009,14.761972848893437,47.78469990385896,105.65163347152122,336.88732797703193,126.78416118196276,88.39037206038493,585.3842838936789,0.22772648395050504,0.058992065098152566,251.2825152061581,0.23400274850097347,NA,NA,0.0028419776100590257,0.06481326327844276,0.49392226544036655,0.0337698586288358,0.02203261941828618,0.2976629848670929,-0.561386830921216,0.6054520697577883,-0.008905998642817636,0.29948434626934106,-0.5958953173307261,0.5780833200450909,per_species,2,2021
LPF,Min. informative,r_eff,per_fleet_sigma,38.57959588235294,411.924768507133,115.979275577657,184.6053883749253,639.2441486393408,0.840111052051247,0.3190991486069359,0.21467672078165267,1.4655453833208414,358.29151341359966,99.56657528085685,163.14102586312023,553.44200096407906,86.51563765912351,20.712250469055686,45.91962673977437,127.11164857847267,205.9623842535665,57.9896377888285,92.30269418746265,319.6220743196704,0.4200555260256235,0.15954957430346794,331.98763778379777,0.10832254386119189,NA,NA,0.011672746151059314,0.030789135046917753,0.17605900182978856,0.012048273170942909,-0.06195054805371323,0.29883160959181315,-0.647660502853667,0.5237594067462406,0.15334020515663996,0.30411790447277925,-0.44273088761000745,0.7494112979232873,per_species,2,2021
MPF,Min. informative,r_eff,per_fleet_sigma,69.28465078947369,608.4452220263307,113.17660202919285,386.61908204911276,830.2713620035488,0.466896886613324,0.08119577303271681,0.30775317146919906,0.6260406017574489,374.52258009431864,69.27307343887124,238.747356154131,510.2978040345062,71.02029495971163,8.336527042919718,54.68070195558899,87.35988796383427,304.22261101316536,56.588301014596425,193.30954102455638,415.1356810017744,0.233448443306662,0.04059788651635841,105.50546460873143,0.42317226786825746,NA,NA,6.886178872868741e-4,0.06530571131685589,0.3077263057952272,0.01854598318132946,-0.1977100122388778,0.2828352653360642,-0.7520671322975636,0.35664710781980796,0.1283447486455816,0.3274597752721215,-0.5134764108877765,0.7701659081789398,per_species,2,2021
NTU,Min. informative,r_eff,per_fleet_sigma,31.336875976470587,76.26997783488004,5.892986493853918,64.71972430692637,87.82023136283371,1.5106730353005964,0.05269413680378006,1.4073925271651875,1.6139535434360053,58.3569266343161,5.881228391579366,46.82971898682055,69.88413428181165,28.80474972953186,2.0698257576561034,24.7478912445259,32.861608214537824,38.13498891744002,2.946493246926959,32.35986215346318,43.910115681416855,0.7553365176502982,0.02634706840189003,28.101860891287366,5,NA,NA,0.01195139375566986,0.06090401496933415,0.2539902626473917,0.013390503453599458,0.6566502687191902,0.22986369011041355,0.20611743610277966,1.1071831013356008,0.4307950770543584,0.28626501996570825,-0.13028436207842975,0.9918745161871465,per_species,2,2021
SAR,Min. informative,r_eff,per_fleet_sigma,58.8888619047619,726.2260224080164,205.3421565403853,323.7553955888612,1128.6966492271717,0.5286696265584249,0.11673396355115154,0.2998710579981678,0.7574681951186819,218.4374894998131,56.11259650580241,108.45680034844038,328.4181786511858,95.98341001586407,12.291663617450318,71.89174932566145,120.07507070606668,363.1130112040082,102.67107827019265,161.8776977944306,564.3483246135859,0.26433481327921243,0.05836698177557577,526.8301974411415,0.06320126969191797,NA,NA,0.002869699643809786,0.04498491890407661,0.18498861086326096,0.01579166140742259,0.05851217493385285,0.2976776117060706,-0.5249359440100455,0.6419602938777512,-4.800736488358561e-7,0.3,-0.5880004800736488,0.5879995199263511,per_species,2,2021
SCP,Min. informative,r_eff,per_fleet_sigma,24.002308235294116,204.6558195463307,56.85012766032632,93.22956933209109,316.0820697605703,1.1636279667086633,0.48488990097828105,0.21324376079123242,2.114012172626094,161.2524525849779,44.874696422802096,73.29804759628578,249.20685757367,59.53580879344796,18.965880161202406,22.36268367749125,96.70893390940468,102.32790977316535,28.42506383016316,46.614784666045544,158.04103488028514,0.5818139833543317,0.24244495048914053,173.36270527919925,0.16254970236380206,NA,NA,0.008937052457672718,0.03738756980546894,0.23780995781778755,0.015781406121632136,-0.021476115910976108,0.30004389264020326,-0.6095621454857745,0.5666099136638223,-0.08404042985884866,0.3000646142173324,-0.6721670737248201,0.5040862140071228,per_species,2,2021
ANC,Min. informative,r_eff,per_fleet_sigma,150.768938,401.73615216019056,51.707526368996916,300.3894004769566,503.0829038434245,1.4309170333368812,0.06774438118355232,1.2981380462171188,1.5636960204566437,109.27444066141085,13.501759384115841,82.8109922685438,135.7378890542779,143.71277575830845,12.320411564224147,119.56476909242913,167.8607824241878,200.86807608009528,25.853763184498458,150.1947002384783,251.54145192171225,0.7154585166684406,0.03387219059177616,218.54788183805695,0.7207370417717804,1.0880170015214958,1.0073778213276703,0.044172726816053255,0.08063795724839719,0.39038833697776815,0.02733972552596291,0.38791990937580884,0.225128008523667,-0.05333098733057845,0.8291708060821961,2.1356505542714136e-5,0.3,-0.5879786434944573,0.5880213565055427,per_species,3,2020
CMA,Min. informative,r_eff,per_fleet_sigma,21.506005625,302.7276914662848,95.94982806449755,114.66602845986958,490.7893544727,0.6582868709084685,0.29321670247686404,0.08358213405381498,1.232991607763122,266.76592392000646,85.25245980307129,99.67110270598673,433.86074513402616,49.82041618817122,20.444349020717183,9.749492107565539,89.8913402687769,151.3638457331424,47.974914032248776,57.33301422993479,245.39467723635,0.32914343545423425,0.14660835123843202,248.9243407710201,0.09527312077088368,NA,NA,4.986636520651731e-5,0.019031528798373287,0.63649530341953,0.05667124838146894,0.0010735576827293715,0.3000464251055609,-0.5870174355241701,0.5891645508896287,-0.005443011171176909,0.3000646804923251,-0.5935697849361341,0.5826837625937802,per_species,3,2020
DMF,Min. informative,r_eff,per_fleet_sigma,59.850102625,364.13813284017294,120.189151830266,128.56739525285155,599.7088704274943,0.9240637114026361,0.33776514844994443,0.26204402044074504,1.5860834023645272,179.02323798474612,60.5196501128978,60.404723763466436,297.64175220602584,84.12170862387907,14.893582720395196,54.930286491904496,113.31313075585366,182.06906642008647,60.094575915133,64.28369762642578,299.85443521374714,0.46203185570131805,0.16888257422497222,279.6750185672096,0.167222422083805,NA,NA,0.0024214189259046358,0.062298115168279745,0.5010414432015637,0.03497006732125402,0.10956619695115383,0.2983939774658753,-0.4752859988819618,0.6944183927842695,-0.012477951041156076,0.30100937558478763,-0.6024563271873399,0.5775004251050276,per_species,3,2020
LPF,Min. informative,r_eff,per_fleet_sigma,38.57379575757576,417.22483293995407,122.25758002813575,177.599976084808,656.8496897951001,0.6695442333033548,0.29477016624056357,0.09179470747185015,1.2472937591348594,356.1400295392393,100.43299298951251,159.29136327979478,552.9886957986839,69.83762022147546,18.042634727714255,34.47405615515552,105.2011842877954,208.61241646997703,61.128790014067874,88.799988042404,328.42484489755003,0.3347721166516774,0.14738508312028178,317.5636897455704,0.11968765861000197,NA,NA,0.011894275873855591,0.031606088968366086,0.1712418575692668,0.012003877334138548,0.06271564877219815,0.30245274652707405,-0.530091734420867,0.6555230319652633,0.07642186534390363,0.30257722125493425,-0.5166294883157675,0.6694732190035747,per_species,3,2020
MPF,Min. informative,r_eff,per_fleet_sigma,70.63741837837838,652.8131313201978,120.51086755395346,416.6118309144491,889.0144317259466,0.4399643419035122,0.07729773085108312,0.2884607894353893,0.5914678943716352,439.3960004152217,82.41952091018084,277.8537394312673,600.9382613991761,71.80362492681547,8.274595214471388,55.58541830645155,88.0218315471794,326.4065656600989,60.25543377697673,208.30591545722456,444.5072158629733,0.2199821709517561,0.03864886542554156,131.65935220977974,0.339996995703566,NA,NA,6.080502518203347e-4,0.05801341153564179,0.3018758800150616,0.018366898847154336,0.2732065361447525,0.2783038453678023,-0.27226900077613997,0.818682073065645,-0.33246167849807895,0.2727057982888362,-0.8669650431441979,0.20204168614803997,per_species,3,2020
NTU,Min. informative,r_eff,per_fleet_sigma,31.29698632653061,1486.519560453352,657.2457878374266,198.31781629199565,2774.721304614708,0.13647611298173534,0.027623799836291957,0.0823334653026031,0.19061876066086758,284.4211252073574,52.102565814122805,182.30009621167667,386.5421542030381,50.71860287049781,19.981953134370972,11.553974727130711,89.88323101386493,743.259780226676,328.6228939187133,99.15890814599783,1387.360652307354,0.06823805649086767,0.013811899918145978,114.18864800657352,0.09966153355653518,NA,NA,0.0025048706167505,0.02489750179216565,0.2716503442389725,0.014746602284178128,-0.4565620047979266,0.29397338115845734,-1.0327498318685029,0.11962582227264978,0.6290716079967779,0.30271692641951076,0.03574643221453677,1.2223967837790188,per_species,3,2020
SAR,Min. informative,r_eff,per_fleet_sigma,61.20427811188811,679.2241218585779,190.73357163231995,305.3863214592307,1053.061922257925,0.558429720920831,0.1307999028102722,0.30206191141269745,0.8147975304289645,245.38140094812192,65.1656555357689,117.65671609801487,373.10608579822895,94.82473420304557,13.815058426160384,67.7472196877712,121.90224871831991,339.61206092928893,95.36678581615998,152.69316072961536,526.5309611289625,0.2792148604604155,0.0653999514051361,510.5402431418399,0.06351758994305978,NA,NA,0.002531430606110337,0.046217869116481944,0.18488465587506495,0.0167023842741615,0.021493009100799255,0.2997644132796514,-0.5660452409273176,0.609031259128916,2.6542841584963828e-5,0.3,-0.587973457158415,0.588026542841585,per_species,3,2020
SCP,Min. informative,r_eff,per_fleet_sigma,23.89807515151515,492.9050824912798,193.18668056194892,114.25918858985997,871.5509763926997,0.2602681477419061,0.05284934713098238,0.15668342736518065,0.36385286811863154,134.96624495983335,26.818706091406305,82.40158102067697,187.5309088989897,32.07187320814421,9.85620473155049,12.75371193430525,51.390034481983164,246.4525412456399,96.59334028097446,57.12959429492999,435.77548819634984,0.13013407387095305,0.02642467356549119,114.75217404836155,0.16636876697261727,NA,NA,0.012661782645001398,0.04112410451321205,0.2332418829758051,0.01586853661074786,-0.2319065694651537,0.2898983252926172,-0.8001072870386834,0.33629414810837605,0.05609391205475349,0.29515004982860227,-0.522400185609307,0.6345880097188139,per_species,3,2020
ANC,Min. informative,r_eff,per_fleet_sigma,154.2729336099138,562.664167854095,101.70339402111085,363.32551557271773,762.0028201354722,1.3149727435296934,0.054421563507864854,1.2083064790542783,1.4216390080051085,116.76385185939714,12.065636263411964,93.11520478310969,140.4124989356846,184.97201112223786,26.02388742061363,133.96519177783514,235.97883046664057,281.3320839270475,50.85169701055543,181.66275778635887,381.0014100677361,0.6574863717648467,0.027210781753932427,266.4238592081779,0.8069616270457862,0.9470084445728006,1.2273435035310514,0.044503934111354594,0.0727305420970175,0.35085469196789787,0.025679483925189824,0.16662540976443171,0.1788372608947771,-0.1838956215893314,0.5171464411181949,-2.2774000642789354e-6,0.3,-0.5880022774000643,0.5879977225999357,per_species,4,2019
CMA,Min. informative,r_eff,per_fleet_sigma,21.09031,292.0262965765749,92.90463516424956,109.93321165464582,474.119381498504,0.5951297610000109,0.27099627118191055,0.06397706948346626,1.1262824525165556,257.88513358872666,82.58938631959043,96.00993640232942,419.7603307751239,43.44838502183384,18.944492483384252,6.31717975440071,80.57959028926697,146.01314828828745,46.45231758212478,54.96660582732291,237.059690749252,0.29756488050000546,0.13549813559095528,234.0936598708837,0.11759540179399153,NA,NA,5.220772836645025e-5,0.019876955807052427,0.6332115087410408,0.056867390967495324,0.008624145583137973,0.30019652401060454,-0.579761041477647,0.5970093326439229,-0.002236522755939908,0.30001693678952246,-0.5902697188634038,0.5857966733515241,per_species,4,2019
DMF,Min. informative,r_eff,per_fleet_sigma,60.45428561904762,246.7066652944069,81.0905027960407,87.76927981416715,405.64405077464664,1.5427231958377443,0.6504633438746993,0.2678150418433338,2.817631349832155,151.2138430501839,53.96908475931421,45.434436921928054,256.9932491784398,95.15002377936503,23.968390275607323,48.17197883917468,142.1280687195554,123.35333264720344,40.54525139802035,43.884639907083574,202.82202538732332,0.7713615979188722,0.32523167193734964,193.63377892658693,0.35379032201668625,NA,NA,0.002860065070691169,0.09616558901730661,0.35709911110549636,0.027473165499586318,0.09771461042287982,0.29913820473860314,-0.48859627086478236,0.6840254917105419,-0.01785865590058441,0.30076595028654884,-0.6073599184622201,0.5716426066610513,per_species,4,2019
LPF,Min. informative,r_eff,per_fleet_sigma,38.625008125,400.8663821961713,116.00418396847891,173.49818161795267,628.2345827743899,0.7928380426539234,0.3332192084556138,0.13972839408092042,1.4459476912269265,347.569634829084,98.58903154065318,154.33513300940376,540.8041366487643,79.45552945654299,21.311436529694816,37.685113858341154,121.22594505474481,200.43319109808564,58.002091984239456,86.74909080897633,314.11729138719494,0.3964190213269617,0.1666096042278069,323.65783817579955,0.12681873245637565,NA,NA,0.012093258685561386,0.032433038266495906,0.17316840312119683,0.012442265094298183,0.1335167168590094,0.3010023618174886,-0.45644791230326814,0.723481346021287,0.055692761316418087,0.301720791266091,-0.5356799895651203,0.6470655121979565,per_species,4,2019
MPF,Min. informative,r_eff,per_fleet_sigma,72.18518,657.8967253272516,116.3860881554709,429.77999254252865,886.0134581119745,0.4420124919846385,0.07914115500190888,0.2868958281808971,0.5971291557883799,488.7941971542229,92.0726248076929,308.33185253114476,669.2565417773009,72.69964275760792,7.541269929182863,57.9187536964095,87.48053181880633,328.9483626636258,58.19304407773545,214.88999627126432,443.00672905598725,0.22100624599231924,0.03957057750095444,170.5173265543795,0.3718886878547609,NA,NA,5.442479362926663e-4,0.0535391495192444,0.29385899195628923,0.01833470117129961,0.3643963823149536,0.27130229520701543,-0.16735611629079666,0.8961488809207039,-0.27061506842433053,0.2742833092630178,-0.8082103545798454,0.26698021773118435,per_species,4,2019
NTU,Min. informative,r_eff,per_fleet_sigma,31.43243199404762,1448.0372158172943,659.2315192709543,155.94343804622397,2740.1309935883646,0.12606084454876906,0.024296158918638705,0.0784403730682372,0.17368131602930093,290.26156417851547,51.62139251011162,189.0836348586967,391.4394934983343,45.63519859099409,18.55245835620978,9.272380212822922,81.99801696916525,724.0186079086471,329.61575963547716,77.97171902311199,1370.0654967941823,0.06303042227438453,0.012148079459319353,112.01622746324861,0.13643132140183312,NA,NA,0.002444297084843877,0.023764256844637732,0.27717645728616114,0.015224047749150852,-0.4013647427209092,0.29040290040080957,-0.9705544275064959,0.16782494206467752,0.5269887720336108,0.2901718168265548,-0.04174798894643661,1.0957255330136584,per_species,4,2019
SAR,Min. informative,r_eff,per_fleet_sigma,61.73733083333333,722.7931613522267,210.55689396866032,310.1016491736525,1135.4846735308008,0.5208512508620655,0.12412853181949177,0.2775593284958616,0.7641431732282694,266.0170701382317,73.93454135541441,121.10536908161944,410.92877119484393,94.11693055121349,14.350563770119187,65.98982556177988,122.24403554064708,361.39658067611333,105.27844698433016,155.05082458682625,567.7423367654004,0.26042562543103276,0.06206426590974588,528.0507853728622,0.07265147668723326,NA,NA,0.002313854418840406,0.04629114592081664,0.1930018182599162,0.018171886682647992,0.02591463623863861,0.29980514981859113,-0.5617034574058,0.6135327298830773,-2.8304569308337787e-6,0.3,-0.5880028304569308,0.5879971695430691,per_species,4,2019
SCP,Min. informative,r_eff,per_fleet_sigma,23.81067125,424.5930650530272,163.33892494867152,104.44877215363101,744.7373579524234,0.2691030990248972,0.0537311950957307,0.16378995663726503,0.3744162414125294,144.76237542830842,28.217078956770926,89.45690067303738,200.06785018357942,28.564827407562348,7.752596175427689,13.369738903724075,43.75991591140062,212.2965325265136,81.66946247433576,52.224386076815506,372.3686789762117,0.1345515495124486,0.02686559754786535,133.06576219821474,0.16185992493003187,NA,NA,0.012049198909154723,0.037075727658004466,0.2156614961547607,0.015179388057408682,-0.08270199485378855,0.28809452200017355,-0.6473672579741288,0.4819632682665516,0.10248959951103458,0.29089697119794333,-0.46766846403693435,0.6726476630590035,per_species,4,2019
ANC,Min. informative,r_eff,per_fleet_sigma,155.737909562212,730.974853557987,155.66269074591594,425.87597969599176,1036.073727419982,1.246811859819177,0.0450826861171927,1.1584497950294794,1.3351739246088747,117.96456733117893,11.198214315756807,96.01606727229559,139.91306739006228,227.8470291614211,40.67708213957654,148.11994816785108,307.5741101549911,365.4874267789935,77.83134537295797,212.93798984799588,518.036863709991,0.6234059299095885,0.02254134305859635,236.42778568237333,0.8462671506535777,0.6468834995665632,1.3574897351013493,0.04398918914312495,0.07431983242656079,0.34966248102206704,0.027051155390497798,0.15266198661412647,0.1981894964814714,-0.2357894264895575,0.5411133997178105,-3.700619249286536e-6,0.3,-0.5880037006192492,0.5879962993807507,per_species,5,2018
CMA,Min. informative,r_eff,per_fleet_sigma,19.961597857142856,287.77447349046906,92.66284810013263,106.15529121420911,469.39365576672907,0.5430722408145457,0.24948544724867777,0.05408076420713731,1.0320637174219542,253.78128008668128,82.09846877990653,92.86828127806447,414.6942788952981,39.070582041923785,18.029215165261387,3.733320318011467,74.4078437658361,143.88723674523453,46.33142405006632,53.07764560710456,234.69682788336453,0.2715361204072729,0.12474272362433889,224.54762345752107,0.10506165395678924,NA,NA,5.352098010389291e-5,0.019810931618450572,0.6311065015398546,0.0572371001315415,0.01109201698643654,0.30012647988078334,-0.5771558835798988,0.5993399175527719,0.002150423356370845,0.30013848739404864,-0.5861210119359644,0.5904218586487061,per_species,5,2018
DMF,Min. informative,r_eff,per_fleet_sigma,60.59636642857142,249.92018553375843,77.82929701997739,97.37476337460275,402.4656076929141,1.3824107604202251,0.5501588252468284,0.3040994629364415,2.4607220579040088,151.96642223111093,52.57198965770429,48.92532250201053,255.00752196021136,86.3730884320217,21.7906196754699,43.663473868100695,129.08270299594273,124.96009276687921,38.914648509988695,48.687381687301375,201.23280384645705,0.6912053802101126,0.2750794126234142,186.73091976669363,0.3847614736670204,NA,NA,0.002911970127060577,0.0959361551098366,0.36831154464527477,0.02875202273060048,0.09649699798791007,0.2987452970107096,-0.48904378415308075,0.6820377801289009,-0.03876369978752776,0.3001096354598194,-0.6269785852887738,0.5494511857137182,per_species,5,2018
LPF,Min. informative,r_eff,per_fleet_sigma,38.427621290322584,431.2856065388745,114.90761656105393,206.06667807920883,656.5045349985402,0.556536302502006,0.2369157449183534,0.09218144246203336,1.0208911625419788,362.26876365139265,93.1403476377877,179.71368228132877,544.8238450214566,60.00652419637006,16.41423564624758,27.8346223297248,92.17842606301531,215.64280326943725,57.453808280526964,103.03333903960441,328.2522674992701,0.278268151251003,0.1184578724591767,310.7757541227559,0.12838482008523133,NA,NA,0.011893930357719377,0.028695821777258206,0.17191647697771786,0.01273549224919418,0.14729477414029107,0.30143835212436926,-0.44352439602347266,0.7381139443040547,0.05769016447001541,0.3008597580991449,-0.5319949614043086,0.6473752903443394,per_species,5,2018
MPF,Min. informative,r_eff,per_fleet_sigma,73.71046771428571,656.2255522912177,115.4114865799692,430.01903859447805,882.4320659879573,0.4502588803549232,0.07976277679086408,0.29392383784482956,0.6065939228650168,482.752441733765,91.41809979721593,303.5729661312218,661.9319173363083,73.86784560873369,7.662499722655706,58.84934615232851,88.88634506513887,328.11277614560885,57.7057432899846,215.00951929723902,441.2160329939787,0.2251294401774616,0.03988138839543204,159.49756786198074,0.3961659557749071,NA,NA,5.486204343832477e-4,0.05508348737464849,0.29762188176641075,0.0188805070696053,0.2693434125204246,0.2763786936133788,-0.2723588269617978,0.811045652002647,-0.24185669036699087,0.27562698704981076,-0.7820855849846199,0.29837220425063815,per_species,5,2018
NTU,Min. informative,r_eff,per_fleet_sigma,31.504875425531914,1284.3871242508826,617.9219273107906,73.260146721733,2495.5141017800324,0.12332273199934347,0.025230860318158806,0.07387024577575221,0.17277521822293473,288.431921541046,52.57864311554536,185.37778103457705,391.48606204751485,39.598532276849774,16.62251191572568,7.018408922027441,72.1786556316721,642.1935621254413,308.9609636553953,36.6300733608665,1247.7570508900162,0.06166136599967174,0.012615430159079403,107.17018689574358,0.13657751572463184,NA,NA,0.0024365368263488817,0.024164878355460946,0.2817868332186113,0.01576336436819617,-0.32027737775641907,0.29617497667728515,-0.900780332043898,0.2602255765310598,0.3916978705174967,0.291289123448157,-0.17922881144089098,0.9626245524758844,per_species,5,2018
SAR,Min. informative,r_eff,per_fleet_sigma,61.372258383838385,770.5809228650597,229.92082806373577,319.9360998601376,1221.2257458699817,0.4845099832170486,0.11459874980186695,0.2598964336053894,0.7091235328287078,292.2995910622359,86.43922964831982,122.87870095152905,461.72048117294275,93.33853750118196,14.99740499544695,63.94362371010594,122.733451292258,385.29046143252987,114.96041403186788,159.9680499300688,610.6128729349908,0.2422549916085243,0.057299374900933474,543.4699445969984,0.06691639372199365,NA,NA,0.0020830582671934467,0.045586410176424265,0.2027530009018257,0.02012929233962319,0.02347509623964538,0.2999591105928048,-0.564444760522252,0.6113949530015428,-4.599298808676569e-6,0.3,-0.5880045992988087,0.5879954007011913,per_species,5,2018
SCP,Min. informative,r_eff,per_fleet_sigma,23.516467096774193,432.70457636685285,174.0566195778701,91.55360199422746,773.8555507394782,0.2680801814699424,0.053197164537807436,0.16381373897583984,0.37234662396404494,136.6479311475018,26.8418329854256,84.03793849606764,189.257923798936,28.99988033882511,8.686591770011926,11.974160469601733,46.02560020804848,216.35228818342642,87.02830978893505,45.77680099711373,386.9277753697391,0.1340400907349712,0.026598582268903718,116.19678774966629,0.17280102790682417,NA,NA,0.012746868154932136,0.039384446541507766,0.21475456562915426,0.015469080649842872,-0.12973854481877262,0.2897551219098478,-0.6976585837620743,0.43818149412452906,0.10181141552939572,0.29299518217562803,-0.4724591415348352,0.6760819725936267,per_species,5,2018
ANC,Min. informative,r_eff,per_fleet_sigma,141.64545368012423,1199.3337678967373,321.61217455113456,568.9739057765137,1829.6936300169612,0.5723374514360994,0.11264683728644742,0.35154965035466246,0.7931252525175363,318.73313457874366,60.23747165346972,200.667690137943,436.7985790195443,171.60590803481827,17.196682360371817,137.9004106084895,205.31140546114702,599.6668839483686,160.80608727556728,284.48695288825684,914.8468150084806,0.2861687257180497,0.05632341864322371,765.7380341890433,0.17451818605280778,1.2769390051143352,0.609843670425235,0.01584493487333603,0.07921805096328546,0.3920233109477261,0.025063391537274514,0.07479222011621008,0.31215347879410005,-0.537028598320226,0.6866130385526462,7.880911721185904e-7,0.3,-0.5879992119088279,0.5880007880911721,dsir_group,0,2023
CMA,Min. informative,r_eff,per_fleet_sigma,25.437004666666667,382.4376163612172,128.55264487301147,130.4744324101147,634.4008003123197,0.5859589316941003,0.24363732608275454,0.1084297725719014,1.0634880908162991,319.3270198572586,103.01999145844077,117.40783659871472,521.2462031158026,56.02318428066425,20.03412750864728,16.756294363715586,95.29007419761292,191.2188081806086,64.27632243650574,65.23721620505735,317.20040015615984,0.29297946584705015,0.12181866304137727,336.35302927744414,0.07659674941970707,NA,NA,2.3432150810720095e-5,0.01928061028693834,0.537108208253588,0.060434665426148365,-0.015186853976602854,0.29963100653588354,-0.6024636267869345,0.572089918833729,0.02011638116992842,0.2997119917824034,-0.5673191227235822,0.607551885063439,dsir_group,0,2023
DMF,Min. informative,r_eff,per_fleet_sigma,55.15418188894655,514.2403338816821,103.17501830501331,312.01729800385596,716.463369759508,0.41272577545459144,0.08469667963884234,0.24672028336246046,0.5787312675467224,345.2481315538584,76.73518986565287,194.8471594171788,495.6491036905381,53.060060142836306,3.38027897320631,46.43471335535194,59.68540693032068,257.12016694084105,51.587509152506655,156.00864900192798,358.231684879754,0.20636288772729572,0.04234833981942117,209.31928093387495,0.30800448792696145,NA,NA,0.002944739303680269,0.04314908814895968,0.44731541101578465,0.024239060247927817,-0.29299220587918573,0.2753418652778473,-0.8326622618237665,0.246677850065395,0.47110361218313995,0.222992138735329,0.03403902026189515,0.9081682041043848,dsir_group,0,2023
LPF,Min. informative,r_eff,per_fleet_sigma,40.872084,634.6758653728074,130.37895277565502,379.13311793252353,890.2186128130912,0.36921244000781644,0.11018864239604162,0.15324270091157488,0.585182179104058,412.94283143308957,119.5646168129101,178.59618247978577,647.2894803863934,58.582556217091664,15.559475629632807,28.08598398301136,89.07912845117197,317.3379326864037,65.18947638782751,189.56655896626177,445.1093064065456,0.18460622000390822,0.05509432119802081,447.50303332669193,0.08667204335639678,NA,NA,0.00836076002685625,0.02496903138866207,0.1764183662230176,0.014996623060407515,-0.08579916395343783,0.302027774262264,-0.6777736015074752,0.5061752736005997,-0.05513865661515487,0.28974481439655947,-0.6230384928324114,0.5127611796021018,dsir_group,0,2023
MPF,Min. informative,r_eff,per_fleet_sigma,53.865138,804.436234066646,237.91434596048248,338.1241159841003,1270.7483521491915,1.0109218589003939,0.34683592533189955,0.3311234452498708,1.690720272550917,678.8984064384638,209.3129544388191,268.6450157383784,1089.1517971385492,203.3055432773715,65.7622091880803,74.41161326873411,332.19947328600887,402.218117033323,118.95717298024124,169.06205799205014,635.3741760745958,0.5054609294501969,0.17341796266594978,784.3858304940139,0.024812751021064727,NA,NA,1.3263700158848627e-4,0.020133133634890214,0.3912861859810662,0.028752265232464883,-0.046279486338447494,0.3003812514662724,-0.6350267392123414,0.5424677665354465,-0.02040142279111365,0.30362903433897126,-0.6155143300954974,0.57471148451327,dsir_group,0,2023
NTU,Min. informative,r_eff,per_fleet_sigma,26.850141333333333,463.55917584204946,133.38792321131692,202.1188463478683,724.9995053362306,0.3449655462810885,0.10721455748460167,0.13482501361126922,0.5551060789509078,191.58275438108825,60.81210106480987,72.39103629406091,310.7744724681156,39.977986081990935,8.127988786348274,24.04712806074832,55.90884410323355,231.77958792102473,66.69396160565846,101.05942317393415,362.4997526681153,0.17248277314054425,0.05360727874230083,331.03719919188603,0.10262095932141335,NA,NA,0.0010962657399490642,0.027916886670244934,0.32030908667341645,0.024337358612313252,0.043406384187891674,0.2973609296515353,-0.5394210379291176,0.6262338063049009,0.042958458103100894,0.29796918587385357,-0.5410611462096522,0.6269780624158539,dsir_group,0,2023
SAR,Min. informative,r_eff,per_fleet_sigma,56.5891838974359,728.8077835377564,185.74011912861226,364.7571500456764,1092.8584170298363,0.5720856122542585,0.1094816288565141,0.3575016196954909,0.7866696048130261,271.8407194678667,77.9515928410655,119.0555974993783,424.62584143635513,104.23511176521663,16.566631656383613,71.76451371870475,136.7057098117285,364.4038917688782,92.87005956430613,182.3785750228382,546.4292085149182,0.28604280612712923,0.05474081442825705,616.4221466626406,0.06210878274608689,NA,NA,0.0019794705812638215,0.03134543905105634,0.23955504639019715,0.019150025671780816,-0.026063662872956302,0.2964869980241295,-0.6071781790002501,0.5550508532543376,9.794757430807395e-7,0.3,-0.5879990205242569,0.588000979475743,dsir_group,0,2023
SCP,Min. informative,r_eff,per_fleet_sigma,28.031365333333333,287.97555912103894,97.25407412518088,97.35757383568442,478.59354440639345,0.4535156769643031,0.11703293333534782,0.2241311276270214,0.6829002263015849,103.86556455407943,24.03778399411668,56.751507925610724,150.97962118254813,32.650357660987915,5.021311364355791,22.808587386850565,42.49212793512527,143.98777956051947,48.62703706259044,48.67878691784221,239.29677220319672,0.22675783848215156,0.05851646666767391,94.72930746577583,0.39994045656848076,NA,NA,0.013919778517651329,0.05126037654860062,0.1768396805948296,0.014690738128327876,0.11900806017480502,0.2982308671866595,-0.4655244395110475,0.7035405598606576,-0.15910681741936067,0.2981675420664135,-0.7435151998695311,0.4253015650308098,dsir_group,0,2023
ANC,Min. informative,r_eff,per_fleet_sigma,142.90850785714287,1220.062783392802,334.6920701934783,564.0663258135845,1876.0592409720196,0.5701418361640617,0.11262517911648702,0.3493964850957471,0.7908871872323762,318.71667281781123,61.74567918515709,197.69514161490332,439.73820402071914,173.90220888975202,19.66430612983669,135.3601688752721,212.44424890423193,610.031391696401,167.34603509673914,282.03316290679226,938.0296204860098,0.28507091808203083,0.05631258955824351,711.4558717047081,0.17016393623833448,1.1662610832637017,0.5969179086495551,0.01600992849196138,0.08543835089615699,0.39916506505271937,0.026018443267838993,0.06408817320734933,0.30852912188355,-0.5406289056844087,0.6688052520991072,2.7882269143737057e-7,0.3,-0.5879997211773085,0.5880002788226915,dsir_group,1,2022
CMA,Min. informative,r_eff,per_fleet_sigma,25.274192142857142,370.9693008038094,125.75219861984237,124.49499150891835,617.4436100987004,0.5990185172602788,0.2472937714673929,0.11432272518418868,1.0837143093363688,310.0605283749996,100.93477079030271,112.2283776260063,507.8926791239929,55.554370129145084,19.66675986119464,17.007520801203587,94.10121945708659,185.4846504019047,62.87609930992119,62.24749575445917,308.7218050493502,0.2995092586301394,0.12364688573369645,321.37268048497197,0.07354656808099591,NA,NA,2.403302781184462e-5,0.019797501243720993,0.5374106006516562,0.06046223286333079,-0.017793649306870832,0.2995520551619441,-0.6049156774242813,0.5693283788105395,0.023545031474530218,0.2995453218077046,-0.5635637992685708,0.6106538622176313,dsir_group,1,2022
DMF,Min. informative,r_eff,per_fleet_sigma,55.405834532608694,514.0116650859441,105.7732523306188,306.6960905179313,721.327239653957,0.41665629303665014,0.08620133762567492,0.2477016712903273,0.585610914782973,340.4184909928875,75.7512951538118,191.94595249141634,488.8910294943586,53.54154873807641,3.6976874505968995,46.29408133490648,60.78901614124633,257.00583254297203,52.8866261653094,153.34804525896564,360.6636198269785,0.20832814651832507,0.04310066881283746,211.17990958793663,0.2913104278017542,NA,NA,0.002993242527848752,0.04354669962048141,0.4481771215381186,0.024975775743916562,-0.32224453485389154,0.27254289562289064,-0.8564286102747571,0.21193954056697412,0.5245534785711969,0.22952689876528684,0.07468075699123472,0.9744262001511592,dsir_group,1,2022
LPF,Min. informative,r_eff,per_fleet_sigma,42.252590000000005,673.9737830712755,149.52432873907833,380.906098742682,967.041467399869,0.38440435501137094,0.10635822772331736,0.1759422286736689,0.5928664813490729,436.4683235398768,118.60341168628817,204.005636634752,668.9310104450017,64.76961434402183,15.139007412126725,35.09715981625345,94.4420688717902,336.98689153563777,74.76216436953916,190.453049371341,483.5207336999345,0.19220217750568547,0.05317911386165868,495.5205979513351,0.07037266476724913,NA,NA,0.0077753813703324536,0.022383735834436255,0.1701405962841954,0.014980143823843661,-0.08468229358647944,0.3009194346085249,-0.6744843854191882,0.5051197982462292,0.10177204802147176,0.2942308481030428,-0.47492041426049203,0.6784645103034356,dsir_group,1,2022
MPF,Min. informative,r_eff,per_fleet_sigma,54.80032214285714,885.2623923969927,261.48086049134116,372.759905833964,1397.7648789600214,0.9783353213043946,0.3222555197695765,0.34671450255602465,1.6099561400527644,738.5071966022773,227.75606377836718,292.1053115966776,1184.909081607877,216.52086677610225,68.51434186082757,82.23275672888022,350.8089768233243,442.63119619849635,130.74043024567058,186.379952916982,698.8824394800107,0.4891676606521973,0.16112775988478825,866.0033814229106,0.01875656870510678,NA,NA,1.242559642654156e-4,0.01862757624316674,0.38718052729547425,0.02922197745920205,-0.04544662094733032,0.30032874140818006,-0.6340909541073633,0.5431977122127026,-0.021948078355012477,0.3028851404181849,-0.6156029535746548,0.5717067968646299,dsir_group,1,2022
NTU,Min. informative,r_eff,per_fleet_sigma,26.172107142857143,486.82388490606826,146.9535232994276,198.79497923919018,774.8527905729463,0.33140699578892774,0.09867851138703668,0.13799711347033586,0.5248168781075196,189.99690265550961,61.25090260720322,69.9451335453913,310.04867176562794,40.3342102937537,7.545673803095673,25.54468963968618,55.12373094782122,243.41194245303413,73.4767616497138,99.39748961959509,387.42639528647317,0.16570349789446387,0.04933925569351834,339.80911858840136,0.08140126486602295,NA,NA,0.0010968189350669124,0.027655874331318907,0.32692383926117197,0.02550595763539608,0.037302369444301604,0.29696236558613104,-0.5447438671045152,0.6193486059931185,0.0582630879618727,0.29768472916060207,-0.5251989811929073,0.6417251571166528,dsir_group,1,2022
SAR,Min. informative,r_eff,per_fleet_sigma,56.71006761904762,775.4837776821724,200.26577742495186,382.96285392926677,1168.0047014350782,0.5214739343555683,0.09905571578536922,0.32732473141624463,0.715623137294892,257.3908237260547,72.65787779417927,114.98138324946333,399.80026420264613,101.09864414421033,14.754713342065001,72.17940599376291,130.01788229465774,387.7418888410862,100.13288871247593,191.48142696463339,584.0023507175391,0.26073696717778416,0.04952785789268461,633.210724319427,0.05444934739246765,NA,NA,0.002122637159418256,0.033346769397775776,0.2108940309702091,0.01761030776687414,-0.023673500633439204,0.2954366410776441,-0.6027293171456216,0.5553823158787432,-1.3163053716269032e-7,0.3,-0.5880001316305371,0.5879998683694628,dsir_group,1,2022
SCP,Min. informative,r_eff,per_fleet_sigma,28.570105714285713,266.03037884867496,84.34289151984102,100.71831146978653,431.34244622756336,0.4940098799900704,0.13655798512813527,0.22635622913892528,0.7616635308412155,105.92492002136456,25.339236303942478,56.2600168656373,155.58982317709183,32.855408882186715,4.078852871039563,24.860857254949174,40.84996050942426,133.01518942433748,42.17144575992051,50.359155734893264,215.67122311378168,0.2470049399950352,0.06827899256406764,100.79989424056491,0.3249296600643632,NA,NA,0.013578967823450422,0.05237331912062968,0.18383717545691225,0.01582237295066905,0.1263820247203118,0.29774970905298664,-0.45720740502354207,0.7099714544641657,-0.1748937398985733,0.2963646165145038,-0.7557683882670007,0.40598090846985413,dsir_group,1,2022
ANC,Min. informative,r_eff,per_fleet_sigma,142.55788170426067,1306.7330649102091,351.8376615034737,617.1312483634006,1996.3348814570177,0.53392262356809,0.09824341820712411,0.3413655238821267,0.7264797232540532,342.61692875715875,60.97109264185253,223.11358717912776,462.12027033518973,174.4235865800075,21.384210844445754,132.51053332489383,216.3366398351212,653.3665324551046,175.91883075173686,308.5656241817003,998.1674407285088,0.266961311784045,0.049121709103562054,718.5798818892735,0.14766182159548435,1.0998112792663588,0.5531206773322029,0.014732712674167812,0.07974363427165455,0.40582312479846444,0.02713470894797045,-0.005380386985239382,0.3042264449790462,-0.6016642191441699,0.5909034451736912,8.38072970007986e-7,0.3,-0.58799916192703,0.58800083807297,dsir_group,2,2021
CMA,Min. informative,r_eff,per_fleet_sigma,25.780918461538462,342.0287281035505,116.38735125417344,113.9095196453706,570.1479365617305,0.6382031750609481,0.2600571578295309,0.1284911457150676,1.1479152044068286,286.5776700814078,94.44548077289784,101.46452776652804,471.6908123962875,54.57095505943593,19.053239997529086,17.226604664278923,91.91530545459294,171.01436405177526,58.19367562708672,56.9547598226853,285.07396828086524,0.3191015875304741,0.13002857891476546,287.4028838527324,0.08887877104429887,NA,NA,2.5726566388317778e-5,0.02179750249842926,0.5380934223190746,0.0605714716527205,-0.018342166411725275,0.2995038162966421,-0.6053696463531437,0.5686853135296932,0.024912672908622133,0.29941410384313105,-0.5619389706239147,0.6117643164411589,dsir_group,2,2021
DMF,Min. informative,r_eff,per_fleet_sigma,55.68868437606837,468.3354391719774,98.43584472324363,275.40118351441987,661.2696948295348,0.45618005917939014,0.10062404128561946,0.258956938259576,0.6534031800992043,333.2656405067563,77.64930940080139,181.07299408118558,485.45828693232704,53.41132208931957,2.678337666579981,48.16178026282281,58.66086391581633,234.1677195859887,49.21792236162182,137.70059175720993,330.6348474147674,0.22809002958969507,0.05031202064280973,185.7732383741191,0.33627204842726854,NA,NA,0.0029366401878136435,0.045318516430679724,0.45588274633025855,0.02536120326367198,-0.339559759098124,0.2794930009905403,-0.8873660410395829,0.20824652284333495,0.4695467728992976,0.24333011574142777,-0.0073802539539008505,0.946473799752496,dsir_group,2,2021
LPF,Min. informative,r_eff,per_fleet_sigma,43.993327692307695,795.9910846097001,182.96379031799245,437.3820555864349,1154.6001136329653,0.3195311885743048,0.07571761793058099,0.17112465743036606,0.4679377197182435,452.97150405300795,126.88246189765015,204.28187873361367,701.6611293724022,63.58599433997189,11.39367526898222,41.25439081276674,85.91759786717704,397.99554230485006,91.48189515899622,218.69102779321744,577.3000568164827,0.1597655942871524,0.037858808965290494,555.4501009045107,0.06693355454286465,NA,NA,0.0072941521240240306,0.022328029377225375,0.15610676310311553,0.015091619319870396,-0.07922006210476326,0.3019416457135304,-0.6710256877032829,0.5125855634937563,0.2690400489858152,0.3030603752844422,-0.3249582865716915,0.8630383845433218,dsir_group,2,2021
MPF,Min. informative,r_eff,per_fleet_sigma,56.29324846153847,1042.0962574854836,306.9747007144057,440.42584408524846,1643.766670885719,1.0080012526143536,0.30618435253362597,0.40787992164844666,1.6081225835802604,858.0581935420281,263.3801738901046,341.833052717423,1374.283334366633,262.60858322252443,78.10503890886272,109.52270696115347,415.69445948389534,521.0481287427418,153.48735035720284,220.21292204262423,821.8833354428594,0.5040006263071768,0.15309217626681298,1025.3982876816042,0.013812746839484191,NA,NA,1.038728709666545e-4,0.015982086480185214,0.39783755210414457,0.03081276369094341,-0.055051876800668025,0.2999011010958984,-0.6428580349486289,0.5327542813472929,-0.011971204212397129,0.3016089692871355,-0.6031247840151827,0.5791823755903883,dsir_group,2,2021
NTU,Min. informative,r_eff,per_fleet_sigma,25.582633846153847,593.7072226905741,215.9703930192909,170.4052523727639,1017.0091930083843,0.27934277065868074,0.07588489333665965,0.13060837971882783,0.42807716159853365,177.9154991037661,59.45805930433727,61.37770286726505,294.4532953402672,41.46195513661383,6.5201856278363035,28.68239130605468,54.24151896717298,296.85361134528705,107.98519650964545,85.20262618638195,508.50459650419214,0.13967138532934037,0.03794244666832983,341.5772079442431,0.07338144654243628,NA,NA,0.0011742018566099574,0.029956867273737794,0.320082133250277,0.0259348717654595,0.03321906548858873,0.29701993299873714,-0.548940003188936,0.6153781341661135,0.08616990595299387,0.2979380435528737,-0.49778865941063855,0.6701284713166263,dsir_group,2,2021
SAR,Min. informative,r_eff,per_fleet_sigma,57.55441538461538,809.316044529709,221.04599420257196,376.06589589266787,1242.5661931667498,0.4894268004799747,0.09744888918183742,0.2984269776835734,0.680426623276376,224.12853864971984,62.097897058154125,102.41666041573778,345.84041688370195,99.02524056282103,12.750054392872416,74.0351339527911,124.01534717285095,404.6580222648545,110.52299710128598,188.03294794633393,621.2830965833749,0.24471340023998736,0.04872444459091871,585.608555727815,0.061685579957672765,NA,NA,0.0025221603475995727,0.04012785203564325,0.182654464209153,0.016153346301059555,-0.010145945569966596,0.293834814668455,-0.5860621823201384,0.5657702911802052,1.0415954068458727e-6,0.3,-0.5879989584045932,0.5880010415954068,dsir_group,2,2021
SCP,Min. informative,r_eff,per_fleet_sigma,29.571421538461536,219.8377864699488,62.64521933079194,97.05315658159662,342.622416358301,0.6174655331231105,0.20253412544518415,0.22049864725054957,1.0144324189956713,106.66429267068648,26.90253123157516,53.93533145679917,159.3932538845738,33.93556400581787,4.080025587425017,25.938713854464833,41.9324141571709,109.9188932349744,31.32260966539597,48.52657829079831,171.3112081791505,0.30873276656155524,0.10126706272259207,109.25094021672678,0.2975758302094853,NA,NA,0.013323668943503475,0.05590608512738792,0.19391577667728152,0.017734559116175972,0.10567825127760683,0.297924546522106,-0.47825385990572084,0.6896103624609344,-0.13950761193792588,0.29612764313911755,-0.7199177924905962,0.44090256861474447,dsir_group,2,2021
ANC,Min. informative,r_eff,per_fleet_sigma,144.44013527777778,1306.3678454248259,354.5725360347339,611.4056747967476,2001.3300160529045,0.5160573381879712,0.10229352255590055,0.3155620339784061,0.7165526423975362,356.7573676783063,68.95131778578829,221.61278481816126,491.9019505384514,168.54017825107266,21.932116070148258,125.55323075358207,211.52712574856324,653.1839227124129,177.28626801736695,305.7028373983738,1000.6650080264523,0.2580286690939856,0.05114676127795027,677.5654553233466,0.14776497893107088,1.037327208712803,0.5726688412179821,0.013674658391861954,0.08723636612895459,0.41741768710600474,0.028879651544863785,0.030621897316058563,0.30437988366634433,-0.5659626746699763,0.62720646930209345,-6.850561393466277e-7,0.3,-0.5880006850561393,0.5879993149438606,dsir_group,3,2020
CMA,Min. informative,r_eff,per_fleet_sigma,25.3900075,347.80042200510053,120.25572751103572,112.0991960834705,583.5016479267305,0.6266725413123282,0.25790012250299565,0.12118830120645674,1.1321567814181996,291.22587568326014,97.08660783487007,100.93612432691484,481.5156270396055,54.48924358185916,19.11799979293399,17.017963987708537,91.96052317600977,173.90021100255026,60.12786375551786,56.04959804173525,291.75082396336524,0.3133362706561641,0.12895006125149783,288.91062622850046,0.08627430753540022,NA,NA,2.5375171949000188e-5,0.02140041782012626,0.5378974030666883,0.060532471879112884,-0.020661274275232153,0.2993649262579198,-0.6074165297407549,0.5660939811902906,0.028850965600232086,0.299127570351697,-0.5574390722890941,0.6151410034895581,dsir_group,3,2020
DMF,Min. informative,r_eff,per_fleet_sigma,55.81535704545455,489.6276783162032,102.66676768361852,288.40081365631085,690.8545429760954,0.4318919114467167,0.09482197719207265,0.2460408361502543,0.6177429867431791,342.47066779587124,77.84043582750508,189.90341357396127,495.03792201778117,52.86655847130078,2.800137916391662,47.37828815517312,58.35482878742844,244.8138391581016,51.33338384180926,144.20040682815542,345.4272714880477,0.21594595572335834,0.047410988596036326,205.2641579788592,0.328058021662188,NA,NA,0.002892927197357603,0.042718084291024756,0.45058921906169325,0.025950796488340144,-0.38941778897182655,0.26933526336369923,-0.9173149051646771,0.13847932722102396,0.5155100569815194,0.24467916773645726,0.03593888821806318,0.9950812257449757,dsir_group,3,2020
LPF,Min. informative,r_eff,per_fleet_sigma,44.42852166666667,703.4594512089616,157.12407231487663,395.4962694718035,1011.4226329461197,0.3473533456725309,0.08986838764056522,0.17121130589702308,0.5234953854480388,434.3440228241452,118.43580614778865,202.20984277447945,666.4782028738109,61.08724848059883,12.714548595439807,36.16673323353681,86.00776372766086,351.7297256044808,78.56203615743831,197.74813473590174,505.71131647305987,0.17367667283626545,0.04493419382028261,494.04928854902954,0.0829207223121422,NA,NA,0.007768987281071683,0.023818380058926083,0.14945299002035534,0.014988607033666258,-0.0909929668219743,0.302221758006296,-0.6833476125143145,0.5013616788703659,0.19879660156154688,0.30024102452617263,-0.3896758065097514,0.7872690096328452,dsir_group,3,2020
MPF,Min. informative,r_eff,per_fleet_sigma,59.381665,1084.6393078175365,324.1863719716604,449.23401875308224,1720.044596881991,0.9482679941810028,0.28854095935273816,0.382727713849636,1.5138082745123698,885.8265729342554,276.3976397705285,344.0871989840196,1427.5659468844913,257.13218520850165,78.60634938089805,103.06374042194149,411.20062999506183,542.3196539087683,162.0931859858302,224.61700937654112,860.0222984409955,0.4741339970905014,0.14427047967636908,1056.7382733591696,0.014769942091944266,NA,NA,1.0503674423305543e-4,0.016689815032204496,0.38133586738757497,0.030587806161276536,-0.05695986027838337,0.2998051146697952,-0.644577885031182,0.5306581644744152,0.0022107134243155484,0.30221144224383295,-0.590123713373597,0.5945451402222282,dsir_group,3,2020
NTU,Min. informative,r_eff,per_fleet_sigma,24.927929166666665,524.7853645476313,178.62244070388147,174.68538076802366,874.885348327239,0.3087760913097779,0.09141218525618516,0.12960820820765498,0.48794397441190085,187.1596187211656,62.65340215317855,64.35895050093565,309.96028694139557,40.5102934103986,7.277239825031945,26.246903353335995,54.77368346746122,262.39268227381564,89.31122035194073,87.34269038401183,437.4426741636195,0.15438804565488895,0.04570609262809258,337.28681571653146,0.07140887061080647,NA,NA,0.0011104154122429377,0.028429797282669672,0.33049311419008237,0.027557490105870247,0.042422302192171454,0.2964857993933543,-0.538689864618803,0.6235344690031459,0.05630062935685262,0.29828062043340703,-0.5283293866926251,0.6409306454063304,dsir_group,3,2020
SAR,Min. informative,r_eff,per_fleet_sigma,59.960989166666664,823.9765954249532,214.43181832393626,403.6902315100382,1244.2629593398683,0.48855819736238454,0.09271263994519502,0.30684142306980233,0.6702749716549667,259.1843239766957,74.38395817831504,113.39176594719822,404.97688200619314,100.6401300324025,14.359874422473839,72.49477616435377,128.78548390045123,411.9882977124766,107.21590916196813,201.8451157550191,622.1314796699342,0.24427909868119227,0.04635631997259751,598.9346631484538,0.06639704283426706,NA,NA,0.002132892680825539,0.03881843611465959,0.18030612718968358,0.01669399243467781,-0.015928284618165155,0.293803984723276,-0.5917840946757862,0.5599275254394558,-8.514190932182915e-7,0.3,-0.5880008514190932,0.5879991485809067,dsir_group,3,2020
SCP,Min. informative,r_eff,per_fleet_sigma,29.748873333333332,203.17898845487332,63.1529225903576,79.3992601777724,326.9587167319742,0.701504969675354,0.2998753540187644,0.11374927579857574,1.2892606635521324,105.99281276925645,28.45409947522467,50.22277779781611,161.7628477406968,35.63276753367625,6.8286765614360085,22.248561473261674,49.01697359409083,101.58949422743666,31.5764612951788,39.6996300888862,163.4793583659871,0.350752484837677,0.1499376770093822,112.3456826220342,0.3059138597183404,NA,NA,0.013288255385196698,0.060717937136759284,0.20544105274343136,0.020957082906147322,0.10892848211776118,0.29740848820252785,-0.47399215475919343,0.6918491189947158,-0.14891053162718648,0.29411628943366097,-0.725378458917162,0.42755739566278905,dsir_group,3,2020
ANC,Min. informative,r_eff,per_fleet_sigma,148.526272128483,1498.1366174122272,432.52778701355714,650.3821548656553,2345.8910799587993,0.5544172753105618,0.11412779474470361,0.3307267976109428,0.7781077530101809,323.66041202664235,69.95284370709419,186.55283836073772,460.7679856925469,207.64820536716718,38.37104211261835,132.44096282643522,282.85544790789913,749.0683087061136,216.26389350677857,325.1910774328276,1172.9455399793997,0.2772086376552809,0.057063897372351804,622.0149719134455,0.21292201787236742,0.830384845659629,0.7680930135270306,0.016440471586289376,0.11621534918333438,0.3952441339770422,0.029796651313870305,-0.0029732032656897387,0.3086111857616751,-0.6078511273585729,0.6019047208271935,-6.926808756093975e-6,0.3,-0.5880069268087561,0.5879930731912438,dsir_group,4,2019
CMA,Min. informative,r_eff,per_fleet_sigma,25.176240909090907,334.9163162774298,115.49093516706367,108.55408334998502,561.2785492048746,0.6009765652371054,0.24368344067346254,0.12335702151711886,1.078596108957092,281.629359862901,94.21045877355436,96.9768606667345,466.2818590590676,50.31921434956847,18.10035456849983,14.842519395308802,85.79590930382814,167.4581581387149,57.745467583531834,54.27704167499251,280.6392746024373,0.3004882826185527,0.12184172033673127,274.76770424401064,0.10588784592935241,NA,NA,2.633722548847091e-5,0.02222232390840376,0.5352438476248152,0.06028982546016378,-0.009913027533795596,0.2995359988599622,-0.5970035852993215,0.5771775302317302,0.018634013544216822,0.2993302252435603,-0.5680532279331614,0.605321255021595,dsir_group,4,2019
DMF,Min. informative,r_eff,per_fleet_sigma,55.90936683218102,398.92881950193026,90.32720892121603,221.88749001634687,575.9701489875137,0.550087748279919,0.13213520404194207,0.29110274835771255,0.8090727482021255,305.15890835124554,75.81391448988236,156.5636359510761,453.754180751415,54.86146401094576,2.7052653075881588,49.55914400807297,60.16378401381856,199.46440975096513,45.16360446060801,110.94374500817344,287.9850744937568,0.2750438741399595,0.06606760202097103,139.35090958731791,0.5434906304193863,NA,NA,0.003334434335508578,0.058197760470180854,0.3622463700315689,0.02065821181211021,-0.3723190480263125,0.2601055625867994,-0.8821259506964394,0.13748785464381436,0.20338150938436203,0.24879415999692495,-0.2842550442096109,0.6910180629783349,dsir_group,4,2019
LPF,Min. informative,r_eff,per_fleet_sigma,45.10975090909091,739.0520452825174,181.23879070944454,383.82401549200614,1094.2800750730287,0.3174064702264683,0.07773972890085476,0.16503660158079295,0.46977633887214365,409.9790085538713,121.41120333199069,172.0130500231696,647.944967084573,58.644975251693964,10.161448556586764,38.728536080783904,78.56141442260402,369.5260226412587,90.61939535472227,191.91200774600307,547.1400375365143,0.15870323511323414,0.03886986445042738,495.50474039143097,0.08852341669451391,NA,NA,0.008139122355853077,0.02765926313170547,0.14627181482117177,0.01618778368214282,-0.08424493267228442,0.3019550245817241,-0.6760767808524636,0.5075869155078948,0.27384291442568043,0.30788169655000397,-0.3296052108123273,0.8772910396636882,dsir_group,4,2019
MPF,Min. informative,r_eff,per_fleet_sigma,63.42381636363637,1084.9077141180665,328.3669206025598,441.30854973704936,1728.5068784990835,0.8806130710781176,0.2741010721625687,0.343374969639483,1.4178511725167522,879.476975300576,278.8099059281181,333.00955968146457,1425.9443909196873,238.8459784914628,76.86436504482558,88.19182300360467,389.5001339793209,542.4538570590332,164.1834603012799,220.65427486852468,864.2534392495418,0.4403065355390588,0.13705053608128434,1048.5165821617557,0.02554526975396687,NA,NA,1.1197153920991981e-4,0.018526446745654228,0.3535131743389093,0.0296147659558101,-0.03687878337272008,0.3002041738935125,-0.6252789642040046,0.5515213974585644,-0.008599761212959838,0.30161774828959903,-0.5997705478605739,0.5825710254346543,dsir_group,4,2019
NTU,Min. informative,r_eff,per_fleet_sigma,24.940450000000002,619.948233425086,283.7003071947014,63.89563132347124,1176.0008355267007,0.2695473550399993,0.07941852614024708,0.11388704380511505,0.4252076662748836,170.0896762365438,58.24264567085884,55.93409072166046,284.2452617514271,41.77635164536301,8.990062888097452,24.155828384692004,59.396874906034014,309.974116712543,141.8501535973507,31.94781566173562,588.0004177633504,0.13477367751999966,0.03970926307012354,302.0513999308042,0.09347629645231237,NA,NA,0.0012439311982990035,0.03306363863479575,0.3385222460364226,0.02902447627472817,0.04350667489880489,0.29783074490735173,-0.5402415851196045,0.6272549349172143,0.0633970897529247,0.2992588102400441,-0.5231501783175617,0.6499443578234111,dsir_group,4,2019
SAR,Min. informative,r_eff,per_fleet_sigma,60.43260333333333,829.1445270772864,218.91788700903993,400.06546853956814,1258.2235856150046,0.4899853061136324,0.0926201824441323,0.3084497485231331,0.6715208637041317,276.18845223493145,80.84756298420419,117.72722878589126,434.6496756839717,101.5671587281018,15.578808864648918,71.03269335338992,132.1016241028137,414.5722635386432,109.45894350451997,200.03273426978407,629.1117928075023,0.2449926530568162,0.04631009122206615,608.4116158989135,0.07432825181919878,NA,NA,0.001992355970867139,0.038488696102893724,0.18818079631972892,0.01807073726020486,-0.01822473542789041,0.29443642554903804,-0.5953201295040049,0.5588706586482242,-8.608954640761532e-6,0.3,-0.5880086089546407,0.5879913910453592,dsir_group,4,2019
SCP,Min. informative,r_eff,per_fleet_sigma,30.02649818181818,193.660922645397,40.76086668781735,113.76962393727499,273.552221353519,0.892491875695856,0.1870269193271758,0.5259191138145913,1.2590646375771206,110.91352081178924,31.611606798857153,48.95477148602922,172.87227013754924,43.210200025195114,9.108212808739232,25.35810292006622,61.06229713032401,96.8304613226985,20.380433343908674,56.88481196863749,136.7761106767595,0.446245937847928,0.0935134596635879,141.38661437099208,0.23952195844609303,NA,NA,0.012305406430319347,0.062030032835738824,0.15910450065928355,0.01651531182862549,0.06564811052645543,0.2977800289646704,-0.5180007462442985,0.6492969672972094,-0.07775755050690024,0.2923414929012201,-0.6507468765932916,0.49523177557949105,dsir_group,4,2019
ANC,Min. informative,r_eff,per_fleet_sigma,150.7561677777778,1444.0274044575954,420.5606689856897,619.7284932456437,2268.3263156695475,0.5251815581706465,0.12066301444974674,0.2886820498491429,0.7616810664921501,338.1159481823319,81.9500966186835,177.49375880971226,498.7381375549516,189.59414057853866,43.369871482001415,104.58919247381588,274.5990886832614,722.0137022287977,210.28033449284484,309.86424662282184,1134.1631578347738,0.26259077908532324,0.06033150722487337,560.9490900820442,0.19794536984028888,0.7769230533304838,0.7538169105929298,0.014670637214522997,0.13370597820735602,0.41312594442517436,0.033801310540127236,0.01657329408740026,0.30693342710613436,-0.5850162230406231,0.6181628112154236,-5.206886215014402e-7,0.3,-0.5880005206886215,0.5879994793113784,dsir_group,5,2018
CMA,Min. informative,r_eff,per_fleet_sigma,24.004637,348.386620119125,120.97924436023995,111.26730117305469,585.5059390651953,0.5609409651382968,0.22551854092538556,0.11892462492454114,1.0029573053520524,293.09509988202205,99.00303778187536,99.04914582954635,487.1410539344978,48.85608173272279,18.35318798711605,12.883833277975334,84.82833018747024,174.1933100595625,60.48962218011997,55.633650586527345,292.75296953259766,0.2804704825691484,0.11275927046269278,284.20941016441384,0.08703140818927668,NA,NA,2.551888376358558e-5,0.020788579153562123,0.5338164417768536,0.060125671087454424,-0.0023667949728630754,0.29966241841354957,-0.5897051350634203,0.5849715451176941,0.00853321931246951,0.29959048776778685,-0.5786641367123927,0.5957305753373318,dsir_group,5,2018
DMF,Min. informative,r_eff,per_fleet_sigma,55.830128809523806,377.9135937530558,89.93282244214168,201.64526176645813,554.1819257396536,0.589536612991359,0.14917516612789952,0.2971532873806759,0.881919938602042,290.4452216302476,75.7557774150105,141.96389789682706,438.92654536366814,55.69847501614223,2.7895525027020143,50.23095211084628,61.165997921438176,188.9567968765279,44.96641122107084,100.82263088322907,277.0909628698268,0.2947683064956795,0.07458758306394976,135.67905059715255,0.5808321442135247,NA,NA,0.003450863705675601,0.06237169936546194,0.3676713508065856,0.021044473074757618,-0.2668862041249808,0.28747719247510517,-0.830341501376187,0.2965690931262253,0.19992164244896365,0.2505904606171211,-0.2912356603605937,0.691078945258521,dsir_group,5,2018
LPF,Min. informative,r_eff,per_fleet_sigma,45.146326,634.9345568170993,155.77416692706507,329.6171896400518,940.2519239941469,0.36796238465749925,0.10419307052230051,0.16374396643379027,0.5721808028812082,394.2582645137262,112.9744735841933,172.82829628870732,615.6882327387451,58.408008406968094,12.309248169323693,34.281881995093656,82.53413481884253,317.46727840854965,77.88708346353253,164.8085948200259,470.12596199707343,0.18398119232874963,0.052096535261150254,438.58087855369786,0.09609134291939636,NA,NA,0.008645999851737965,0.02890429492288729,0.1478275155628586,0.01688543943320546,-0.06259092696901213,0.30144931163834765,-0.6534315777801736,0.5282497238421493,0.20400374359460205,0.30472828264453544,-0.39326369038868736,0.8012711775778915,dsir_group,5,2018
MPF,Min. informative,r_eff,per_fleet_sigma,67.88618699999999,993.1345858185242,310.2002914797834,385.14201451814876,1601.1271571189,0.8570255112771009,0.2881588824621899,0.29223410165120867,1.4218169209029932,811.1810772080092,265.2345852960674,291.32129002771717,1331.0408643883015,212.7854190445232,73.8813682627023,67.97793724962669,357.59290083941966,496.5672929092621,155.1001457398917,192.57100725907438,800.56357855945,0.42851275563855046,0.14407944123109495,938.7351612638632,0.035272927386238884,NA,NA,1.2338191472616728e-4,0.022670764522887816,0.36613923240533625,0.031598642286869955,-0.03455844485992732,0.30026858988528055,-0.6230848810350772,0.5539679913152226,-0.017591688217732986,0.3015377934556247,-0.6086057633907573,0.5734223869552915,dsir_group,5,2018
NTU,Min. informative,r_eff,per_fleet_sigma,24.626152,713.2545051359499,364.54646553391626,-1.2565673105258748,1427.7655775824257,0.2588316352975811,0.0686642137757178,0.12424977629717421,0.39341349429798794,159.8439807912314,54.85584512421347,52.326524347773024,267.36143723468973,46.15320748692622,14.07247749097349,18.571151604618183,73.73526336923427,356.62725256797495,182.27323276695813,-0.6282836552629374,713.8827887912129,0.12941581764879054,0.0343321068878589,279.0752144500919,0.09413992844883623,NA,NA,0.0013219261746790737,0.03510269389951224,0.3489458290686793,0.030864998927043728,0.04175397277760712,0.2988841164083378,-0.544058895382735,0.6275668409379491,0.06397837143307118,0.3000655203379115,-0.5241500484292354,0.6521067912953777,dsir_group,5,2018
SAR,Min. informative,r_eff,per_fleet_sigma,59.890087,842.3763073549663,227.18747084893073,397.08886449106217,1287.6637502188707,0.4933886862067734,0.09513468345846293,0.30692470662818605,0.6798526657853607,301.55872244617257,90.1217585446624,124.92007569863429,478.19736919371087,103.90473489439503,17.665093424606663,69.28115178216598,138.5283180066241,421.18815367748317,113.59373542446536,198.54443224553108,643.8318751094354,0.2466943431033867,0.047567341729231466,622.7785105444779,0.0662417653287708,NA,NA,0.0018224789161352813,0.03667919653194666,0.19725507904955017,0.019774721316494194,-0.004385165717472638,0.29539345969132064,-0.5833563467124611,0.5745860152775158,-6.471356265644277e-7,0.3,-0.5880006471356265,0.5879993528643734,dsir_group,5,2018
SCP,Min. informative,r_eff,per_fleet_sigma,29.736048,196.59795940909802,40.74036374500359,116.746846468891,276.449072349305,0.7884143339698109,0.1935807017805831,0.40899615847986803,1.1678325094597537,106.5923739061402,28.65895627530197,50.420819606548335,162.76392820573204,38.75016230683698,7.401849224544451,24.24253782672985,53.257786786944095,98.29897970454901,20.370181872501796,58.3734232344455,138.2245361746525,0.39420716698490543,0.09679035089029155,122.31042578769207,0.26915193001127946,NA,NA,0.013019976194717555,0.06149395259113909,0.15527380475629254,0.01779937407967483,0.07539815936151503,0.2986123528116882,-0.5098820521493937,0.6606783708724239,-0.10942418301346998,0.29582146708312107,-0.6892342584963873,0.4703858924694473,dsir_group,5,2018
ANC,Min. informative,r_eff,per_fleet_sigma,127.74041544642857,665.4552038333462,155.6952017644609,360.29260837500277,970.6177992916895,0.9185813880291673,0.1590161699991819,0.6069096948307708,1.2302530812275638,186.76172745106422,35.82500052415081,116.54472642372863,256.97872847839983,152.81869120211695,12.830884729889767,127.67015713153302,177.9672252727009,332.7276019166731,77.84760088223045,180.14630418750139,485.30889964584475,0.45929069401458367,0.07950808499959094,467.6069982913029,0.29168993797684184,1.4053748339412142,0.6350878469302927,0.02761601405562069,0.10673897530893614,0.40971427024640367,0.02964268977975779,0.06215530174743926,0.2996987653623505,-0.5252542783627678,0.6495648818576463,-5.432049696273323e-6,0.3,-0.5880054320496962,0.5879945679503037,dsir_channel,0,2023
CMA,Min. informative,r_eff,per_fleet_sigma,19.328113703703703,317.2191840889181,95.75630851907287,129.53681939153523,504.9015487863009,0.660250475941822,0.33253795572980344,0.008476082711407207,1.3120248691722367,269.30586542463516,84.85648302884125,102.98715868810629,435.62457216116394,52.361029318146144,23.61629669254918,6.073087800749747,98.64897083554256,158.60959204445905,47.87815425953644,64.76840969576762,252.45077439315045,0.330125237970911,0.16626897786490172,277.36375473128726,0.09429322190196032,NA,NA,3.555399541717816e-5,0.013792679793514869,0.7977790556125991,0.06234320630157415,0.008520602705504114,0.3000930986272581,-0.5796618706039217,0.59670307601493,-0.016720938035049763,0.3002021757960827,-0.6051172025953719,0.5716753265252723,dsir_channel,0,2023
DMF,Min. informative,r_eff,per_fleet_sigma,56.02986941796009,633.388049378541,167.222365281361,305.63221342707357,961.1438853300085,0.3814528416161945,0.07787841578998583,0.2288111466678223,0.5340945365645667,296.41457281449277,71.6242035991731,156.0311337601135,436.79801186887204,60.40191782029578,9.879410200448353,41.038273827417,79.76556181317456,316.6940246892705,83.6111826406805,152.81610671353678,480.57194266500426,0.19072642080809726,0.03893920789499292,205.6746422054125,0.2703962140927034,NA,NA,0.0029460427936967726,0.05013382636513703,0.458051721891266,0.026837767405734417,0.20034240638067785,0.2834846294944878,-0.3552874674285183,0.7559722801898741,-0.23513810916060046,0.30942829540315275,-0.8416175681507798,0.37134134982957895,dsir_channel,0,2023
LPF,Min. informative,r_eff,per_fleet_sigma,36.44694727272727,528.691328468241,121.03964587168049,291.4536225597472,765.9290343767348,0.3823849794509429,0.12400351459545109,0.1393380908438588,0.6254318680580271,406.2859000730142,95.9778106397455,218.169391219113,594.4024089269154,50.540905693055,9.146603022693803,32.61356376857514,68.46824761753486,264.3456642341205,60.519822935840246,145.7268112798736,382.9645171883674,0.19119248972547145,0.06200175729772554,350.40100339889943,0.10618604318871938,NA,NA,0.01027113451150262,0.020772435890169215,0.18745778252852985,0.01274866893548682,-0.052036060971784426,0.3005770965403981,-0.6411671701909647,0.537095048247396,0.029397802794583268,0.29686915529696245,-0.5524657415874631,0.6112613471766296,dsir_channel,0,2023
MPF,Min. informative,r_eff,per_fleet_sigma,63.36174454545455,641.2704087539075,168.2612572654886,311.47834451354987,971.0624729942651,0.41054858827782453,0.10051012769687521,0.21354873799194912,0.6075484385637,234.88063173700672,65.41703840353324,106.66323646608157,363.0980270079319,65.81816525456505,8.05265936266157,50.03495290374837,81.60137760538173,320.63520437695377,84.1306286327443,155.73917225677494,485.53123649713257,0.20527429413891227,0.05025506384843761,119.4794879181106,0.4218880292888141,NA,NA,6.384107480802548e-4,0.07494243021179488,0.33938532381238373,0.02212311636243088,0.07794089267760386,0.29659507310009686,-0.503385450598586,0.6592672359537937,-0.20648562093144043,0.2990850002909665,-0.7926922215017348,0.379720979638854,dsir_channel,0,2023
NTU,Min. informative,r_eff,per_fleet_sigma,21.96432181818182,1176.9673993375786,563.6707246389768,72.17277904518411,2281.762019629973,0.16203827957673284,0.03950671425249896,0.08460511964183488,0.2394714395116308,163.56356567764485,38.15973254860476,88.7704898823795,238.35664147291018,47.67844312664068,18.32917200049302,11.753266005674359,83.603620247607,588.4836996687893,281.8353623194884,36.08638952259206,1140.8810098149866,0.08101913978836642,0.01975335712624948,198.2744530684721,0.09819748280020235,NA,NA,0.0018635786489206605,0.03182036062230563,0.3238244561723928,0.02102424972011489,-0.03674482729973995,0.3003044666695381,-0.6253415819720346,0.5518519273725547,0.07785635643474431,0.29885693841945776,-0.5079032428673929,0.6636159557368815,dsir_channel,0,2023
SAR,Min. informative,r_eff,per_fleet_sigma,84.47635301790282,1546.2508551482601,272.8287204541943,1011.5065630580393,2080.995147238481,0.2736965694826149,0.03518348956566905,0.20473692993390355,0.3426562090313262,942.7741576145798,165.9123860942598,617.5858808698306,1267.9624343593289,105.80088865340964,9.155630263790533,87.85585333638019,123.7459239704391,773.1254275741301,136.41436022709715,505.75328152901966,1040.4975736192405,0.13684828474130745,0.017591744782834526,1014.5067146711652,0.05291271728809921,NA,NA,0.0012241780157434678,0.022129700869157793,0.23972225726253235,0.016595798116401914,0.05325512932869315,0.3094072581131115,-0.5531830965730054,0.6596933552303916,-2.374545566377763e-5,0.3,-0.5880237454556637,0.5879762545443362,dsir_channel,0,2023
SCP,Min. informative,r_eff,per_fleet_sigma,25.65918896551724,478.4801985212259,162.6398656150273,159.70606191577235,797.2543351266794,0.26550495967467846,0.05463812226893258,0.1584142400275706,0.37259567932178633,100.56061061121927,28.261061090319362,45.168930874193336,155.9522903482452,31.759716453377568,6.438648474314228,19.13996544372168,44.37946746303345,239.24009926061294,81.31993280751365,79.85303095788618,398.6271675633397,0.13275247983733923,0.02731906113446629,162.1486956918784,0.17454916975797463,NA,NA,0.008881743489150377,0.03315972440459199,0.23034219388253552,0.015776602861600156,-0.1969622937949947,0.29922973622751936,-0.7834525768009326,0.3895279892109433,0.021461730928163624,0.301018097407144,-0.5685337399898387,0.6114572018461659,dsir_channel,0,2023
ANC,Min. informative,r_eff,per_fleet_sigma,128.34230706227106,708.020109077085,173.9047705952048,367.1667587104836,1048.8734594436864,0.8935805645961956,0.1691821924277424,0.5619834674378206,1.2251776617545707,195.55507611797267,37.518535228014606,122.01874707106404,269.09140516488134,158.16825220364038,16.964839303525867,124.91716716872966,191.41933723855107,354.0100545385425,86.9523852976024,183.5833793552418,524.4367297218432,0.4467902822980978,0.0845910962138712,466.8202115986093,0.26648891212032044,1.3186637091624887,0.5964518985274605,0.026368395537299704,0.1069753827005323,0.41787830111612506,0.031023334055519443,0.08256241987777244,0.29567668610996983,-0.49696388489776844,0.6620887246533134,7.186200202864875e-7,0.3,-0.5879992813799797,0.5880007186200202,dsir_channel,1,2022
CMA,Min. informative,r_eff,per_fleet_sigma,19.005488076923076,314.16003449583843,95.78874821872883,126.41408798712992,501.90598100454696,0.7487649420736818,0.3396598042744984,0.08303172569566497,1.4144981584516987,265.87138348782764,84.68472264412088,99.88932710535072,431.85343987030456,58.80800500778559,23.291826237897872,13.156025581505762,104.45998443406542,157.08001724791922,47.89437410936441,63.20704399356496,250.95299050227348,0.3743824710368409,0.1698299021372492,278.04855374290725,0.08264846586739338,NA,NA,3.550934588601133e-5,0.013588087165830261,0.7976355010384627,0.06233969029950293,-0.004334744685457974,0.30046122523017654,-0.593238746136604,0.5845692567656879,0.011649324240038107,0.3011496707712357,-0.5786040304715839,0.60190267895166,dsir_channel,1,2022
DMF,Min. informative,r_eff,per_fleet_sigma,56.32999823837209,750.1210514275402,241.21911584497929,277.33158437138087,1222.9105184836997,0.37282743271002583,0.09159369684600982,0.19330378689184657,0.5523510785282051,293.1385995245501,69.58021510357021,156.76137792155248,429.51582112754767,69.91642645636878,13.426015724760676,43.601435635837866,96.2314172768997,375.0605257137701,120.60955792248964,138.66579218569044,611.4552592418498,0.18641371635501292,0.04579684842300491,214.696470983685,0.24563979286062043,NA,NA,0.002970495649517822,0.047026654612031524,0.4566102771904106,0.02699403939606454,-0.056024646878119345,0.2565761796503012,-0.5589139589927098,0.44686466523647106,0.001418196987963697,0.25406438272189985,-0.49654799314696,0.4993843871228874,dsir_channel,1,2022
LPF,Min. informative,r_eff,per_fleet_sigma,36.912633125,450.29393773711234,124.80545902694264,205.6752380443048,694.91263742992,0.6572740577645126,0.28245049804913747,0.10367108158820326,1.2108770339408221,370.7704017938251,103.01613422819881,168.8587787065554,572.6820248810948,73.99163091080815,20.20351450558717,34.392742479857304,113.59051934175902,225.14696886855617,62.40272951347132,102.8376190221524,347.45631871496,0.3286370288822563,0.14122524902456873,351.36285689318635,0.10117766303997211,NA,NA,0.010809729370973225,0.02647234667330819,0.18614535034894042,0.012887240625806567,0.04040408784300989,0.2988474455896157,-0.5453369055126368,0.6261450811986565,0.022398492306193285,0.2974700971876384,-0.560642898181578,0.6054398827939645,dsir_channel,1,2022
MPF,Min. informative,r_eff,per_fleet_sigma,64.0676565625,664.1848120009355,174.18994064508416,322.77252833657053,1005.5970956653003,0.453005723757218,0.10556737115026332,0.24609367630270187,0.6599177712117341,224.95981812205144,61.98562016987868,103.46800258908924,346.4516336550136,75.21988036725888,10.812500513063313,54.027379361654795,96.41238137286298,332.09240600046775,87.09497032254208,161.38626416828527,502.7985478326502,0.226502861878609,0.05278368557513166,118.21264289245418,0.3670846561936205,NA,NA,6.52212042620057e-4,0.07576861742037087,0.34138279330287524,0.02281287816216039,0.10454233121199949,0.2934341144659201,-0.47058853314120386,0.6796731955652029,-0.26858598392004096,0.28709482383149576,-0.8312918386297726,0.2941198707896907,dsir_channel,1,2022
NTU,Min. informative,r_eff,per_fleet_sigma,21.515,184.24851331482333,60.4460190472567,65.77431598220022,302.7227106474465,1.3485502703140624,0.4512758803132095,0.4640495449001718,2.233050995727953,127.39601204474423,44.20793962884435,40.748450372209305,214.04357371727917,62.117095608917275,19.06477055781764,24.750145315594704,99.48404590223984,92.12425665741166,30.22300952362835,32.88715799110011,151.36135532372325,0.6742751351570312,0.22563794015660474,169.2493546721028,0.11588657596798058,NA,NA,0.0018985581246740541,0.04297866080468072,0.31733105350060753,0.0210284916054473,0.03928645498797542,0.30262375150871196,-0.5538560979691,0.6324290079450509,0.018541571650452945,0.3005740798645493,-0.5705836248840638,0.6076667681849696,dsir_channel,1,2022
SAR,Min. informative,r_eff,per_fleet_sigma,85.30908424242423,248.91689117172905,18.736884754431433,212.19259705304347,285.6411852904146,1.678636839910689,0.11057190678489107,1.4619159026123025,1.8953577772090755,131.1729172701392,18.62178947309069,94.67420990288146,167.67162463739697,104.46026589922604,8.238000312881375,88.31378528597855,120.60674651247355,124.45844558586452,9.368442377215716,106.09629852652174,142.8205926452073,0.8393184199553445,0.05528595339244553,213.4761097204336,0.17376507404449537,NA,NA,0.006343118245980615,0.05630563098591936,0.2196107148949763,0.01598499704131902,0.46662668583502553,0.23588403147818884,0.004293984137775431,0.9289593875322757,8.931338191121223e-7,0.3,-0.5879991068661808,0.5880008931338191,dsir_channel,1,2022
SCP,Min. informative,r_eff,per_fleet_sigma,25.84383857142857,153.5974222564009,33.93967747020385,87.07565441480135,220.11919009800044,2.2484980648541786,0.18401464716846047,1.887829356403996,2.609166773304361,99.33493244100757,25.911068048112817,48.54923906670645,150.1206258153087,86.34087667752691,17.433482346092,52.17125127918658,120.51050207586722,76.79871112820045,16.969838735101924,43.537827207400674,110.05959504900022,1.1242490324270893,0.09200732358423024,134.9502785844584,0.20312513947154098,NA,NA,0.011293202333474032,0.04437584002630511,0.22652802014208037,0.015800366020476127,0.2098016519311431,0.3098593628475419,-0.397522699250039,0.8171260031123252,-0.01569890679768539,0.3033351481751098,-0.6102357972209006,0.5788379836255299,dsir_channel,1,2022
ANC,Min. informative,r_eff,per_fleet_sigma,127.12223547619048,760.0762647323023,190.02249522655714,387.63217408825034,1132.5203553763542,0.8514571234787415,0.16358445295796692,0.5308315956811263,1.1720826512763567,210.0317059217429,39.53042015978428,132.55208240856572,287.51132943492007,161.79308749835815,20.27352113318471,122.05698607731611,201.52918891940016,380.03813236615116,95.01124761327857,193.81608704412517,566.2601776881771,0.42572856173937074,0.08179222647898346,482.88996961181783,0.22613402790087012,1.2706355717656594,0.5311695014705367,0.024368264949533074,0.10028303992818124,0.42112271030894893,0.03210581580860461,0.07966841091280671,0.2931704487643459,-0.4949456686653112,0.6542824904909247,1.2889407449312897e-7,0.3,-0.5879998711059254,0.5880001288940745,dsir_channel,2,2021
CMA,Min. informative,r_eff,per_fleet_sigma,19.0182376,303.84755473034323,92.00513534173398,123.51748946054467,484.17762000014187,0.7583111310659619,0.33195388437297974,0.10768151769492162,1.4089407444370021,258.35335906340885,81.7765132257103,98.07139314101666,418.635324985801,57.602745724798346,22.348028991501234,13.800608901455925,101.40488254814078,151.92377736517162,46.00256767086699,61.75874473027233,242.08881000007094,0.37915556553298096,0.16597694218648987,264.1767466004333,0.08633278754846074,NA,NA,3.668951934977302e-5,0.014019374320632513,0.797670535738316,0.062348185551028584,-0.009056894814181935,0.30095091477976404,-0.5989206877825194,0.5808068981541555,0.01586823645292922,0.30132839917864745,-0.5747354259372198,0.6064718988430783,dsir_channel,2,2021
DMF,Min. informative,r_eff,per_fleet_sigma,56.667262582417585,493.3806658917803,116.22911245558407,265.5716054788355,721.1897263047251,0.48365739031404487,0.147294773582799,0.19495963409175887,0.7723551465363309,324.0688724079452,81.3519249075881,164.61909958907253,483.5186452268179,59.656801324156035,7.152042015896452,45.638798972998984,73.67480367531309,246.69033294589016,58.114556227792036,132.78580273941776,360.59486315236256,0.24182869515702243,0.0736473867913995,205.49744678949946,0.2620348982856555,NA,NA,0.002494060073847549,0.0431336411213336,0.4771838838756924,0.027287108683341863,0.10091355142721882,0.289550972403333,-0.4666063544833139,0.6684334573377515,-0.14634321832953112,0.27694536474806514,-0.6891561332357388,0.3964696965766765,dsir_channel,2,2021
LPF,Min. informative,r_eff,per_fleet_sigma,37.47036322580645,412.40531839481946,127.75509374394335,162.0053346566905,662.8053021329483,0.9821744862096956,0.4739395948246666,0.053252880353349186,1.911096092066042,348.68026141048574,107.56345429821243,137.8558909859894,559.5046318349821,101.26349542614447,31.764992556884867,39.00411001465014,163.5228808376388,206.20265919740973,63.877546871971674,81.00266732834525,331.40265106647416,0.4910872431048478,0.2369697974123333,345.71558374321444,0.10598017692013251,NA,NA,0.011304228427847379,0.03105323282634612,0.1812942211760037,0.012920997757106575,0.0034391594761273903,0.3005286822741418,-0.5855970577811905,0.5924753767334453,0.11109947629720153,0.3003779209972823,-0.4776412488574717,0.6998402014518748,dsir_channel,2,2021
MPF,Min. informative,r_eff,per_fleet_sigma,64.99266870967742,742.2704211841531,205.4469930921201,339.59431472359773,1144.9465276447083,0.4176379775507944,0.10156714705023603,0.21856636933233178,0.616709585769257,239.50790639914666,64.95049803822533,112.20493024422501,366.81088255406826,77.50007937478149,12.914648976490303,52.18736738086049,102.81279136870249,371.13521059207653,102.72349654606005,169.79715736179887,572.4732638223542,0.2088189887753972,0.05078357352511802,104.62979433614936,0.3693605881444748,NA,NA,6.236214581010815e-4,0.07105697844259365,0.34105522031623464,0.02351529901073163,0.0629418081337099,0.2928385086677334,-0.5110216688550476,0.6369052851224674,-0.26378790285847087,0.2903791312575412,-0.8329310001232516,0.30535519440630987,dsir_channel,2,2021
NTU,Min. informative,r_eff,per_fleet_sigma,21.117572258064516,187.37274504154493,61.65907757116047,66.5209530020704,308.2245370810195,1.2428079476853886,0.4430139686144045,0.3745005692011558,2.1111153261696214,128.02790552022333,44.6757971694449,40.46334306811132,215.59246797233533,58.21708417931504,18.86615451145474,21.239421336863746,95.19474702176633,93.68637252077247,30.829538785580237,33.2604765010352,154.11226854050975,0.6214039738426943,0.22150698430720225,171.57257071904496,0.10069092533209556,NA,NA,0.0018924535382869045,0.04179979379974442,0.32204274919461506,0.02175827282617286,0.0454566504642936,0.3043880392469495,-0.5511439064597274,0.6420572073883146,0.024470759788889514,0.30083475516499664,-0.5651653603345039,0.6141068799122829,dsir_channel,2,2021
SAR,Min. informative,r_eff,per_fleet_sigma,86.49252738095238,295.52477970394676,26.88851500511504,242.82329029392127,348.2262691139722,1.4915235217047302,0.11125452110211007,1.2734646603445945,1.709582383064866,154.06642505744617,25.38107893458388,104.31951034566175,203.81333976923054,110.19554004376131,8.674332282589937,93.19384876988502,127.19723131763759,147.76238985197338,13.44425750255752,121.41164514696064,174.1131345569861,0.7457617608523651,0.05562726055105503,234.04903267318508,0.2370774949754395,NA,NA,0.006575933317495222,0.06808786972213192,0.19317748732676454,0.014305119069973268,0.2945374125996203,0.22997904440027309,-0.15622151442491494,0.7452963396241555,1.9832808396742697e-7,0.3,-0.587999801671916,0.5880001983280839,dsir_channel,2,2021
SCP,Min. informative,r_eff,per_fleet_sigma,26.22498074074074,152.55870168578898,34.203176130368526,85.52047647026666,219.5969269013113,2.1949385673175104,0.21617301877444137,1.7712394505196052,2.6186376841154155,102.22551952545592,26.22599700475778,50.82256539613067,153.62847365478117,83.7142445275063,17.682652814117,49.05624501183697,118.3722440431756,76.27935084289449,17.101588065184263,42.76023823513333,109.79846345065565,1.0974692836587552,0.10808650938722068,140.94126073101387,0.2174028720516521,NA,NA,0.011531070575156543,0.04647058758571299,0.22895762726567712,0.016271933504695073,0.11165527634702395,0.2986158879004745,-0.4736318639379061,0.696942416631954,0.022477345936280757,0.3020425684702268,-0.5695260882653639,0.6144807801379253,dsir_channel,2,2021
ANC,Min. informative,r_eff,per_fleet_sigma,128.52162646153846,785.4696533415184,203.2742523902637,387.0521186566016,1183.8871880264353,0.8209405648993157,0.15962889465372063,0.5080679313780232,1.1338131984206081,218.15467438513502,42.1389061376676,135.56241835530653,300.7469304149636,161.20597523136394,21.58745725370164,118.89455901410871,203.51739144861915,392.7348266707592,101.63712619513186,193.5260593283008,591.9435940132176,0.41047028244965783,0.07981444732686031,451.0666217333074,0.23421237106343185,1.1485271768664647,0.570595195505187,0.02343927621247111,0.10692611103258354,0.4303425960933901,0.03399243908591468,0.06815509411467298,0.29351516863642285,-0.5071346364127157,0.6434448246420618,8.471951235391203e-8,0.3,-0.5879999152804876,0.5880000847195124,dsir_channel,3,2020
CMA,Min. informative,r_eff,per_fleet_sigma,18.54100375,303.18570613516164,92.18910654131102,122.49505731419205,483.87635495613125,0.731275012306375,0.33149177947518005,0.08155112453502211,1.3809989000777279,257.4514995781249,81.74849676881264,97.22444591125219,417.6785532449978,55.42803274627684,22.261412679920323,11.795663893633009,99.06040159892068,151.59285306758082,46.09455327065551,61.247528657096026,241.93817747806563,0.3656375061531875,0.16574588973759002,258.1139656230956,0.0847339341484652,NA,NA,3.6879881407232774e-5,0.013795256928302083,0.7978024914138387,0.062358339999207896,-0.007608588376574023,0.30111899161500894,-0.5978018119419916,0.5825846351888434,0.012116936785369129,0.30168373616819605,-0.5791831861042951,0.6034170596750335,dsir_channel,3,2020
DMF,Min. informative,r_eff,per_fleet_sigma,56.839729999999996,490.57043962593724,117.66407926475497,259.9488442670175,721.192034984857,0.4901774561602271,0.15407968889376916,0.1881812659284396,0.7921736463920146,319.81166783204765,81.07281295743077,160.90895443548334,478.71438122861196,60.116642540811554,7.623732788065288,45.17412627620359,75.05915880541953,245.28521981296862,58.83203963237749,129.97442213350874,360.5960174924285,0.24508872808011356,0.07703984444688458,213.49846941640808,0.26100979040217176,NA,NA,0.0024980686530876985,0.04330991501247498,0.4809698504253338,0.02828608950434811,0.10861048851648009,0.291526434179587,-0.46278132247551046,0.6800022995084707,-0.15635377590268065,0.279828206441107,-0.7048170605272503,0.3921095087218891,dsir_channel,3,2020
LPF,Min. informative,r_eff,per_fleet_sigma,37.427008666666666,420.3079664965863,124.69662399335265,175.9025834696151,664.7133495235576,0.7294567668767011,0.3455216837575259,0.05223426671195042,1.4066792670414519,349.12615379841304,102.51800257836732,148.1908687448131,550.061438852013,76.64912258328016,22.823338989820083,31.91537816323281,121.38286700332752,210.15398324829314,62.34831199667632,87.95129173480755,332.3566747617788,0.36472838343835057,0.17276084187876295,329.7221207062453,0.11888514596967159,NA,NA,0.011503139197408814,0.03002979163415578,0.17676561939701835,0.012951148504812708,0.033791311271803876,0.30074066538725547,-0.5556603928872168,0.6232430154308246,0.08262365904957,0.2990183720544645,-0.5034523501771804,0.6686996682763204,dsir_channel,3,2020
MPF,Min. informative,r_eff,per_fleet_sigma,66.518016,692.1142852058259,189.11798689990425,321.4430308820136,1062.785539529638,0.4316720189886705,0.10619365813371942,0.22353244904658046,0.6398115889307606,241.73596672073634,66.94206552840463,110.52951828506329,372.94241515640937,74.69159271642484,11.526197171405748,52.10024626046957,97.2829391723801,346.05714260291296,94.55899344995213,160.7215154410068,531.392769764819,0.21583600949433526,0.05309682906685971,115.07583176385478,0.3619523311884718,NA,NA,6.043936864942286e-4,0.07129677865707552,0.34270585966910466,0.02415945839213087,0.05915349954449981,0.2945181915443385,-0.5181021558824037,0.6364091549714033,-0.2129575165982319,0.29337308649100574,-0.7879687661206032,0.36205373292413934,dsir_channel,3,2020
NTU,Min. informative,r_eff,per_fleet_sigma,20.706855,196.70497554398003,64.18746047800519,70.89755300708985,322.5123980808702,1.143098428133893,0.43593314192347726,0.28866946996387755,1.9975273863039082,134.82045350844643,46.633284871514086,43.41921516027883,226.22169185661406,56.21328708760985,19.22718345112159,18.52800752341153,93.89856665180817,98.35248777199001,32.093730239002596,35.44877650354493,161.2561990404351,0.5715492140669465,0.21796657096173863,176.79670644108137,0.09600576112098036,NA,NA,0.0017750628932985096,0.03866108914447735,0.32411762675405503,0.022355208589316982,0.03754731247379313,0.30380009471609787,-0.5579008731697587,0.632995498117345,0.01166563588999932,0.3012045551216115,-0.5786952921483591,0.6020265639283578,dsir_channel,3,2020
SAR,Min. informative,r_eff,per_fleet_sigma,88.33907806451613,302.8759671519798,36.59799541206465,231.14389614433313,374.6080381596265,1.4727488436234148,0.14457953346196334,1.1893729580379668,1.7561247292088629,158.01787417613528,29.785816714603246,99.63767341551292,216.39807493675764,111.5150575961004,8.892053140940297,94.08663343985742,128.9434817523434,151.4379835759899,18.298997706032324,115.57194807216656,187.30401907981326,0.7363744218117074,0.07228976673098167,207.61483869410276,0.34114999444100125,NA,NA,0.006528068919610755,0.08264977360557134,0.19638814938153615,0.014967107171850394,0.2760177312257175,0.24561600446487125,-0.20538963752543016,0.7574250999768651,1.3035710621600176e-7,0.3,-0.5879998696428937,0.5880001303571062,dsir_channel,3,2020
SCP,Min. informative,r_eff,per_fleet_sigma,26.17817230769231,146.634137715374,32.518928255131144,82.89703833531695,210.37123709543104,2.234522081010393,0.22320573620019685,1.7970388380580073,2.672005323962779,98.32216527780027,25.18957973401826,48.95058899912448,147.69374155647606,81.91430463873054,16.906405201337634,48.777750444108776,115.05085883335231,73.317068857687,16.259464127565572,41.448519167658475,105.18561854771552,1.1172610405051966,0.11160286810009842,125.43101691453258,0.24393309638806304,NA,NA,0.012120605269470876,0.04798048340314301,0.23282803855121642,0.016947524596503786,0.16551378348591608,0.3091131432098921,-0.44034797720547236,0.7713755441773045,0.02282952090061909,0.3029318793909407,-0.5709169627056246,0.6165760045068628,dsir_channel,3,2020
ANC,Min. informative,r_eff,per_fleet_sigma,132.32623833333332,966.9231845564356,255.49002431358224,466.1627369018144,1467.6836322110566,0.8263305135057462,0.1411700734793123,0.549637169486294,1.1030238575251983,212.3749714453164,40.93162514864696,132.14898615396837,292.6009567366644,199.74953290378272,35.55174180843989,130.0681189592405,269.4309468483249,483.4615922782178,127.74501215679112,233.0813684509072,733.8418161055283,0.4131652567528731,0.07058503673965615,475.76092869714785,0.28464110629560313,0.9840718193460166,0.6889279813424771,0.025409158467924815,0.10829047764275727,0.3844192623856742,0.03377962318148021,0.05364102513126479,0.29279622480648804,-0.5202395754894518,0.6275216257519813,-2.3596490840481506e-7,0.3,-0.5880002359649084,0.5879997640350916,dsir_channel,4,2019
CMA,Min. informative,r_eff,per_fleet_sigma,18.140984782608697,304.4778780433675,93.11463353329344,121.9731963181124,486.9825597686227,0.7299746204694454,0.3329871836531173,0.07731974050933554,1.3826295004295552,257.7548119971321,82.24214782626328,96.56020225765606,418.94942173660814,55.56528086651231,22.362780271113404,11.734231535130041,99.39633019789459,152.23893902168376,46.55731676664672,60.9865981590562,243.49127988431135,0.3649873102347227,0.16649359182655865,263.43257866223206,0.09683649809558759,NA,NA,3.6661250518175154e-5,0.013439464839911062,0.7978233789809931,0.06235985565599868,-0.025264728044388896,0.3015003471938977,-0.6162054085444284,0.5656759524556505,0.034858855605689694,0.30241608040722723,-0.5578766619924757,0.627594373203855,dsir_channel,4,2019
DMF,Min. informative,r_eff,per_fleet_sigma,56.9853690472973,476.89331198883724,139.98535901623353,202.52200831701947,751.264615660655,0.45113737556679817,0.17128467645157755,0.11541940972170617,0.7868553414118902,323.27131505668206,81.05694277817949,164.39970721145028,482.1429229019139,53.78609929900058,6.465955280941877,41.1128269483545,66.45937164964666,238.44665599441862,69.99267950811677,101.26100415850973,375.6323078303275,0.22556868778339909,0.08564233822578877,160.1130707747017,0.41136217560132593,NA,NA,0.0028418021495801265,0.05309391238579745,0.3668424564582138,0.024139415357433046,-0.15861535370658836,0.29427899026834947,-0.7354021746325534,0.41817146721937665,-0.03831494166491376,0.2734772803009995,-0.5743304110548728,0.49770052772504525,dsir_channel,4,2019
LPF,Min. informative,r_eff,per_fleet_sigma,37.44397448275862,396.41754390085873,118.7040781970359,163.75755063466835,629.0775371670492,0.9021097957821477,0.41572960857609886,0.08727976297299389,1.7169398285913013,334.8599979172288,100.44365426630605,137.99043555526893,531.7295602791886,89.40303739321605,28.445423604021535,33.65000712933385,145.15606765709825,198.20877195042937,59.35203909851795,81.87877531733417,314.5387685835246,0.45105489789107384,0.20786480428804943,333.45358772084586,0.12703654696217015,NA,NA,0.011844286494659864,0.031718385210779985,0.17911836365816652,0.013455325306976526,0.006559557277567684,0.30041761752279306,-0.5822589730671067,0.595378087622242,0.12710385355549284,0.29556255422089595,-0.45219875271746324,0.7064064598284489,dsir_channel,4,2019
MPF,Min. informative,r_eff,per_fleet_sigma,68.29732689655172,635.5761543491278,193.13715566780158,257.0273292402367,1014.124979458019,0.8543084609773943,0.31792336305808744,0.23117866938354292,1.4774382525712457,476.42163896699316,148.7813299341319,184.8102322960947,768.0330456378917,135.74452156398357,39.639530947698134,58.051040906495224,213.43800222147195,317.7880771745639,96.56857783390079,128.51366462011836,507.0624897290095,0.42715423048869716,0.15896168152904372,579.89461307924,0.0807981626536618,NA,NA,2.2317757149307375e-4,0.035859022533235724,0.3553578238533437,0.024685925624981706,-0.14881545016585906,0.2941002298276264,-0.7252519006280068,0.4276210002962887,0.0906325633172961,0.29795157561344837,-0.49335252488506276,0.6746176515196549,dsir_channel,4,2019
NTU,Min. informative,r_eff,per_fleet_sigma,20.56605,201.54207946728704,65.81378181895452,72.54706710213617,330.5370918324379,1.108975091653415,0.44060832363971997,0.24538277731956382,1.972567405987266,138.09624927946035,47.72095713451014,44.5631732958205,231.6293252631002,55.87628651231362,19.832709733871642,17.00417543392521,94.74839759070203,100.77103973364352,32.90689090947726,36.273533551068084,165.26854591621895,0.5544875458267075,0.22030416181985998,182.17180762272898,0.10737707241206085,NA,NA,0.0017186442962451567,0.037122034940574394,0.33175046387746343,0.023344632812542555,-0.00451268986691931,0.3024200808515171,-0.5972560483358929,0.5882306686020542,0.013186824841773762,0.3015902861605284,-0.5779301360328619,0.6043037857164095,dsir_channel,4,2019
SAR,Min. informative,r_eff,per_fleet_sigma,89.37747794736842,285.0536469533625,34.43794668765026,217.55527144556802,352.552022461157,1.7254081816431113,0.23400361460545596,1.2667610970164176,2.184055266269805,152.5286210805994,31.414467906792375,90.95626398328636,214.10097817791245,122.95847366513465,12.053066420240793,99.33446348146269,146.58248384880662,142.52682347668124,17.21897334382513,108.77763572278401,176.2760112305785,0.8627040908215556,0.11700180730272798,210.50077902944471,0.35019015547775556,NA,NA,0.006087887326710257,0.08813494646832307,0.19941887196078906,0.01573462649243169,0.4736981661337568,0.21715928610884727,0.048065965360416185,0.8993303669070974,-3.63076955643721e-7,0.3,-0.5880003630769556,0.5879996369230444,dsir_channel,4,2019
SCP,Min. informative,r_eff,per_fleet_sigma,26.1574992,152.8200170377798,34.45636454141337,85.2855425366096,220.35449153895,2.2306436360952464,0.26455680707895424,1.7121122942204963,2.7491749779699965,102.63315684650733,26.241352735525233,51.20010548487788,154.06620820813677,85.22174961832266,19.08819276214712,47.8088918045143,122.63460743213102,76.4100085188899,17.228182270706686,42.6427712683048,110.177245769475,1.1153218180476232,0.13227840353947712,140.3070882827068,0.24740259595117653,NA,NA,0.011902355394529383,0.04645246170011704,0.2094257344055245,0.015905388228568216,0.15295072427275747,0.27924323862246153,-0.3943660234272671,0.700267471972782,0.09417442515555063,0.309560772786427,-0.5125646895058463,0.7009135398169476,dsir_channel,4,2019
ANC,Min. informative,r_eff,per_fleet_sigma,134.4737393939394,1038.533775338019,287.6225665895459,474.79354482250903,1602.274005853529,0.8375217113841255,0.14024193455035638,0.5626475196654269,1.1123959031028239,206.17721845373575,41.07197821360435,125.67614115507124,286.6782957524003,217.4486462128286,46.593945054408,126.12451390618891,308.7727785194683,519.2668876690095,143.81128329477295,237.39677241125452,801.1370029267645,0.41876085569206273,0.07012096727517819,391.3261780351163,0.31937059899653963,0.7536128093816661,0.7626562861725307,0.026189842307406917,0.12075777085127148,0.3922814643224927,0.037365713723415,0.06899933172483241,0.2933103999538143,-0.5058890521846436,0.6438877156343085,-8.06513976319351e-7,0.3,-0.5880008065139762,0.5879991934860237,dsir_channel,5,2018
CMA,Min. informative,r_eff,per_fleet_sigma,17.288653181818184,307.34061471965293,93.79123159195416,123.50980079942278,491.1714286398831,0.6746501649051745,0.32642559158364115,0.0348560054012379,1.314444324409111,260.15372115102326,82.68546048163385,98.09021860702094,422.2172236950256,51.8368491006679,22.337709165267615,8.054939136743371,95.61875906459242,153.67030735982647,46.89561579597708,61.75490039971139,245.58571431994156,0.33732508245258724,0.16321279579182058,261.4601146119047,0.08351101147305684,NA,NA,3.658005400996347e-5,0.012789574495426226,0.7980862528530993,0.06238067623895914,-0.012733629208078476,0.3026352994839026,-0.6058988161965276,0.5804315577803706,0.01604936779971113,0.30430721408853,-0.5803927718138077,0.6124915074132299,dsir_channel,5,2018
DMF,Min. informative,r_eff,per_fleet_sigma,56.943023076923076,415.36320623732814,102.68856356438573,214.0936216511321,616.6327908235241,0.5380122518340953,0.17790019715702954,0.1893278654063174,0.8866966382618732,295.7002340275505,75.23316896482531,148.2432228564929,443.1572451986081,55.86762347919366,7.359718034068441,41.44257613241951,70.2926708259678,207.68160311866407,51.344281782192866,107.04681082556606,308.3163954117621,0.26900612591704764,0.08895009857851477,152.59552801017804,0.4750955028969699,NA,NA,0.0030066347792102903,0.05724082887845102,0.37461457251697383,0.022987965458289867,-0.1148348731277965,0.2761007444376269,-0.6559923322255452,0.4263225859699522,-0.10622074048716534,0.26256151221682344,-0.6208413044321393,0.40839982345780856,dsir_channel,5,2018
LPF,Min. informative,r_eff,per_fleet_sigma,37.183259285714286,429.4817326271457,119.63754761235344,194.9921393069329,663.9713259473584,0.6070470063012388,0.3014789472904858,0.016148269611886645,1.1979457429905909,351.49021385043403,96.41632913064471,162.5142087543704,540.4662189464976,65.17890001309445,22.263910855500036,21.54163473631437,108.8161652898745,214.74086631357284,59.81877380617672,97.49606965346645,331.9856629736792,0.3035235031506194,0.1507394736452429,322.2886590264747,0.12448028708705206,NA,NA,0.01157912362620608,0.027778925587796544,0.1790594591515175,0.013936072029060524,0.06030207913613499,0.30173706860523286,-0.5311025753301215,0.6517067336023914,0.07383453773465204,0.2984975877777617,-0.5112207343097608,0.658889809779065,dsir_channel,5,2018
MPF,Min. informative,r_eff,per_fleet_sigma,70.06508464285714,614.2415628442407,184.6492520940179,252.32902873996565,976.1540969485158,0.8320944691733261,0.3042625466718178,0.23573987769656324,1.428449060650089,457.90407454952435,143.58417824010607,176.4790851989164,739.3290639001323,127.77675179476822,37.87857700443373,53.5347408660781,202.01876272345834,307.12078142212033,92.32462604700895,126.16451436998283,488.0770484742579,0.41604723458666304,0.1521312733359089,532.8376542694382,0.10328495486973654,NA,NA,2.3793350949962818e-4,0.03946351752767102,0.36089862700576575,0.025537863801258203,-0.12735737946718143,0.29464868497065094,-0.7048688020096572,0.4501540430752944,0.07845623519919216,0.29788888160714866,-0.5054059727508191,0.6623184431492035,dsir_channel,5,2018
NTU,Min. informative,r_eff,per_fleet_sigma,20.297572142857142,204.89582890632238,66.87806874204033,73.81481417192333,335.97684364072137,1.0397137011270934,0.4482260493168556,0.16119064446605635,1.9182367577881303,139.61842184157857,48.31247464473018,44.92597153790741,234.31087214524973,53.25825015442404,20.24706323522475,13.574006213383527,92.94249409546455,102.44791445316119,33.43903437102016,36.907407085961665,167.98842182036068,0.5198568505635467,0.2241130246584278,182.9907493449422,0.0992353497380618,NA,NA,0.0016876689541518127,0.036083846972523835,0.33994737915867895,0.024416382759107468,0.011642870100846185,0.30484803468172456,-0.5858592778753339,0.6091450180770263,-0.00197940721175697,0.302550085269003,-0.5949775743390028,0.5910187599154889,dsir_channel,5,2018
SAR,Min. informative,r_eff,per_fleet_sigma,90.0419830651341,323.6270402014737,54.14183941357981,217.50903495085726,429.7450454520901,1.519508667197996,0.20633798064951153,1.1150862251249534,1.9239311092710387,176.27264464383865,54.76227347752733,68.93858862788508,283.6067006597922,122.9385231314434,11.804602216719486,99.8015027866732,146.0755434762136,161.81352010073684,27.070919706789905,108.75451747542863,214.87252272604505,0.759754333598998,0.10316899032475577,188.3748388730473,0.5038775263360336,NA,NA,0.0064402313285145014,0.0855304104472795,0.20119990960626913,0.016405991756262873,0.3208604073875007,0.23198827152566825,-0.13383660480280907,0.7755574195778105,-1.2409753686927265e-6,0.3,-0.5880012409753687,0.5879987590246313,dsir_channel,5,2018
SCP,Min. informative,r_eff,per_fleet_sigma,25.87527,149.97757645715836,34.61450035562209,82.13315576013906,217.82199715417767,2.1765212651894044,0.24962695741415916,1.6872524286576525,2.6657901017211563,101.78009353747409,26.363745846437407,50.107151678456766,153.4530353964914,81.60734611514371,18.60906254244626,45.13358353194904,118.0811086983384,74.98878822857918,17.307250177811046,41.06657788006953,108.91099857708883,1.0882606325947022,0.12481347870707958,130.1153889011353,0.24716763224106675,NA,NA,0.012048128612391901,0.04834917074864857,0.2116242249487688,0.016572363541024027,0.10361276568525832,0.2803982799253713,-0.44596786296846935,0.653193394338986,0.14686403403968143,0.3124986203842936,-0.46563326191353405,0.7593613299928968,dsir_channel,5,2018
