species,year,scenario,B,F,catch_obs,catch_fit,cpue_obs,cpue_fit,active,B_MSY,F_MSY,MSY,B_over_B_MSY,F_over_F_MSY
ANC,1971,baseline,338.33161240935226,NA,NA,NA,NA,5.077098593067082,0,713.0954419915638,0.2591975151399191,184.83256662181566,0.47445488007109554,NA
ANC,1972,baseline,338.33161240935226,NA,NA,NA,16.17089495242375,5.077098593067082,0,713.0954419915638,0.2591975151399191,184.83256662181566,0.47445488007109554,NA
ANC,1973,baseline,338.33161240935226,NA,NA,NA,13.30413111418653,5.077098593067082,0,713.0954419915638,0.2591975151399191,184.83256662181566,0.47445488007109554,NA
ANC,1974,baseline,338.33161240935226,NA,NA,NA,14.778466802422814,5.077098593067082,0,713.0954419915638,0.2591975151399191,184.83256662181566,0.47445488007109554,NA
ANC,1975,baseline,338.33161240935226,NA,NA,NA,12.001289334130506,5.077098593067082,0,713.0954419915638,0.2591975151399191,184.83256662181566,0.47445488007109554,NA
ANC,1976,baseline,338.33161240935226,NA,NA,NA,14.660724716209504,5.077098593067082,0,713.0954419915638,0.2591975151399191,184.83256662181566,0.47445488007109554,NA
ANC,1977,baseline,338.33161240935226,NA,NA,NA,12.116471809773966,5.077098593067082,0,713.0954419915638,0.2591975151399191,184.83256662181566,0.47445488007109554,NA
ANC,1978,baseline,338.33161240935226,NA,NA,NA,13.363002157293186,5.077098593067082,0,713.0954419915638,0.2591975151399191,184.83256662181566,0.47445488007109554,NA
ANC,1979,baseline,338.33161240935226,NA,NA,NA,13.22734279709089,5.077098593067082,0,713.0954419915638,0.2591975151399191,184.83256662181566,0.47445488007109554,NA
ANC,1980,baseline,338.33161240935226,NA,NA,NA,12.346836761060883,5.077098593067082,0,713.0954419915638,0.2591975151399191,184.83256662181566,0.47445488007109554,NA
ANC,1981,baseline,338.33161240935226,NA,NA,NA,9.958720099386484,5.077098593067082,0,713.0954419915638,0.2591975151399191,184.83256662181566,0.47445488007109554,NA
ANC,1982,baseline,338.33161240935226,NA,NA,NA,10.330923063785692,5.077098593067082,0,713.0954419915638,0.2591975151399191,184.83256662181566,0.47445488007109554,NA
ANC,1983,baseline,338.33161240935226,NA,NA,NA,9.966072711957942,5.077098593067082,0,713.0954419915638,0.2591975151399191,184.83256662181566,0.47445488007109554,NA
ANC,1984,baseline,338.33161240935226,NA,NA,NA,12.11615339492146,5.077098593067082,0,713.0954419915638,0.2591975151399191,184.83256662181566,0.47445488007109554,NA
ANC,1985,baseline,338.33161240935226,NA,NA,NA,11.281094835657951,5.077098593067082,0,713.0954419915638,0.2591975151399191,184.83256662181566,0.47445488007109554,NA
ANC,1986,baseline,338.33161240935226,NA,NA,NA,9.97973021175898,5.077098593067082,0,713.0954419915638,0.2591975151399191,184.83256662181566,0.47445488007109554,NA
ANC,1987,baseline,338.33161240935226,NA,NA,NA,7.919398813202289,5.077098593067082,0,713.0954419915638,0.2591975151399191,184.83256662181566,0.47445488007109554,NA
ANC,1988,baseline,338.33161240935226,NA,NA,NA,6.169287767269189,5.077098593067082,0,713.0954419915638,0.2591975151399191,184.83256662181566,0.47445488007109554,NA
ANC,1989,baseline,338.33161240935226,NA,NA,NA,4.813293144166062,5.077098593067082,0,713.0954419915638,0.2591975151399191,184.83256662181566,0.47445488007109554,NA
ANC,1990,baseline,338.33161240935226,NA,NA,NA,NA,5.077098593067082,0,713.0954419915638,0.2591975151399191,184.83256662181566,0.47445488007109554,NA
ANC,1991,baseline,338.33161240935226,NA,NA,NA,5.427880635212803,5.077098593067082,0,713.0954419915638,0.2591975151399191,184.83256662181566,0.47445488007109554,NA
ANC,1992,baseline,338.33161240935226,NA,NA,NA,NA,5.077098593067082,0,713.0954419915638,0.2591975151399191,184.83256662181566,0.47445488007109554,NA
ANC,1993,baseline,338.33161240935226,NA,NA,NA,NA,5.077098593067082,0,713.0954419915638,0.2591975151399191,184.83256662181566,0.47445488007109554,NA
ANC,1994,baseline,338.33161240935226,NA,NA,NA,NA,5.077098593067082,0,713.0954419915638,0.2591975151399191,184.83256662181566,0.47445488007109554,NA
ANC,1995,baseline,338.33161240935226,NA,NA,NA,NA,5.077098593067082,0,713.0954419915638,0.2591975151399191,184.83256662181566,0.47445488007109554,NA
ANC,1996,baseline,338.33161240935226,NA,NA,NA,NA,5.077098593067082,0,713.0954419915638,0.2591975151399191,184.83256662181566,0.47445488007109554,NA
ANC,1997,baseline,338.33161240935226,NA,NA,NA,NA,5.077098593067082,0,713.0954419915638,0.2591975151399191,184.83256662181566,0.47445488007109554,NA
ANC,1998,baseline,338.33161240935226,NA,NA,NA,NA,5.077098593067082,0,713.0954419915638,0.2591975151399191,184.83256662181566,0.47445488007109554,NA
ANC,1999,baseline,338.33161240935226,NA,NA,NA,NA,5.077098593067082,0,713.0954419915638,0.2591975151399191,184.83256662181566,0.47445488007109554,NA
ANC,2000,baseline,338.33161240935226,NA,NA,NA,NA,5.077098593067082,0,713.0954419915638,0.2591975151399191,184.83256662181566,0.47445488007109554,NA
ANC,2001,baseline,338.33161240935226,0.4709479080828105,59.07378840254825,127.07393502209287,NA,5.077098593067082,1,713.0954419915638,0.2591975151399191,184.83256662181566,0.47445488007109554,1.8169460761558034
ANC,2002,baseline,335.73608332955195,0.5486357588629609,60.516048655113245,141.76877595390786,NA,5.038149359368592,1,713.0954419915638,0.2591975151399191,184.83256662181566,0.47081507405501527,2.1166705960386936
ANC,2003,baseline,317.64641881449296,0.7153467043333501,65.09730700298701,162.31016148049684,4.619813852813851,4.766690805423774,1,713.0954419915638,0.2591975151399191,184.83256662181566,0.44544727130404355,2.759851705936278
ANC,2004,baseline,275.0090770584071,0.5196188361481591,69.21864450729872,111.44819825410939,3.889292490118572,4.126862956348799,1,713.0954419915638,0.2591975151399191,184.83256662181566,0.3856553567224464,2.0047215185209635
ANC,2005,baseline,268.7872163187998,0.5840678758022602,64.5718748182197,118.90463844248418,3.284314516129031,4.03349597777306,1,713.0954419915638,0.2591975151399191,184.83256662181566,0.37693021227021056,2.253369888546079
ANC,2006,baseline,250.53636544318724,0.5417923341226523,60.70978522322353,104.79818207295011,3.0604728033472792,3.759618616319949,1,713.0954419915638,0.2591975151399191,184.83256662181566,0.35133637194970485,2.0902682413069575
ANC,2007,baseline,239.01615598861534,0.4629481316773987,56.38354556889612,88.57334534489857,3.461148837209301,3.5867431383321637,1,713.0954419915638,0.2591975151399191,184.83256662181566,0.3351811579682527,1.7860824453795077
ANC,2008,baseline,238.36303527686727,0.4542840640100936,53.47939635857474,87.02578290149188,4.5688346774193525,3.5769422266671103,1,713.0954419915638,0.2591975151399191,184.83256662181566,0.3342652627412071,1.7526559379431685
ANC,2009,baseline,231.2328910101881,0.43425844996741425,50.20688425750259,81.45298266843075,6.26608909090909,3.4699452920119978,1,713.0954419915638,0.2591975151399191,184.83256662181566,0.3242663988489267,1.6753958838416885
ANC,2010,baseline,231.4158478001761,0.4092236840236003,49.99311436581805,77.71739025622449,4.443626735838689,3.4726907926597956,1,713.0954419915638,0.2591975151399191,184.83256662181566,0.3245229658934124,1.5788102127549124
ANC,2011,baseline,239.25589271396962,0.39672517842308697,49.151555037471255,78.35180136867551,2.6398291142673544,3.590340694535484,1,713.0954419915638,0.2591975151399191,184.83256662181566,0.3355173496071794,1.530590207274665
ANC,2012,baseline,244.17606201296627,0.2590478549354609,47.28348759595372,55.72437423414244,1.6210895000512866,3.664174128094048,1,713.0954419915638,0.2591975151399191,184.83256662181566,0.3424170842138898,0.9994226017005702
ANC,2013,baseline,281.03601012628536,0.2171691527056181,41.43733386245384,54.859964647449566,5.25953372129402,4.2173047958846555,1,713.0954419915638,0.2591975151399191,184.83256662181566,0.39410714692187043,0.8378519855346089
ANC,2014,baseline,333.73753502520145,0.23450880633750248,47.80050220407145,69.764738481602,3.881145234022571,5.008158585784249,1,713.0954419915638,0.2591975151399191,184.83256662181566,0.46801243616580246,0.9047494387085877
ANC,2015,baseline,384.3815842056963,0.20270446966521583,35.153258184059965,70.52652062593403,2.93538333759829,5.768137320879247,1,713.0954419915638,0.2591975151399191,184.83256662181566,0.5390324514376067,0.7820463462228509
ANC,2016,baseline,440.5894888706608,0.40297158402142585,50.086899276701985,146.1298353829302,6.891503458917371,6.611608824063712,1,713.0954419915638,0.2591975151399191,184.83256662181566,0.6178548661595191,1.5546892253341824
ANC,2017,baseline,446.09540303696735,0.2941287095194447,47.840635655870976,113.67377479382407,13.891529698336257,6.694232108563303,1,713.0954419915638,0.2591975151399191,184.83256662181566,0.6255760123653193,1.134766702376252
ANC,2018,baseline,488.106528614037,0.2315944386806823,47.91563930383419,100.90734781676822,17.190188776339156,7.32466278289957,1,713.0954419915638,0.2591975151399191,184.83256662181566,0.6844897609369539,0.89350562853839
ANC,2019,baseline,547.9703382462095,0.23088985438287946,47.487002058204745,112.97674456378955,11.169724519839384,8.222995816265085,1,713.0954419915638,0.2591975151399191,184.83256662181566,0.7684389858331084,0.8907872988606441
ANC,2020,baseline,604.8733378185668,0.17854998022140034,40.37138740689973,98.90752828420489,5.958320968763964,9.07689810760807,1,713.0954419915638,0.2591975151399191,184.83256662181566,0.848236157742434,0.6888568361661033
ANC,2021,baseline,682.9513131751277,0.16085520101600181,46.40023632532494,101.47608438947302,10.34666461209007,10.248557994809799,1,713.0954419915638,0.2591975151399191,184.83256662181566,0.9577277780205012,0.6205892866263378
ANC,2022,baseline,762.7610086424746,0.1554012040439563,55.464190470807395,109.7829340520173,9.670712896110878,11.44620455726025,1,713.0954419915638,0.2591975151399191,184.83256662181566,1.069647853185266,0.5995474299206462
ANC,2023,baseline,832.2922676792479,0.1653703125878394,51.413918652641755,126.85817345173336,11.620189588654467,12.489610034259144,1,713.0954419915638,0.2591975151399191,184.83256662181566,1.1671540984118283,0.6380088655501569
CMA,1971,baseline,497.64607549993474,0.019697873332575,3.8875304013078513,9.706655274594942,0.04971053422961269,0.03547264328886128,1,276.4243779268823,0.061800899404707364,17.083275173268063,1.8002973516017764,0.31873117579700816
CMA,1972,baseline,493.7818530563149,0.01889766516115099,4.251388907599213,9.243706790902314,0.04732828222500525,0.03519719816615307,1,276.4243779268823,0.061800899404707364,17.083275173268063,1.7863180402523196,0.30578301194936264
CMA,1973,baseline,490.3777291495382,0.023009644941654805,6.685956557884241,11.154593674747593,0.03893796069934382,0.03495454926565714,1,276.4243779268823,0.061800899404707364,17.083275173268063,1.7740031933046412,0.37231893327271165
CMA,1974,baseline,485.3857101480427,0.029756523939072466,5.602565721566932,14.230614663434437,0.04325298319825541,0.03459871382748278,1,276.4243779268823,0.061800899404707364,17.083275173268063,1.7559439358725202,0.4814901437632786
CMA,1975,baseline,477.2109272076377,0.04191924835242755,9.983798938772752,19.590838064621327,0.03512485922027091,0.034016008219049036,1,276.4243779268823,0.061800899404707364,17.083275173268063,1.7263706290545255,0.6782951179709622
CMA,1976,baseline,465.1191501734941,0.050855362942468396,12.538967196724208,23.062409344408675,0.04290838070702289,0.0331540958789794,1,276.4243779268823,0.061800899404707364,17.083275173268063,1.6826271027967148,0.8228903370716115
CMA,1977,baseline,450.4622260037009,0.06792154798114769,20.007361163766536,29.580155655456082,0.03546197035299838,0.032109337629324455,1,276.4243779268823,0.061800899404707364,17.083275173268063,1.6296038337214014,1.0990381796284039
CMA,1978,baseline,430.1656765768718,0.05332847755013059,10.888266408545695,22.339130723824645,0.03911026194496009,0.030662582006687686,1,276.4243779268823,0.061800899404707364,17.083275173268063,1.5561785100251035,0.862907790401325
CMA,1979,baseline,418.15170566429936,0.05842957092102363,11.401363579951463,23.732338080718065,0.03871321994419217,0.029806215754354014,1,276.4243779268823,0.061800899404707364,17.083275173268063,1.512716457210969,0.9454485530767707
CMA,1980,baseline,404.84130468493106,0.05636518996742623,13.538292440077333,22.187774029556515,0.03613619261845331,0.028857438843979483,1,276.4243779268823,0.061800899404707364,17.083275173268063,1.4645644053579696,0.9120448166670678
CMA,1981,baseline,395.01718884185243,0.06324794993011817,10.781163918423974,24.210330317433463,0.02914675513323715,0.02815716735770304,1,276.4243779268823,0.061800899404707364,17.083275173268063,1.429024429047786,1.0234147162800125
CMA,1982,baseline,384.0934631715513,0.06268148293328135,11.852277902983467,23.336523695449316,0.030236102815965674,0.027378514730534837,1,276.4243779268823,0.061800899404707364,17.083275173268063,1.3895064757029094,1.014248717042246
CMA,1983,baseline,374.4621744582602,0.06455006961398002,36.441651778340045,23.407940068232392,0.029168274444561406,0.026691988129083407,1,276.4243779268823,0.061800899404707364,17.083275173268063,1.3546640758193553,1.0444843074413777
CMA,1984,baseline,365.4809095213878,0.08270929363266077,20.957327290999455,29.012335815321652,0.03546103843005606,0.026051795785421546,1,276.4243779268823,0.061800899404707364,17.083275173268063,1.322173218810904,1.3383186074855218
CMA,1985,baseline,351.29553191133266,0.07008926252007708,22.88924981764097,23.77898525344717,0.03301702483133401,0.02504064978296633,1,276.4243779268823,0.061800899404707364,17.083275173268063,1.2708558288019542,1.134113956191686
CMA,1986,baseline,342.6298724699245,0.09040434775231176,25.739321801993576,29.61633892441366,0.02920824662958724,0.0244229540723772,1,276.4243779268823,0.061800899404707364,17.083275173268063,1.2395067144206593,1.4628322342089681
CMA,1987,baseline,328.2247235773965,0.08906510944691437,22.627935456645474,27.969338173121052,0.02317815700283375,0.023396142582556363,1,276.4243779268823,0.061800899404707364,17.083275173268063,1.187394274119398,1.4411620268447145
CMA,1988,baseline,315.6152442404789,0.11685389543177749,9.540956477652024,34.80757194047326,0.0180560070073812,0.022497327973946425,1,276.4243779268823,0.061800899404707364,17.083275173268063,1.1417778945819426,1.8908122140189556
CMA,1989,baseline,296.2136024277204,0.08817970599112535,16.14449038706552,25.001516987029134,0.01408734006553113,0.021114362141148795,1,276.4243779268823,0.061800899404707364,17.083275173268063,1.0715900118840915,1.4268353185877536
CMA,1990,baseline,286.8684300248237,0.1207373013838886,12.225308325468887,32.626478850658266,NA,0.020448230158116795,1,276.4243779268823,0.061800899404707364,17.083275173268063,1.0377826737868394,1.9536495835316607
CMA,1991,baseline,269.1875898908222,0.0614702640511533,10.232979408657496,16.048719567645136,0.01588608839169339,0.01918792455942249,1,276.4243779268823,0.061800899404707364,17.083275173268063,0.9738200078794269,0.9946499912341263
CMA,1992,baseline,268.072878094462,0.0778401928872654,19.460634702147544,20.075373537065587,NA,0.0191084669370903,1,276.4243779268823,0.061800899404707364,17.083275173268063,0.969787397569438,1.2595317161571329
CMA,1993,baseline,263.52436253805513,0.08107327130808528,20.496495826502507,20.52166364118052,NA,0.018784244808614417,1,276.4243779268823,0.061800899404707364,17.083275173268063,0.9533325697046902,1.3118461396034302
CMA,1994,baseline,257.5611329555315,0.08083359781572685,23.10114636582341,20.00035363860044,NA,0.018359180639027747,1,276.4243779268823,0.061800899404707364,17.083275173268063,0.931759835681568,1.307967984193605
CMA,1995,baseline,251.76994583993584,0.09139913203624772,26.16336531969696,21.99125655686582,NA,0.017946379805495193,1,276.4243779268823,0.061800899404707364,17.083275173268063,0.9108094869495632,1.4789288330209296
CMA,1996,baseline,243.8706610837138,0.06289315149966868,8.233258625883526,14.865427876117892,NA,0.017383311946247825,1,276.4243779268823,0.061800899404707364,17.083275173268063,0.8822328295090552,1.0176737249050152
CMA,1997,baseline,241.4679599478168,0.06562686746395308,7.54247801792098,15.337989193277112,NA,0.017212045328224575,1,276.4243779268823,0.061800899404707364,17.083275173268063,0.8735407555540854,1.0619079672965777
CMA,1998,baseline,239.23402529962854,0.0729721923686224,6.8864254851970745,16.835692525580416,NA,0.017052808531619276,1,276.4243779268823,0.061800899404707364,17.083275173268063,0.8654592156228309,1.180762627591535
CMA,1999,baseline,234.87679397608167,0.09012610167190882,12.410802365585,20.24263469751282,NA,0.016742221308939067,1,276.4243779268823,0.061800899404707364,17.083275173268063,0.849696382560765,1.4583299359724842
CMA,2000,baseline,227.72164673331372,0.06994437701552414,8.592178941308449,15.383580111635213,NA,0.016232196216172067,1,276.4243779268823,0.061800899404707364,17.083275173268063,0.823811736291757,1.1317695646707124
CMA,2001,baseline,225.86762112070585,0.08072628518035074,4.466903762845779,17.516904946756924,NA,0.016100039664674333,1,276.4243779268823,0.061800899404707364,17.083275173268063,0.8171045651424081,1.3062315590540068
CMA,2002,baseline,223.49798285700248,0.0962304659355846,4.486524696465293,20.504896150264248,NA,0.01593112979681786,1,276.4243779268823,0.061800899404707364,17.083275173268063,0.8085321002915326,1.5571046192291296
CMA,2003,baseline,218.13798463364037,0.10879064187211451,3.7776735034242837,22.48606156784894,0.00145021645021645,0.015549064480990249,1,276.4243779268823,0.061800899404707364,17.083275173268063,0.7891416316810546,1.7603407542613845
CMA,2004,baseline,209.1704673919376,0.11645036286988386,5.645567176223573,22.993214939084428,0.01075098814229249,0.014909852084947398,1,276.4243779268823,0.061800899404707364,17.083275173268063,0.7567005086912624,1.884282655941636
CMA,2005,baseline,200.20959661168888,0.10692493296310701,4.366553481083091,20.302629500806837,0.04241935483870967,0.014271113454433701,1,276.4243779268823,0.061800899404707364,17.083275173268063,0.7242834301128348,1.7301517290695376
CMA,2006,baseline,192.40341416075694,0.10237050706249917,4.495279204409285,18.721807515898213,0.02696652719665271,0.013714682008146302,1,276.4243779268823,0.061800899404707364,17.083275173268063,0.6960435819870057,1.6564565896059051
CMA,2007,baseline,186.9528808954785,0.10663681370766298,4.356123430897395,18.909897944736837,0.01339534883720929,0.01332616327611559,1,276.4243779268823,0.061800899404707364,17.083275173268063,0.6763255914604243,1.7254896730441511
CMA,2008,baseline,181.98477659440155,0.10966388378262693,7.179463010875288,18.90179599313944,0.0139516129032258,0.01297203249850036,1,276.4243779268823,0.061800899404707364,17.083275173268063,0.6583528484688814,1.7744706766237426
CMA,2009,baseline,176.36918895407652,0.11573854831074026,5.813045799534291,19.275729055522266,0.01735537190082644,0.01257174854765744,1,276.4243779268823,0.061800899404707364,17.083275173268063,0.6380377529536428,1.8727647886290224
CMA,2010,baseline,170.1940865532918,0.12309820252046944,8.764458976933325,19.71241863602483,0.00935341365461847,0.012131581900075275,1,276.4243779268823,0.061800899404707364,17.083275173268063,0.6156985423272265,1.9918513113272436
CMA,2011,baseline,162.2214809447635,0.1262761603305771,16.90769349335378,19.244105008471124,0.00293172690763052,0.01156328766696997,1,276.4243779268823,0.061800899404707364,17.083275173268063,0.5868566374694821,2.043273828486688
CMA,2012,baseline,155.22447334044014,0.12191377060565323,14.14576385438893,17.815935867195982,NA,0.011064534904601115,1,276.4243779268823,0.061800899404707364,17.083275173268063,0.5615440812586325,1.9726860252840765
CMA,2013,baseline,149.49779063364048,0.13509169892574047,17.183944163214043,18.891169230692054,NA,0.010656332001196884,1,276.4243779268823,0.061800899404707364,17.083275173268063,0.5408270853491239,2.1859180081034637
CMA,2014,baseline,143.1817081213918,0.1457135563065295,17.70578146119003,19.4146848868143,NA,0.010206116169162172,1,276.4243779268823,0.061800899404707364,17.083275173268063,0.5179778614144703,2.3577902216651316
CMA,2015,baseline,136.21245707102975,0.23811158053323567,16.83447770088438,28.861410802310953,NA,0.009709341918000521,1,276.4243779268823,0.061800899404707364,17.083275173268063,0.4927657180332324,3.8528821235099815
CMA,2016,baseline,117.91014961601756,0.19896071690298722,16.140955117574883,21.27310294731715,NA,0.008404737590391793,1,276.4243779268823,0.061800899404707364,17.083275173268063,0.42655481582455174,3.219382222903902
CMA,2017,baseline,105.85425989553791,0.18675635677241065,13.206069190755855,18.032712536545006,NA,0.007545383329123276,1,276.4243779268823,0.061800899404707364,17.083275173268063,0.38294111644356377,3.0219035413938564
CMA,2018,baseline,93.75312066093021,0.17713224394297367,18.467129697340873,15.219037778700468,NA,0.006682803643295653,1,276.4243779268823,0.061800899404707364,17.083275173268063,0.33916372124649974,2.866175826714288
CMA,2019,baseline,85.86547951928718,0.19045357188822898,18.78429987515126,14.890436526436629,NA,0.006120565750980382,1,276.4243779268823,0.061800899404707364,17.083275173268063,0.31062918604812656,3.081728158048816
CMA,2020,baseline,76.71362878337202,0.15044772939219708,15.160297046859247,10.71515266260876,NA,0.005468213903812918,1,276.4243779268823,0.061800899404707364,17.083275173268063,0.27752121342808533,2.434393849302742
CMA,2021,baseline,72.19023840585376,0.14958430624908559,14.173296526897788,10.029690008287075,NA,0.0051457827198499425,1,276.4243779268823,0.061800899404707364,17.083275173268063,0.2611572790622287,2.4204228043595717
CMA,2022,baseline,68.01384289194273,0.15534413471661956,8.519787476451157,9.785797300534398,NA,0.0048480856303082685,1,276.4243779268823,0.061800899404707364,17.083275173268063,0.24604864231595824,2.5136225558682894
CMA,2023,baseline,65.49838497875626,0.17569104257066392,11.462698193294132,10.553288382290889,NA,0.004668781611537566,1,276.4243779268823,0.061800899404707364,17.083275173268063,0.23694865651857017,2.8428557555471685
DMF,1971,baseline,446.7122256751527,0.08326740858492077,19.521300705564258,35.69004185475223,1.6747497608281134,1.4964697064073094,1,434.1072805477987,0.13248830375405182,57.514137247062166,1.0290364748350864,0.6284887512749535
DMF,1972,baseline,449.5229981459507,0.12213465308418492,28.207840729398207,51.682023853312785,1.5944916015309247,1.50588569193982,1,434.1072805477987,0.13248830375405182,57.514137247062166,1.0355113085841336,0.921852341855873
DMF,1973,baseline,434.8453075019447,0.16953253431042903,25.517041292749347,67.81008462334455,1.3118213549496314,1.4567159621980923,1,434.1072805477987,0.13248830375405182,57.514137247062166,1.001700102687093,1.2796037801581734
DMF,1974,baseline,403.94215498886956,0.13502741215037517,16.40463305183444,51.02114122966016,1.457194624620011,1.3531915254124032,1,434.1072805477987,0.13248830375405182,57.514137247062166,0.9305122790825717,1.0191647739791196
DMF,1975,baseline,390.29489859234513,0.13715977443694882,26.831205447661176,50.023738584635026,1.183357823244383,1.3074737129166611,1,434.1072805477987,0.13248830375405182,57.514137247062166,0.8990747588933158,1.0352594949933769
DMF,1976,baseline,380.09618403536336,0.17136196568073103,24.90659640423464,59.85885603933743,1.4455849537782792,1.273308390139225,1,434.1072805477987,0.13248830375405182,57.514137247062166,0.8755812239677738,1.2934120282711399
DMF,1977,baseline,361.7692491542622,0.21535588656762883,26.788838147896875,70.09118070928986,1.1947151099373816,1.211913824948141,1,434.1072805477987,0.13248830375405182,57.514137247062166,0.8333636991707364,1.6254709318900364
DMF,1978,baseline,334.24451548144674,0.21154278969342677,21.205301737562138,63.72884782025151,1.317626190370497,1.1197069683839542,1,434.1072805477987,0.13248830375405182,57.514137247062166,0.7699583270284354,1.596690301704895
DMF,1979,baseline,315.2775926788108,0.21437553993022274,21.777676105783236,60.83430895281112,1.3042498304876324,1.0561684669359301,1,434.1072805477987,0.13248830375405182,57.514137247062166,0.7262665401072355,1.6180714361637873
DMF,1980,baseline,298.5227433338224,0.19059417903422826,20.898521614135834,51.803273140964855,1.2174296833233784,1.0000403311046386,1,434.1072805477987,0.13248830375405182,57.514137247062166,0.6876704370337153,1.4385736222273842
DMF,1981,baseline,288.763349803592,0.19701646178970744,20.774281448039503,51.637495248715084,0.9819552725552118,0.9673467177860775,1,434.1072805477987,0.13248830375405182,57.514137247062166,0.6651889123794523,1.4870479597613702
DMF,1982,baseline,277.74535006348935,0.2178283446208944,18.59415929830618,54.364906608724866,1.0186554368037275,0.9304368194475053,1,434.1072805477987,0.13248830375405182,57.514137247062166,0.6398080900946957,1.6441326400047043
DMF,1983,baseline,269.83423142395435,0.23313731055821485,18.815480469182784,56.113428879599404,0.9826802589600454,0.903934859779924,1,434.1072805477987,0.13248830375405182,57.514137247062166,0.6215842108970191,1.7596822055402377
DMF,1984,baseline,258.68419823017996,0.2262625866621919,19.61760977779627,52.381310186729834,1.1946837134185362,0.8665826541744005,1,434.1072805477987,0.13248830375405182,57.514137247062166,0.5958992392473748,1.7077929164390273
DMF,1985,baseline,253.04439193578222,0.2402310744149263,20.173289063754098,54.0386136094243,1.1123448037014454,0.8476895082417686,1,434.1072805477987,0.13248830375405182,57.514137247062166,0.5829075052979213,1.8132247723609296
DMF,1986,baseline,247.05805689303952,0.296352343098202,28.555995908507466,63.364114881080035,0.9840269233713064,0.8276355036075113,1,434.1072805477987,0.13248830375405182,57.514137247062166,0.5691175153323337,2.2368189093004283
DMF,1987,baseline,232.33183098580926,0.3164132819758194,41.46860578567676,63.018102804327945,0.7808729779011012,0.7783031824995009,1,434.1072805477987,0.13248830375405182,57.514137247062166,0.5351945046685934,2.388235587672717
DMF,1988,baseline,218.16635032690922,0.30768158028605797,38.847202493370034,57.78149602785317,0.6083075526295348,0.7308493375757271,1,434.1072805477987,0.13248830375405182,57.514137247062166,0.5025632144469121,2.3223301345696963
DMF,1989,baseline,208.89120452926844,0.29837673052279445,36.28452314148104,53.88938846145327,0.4746030146543525,0.699777936546345,1,434.1072805477987,0.13248830375405182,57.514137247062166,0.4811971922370646,2.252098653755082
DMF,1990,baseline,204.9892747247707,0.31081256864116114,33.131412069108734,54.76263418459889,NA,0.6867066136378808,1,434.1072805477987,0.13248830375405182,57.514137247062166,0.4722087924120861,2.345962321460061
DMF,1991,baseline,199.4019759737771,0.2881125696649187,42.48163345384054,49.914861633445234,0.5352029131610898,0.6679893660656383,1,434.1072805477987,0.13248830375405182,57.514137247062166,0.4593380136867373,2.1746264500431987
DMF,1992,baseline,200.30322654686813,0.26638886193325195,35.32757374006089,46.84268292430757,NA,0.6710085227016014,1,434.1072805477987,0.13248830375405182,57.514137247062166,0.4614141147186153,2.0106594649122385
DMF,1993,baseline,201.72191405041988,0.28563131493718696,47.56814550337347,50.1198981104082,NA,0.6757610742323213,1,434.1072805477987,0.13248830375405182,57.514137247062166,0.46468217210240653,2.1558983460715613
DMF,1994,baseline,200.21379001000076,0.32251662410887594,47.43771644097377,55.19415870452055,NA,0.6707089135564391,1,434.1072805477987,0.13248830375405182,57.514137247062166,0.4612080906759996,2.4343026136676054
DMF,1995,baseline,194.48336259240455,0.33015765276563336,47.30931309460343,54.68669853499938,NA,0.6515121901575264,1,434.1072805477987,0.13248830375405182,57.514137247062166,0.4480076038968675,2.4919758454944843
DMF,1996,baseline,188.2591866254873,0.31927190482224166,38.738575304026206,51.45538960463494,NA,0.6306614270789861,1,434.1072805477987,0.13248830375405182,57.514137247062166,0.433669728800502,2.4098120043481766
DMF,1997,baseline,184.62464014498124,0.32604274860102134,35.1074641513539,51.36731384649934,NA,0.6184858285795579,1,434.1072805477987,0.13248830375405182,57.514137247062166,0.4252972673298728,2.4609172233518777
DMF,1998,baseline,179.20959797157303,0.3780167992253034,37.447334370932744,56.411778354799715,NA,0.6003456342762208,1,434.1072805477987,0.13248830375405182,57.514137247062166,0.41282329507450083,2.853208838170688
DMF,1999,baseline,167.13270262501808,0.35744299689401515,33.912968616206435,50.22963302515464,NA,0.5598884741744213,1,434.1072805477987,0.13248830375405182,57.514137247062166,0.38500322412034604,2.6979211505157763
DMF,2000,baseline,161.1035053979947,0.3351166845264508,32.41237632990373,45.87347848736493,NA,0.5396908827819784,1,434.1072805477987,0.13248830375405182,57.514137247062166,0.37111449776815225,2.529405804368615
DMF,2001,baseline,159.1932960290479,0.34174758845354436,31.959842887244243,46.082077018174886,NA,0.5332917508817849,1,434.1072805477987,0.13248830375405182,57.514137247062166,0.3667141814073294,2.57945478030994
DMF,2002,baseline,158.0913749456469,0.348519347467362,29.717840425632385,46.52119149847161,NA,0.5296003553358742,1,434.1072805477987,0.13248830375405182,57.514137247062166,0.36417582019392036,2.6305669073576876
DMF,2003,baseline,156.4197396722939,0.3697267867836276,34.00676813022863,48.34573227723509,0.218073593073593,0.5240004379775484,1,434.1072805477987,0.13248830375405182,57.514137247062166,0.3603250778814589,2.790637183113007
DMF,2004,baseline,152.4996481209439,0.34956429891324436,30.49208304020922,44.988129721552085,0.34598023715415,0.5108682738777808,1,434.1072805477987,0.13248830375405182,57.514137247062166,0.35129484105519965,2.6384540295886594
DMF,2005,baseline,153.68069005888026,0.33842814579294167,32.56704331931289,44.12326266227999,0.46099677419354823,0.5148247214082847,1,434.1072805477987,0.13248830375405182,57.514137247062166,0.3540154633319004,2.554400171212032
DMF,2006,baseline,155.0042405830019,0.3261675356909466,30.239789487694036,43.140118459137696,0.7168786610878658,0.5192585675186167,1,434.1072805477987,0.13248830375405182,57.514137247062166,0.35706436525875007,2.4618590958522373
DMF,2007,baseline,158.46120177863614,0.31031866181429635,25.53347451436373,42.27534554975121,0.6185069767441858,0.5308392617735668,1,434.1072805477987,0.13248830375405182,57.514137247062166,0.36502774516629716,2.3422343936893073
DMF,2008,baseline,165.4446975713241,0.3171072023777768,29.214558118552254,44.95915308672871,0.6899838709677415,0.5542337186474202,1,434.1072805477987,0.13248830375405182,57.514137247062166,0.3811147727413139,2.3934731851231725
DMF,2009,baseline,171.21206754640147,0.3482426143793722,31.890325059368866,50.3487457945974,0.5510971900826442,0.5735541982700724,1,434.1072805477987,0.13248830375405182,57.514137247062166,0.3944003595847309,2.628478171370068
DMF,2010,baseline,173.56785866510504,0.3644069490123387,34.58482265389568,53.006154438972196,0.42898203996489354,0.5814460128234689,1,434.1072805477987,0.13248830375405182,57.514137247062166,0.3998271082808845,2.7504839196131248
DMF,2011,baseline,170.97775541215833,0.3056963540669466,45.05416753841786,45.03378753370396,0.3355715582423232,0.5727692611436963,1,434.1072805477987,0.13248830375405182,57.514137247062166,0.3938606032969592,2.30734597247493
DMF,2012,baseline,174.15499747176173,0.27377479808926886,36.38767969210231,41.7095432157782,1.1035647590943034,0.5834129064680067,1,434.1072805477987,0.13248830375405182,57.514137247062166,0.4011796283443946,2.066407300356852
DMF,2013,baseline,184.48774410531882,0.294757654869346,44.02413528639353,47.09749929581114,0.4500939326298732,0.6180272318264192,1,434.1072805477987,0.13248830375405182,57.514137247062166,0.42498191661866225,2.2247824639413243
DMF,2014,baseline,189.55262926962192,0.2894954924302171,37.58947419773395,47.645727598770875,0.5441553134091036,0.6349944128865659,1,434.1072805477987,0.13248830375405182,57.514137247062166,0.43664927487607674,2.1850645243947704
DMF,2015,baseline,195.2600456701496,0.28424462532967,32.700852473494585,48.3107481632254,0.5828982109829055,0.6541140502153477,1,434.1072805477987,0.13248830375405182,57.514137247062166,0.4497967539815308,2.1454318402123636
DMF,2016,baseline,198.85682472981122,0.31379868949564305,21.827991334965887,53.55888332725278,0.2810601831082906,0.6661631292287749,1,434.1072805477987,0.13248830375405182,57.514137247062166,0.45808221525074255,2.3685010722016004
DMF,2017,baseline,201.15046205782724,0.38698070019622133,22.20614871065445,64.54833816506553,0.4091229897537634,0.6738467308442743,1,434.1072805477987,0.13248830375405182,57.514137247062166,0.4633657878393471,2.9208668933870814
DMF,2018,baseline,194.34495820310582,0.39686467244776846,24.854925842085702,63.66254635850134,1.055181899380611,0.6510485404879739,1,434.1072805477987,0.13248830375405182,57.514137247062166,0.4476887785845528,2.9954694958167685
DMF,2019,baseline,186.94570158968523,0.40300539280050884,25.28503981887702,62.00830106490685,0.5974387098186917,0.6262612999883823,1,434.1072805477987,0.13248830375405182,57.514137247062166,0.4306440135115426,3.041818646487003
DMF,2020,baseline,176.9714111657277,0.3569246713094083,20.068607635725876,53.12235571071676,2.9020302341101365,0.5928477898929247,1,434.1072805477987,0.13248830375405182,57.514137247062166,0.4076674570912701,2.6940089139641707
DMF,2021,baseline,176.4339090960062,0.34732516550521275,19.64049767201343,51.77002504752798,0.3833456358538275,0.5910471775115338,1,434.1072805477987,0.13248830375405182,57.514137247062166,0.40642927912511573,2.6215534176509574
DMF,2022,baseline,177.07352231552935,0.33424288798741575,17.558725054238728,50.31014996891565,1.0582687169226213,0.5931898585303652,1,434.1072805477987,0.13248830375405182,57.514137247062166,0.4079026780939513,2.522810531319779
DMF,2023,baseline,179.52746652595695,0.35605485654421987,17.699884530057325,53.78028988893319,0.4915860924243926,0.6014104823706201,1,434.1072805477987,0.13248830375405182,57.514137247062166,0.41355553009710355,2.6874436946916593
LPF,1971,baseline,953.6356651412267,0.03154245791373356,0.9945849193018625,29.610562877641946,12.837852733417394,11.180115314939126,1,526.147080377426,0.04796503983104907,25.23666566729342,1.8124887521130901,0.657613504019552
LPF,1972,baseline,931.2093039905834,0.025278970647461207,1.0704146918943924,23.24497036694171,12.222631012649396,10.91719592871679,1,526.147080377426,0.04796503983104907,25.23666566729342,1.769865002999903,0.5270290765212176
LPF,1973,baseline,916.4419588143444,0.03092809818459319,3.1962165990815503,27.909980835468854,10.055812373466518,10.744068362287724,1,526.147080377426,0.04796503983104907,25.23666566729342,1.7417980503796475,0.6448050141005531
LPF,1974,baseline,896.795198972845,0.039585426698640624,4.577647224347109,34.80655930546789,11.170176245046283,10.51373612050821,1,526.147080377426,0.04796503983104907,25.23666566729342,1.704457237184588,0.8252974841275104
LPF,1975,baseline,871.5314118294951,0.05441277962564328,6.536917801032663,46.155339189181625,9.071070688337873,10.217551672003026,1,526.147080377426,0.04796503983104907,25.23666566729342,1.6564406500256759,1.134425819665856
LPF,1976,baseline,837.0110529725856,0.06496469729124499,19.687220922937957,52.64753907597883,11.081181908079843,9.81284617823757,1,526.147080377426,0.04796503983104907,25.23666566729342,1.5908309371823646,1.3544176658682054
LPF,1977,baseline,797.3149756165396,0.0829056660583678,36.07101883395491,63.43599667979479,9.15813036580504,9.347462239051936,1,526.147080377426,0.04796503983104907,25.23666566729342,1.5153842059611813,1.7284602775353208
LPF,1978,baseline,749.5485129059095,0.061631066061172746,19.572816940234862,44.80073538827498,10.100309541949738,8.787463718849255,1,526.147080377426,0.04796503983104907,25.23666566729342,1.4245988258040487,1.2849163949047173
LPF,1979,baseline,722.3292443009719,0.06686584332472112,21.07416503206971,46.71976980344106,9.997772588488406,8.46835383976725,1,526.147080377426,0.04796503983104907,25.23666566729342,1.3728656325201247,1.3940537433148767
LPF,1980,baseline,694.3872491201249,0.06523768050618717,15.848815380781357,43.85418838843032,9.332249720739378,8.140770948658536,1,526.147080377426,0.04796503983104907,25.23666566729342,1.3197588184315563,1.3601089613597495
LPF,1981,baseline,670.4560861697549,0.07204460476506824,10.05115405305537,46.60381110827022,7.527212407920071,7.860209754078936,1,526.147080377426,0.04796503983104907,25.23666566729342,1.2742750291207743,1.5020232448224053
LPF,1982,baseline,646.0210336394277,0.07049349550724937,6.011203813783829,43.972196063527385,7.808538797649906,7.573741121453713,1,526.147080377426,0.04796503983104907,25.23666566729342,1.2278335426208415,1.4696849154207732
LPF,1983,baseline,624.0447655336685,0.06996663921022073,24.572926564270492,42.16987132258621,7.532769816505329,7.31609848014371,1,526.147080377426,0.04796503983104907,25.23666566729342,1.1860652445054272,1.4587007423879887
LPF,1984,baseline,602.5957321048987,0.0852913696105091,11.76003986267263,49.26539677248707,9.157889694694225,7.06463696722712,1,526.147080377426,0.04796503983104907,25.23666566729342,1.1452990134861778,1.7781986611694145
LPF,1985,baseline,574.0424120049071,0.0719288890800227,35.89847285538462,39.84022586952675,8.526717908972948,6.729887100992828,1,526.147080377426,0.04796503983104907,25.23666566729342,1.0910303096106204,1.4996107442708968
LPF,1986,baseline,555.0025098960746,0.0917716633752157,35.688907177685515,48.66626069731423,7.543092719542827,6.506669462493145,1,526.147080377426,0.04796503983104907,25.23666566729342,1.0548428958266753,1.9133031828696494
LPF,1987,baseline,528.685165371804,0.088834695890362525,29.790833345771194,44.93992354884897,5.985809061314631,6.198133448877553,1,526.147080377426,0.04796503983104907,25.23666566729342,1.00482390777985,1.8520717631690033
LPF,1988,baseline,507.59078463548803,0.11295575910072131,40.612168608335004,54.215682990487615,4.66300277208102,5.9508297691286245,1,526.147080377426,0.04796503983104907,25.23666566729342,0.9647317329431404,2.3549601855558553
LPF,1989,baseline,475.2690564155378,0.08548305934816902,34.17697799912753,38.93941373046301,3.63808597050091,5.57190030802919,1,526.147080377426,0.04796503983104907,25.23666566729342,0.9033007577930654,1.782195108130266
LPF,1990,baseline,457.36666802933604,0.11418758126103068,30.075644897820915,49.35416240338362,NA,5.362018511566678,1,526.147080377426,0.04796503983104907,25.23666566729342,0.869275313095435,2.3806418521331856
LPF,1991,baseline,430.5897587924891,0.06012915470888203,27.83604809420462,25.127966118391377,4.102616607188298,5.048094710277982,1,526.147080377426,0.04796503983104907,25.23666566729342,0.8183828721117488,1.2536037689258583
LPF,1992,baseline,430.8383935416499,0.07275192637786532,30.37208788934041,30.23129757035277,NA,5.051009623455551,1,526.147080377426,0.04796503983104907,25.23666566729342,0.8188554296121772,1.5167698522533286
LPF,1993,baseline,425.83447351643605,0.07264154746094231,28.70374409341453,29.83647243009912,NA,4.992345287636756,1,526.147080377426,0.04796503983104907,25.23666566729342,0.809344933000423,1.5144686154084974
LPF,1994,baseline,421.054783841071,0.07421511367482836,27.527938269515563,30.117229590673787,NA,4.936309755731298,1,526.147080377426,0.04796503983104907,25.23666566729342,0.8002606106623871,1.547275139064659
LPF,1995,baseline,416.32738831145133,0.07853856477408439,26.352132445616597,31.446703334065134,NA,4.880887303433806,1,526.147080377426,0.04796503983104907,25.23666566729342,0.7912756790606977,1.6374126874641777
LPF,1996,baseline,409.95991322975897,0.05266854193900361,23.207575407992024,21.033234082586,NA,4.806237090275325,1,526.147080377426,0.04796503983104907,25.23666566729342,0.7791735971159975,1.0980610487246971
LPF,1997,baseline,413.9586805987397,0.054394310167536375,21.727021037821046,21.915552906867877,NA,4.85311734228037,1,526.147080377426,0.04796503983104907,25.23666566729342,0.7867736913066035,1.1340407588346348
LPF,1998,baseline,417.8170163716683,0.06163645660204509,16.985647092908046,24.975163768056472,NA,4.898351219789251,1,526.147080377426,0.04796503983104907,25.23666566729342,0.7941068799088492,1.2850287796935411
LPF,1999,baseline,416.3651462733177,0.07471864886304935,17.365947171685367,29.97639826158838,NA,4.881329965535438,1,526.147080377426,0.04796503983104907,25.23666566729342,0.7913474421917205,1.5577731015388827
LPF,2000,baseline,411.1227009897561,0.05899070637002435,13.117156006602393,23.550945880420084,NA,4.819869236931294,1,526.147080377426,0.04796503983104907,25.23666566729342,0.7813836022711398,1.2298688081530178
LPF,2001,baseline,412.8970365818223,0.06712163888367684,19.8629200982023,26.80467602409219,NA,4.840670972071687,1,526.147080377426,0.04796503983104907,25.23666566729342,0.7847559208836339,1.399386701649879
LPF,2002,baseline,411.6088892501294,0.07473243136053842,17.4106809034678,29.639233903950977,NA,4.825569150445894,1,526.147080377426,0.04796503983104907,25.23666566729342,0.7823076561688151,1.558060446186935
LPF,2003,baseline,407.83207650052,0.08261793018229646,22.405048680295568,32.33992020318786,4.2929523809523795,4.781291022427986,1,526.147080377426,0.04796503983104907,25.23666566729342,0.7751294109775654,1.7224614109215362
LPF,2004,baseline,401.6530811133815,0.08341031792109632,20.640338230706764,32.14285490341262,5.040936758893278,4.708850484092569,1,526.147080377426,0.04796503983104907,25.23666566729342,0.7633855552809681,1.7389815210182014
LPF,2005,baseline,395.8070489960628,0.07884469189264465,12.398729388802323,30.00872631276853,5.613892558651024,4.6403134991667985,1,526.147080377426,0.04796503983104907,25.23666566729342,0.752274532649948,1.6437949842294584
LPF,2006,baseline,392.6849747555479,0.07468582065279072,10.153098608395505,28.259570295026553,4.4988577405857715,4.603711313125877,1,526.147080377426,0.04796503983104907,25.23666566729342,0.7463406895156759,1.5570886820038574
LPF,2007,baseline,391.4465381631487,0.07573798233599938,10.28045773962413,28.55247039152447,3.260753488372092,4.5891922840885,1,526.147080377426,0.04796503983104907,25.23666566729342,0.7439869054910438,1.5790246938765622
LPF,2008,baseline,389.93637985542233,0.07650809857972618,15.47868075711002,28.720603335353374,5.151786290322578,4.571487677768336,1,526.147080377426,0.04796503983104907,25.23666566729342,0.7411166846648766,1.5950804763055866
LPF,2009,baseline,388.10615791198893,0.07991425261439034,13.256047241545014,29.808297622131935,3.838990082644627,4.550030749166061,1,526.147080377426,0.04796503983104907,25.23666566729342,0.7376381479368566,1.6660937402716316
LPF,2010,baseline,384.9738143107051,0.08074220871908455,21.513899342327157,29.861858414363578,3.9598712754406598,4.513308168469398,1,526.147080377426,0.04796503983104907,25.23666566729342,0.7316847867606682,1.6833553980876281
LPF,2011,baseline,380.7135447545109,0.08202082338054151,20.316728372417042,29.980135207224578,3.256608175500181,4.4633621496154134,1,526.147080377426,0.04796503983104907,25.23666566729342,0.7235876790980387,1.7100126189710199
LPF,2012,baseline,376.7062277807512,0.07807534645141612,17.43159681808768,28.292620543728944,3.2112040456180293,4.4163816648162095,1,526.147080377426,0.04796503983104907,25.23666566729342,0.7159713354496331,1.6277552718902535
LPF,2013,baseline,374.9355257837468,0.08591692229181902,20.079513443807084,30.868267112743776,3.247948167246215,4.395622528766101,1,526.147080377426,0.04796503983104907,25.23666566729342,0.7126059228814703,1.7912405075540596
LPF,2014,baseline,369.66930514044725,0.08773835284323273,20.57529896518551,31.052031509825976,3.918725295144031,4.333883065553718,1,526.147080377426,0.04796503983104907,25.23666566729342,0.7025968952926032,1.829214635331905
LPF,2015,baseline,364.7702628066536,0.13787800702598219,36.702869540563725,46.98059834600836,4.5032520155213644,4.276448281781795,1,526.147080377426,0.04796503983104907,25.23666566729342,0.693285730189721,2.874552121954666
LPF,2016,baseline,344.1177219349155,0.09529775421319275,42.69103312366065,31.279542091319307,4.291889781332916,4.034324589335443,1,526.147080377426,0.04796503983104907,25.23666566729342,0.6540333202800751,1.986816951447707
LPF,2017,baseline,328.30769558984224,0.08626936465618051,32.16161288715242,27.135584100470883,4.207916584287845,3.848972966979785,1,526.147080377426,0.04796503983104907,25.23666566729342,0.623984638201041,1.7985884085586856
LPF,2018,baseline,311.54487049436443,0.08959544975613998,38.42040233146704,26.699086612564642,3.606002657964865,3.652451041026184,1,526.147080377426,0.04796503983104907,25.23666566729342,0.5921250580177714,1.867932353892103
LPF,2019,baseline,300.1469164939388,0.09231198930907869,25.110602767883194,26.46676694125037,4.604601765476088,3.518825124193199,1,526.147080377426,0.04796503983104907,25.23666566729342,0.5704620013830194,1.9245681778694705
LPF,2020,baseline,284.13209189275,0.08550034581476318,19.97818891906419,23.283822092983666,3.3916965285576386,3.331072513490138,1,526.147080377426,0.04796503983104907,25.23666566729342,0.5400240778470743,1.7825555053415485
LPF,2021,baseline,265.06863386078425,0.0805917062432755,21.828301962964602,20.524186323572224,4.970937032567688,3.107578712985816,1,526.147080377426,0.04796503983104907,25.23666566729342,0.5037918934580803,1.6802176445000323
LPF,2022,baseline,251.57008938463886,0.08231917395101895,10.154504408755553,19.879581764970716,3.0040670153152296,2.9493261545469593,1,526.147080377426,0.04796503983104907,25.23666566729342,0.4781364351659572,1.7162327862330162
LPF,2023,baseline,246.0970824823659,0.09209057687978905,11.801840399529565,21.650996808787994,2.971088139469183,2.885162396286295,1,526.147080377426,0.04796503983104907,25.23666566729342,0.46773438770358805,1.9199520568348685
MPF,1971,baseline,449.5812897794483,0.04259945886122907,16.92517264429711,18.74972032603189,0.35332632132570485,0.2991870497561155,1,251.86217257570226,0.2598044172329295,65.43490496904984,1.7850290306866847,0.16396741562340802
MPF,1972,baseline,452.40535552759815,0.07306636915862885,10.562725323081846,31.876872568392358,0.3363940483114808,0.3010664071019711,1,251.86217257570226,0.2598044172329295,65.43490496904984,1.7962417734311356,0.281236054170398
MPF,1973,baseline,442.26669765566714,0.08726983450498693,13.087333574409003,36.9603261537428,0.27675836977081736,0.2943193399838583,1,251.86217257570226,0.2598044172329295,65.43490496904984,1.7559869873779277,0.33590589195696596
MPF,1974,baseline,429.40188611198147,0.09126066017896761,10.384908379192531,37.45253790144035,0.3074281473060157,0.2857580739816367,1,251.86217257570226,0.2598044172329295,65.43490496904984,1.7049082111880698,0.3512667765658011
MPF,1975,baseline,424.4028591078651,0.12377804433906103,21.666142729886182,49.41070656369321,0.2496560837197481,0.2824313249041863,1,251.86217257570226,0.2598044172329295,65.43490496904984,1.685059946746478,0.47642779001746893
MPF,1976,baseline,403.90994060130964,0.14527427622365963,23.161002322938373,54.61465410338573,0.3049788247945242,0.26879371148865333,1,251.86217257570226,0.2598044172329295,65.43490496904984,1.6036943399267565,0.5591678454543478
MPF,1977,baseline,389.33621702612623,0.21120177971804122,8.47705060925174,74.12545473643947,0.25205216008968545,0.2590951998745261,1,251.86217257570226,0.2598044172329295,65.43490496904984,1.5458304557787588,0.8129260540196541
MPF,1978,baseline,358.9771000640866,0.19396720880445084,12.426692030163808,63.29307847095796,0.2779830310265632,0.23889183544730677,1,251.86217257570226,0.2598044172329295,65.43490496904984,1.42529184272874,0.7465893415913254
MPF,1979,baseline,344.8505682079885,0.20065897164933766,30.41701094823399,62.69679541160465,0.27516098552419255,0.22949092067306173,1,251.86217257570226,0.2598044172329295,65.43490496904984,1.3692034999989398,0.7723462664202334
MPF,1980,baseline,332.9712468306075,0.17125292052153185,16.485857674097897,52.40686611965289,0.2568443128295602,0.22158547799383696,1,251.86217257570226,0.2598044172329295,65.43490496904984,1.3220375391248016,0.6591609270753616
MPF,1981,baseline,333.2289438686225,0.18616533758353615,27.834362279091483,56.60349105559373,0.20716566275952547,0.22175697004274408,1,251.86217257570226,0.2598044172329295,65.43490496904984,1.323060706023505,0.7165595549386994
MPF,1982,baseline,328.93557801185756,0.18528882490450282,31.247081636730794,55.634757498363584,0.21490839204916296,0.21889982386381995,1,251.86217257570226,0.2598044172329295,65.43490496904984,1.306014216616786,0.7131858144597318
MPF,1983,baseline,327.7928906252548,0.20099512373829942,26.66540147690135,59.68570304996451,0.20731861503061838,0.21813938904199073,1,251.86217257570226,0.2598044172329295,65.43490496904984,1.3014772614443721,0.7736401323696348
MPF,1984,baseline,323.7228317449522,0.26345416934383437,42.63832126808554,74.97652647066776,0.25204553628428744,0.2154308490372926,1,251.86217257570226,0.2598044172329295,65.43490496904984,1.2853173957579944,1.014048075663135
MPF,1985,baseline,301.54462597091697,0.222607749552183,43.31764502322696,60.17963604678978,0.23467428193168274,0.20067171180168206,1,251.86217257570226,0.2598044172329295,65.43490496904984,1.197260481346327,0.8568281937739435
MPF,1986,baseline,297.4417764724595,0.2764701621577501,37.98036176881741,71.84520224666791,0.2076027243307778,0.1979413503188031,1,251.86217257570226,0.2598044172329295,65.43490496904984,1.1809704229524873,1.0641472731769561
MPF,1987,baseline,280.1828288185416,0.2741023514031875,39.47873259148295,67.17264013770018,0.164742807049585,0.18645587761818413,1,251.86217257570226,0.2598044172329295,65.43490496904984,1.112445056568894,1.0550334529433312
MPF,1988,baseline,269.5468068627542,0.34911187887611295,40.72348727168244,79.43161207953116,0.12833622958629903,0.17937782498913815,1,251.86217257570226,0.2598044172329295,65.43490496904984,1.070215523459508,1.3437488191862195
MPF,1989,baseline,247.10959411175028,0.2610346901372873,40.93092243456882,56.772391651636816,0.10012823478475641,0.16444632396734005,1,251.86217257570226,0.2598044172329295,65.43490496904984,0.9811302411340731,1.004735381012613
MPF,1990,baseline,248.05815544384888,0.34509401733438594,31.790126755565588,72.39483708795828,NA,0.16507757191496378,1,251.86217257570226,0.2598044172329295,65.43490496904984,0.9848964332636732,1.3282838721906312
MPF,1991,baseline,236.58387516461747,0.17808282780107731,23.846323586967046,38.593193137758504,0.11291315329193038,0.15744167570918052,1,251.86217257570226,0.2598044172329295,65.43490496904984,0.9393386579062698,0.6854495766383213
MPF,1992,baseline,257.8204543199604,0.22168510417595044,40.48436706867634,51.26305739338889,NA,0.17157417990551002,1,251.86217257570226,0.2598044172329295,65.43490496904984,1.0236569139514877,0.8532768862709408
MPF,1993,baseline,266.66782504324703,0.24295706686568863,29.89721453870003,57.51886699462195,NA,0.17746192213361142,1,251.86217257570226,0.2598044172329295,65.43490496904984,1.0587847405433408,0.9351537185292108
MPF,1994,baseline,268.5783670404522,0.2303287035385333,33.90581097944299,55.25396153373349,NA,0.17873334831742654,1,251.86217257570226,0.2598044172329295,65.43490496904984,1.0663704052649094,0.8865465260047155
MPF,1995,baseline,272.28754605924354,0.27651151359593484,44.253395990724954,65.7778947391819,NA,0.18120173023828867,1,251.86217257570226,0.2598044172329295,65.43490496904984,1.0810974243359313,1.0643064368995176
MPF,1996,baseline,264.8219517721764,0.20626150346528682,35.16783399832658,49.35744017817915,NA,0.1762335316495096,1,251.86217257570226,0.2598044172329295,65.43490496904984,1.051455838183,0.7939106873628002
MPF,1997,baseline,273.61570006370306,0.21140173938763152,35.38083324963786,52.13779613285843,NA,0.18208558925833587,1,251.86217257570226,0.2598044172329295,65.43490496904984,1.0863707609028201,0.8136957086380012
MPF,1998,baseline,280.24786311270003,0.22576593061585548,43.162666642990025,56.636735360542204,NA,0.1864991565958564,1,251.86217257570226,0.2598044172329295,65.43490496904984,1.1127032703907367,0.8689841882612928
MPF,1999,baseline,279.6232369469894,0.26385965225684416,37.992523629621665,64.84984905316679,NA,0.1860834808015832,1,251.86217257570226,0.2598044172329295,65.43490496904984,1.110223238715782,1.0156087993695615
MPF,2000,baseline,270.9104344000953,0.20397795871917612,35.34878250557317,49.98829983142437,NA,0.18028529091162668,1,251.86217257570226,0.2598044172329295,65.43490496904984,1.0756297050469845,0.7851212111466843
MPF,2001,baseline,278.62493526178633,0.23035478354507166,25.800591249574712,57.326588641873954,NA,0.18541913167773738,1,251.86217257570226,0.2598044172329295,65.43490496904984,1.106259556218352,0.8866469092345933
MPF,2002,baseline,277.8607260670266,0.2840119189275754,29.12843773467283,68.69893260880625,NA,0.18491056626459743,1,251.86217257570226,0.2598044172329295,65.43490496904984,1.1032253205213256,1.093175866493996
MPF,2003,baseline,265.1400532234093,0.3203664398953574,34.11683319712996,72.67939707125079,0.17380519480519468,0.17644522158608197,1,251.86217257570226,0.2598044172329295,65.43490496904984,1.05271883630606,1.2331062085373652
MPF,2004,baseline,246.5605449473327,0.3505303906220245,35.49358825794774,72.90439555157056,0.2328339920948616,0.16408094310428467,1,251.86217257570226,0.2598044172329295,65.43490496904984,0.9789502823145224,1.3492087407726943
MPF,2005,baseline,227.23401711281593,0.3123708728625001,31.21287445346246,60.96459025552555,0.11832661290322577,0.15121953855678866,1,251.86217257570226,0.2598044172329295,65.43490496904984,0.9022157427968511,1.202330877163038
MPF,2006,baseline,217.05833603905683,0.2979173828984143,33.54444800237452,55.92233035381245,0.1253849372384937,0.1444478332636021,1,251.86217257570226,0.2598044172329295,65.43490496904984,0.861813958877908,1.1466986823065226
MPF,2007,baseline,215.12138469696984,0.3106756047122641,31.36715698817668,57.44782086726273,0.17824186046511625,0.14315883220698686,1,251.86217257570226,0.2598044172329295,65.43490496904984,0.8541234378191936,1.1958057065431864
MPF,2008,baseline,213.5746330659256,0.32032601741186717,37.68174921630898,58.5381717475211,0.1372822580645161,0.14212950098765476,1,251.86217257570226,0.2598044172329295,65.43490496904984,0.8479821756549465,1.2329506204071834
MPF,2009,baseline,210.26453239340213,0.33852375146140457,34.824028763824145,60.38337971182565,0.10015289256198344,0.1399266974521832,1,251.86217257570226,0.2598044172329295,65.43490496904984,0.8348396674383601,1.302994595191577
MPF,2010,baseline,201.97722633832706,0.3666512710224774,38.81538709528626,61.99664907873276,0.10226907630522082,0.13441166667708074,1,251.86217257570226,0.2598044172329295,65.43490496904984,0.8019355359035455,1.4112588035551126
MPF,2011,baseline,194.85568523510298,0.3718519348974656,59.37948543040171,60.51120168098801,0.09471480375575088,0.129672428366172,1,251.86217257570226,0.2598044172329295,65.43490496904984,0.7736599872953736,1.4312764149967439
MPF,2012,baseline,187.8516807776129,0.3594257538557075,52.51042595180648,56.71672816264432,0.2653379667441039,0.12501140826201435,1,251.86217257570226,0.2598044172329295,65.43490496904984,0.7458511091861176,1.3834474320483234
MPF,2013,baseline,185.27675981739966,0.39771974241026076,57.98601679613935,60.798514554725436,0.11337955077709173,0.12329785161952304,1,251.86217257570226,0.2598044172329295,65.43490496904984,0.7356275772683212,1.530842880372131
MPF,2014,baseline,178.24338611951174,0.43430735965579714,59.578696513623214,62.79280209895882,0.05657093837215155,0.11861728689331824,1,251.86217257570226,0.2598044172329295,65.43490496904984,0.7077020907771971,1.6716704214709934
MPF,2015,baseline,169.09536095026854,0.7157723737636035,23.655677541525826,86.43911041234227,0.14918956006837605,0.1125294653498033,1,251.86217257570226,0.2598044172329295,65.43490496904984,0.6713805380974529,2.755043125852139
MPF,2016,baseline,136.6909177808866,0.6132601326061895,12.673793899375866,62.661528273741055,0.07872484909507042,0.09096497863463511,1,251.86217257570226,0.2598044172329295,65.43490496904984,0.5427211096569151,2.3604684598428776
MPF,2017,baseline,122.13038783550124,0.5583793293498509,9.564790116218354,52.25525046461926,0.11957211972120065,0.08127524710825752,1,251.86217257570226,0.2598044172329295,65.43490496904984,0.48490960983349923,2.149229544658711
MPF,2018,baseline,114.26793445023084,0.5188591375667686,4.584536211186541,46.25575114481573,0.1108619298161498,0.07604294699777467,1,251.86217257570226,0.2598044172329295,65.43490496904984,0.45369232418530536,1.997114379705029
MPF,2019,baseline,110.85381450270546,0.5552585428046015,7.8297882852695615,47.23216559490214,0.11601638667606916,0.07377092078619739,1,251.86217257570226,0.2598044172329295,65.43490496904984,0.4401368151836541,2.137217483514841
MPF,2020,baseline,105.4782140319112,0.43095837264199854,6.248829350700176,36.92940330408819,0.05797671431916668,0.07019356985526004,1,251.86217257570226,0.2598044172329295,65.43490496904984,0.41879339383609737,1.6587800054824307
MPF,2021,baseline,109.19995011519929,0.4224101065837482,7.223449251617125,37.62318584675633,0.058825327510917014,0.07267030824282972,1,251.86217257570226,0.2598044172329295,65.43490496904984,0.4335702697965771,1.625877308333189
MPF,2022,baseline,113.28424141809174,0.4368663016213157,14.595169483128725,40.09607334757808,0.11967652359302518,0.07538831963039529,1,251.86217257570226,0.2598044172329295,65.43490496904984,0.44978664425695714,1.6815199151507885
MPF,2023,baseline,116.10828611210867,0.4945656519219286,16.409302991006935,45.30130460390123,0.06544736842105262,0.07726766296516091,1,251.86217257570226,0.2598044172329295,65.43490496904984,0.4609993034075412,1.9036075567511317
NTU,1971,baseline,64.95628038677934,0.05309620671723181,2.53125294530225,3.35896874291544,0.9771614493618557,0.74519751155488,1,46.15851045232837,0.4924268330501844,22.729689120353903,1.4072438592632868,0.10782557560550451
NTU,1972,baseline,75.16919502899687,0.11429703762565069,2.4708815633269623,8.11880217478561,0.9303334508773676,0.8623630655519021,1,46.15851045232837,0.4924268330501844,22.729689120353903,1.6285013162768798,0.2321096860576694
NTU,1973,baseline,76.57760324671256,0.1436362512872229,2.7883425679991385,10.24587112514594,0.7654046511835734,0.8785207379562595,1,46.15851045232837,0.4924268330501844,22.729689120353903,1.6590137440808546,0.2916905449638334
NTU,1974,baseline,75.26948480992858,0.1560704545787246,3.6935811063133146,10.87652226510382,0.8502251767403818,0.8635136193511604,1,46.15851045232837,0.4924268330501844,22.729689120353903,1.6306740419551768,0.3169414095734687
NTU,1975,baseline,74.10438666071114,0.23288197170587477,4.635281342089064,15.395403041260671,0.6904504020370188,0.8501472714577126,1,46.15851045232837,0.4924268330501844,22.729689120353903,1.605432799597048,0.4729270544892122
NTU,1976,baseline,69.53280362862554,0.2805119976234236,4.035750243044676,17.007940638887444,0.8434513153243868,0.7977007292743938,1,46.15851045232837,0.4924268330501844,22.729689120353903,1.5063918429611738,0.569652136716189
NTU,1977,baseline,65.78069963423191,0.43802107175087546,5.783226347494325,23.331612631827753,0.6970770055961444,0.7546554911069949,1,46.15851045232837,0.4924268330501844,22.729689120353903,1.4251044713015373,0.8895150352341495
NTU,1978,baseline,57.69164488575331,0.42844004092879473,3.3965122597198665,20.10411590150639,0.7687915818915709,0.6618554811078954,1,46.15851045232837,0.4924268330501844,22.729689120353903,1.2498593286569795,0.8700582750029208
NTU,1979,baseline,56.421568606661594,0.4633500623012843,7.174110126989509,20.92267800970019,0.7609869154774896,0.6472847933002132,1,46.15851045232837,0.4924268330501844,22.729689120353903,1.2223437899915057,0.9409520992818503
NTU,1980,baseline,55.14389015586487,0.41314248996003844,6.101914392450222,18.66245651966895,0.7103302127143958,0.632626891147694,1,46.15851045232837,0.4924268330501844,22.729689120353903,1.1946635542500104,0.838992642624603
NTU,1981,baseline,56.950017132118916,0.47594873972973595,9.192651196896284,21.567237490159034,0.5729386322551904,0.6533473098699858,1,46.15851045232837,0.4924268330501844,22.729689120353903,1.2337923510537847,0.966536971150861
NTU,1982,baseline,55.60952378734238,0.5002532307343373,18.723601189627356,21.889182746243673,0.5943519720434376,0.6379687768192129,1,46.15851045232837,0.4924268330501844,22.729689120353903,1.2047512634701425,1.0158935239894924
NTU,1983,baseline,54.66136152707536,0.5692045525196123,56.232795151712466,23.724372104122732,0.5733616379977109,0.627091181108775,1,46.15851045232837,0.4924268330501844,22.729689120353903,1.184209823744823,1.1559170100334546
NTU,1984,baseline,52.18293935902817,0.7964827624615687,42.73286800208528,28.65301832403511,0.697058686759159,0.5986579946452976,1,46.15851045232837,0.4924268330501844,22.729689120353903,1.1305161030471664,1.6174641774251104
NTU,1985,baseline,45.58679227657972,0.7024198366976551,52.19728842672929,23.003774572023477,0.6490166387828434,0.522985059519982,1,46.15851045232837,0.4924268330501844,22.729689120353903,0.9876140245829832,1.4264450869720777
NTU,1986,baseline,46.41635388071902,0.9182314025499698,57.604907353280915,27.885808931069707,0.57414737242723,0.5325020336971534,1,46.15851045232837,0.4924268330501844,22.729689120353903,1.0055860430907306,1.8647062688730258
NTU,1987,baseline,42.624707065749426,0.9509336368070178,60.731571299775666,26.155367792210875,0.4556137213454794,0.4890031486873304,1,46.15851045232837,0.4924268330501844,22.729689120353903,0.9234419968939728,1.931116610597266
NTU,1988,baseline,41.45730432603325,1.3060408656960707,101.45473977024234,30.226917425860396,0.3549274665913786,0.47561036185534455,1,46.15851045232837,0.4924268330501844,22.729689120353903,0.8981508267873931,2.652253650773269
NTU,1989,baseline,36.71081242190204,1.0134285788467365,83.98005088711852,23.38580203941347,0.2769152625176885,0.42115721376077064,1,46.15851045232837,0.4924268330501844,22.729689120353903,0.7953205608707037,2.058028748290115
NTU,1990,baseline,39.2318428401044,1.4594387436061678,102.56854625944976,30.11567073380099,NA,0.4500792145744275,1,46.15851045232837,0.4924268330501844,22.729689120353903,0.8499373670348894,2.9637677024343487
NTU,1991,baseline,35.24108804235538,0.7658850703081743,18.598243671018505,18.856721747131644,0.3122733118460516,0.40429610435320934,1,46.15851045232837,0.4924268330501844,22.729689120353903,0.7634797504731377,1.5553276525654343
NTU,1992,baseline,42.6269933053873,1.0366554778017392,15.730003605536265,27.50980763564332,NA,0.4890293770994073,1,46.15851045232837,0.4924268330501844,22.729689120353903,0.923491527080616,2.1051969718638204
NTU,1993,baseline,41.71523160574005,1.1892492262360843,18.519251287912635,29.01503972332749,NA,0.47856937930300536,1,46.15851045232837,0.4924268330501844,22.729689120353903,0.9037386864730557,2.415078030719104
NTU,1994,baseline,39.29098361931881,1.2115536112925773,18.721637629970747,27.592707896582702,NA,0.4507576949498365,1,46.15851045232837,0.4924268330501844,22.729689120353903,0.8512186211012547,2.460372851308663
NTU,1995,baseline,38.25114816618637,1.4858127336545706,18.924023972028852,29.59421221603857,NA,0.4388283974671785,1,46.15851045232837,0.4924268330501844,22.729689120353903,0.8286911295738502,3.0173269081442355
NTU,1996,baseline,35.22702474455287,1.0990640948842416,11.777960939561407,23.48998722763743,NA,0.40413476607361143,1,46.15851045232837,0.4924268330501844,22.729689120353903,0.7631750764777098,2.231933804411981
NTU,1997,baseline,38.1390539228402,1.2088165857451436,10.707996539842256,26.752624910620263,NA,0.43754241941080263,1,46.15851045232837,0.4924268330501844,22.729689120353903,0.8262626663880215,2.4548146132847926
NTU,1998,baseline,38.07340930678537,1.4229560089957238,6.363602713006182,28.89769622484014,NA,0.4367893251104556,1,46.15851045232837,0.4924268330501844,22.729689120353903,0.8248405100963313,2.8896800773054276
NTU,1999,baseline,35.76147756130978,1.851979831389794,5.6509123140820305,30.149565811262253,NA,0.41026616563527424,1,46.15851045232837,0.4924268330501844,22.729689120353903,0.7747537173723046,3.76092387150855
NTU,2000,baseline,31.962146238495965,1.4916965116848102,4.737772684116217,24.770962745307312,NA,0.36667912169626177,1,46.15851045232837,0.4924268330501844,22.729689120353903,0.6924431903301095,3.029275440667929
NTU,2001,baseline,32.63721181335193,1.7241649581226657,4.264170522310156,26.817282326887657,NA,0.37442367208497856,1,46.15851045232837,0.4924268330501844,22.729689120353903,0.7070681331248551,3.5013627251847015
NTU,2002,baseline,32.08039884589043,2.2542997395372253,4.617371795375382,28.713656963480126,NA,0.3680357503123172,1,46.15851045232837,0.4924268330501844,22.729689120353903,0.6950050712538146,4.5779384636163485
NTU,2003,baseline,29.40211614156468,2.7135584878817434,10.595398117583246,27.452742402610806,0.3968874458874457,0.3373097051228479,1,46.15851045232837,0.4924268330501844,22.729689120353903,0.6369814765129959,5.510582092111942
NTU,2004,baseline,27.380470810211992,3.148162966214307,6.894148081238616,26.205002007670156,0.37725296442687734,0.3141167965819028,1,46.15851045232837,0.4924268330501844,22.729689120353903,0.5931835872063077,6.393158851060154
NTU,2005,baseline,26.42631956897543,3.041915655311075,8.21317149448886,25.164638754695844,0.2851290322580644,0.3031704935241741,1,46.15851045232837,0.4924268330501844,22.729689120353903,0.5725123993389697,6.177396216345233
NTU,2006,baseline,25.746374599960937,3.1287242391481005,6.5150786834450445,24.619362934589198,0.19346443514644343,0.2953699652936969,1,46.15851045232837,0.4924268330501844,22.729689120353903,0.5577817470204395,6.353683489927213
NTU,2007,baseline,25.838470516082577,3.501374230022862,6.541531516233725,25.05928782718295,0.415720930232558,0.29642651667117054,1,46.15851045232837,0.4924268330501844,22.729689120353903,0.559776956900896,7.110445643944079
NTU,2008,baseline,25.957528137270618,3.827355780794405,11.183864806159876,25.392508115450145,0.3748346774193546,0.29779238064171626,1,46.15851045232837,0.4924268330501844,22.729689120353903,0.5623562780276252,7.772435464345116
NTU,2009,baseline,25.163720035746515,4.254223446778613,10.630985321201107,24.806291619331862,0.2532024793388429,0.288685581139258,1,46.15851045232837,0.4924268330501844,22.729689120353903,0.5451588404642114,8.639300625490192
NTU,2010,baseline,24.93206333390188,4.780662853992938,10.237837932751889,24.722872464857566,0.3257202375269699,0.28602794747055477,1,46.15851045232837,0.4924268330501844,22.729689120353903,0.5401401191152223,9.708371951180267
NTU,2011,baseline,24.630768327681494,4.982276657044136,11.16456628971439,24.46183991553733,0.1701867797868954,0.2825714027370444,1,46.15851045232837,0.4924268330501844,22.729689120353903,0.5336127203047352,10.117800904924245
NTU,2012,baseline,25.10146274105944,4.996424905937775,16.818054033783767,24.93172466937906,0.2339093444661894,0.28797134718373135,1,46.15851045232837,0.4924268330501844,22.729689120353903,0.5438100687192614,10.146532582290407
NTU,2013,baseline,25.634993723766947,4.999979128239396,20.214220678746845,25.46226288957159,0.48206645966290834,0.29409217119464537,1,46.15851045232837,0.4924268330501844,22.729689120353903,0.5553687385610564,10.153750349607442
NTU,2014,baseline,25.874040081542223,4.999999865529504,21.204738063592554,25.699702147373998,0.23426333990365156,0.2968345811648544,1,46.15851045232837,0.4924268330501844,22.729689120353903,0.5605475529429061,10.153792462036572
NTU,2015,baseline,26.018648054607784,5,21.222231621787927,25.8433357830262,0.23257557306410256,0.2984935662704945,1,46.15851045232837,0.4924268330501844,22.729689120353903,0.5636804090868431,10.153792735113681
NTU,2016,baseline,26.201717642340213,4.999999999999999,21.47987204555026,26.025171857578883,0.1993840475176056,0.300593794307064,1,46.15851045232837,0.4924268330501844,22.729689120353903,0.5676465160070719,10.15379273511368
NTU,2017,baseline,26.79192975488094,4.999999999982652,24.33776102946128,26.61140715218344,0.5005212978763105,0.3073648808738437,1,46.15851045232837,0.4924268330501844,22.729689120353903,0.5804331528971485,10.15379273507845
NTU,2018,baseline,26.571264189817867,4.999999999995407,20.665315889067482,26.392228420004688,0.515669359008297,0.3048333407519077,1,46.15851045232837,0.4924268330501844,22.729689120353903,0.5756525487810132,10.153792735104354
NTU,2019,baseline,26.282073042428586,4.999999999999994,21.62213909391252,26.10498582724028,0.347744517636968,0.3015156550390717,1,46.15851045232837,0.4924268330501844,22.729689120353903,0.5693873737449178,10.153792735113669
NTU,2020,baseline,26.8483152511991,4.999999999996336,19.21884220654894,26.66741272601844,0.3415946700420802,0.30801175183526397,1,46.15851045232837,0.4924268330501844,22.729689120353903,0.5816547151998661,10.15379273510624
NTU,2021,baseline,27.974489498548728,4.999999999994893,25.55696140398437,27.78599887097726,0.4298561958845015,0.32093155330334405,1,46.15851045232837,0.4924268330501844,22.729689120353903,0.6060526915711513,10.153792735103309
NTU,2022,baseline,28.240001069604848,4.999999999999977,25.352094438302128,28.04972143914117,0.262905487759869,0.323977579967154,1,46.15851045232837,0.4924268330501844,22.729689120353903,0.6118048609642761,10.153792735113633
NTU,2023,baseline,27.897638639796387,5,27.51800634464764,27.70966582923974,0.31066452314777493,0.3200498976980339,1,46.15851045232837,0.4924268330501844,22.729689120353903,0.6043877578893828,10.153792735113681
SAR,1971,baseline,205.05841783466443,NA,NA,NA,NA,1.8210361334700662,0,208.83523830027428,0.4344519296594295,90.72887226044097,0.9819148315372938,NA
SAR,1972,baseline,205.05841783466443,0.080305504543837,5.131016513530002,15.823461338005224,2.401529112001412,1.8210361334700662,1,208.83523830027428,0.4344519296594295,90.72887226044097,0.9819148315372938,0.18484324515899642
SAR,1973,baseline,237.85377644661736,0.10708592666952654,17.428583335173855,24.154415154740736,1.9757878753528053,2.112277691232536,1,208.83523830027428,0.4344519296594295,90.72887226044097,1.1389542223933429,0.2464850984859754
SAR,1974,baseline,262.1913148322074,0.15675611731315264,36.721138064723014,38.04067406316206,2.1947405113435177,2.3284089638126666,1,208.83523830027428,0.4344519296594295,90.72887226044097,1.2554936464085384,0.36081349077223585
SAR,1975,baseline,271.2376034856256,0.25517911246971625,42.819288585409595,61.088753327631714,1.78230368834018,2.4087451854885655,1,208.83523830027428,0.4344519296594295,90.72887226044097,1.2988114730696259,0.5873586812464
SAR,1976,baseline,263.4892256107165,0.33554201719885146,76.16860347297697,75.1074810097717,2.177254710552593,2.33993515449844,1,208.83523830027428,0.4344519296594295,90.72887226044097,1.2617086453190332,0.772334047317699
SAR,1977,baseline,245.59018527038748,0.48052155496114235,164.94426636825227,93.70229597831286,1.7994093630269543,2.1809814301970154,1,208.83523830027428,0.4344519296594295,90.72887226044097,1.1759997367746193,1.1060407887653467
SAR,1978,baseline,215.0915857190776,0.3936508076381253,52.86078001071175,69.99304396884027,1.9845307757482682,1.9101364076437373,1,208.83523830027428,0.4344519296594295,90.72887226044097,1.0299582937713205,0.9060859919455565
SAR,1979,baseline,218.38124782628176,0.47495447068361063,113.00610089615093,82.56702980302038,1.9643840922282896,1.9393504902811847,1,208.83523830027428,0.4344519296594295,90.72887226044097,1.0457107220203983,1.0932267490581327
SAR,1980,baseline,209.23987181064348,0.5141176195225574,67.40374637876808,84.10855925746469,1.833620712400503,1.8581698383972127,1,208.83523830027428,0.4344519296594295,90.72887226044097,1.0019375729578137,1.183370551318712
SAR,1981,baseline,205.04292852633205,0.6347173294747597,103.73071873842552,96.35268488516449,1.478963057228048,1.8208985795454162,1,208.83523830027428,0.4344519296594295,90.72887226044097,0.9818406615434822,1.4609610089022274
SAR,1982,baseline,189.41203356810442,0.6648532522491122,76.92721430892306,91.98814318696955,1.5342386778543475,1.6820872846081947,1,208.83523830027428,0.4344519296594295,90.72887226044097,0.9069926852850276,1.530326387939619
SAR,1983,baseline,179.91492164270412,0.750944564506999,83.3169907389554,95.00936698130958,1.4800549889480654,1.597747494209013,1,208.83523830027428,0.4344519296594295,90.72887226044097,0.8615161076600156,1.728487119612222
SAR,1984,baseline,166.05216760022677,1.048350922150103,65.62159348648291,107.84834229391701,1.7993620754439088,1.4746383027535623,1,208.83523830027428,0.4344519296594295,90.72887226044097,0.795134810349718,2.413042388767646
SAR,1985,baseline,140.52313772941892,0.9575873911052968,57.71312908301201,86.58786009114651,1.6753480708883546,1.2479259037304637,1,208.83523830027428,0.4344519296594295,90.72887226044097,0.6728899723683959,2.2041273745888468
SAR,1986,baseline,138.50759575554108,1.3552233639063558,78.17398693983351,102.7879155477206,1.482083255377712,1.2300267372309128,1,208.83523830027428,0.4344519296594295,90.72887226044097,0.6632386223841571,3.1193862229331715
SAR,1987,baseline,122.2248666789047,1.4350599742005805,59.14103913082155,93.12299347186618,1.17610477684812,1.0854267821880232,1,208.83523830027428,0.4344519296594295,90.72887226044097,0.5852693619798176,3.3031501904607397
SAR,1988,baseline,114.35601142710641,2.0902411568834913,70.20782581220955,100.21505451045948,0.9161969215062222,1.0155468431253702,1,208.83523830027428,0.4344519296594295,90.72887226044097,0.5475896326590215,4.811213886245248
SAR,1989,baseline,97.77955177266249,1.6951827349213886,85.63481208735102,79.83058165581676,0.7148190402769924,0.8683383924091947,1,208.83523830027428,0.4344519296594295,90.72887226044097,0.4682138539860304,3.9018879171517464
SAR,1990,baseline,96.69726527044523,2.5958315245980033,67.24895267729748,89.48521268344183,NA,0.8587270687282833,1,208.83523830027428,0.4344519296594295,90.72887226044097,0.4630313641388855,5.974956830397548
SAR,1991,baseline,83.20288918039168,1.3883240114432494,58.589685295962795,62.444342262868325,0.8060910296111038,0.7388892843636566,1,208.83523830027428,0.4344519296594295,90.72887226044097,0.3984140313559448,3.1955756590414226
SAR,1992,baseline,97.23131834266697,1.9518270995497509,80.91476953499618,83.4230748936999,NA,0.8634697657215401,1,208.83523830027428,0.4344519296594295,90.72887226044097,0.4655886579968016,4.492619243467981
SAR,1993,baseline,92.36694667985778,2.161848889237831,76.0382694535082,81.73439397064243,NA,0.8202713608077481,1,208.83523830027428,0.4344519296594295,90.72887226044097,0.44229578988507545,4.976037028843495
SAR,1994,baseline,91.20993755347888,2.3930545392394458,97.39919877749828,82.8778892867941,NA,0.8099964574502598,1,208.83523830027428,0.4344519296594295,90.72887226044097,0.4367554934494936,5.508214777905075
SAR,1995,baseline,88.89276661426626,2.8014125046903504,119.04706302782324,83.49482191913772,NA,0.7894186530748492,1,208.83523830027428,0.4344519296594295,90.72887226044097,0.42565980405304765,6.448152979516976
SAR,1996,baseline,84.07297991219052,1.903174666238753,131.91186896649853,71.53815750330102,NA,0.7466161881344672,1,208.83523830027428,0.4344519296594295,90.72887226044097,0.4025804294163515,4.3806334747567295
SAR,1997,baseline,90.61849785935169,2.1954526017879212,123.5839365226023,80.53191852906608,NA,0.8047441344042365,1,208.83523830027428,0.4344519296594295,90.72887226044097,0.4339234058241438,5.053384395159563
SAR,1998,baseline,90.94061323786688,2.818946586236598,101.26624681744427,85.51429911095939,NA,0.8076047033563266,1,208.83523830027428,0.4344519296594295,90.72887226044097,0.4354658436863404,6.488512062649586
SAR,1999,baseline,83.39355129780165,3.980102380848997,101.85736395693397,81.83544900313959,NA,0.7405824731083753,1,208.83523830027428,0.4344519296594295,90.72887226044097,0.39932701002258064,9.161203136947814
SAR,2000,baseline,75.28728073342002,3.3172179867210296,103.40126380964361,72.55784957866838,NA,0.6685941501645887,1,208.83523830027428,0.4344519296594295,90.72887226044097,0.36051042604777267,7.6354085694162395
SAR,2001,baseline,73.63744980119269,4.01036366342866,93.13606380355442,72.30263833009157,NA,0.6539427070615556,1,208.83523830027428,0.4344519296594295,90.72887226044097,0.3526102701849239,9.23085706299525
SAR,2002,baseline,70.01385012911362,4.923978353731838,88.93045395489534,69.5048389359831,NA,0.621763067689683,1,208.83523830027428,0.4344519296594295,90.72887226044097,0.335258793961027,11.333770246093245
SAR,2003,baseline,66.28645470041728,4.999773695024968,82.45217426500291,65.83971899480423,0.46843722943722943,0.5886616625824808,1,208.83523830027428,0.4344519296594295,90.72887226044097,0.3174102955034204,11.508232220177574
SAR,2004,baseline,58.31047316094121,4.999998409911508,83.32024696716347,57.91757965854837,0.6455849802371542,0.5178303807621604,1,208.83523830027428,0.4344519296594295,90.72887226044097,0.279217595821158,11.508749457807792
SAR,2005,baseline,60.15089764258195,4.999999306193393,92.82124848586433,59.74560380111542,0.48249596774193537,0.5341744036868519,1,208.83523830027428,0.4344519296594295,90.72887226044097,0.28803040201526636,11.508751520825179
SAR,2006,baseline,62.363324635939755,4.999999917160361,76.32760267516113,61.94312382503895,0.43390376569037653,0.5538220218637244,1,208.83523830027428,0.4344519296594295,90.72887226044097,0.2986245288080668,11.508752927118778
SAR,2007,baseline,67.26134239954834,4.9999999993008934,67.73532582874174,66.80813903904847,0.4710279069767441,0.5973192234129,1,208.83523830027428,0.4344519296594295,90.72887226044097,0.3220785100589032,11.5087531161858
SAR,2008,baseline,72.50715144794964,4.999999999998324,66.81281425393523,72.01860210443074,0.7211129032258063,0.6439050106597581,1,208.83523830027428,0.4344519296594295,90.72887226044097,0.3471978773222891,11.50875311779111
SAR,2009,baseline,77.07372100332113,4.999999999999998,70.00861247381272,76.55440235617176,0.570784297520661,0.6844587623864528,1,208.83523830027428,0.4344519296594295,90.72887226044097,0.369064730792705,11.508753117794965
SAR,2010,baseline,81.40452444182498,5,63.047011933970815,80.85602507064401,0.5156506024096383,0.7229187760340307,1,208.83523830027428,0.4344519296594295,90.72887226044097,0.3898026267232605,11.508753117794969
SAR,2011,baseline,84.9314500171302,5,30.6532614452248,84.35918640835379,0.8944797573037846,0.7542398940866872,1,208.83523830027428,0.4344519296594295,90.72887226044097,0.40669118252452824,11.508753117794969
SAR,2012,baseline,86.44665086907828,5,41.956491020985744,85.86417791726873,0.8138371018072605,0.7676957450095538,1,208.83523830027428,0.4344519296594295,90.72887226044097,0.4139466671078793,11.508753117794969
SAR,2013,baseline,89.78655221409802,5,44.132004224667284,89.18157518404425,0.7238373368960961,0.7973559808376196,1,208.83523830027428,0.4344519296594295,90.72887226044097,0.4299396641336851,11.508753117794969
SAR,2014,baseline,92.62128130697944,5,45.38405487499373,91.99720402254167,0.7653203032683538,0.8225299978872296,1,208.83523830027428,0.4344519296594295,90.72887226044097,0.44351366206599524,11.508753117794969
SAR,2015,baseline,94.98683407888738,5,47.79218714253262,94.34681782525077,1.133882127504273,0.8435374606325431,1,208.83523830027428,0.4344519296594295,90.72887226044097,0.4548410261218,11.508753117794969
SAR,2016,baseline,98.57201854096307,5,41.266668504935055,97.90784550443826,1.0930731531190845,0.8753759509492844,1,208.83523830027428,0.4344519296594295,90.72887226044097,0.4720085524993203,11.508753117794969
SAR,2017,baseline,105.75518332996634,5,38.55163500623659,105.04261050980675,1.4374682284505669,0.939166566187483,1,208.83523830027428,0.4344519296594295,90.72887226044097,0.5064048777912948,11.508753117794969
SAR,2018,baseline,110.57373702796772,5,34.67147472786409,109.8286970483789,0.9698245108921388,0.9819580813458672,1,208.83523830027428,0.4344519296594295,90.72887226044097,0.5294783482324903,11.508753117794969
SAR,2019,baseline,116.06358309344168,5,38.836681247100884,115.28155282203085,1.2096015716470407,1.030711057000235,1,208.83523830027428,0.4344519296594295,90.72887226044097,0.5557662779428028,11.508753117794969
SAR,2020,baseline,117.50421425977646,5,30.73796934540446,116.71247709192144,1.285029171299113,1.0435046864283817,1,208.83523830027428,0.4344519296594295,90.72887226044097,0.5626646882784347,11.508753117794969
SAR,2021,baseline,124.84110965657531,5,17.52245451363676,123.99993687639866,1.7757065090593287,1.1086605174649473,1,208.83523830027428,0.4344519296594295,90.72887226044097,0.5977971470364221,11.508753117794969
SAR,2022,baseline,129.3376386646238,5,28.093854926618324,128.4661685103114,0.9396314451618436,1.148592269037588,1,208.83523830027428,0.4344519296594295,90.72887226044097,0.6193286138743278,11.508753117794969
SAR,2023,baseline,127.66512598265928,5,30.655010180700213,126.80492513015399,0.7877984966191534,1.133739399013008,1,208.83523830027428,0.4344519296594295,90.72887226044097,0.6113198472716355,11.508753117794969
SCP,1971,baseline,256.1922330661528,NA,NA,NA,4.865921294493222,3.92636659511412,0,449.85489101561444,0.13579376498457066,61.087489347734014,0.5694997168703906,NA
SCP,1972,baseline,256.1922330661528,NA,NA,NA,4.6327342861918055,3.92636659511412,0,449.85489101561444,0.13579376498457066,61.087489347734014,0.5694997168703906,NA
SCP,1973,baseline,256.1922330661528,NA,NA,NA,3.811446709784304,3.92636659511412,0,449.85489101561444,0.13579376498457066,61.087489347734014,0.5694997168703906,NA
SCP,1974,baseline,256.1922330661528,NA,NA,NA,4.233823177651019,3.92636659511412,0,449.85489101561444,0.13579376498457066,61.087489347734014,0.5694997168703906,NA
SCP,1975,baseline,256.1922330661528,0.23505370137577675,24.43880443401464,53.664997985722174,3.438200838006252,3.92636659511412,1,449.85489101561444,0.13579376498457066,61.087489347734014,0.5694997168703906,1.7309609274216997
SCP,1976,baseline,257.76313913702927,0.2768557493559056,77.44295725358303,62.33644393114661,4.200091723619997,3.95044208345712,1,449.85489101561444,0.13579376498457066,61.087489347734014,0.572991745305004,2.0387957384299855
SCP,1977,baseline,249.28681364091295,0.34946582032860896,119.20031602567373,73.52350102783191,3.471198999558339,3.8205350957278252,1,449.85489101561444,0.13579376498457066,61.087489347734014,0.5541493904359044,2.573504169122319
SCP,1978,baseline,224.18702730547793,0.25103545093186863,24.66778109681269,49.770687979683004,3.8283124367998154,3.4358592551198606,1,449.85489101561444,0.13579376498457066,61.087489347734014,0.4983540954714137,1.8486522629399966
SCP,1979,baseline,221.34524704344219,0.2707447957844433,21.166393537729977,52.500625885860444,3.7894479354162462,3.3923065253670015,1,449.85489101561444,0.13579376498457066,61.087489347734014,0.49203699118113914,1.9937940141449517
SCP,1980,baseline,210.70928249122798,0.26464126970151725,38.68213401590253,48.99386543292516,3.5371953226625137,3.2293012093008873,1,449.85489101561444,0.13579376498457066,61.087489347734014,0.46839389033988355,1.9488469866903437
SCP,1981,baseline,205.78358421832525,0.29188939338601383,57.22832369577307,52.09388014637773,2.853033439815907,3.1538106414375644,1,449.85489101561444,0.13579376498457066,61.087489347734014,0.4574443633451181,2.1495051221179358
SCP,1982,baseline,196.7191642436281,0.2849920320404733,45.58384801175639,48.782369884758936,2.9596643615841547,3.014890599378576,1,449.85489101561444,0.13579376498457066,61.087489347734014,0.43729471029981526,2.0987122057692047
SCP,1983,baseline,189.35033208805663,0.2789148373439998,42.92481505704157,46.087050014153725,2.8551398600513425,2.9019569008258665,1,449.85489101561444,0.13579376498457066,61.087489347734014,0.42091424561500274,2.0539590854977106
SCP,1984,baseline,182.8936004351648,0.33712870416009455,47.181680973054405,52.34104606090066,3.471107778175184,2.8030019279442944,1,449.85489101561444,0.13579376498457066,61.087489347734014,0.40656132474686507,2.4826523088037233
SCP,1985,baseline,168.28854744643758,0.2743206922894865,37.93512944282249,40.37439458451569,3.231875229212385,2.579166913554912,1,449.85489101561444,0.13579376498457066,61.087489347734014,0.37409518226310956,2.020127303493321
SCP,1986,baseline,162.92055773082777,0.34684271775937603,35.72445093467191,47.74932647897125,2.859052541926902,2.4968978484468995,1,449.85489101561444,0.13579376498457066,61.087489347734014,0.36216246835287336,2.5541873575622964
SCP,1987,baseline,149.4493307177274,0.33636112182704103,49.961223474954934,42.68794666619242,2.2687965332710256,2.2904396935434352,1,449.85489101561444,0.13579376498457066,61.087489347734014,0.33221675189597977,2.4769997493276623
SCP,1988,baseline,138.191785502271,0.436039769726869,22.636388135424255,48.83808106080607,1.7674142986457215,2.117908118530615,1,449.85489101561444,0.13579376498457066,61.087489347734014,0.3071919151313048,3.21104411367056
SCP,1989,baseline,118.27806484584056,0.317063965016791,13.941919265471023,32.138022687230226,1.3789408838579995,1.8127132005033657,1,449.85489101561444,0.13579376498457066,61.087489347734014,0.2629249280335937,2.334893395531208
SCP,1990,baseline,110.9365998739174,0.43284402687956547,12.258411172533078,38.976281100226984,NA,1.7001989276076828,1,449.85489101561444,0.13579376498457066,61.087489347734014,0.24660529892975377,3.187510317051351
SCP,1991,baseline,95.12012109947894,0.209618504108521,4.066040106058822,17.98782942117255,1.5550115682581902,1.4577977698167235,1,449.85489101561444,0.13579376498457066,61.087489347734014,0.21144623077172972,1.5436533785799265
SCP,1992,baseline,97.45636150848841,0.26136573877549285,12.935393062103683,22.41503628526088,NA,1.4936026659695354,1,449.85489101561444,0.13579376498457066,61.087489347734014,0.21663955078595712,1.924725622013574
SCP,1993,baseline,96.04581993990381,0.2565108799589586,12.58588516141727,21.73069560466001,NA,1.4719849017241986,1,449.85489101561444,0.13579376498457066,61.087489347734014,0.21350400286427043,1.88897391561464
SCP,1994,baseline,95.03943541802441,0.2565962639455437,14.775932003194924,21.50927622707558,NA,1.456561192264877,1,449.85489101561444,0.13579376498457066,61.087489347734014,0.21126687142037898,1.8896026925440872
SCP,1995,baseline,93.96544274536535,0.26490657994897937,16.965978844972575,21.86786093375063,NA,1.440101329673192,1,449.85489101561444,0.13579376498457066,61.087489347734014,0.2088794511786331,1.9508007601017539
SCP,1996,baseline,92.23663708707693,0.16128548934498443,11.450789208321403,13.738732783715108,NA,1.4136058941757574,1,449.85489101561444,0.13579376498457066,61.087489347734014,0.20503642158661203,1.187723820481082
SCP,1997,baseline,98.17382131388595,0.16633082757801354,10.308552155937424,15.043562005907589,NA,1.5045983553373805,1,449.85489101561444,0.13579376498457066,61.087489347734014,0.21823442019768624,1.2248782379434917
SCP,1998,baseline,103.91279073492325,0.19055282187945366,3.5953595169258517,18.02865106058047,NA,1.592553003905215,1,449.85489101561444,0.13579376498457066,61.087489347734014,0.23099179937851658,1.4032516286819567
SCP,1999,baseline,107.89585418033009,0.24109948641395285,18.74112232059579,23.115235589894084,NA,1.6535968812745472,1,449.85489101561444,0.13579376498457066,61.087489347734014,0.23984590661388414,1.7754827435659315
SCP,2000,baseline,107.13128262441323,0.18005708263581166,27.97162877351325,17.652821350061032,NA,1.6418791637590782,1,449.85489101561444,0.13579376498457066,61.087489347734014,0.23814631065263822,1.3259598675702846
SCP,2001,baseline,111.633720369865,0.19440911109450898,31.959662260156094,19.723333455859784,NA,1.7108828995427385,1,449.85489101561444,0.13579376498457066,61.087489347734014,0.2481549552964407,1.431649760330295
SCP,2002,baseline,114.7151697563242,0.21922241892111316,24.96376374097963,22.58247682252671,NA,1.7581087650216665,1,449.85489101561444,0.13579376498457066,61.087489347734014,0.255004829440306,1.6143776479429814
SCP,2003,baseline,115.48492142000194,0.2406447904309017,24.70984871435392,24.699820938126223,1.085307359307359,1.7699058721494905,1,449.85489101561444,0.13579376498457066,61.087489347734014,0.25671594046532986,1.772134313075748
SCP,2004,baseline,112.82993944761907,0.24509149555501875,29.235872016780267,24.5255136243924,2.5774071146245054,1.729215987049412,1,449.85489101561444,0.13579376498457066,61.087489347734014,0.250814077385907,1.804880331456064
SCP,2005,baseline,110.77181485098978,0.22646347472201445,24.848389717647013,22.448078296968596,1.75216129032258,1.6976734552244859,1,449.85489101561444,0.13579376498457066,61.087489347734014,0.24623899186892445,1.6677015675038245
SCP,2006,baseline,110.44707360169772,0.21377786453205783,23.510072530482823,21.257997241891275,1.7344225941422589,1.6926965159238057,1,449.85489101561444,0.13579376498457066,61.087489347734014,0.24551711186766692,1.5742833594484105
SCP,2007,baseline,111.15641837569984,0.21715761476644246,23.493976273187428,21.697387119959032,1.138623255813953,1.703567835447148,1,449.85489101561444,0.13579376498457066,61.087489347734014,0.24709394205928864,1.599172206405181
SCP,2008,baseline,111.48688361760436,0.21552207251588484,14.643668873403044,21.61502382148616,1.625983870967741,1.7086324998639069,1,449.85489101561444,0.13579376498457066,61.087489347734014,0.24782854614719452,1.5871278960442197
SCP,2009,baseline,112.00204562741526,0.21824122228852083,17.558939466691346,21.960073969977735,1.4316985123966943,1.7165278013029286,1,449.85489101561444,0.13579376498457066,61.087489347734014,0.24897371989121636,1.6071520096178062
SCP,2010,baseline,112.16977321426515,0.22050082377491886,27.150482108658085,22.19649368965518,1.3683585781004493,1.7190983710122627,1,449.85489101561444,0.13579376498457066,61.087489347734014,0.249346568092269,1.6237919598147448
SCP,2011,baseline,112.19435976898355,0.23033651950195821,28.20637793861581,23.08216395916807,2.0679004632803353,1.7194751811363633,1,449.85489101561444,0.13579376498457066,61.087489347734014,0.24940122250463492,1.6962230889476393
SCP,2012,baseline,111.04267324422239,0.22335651638221155,25.20345427809947,22.227451202757706,1.8263510605983355,1.7018245933541114,1,449.85489101561444,0.13579376498457066,61.087489347734014,0.24684109356580963,1.6448215896185665
SCP,2013,baseline,110.58286240951796,0.24027361928031432,30.292573486832232,23.619100099337413,1.865489591411553,1.6947775963400027,1,449.85489101561444,0.13579376498457066,61.087489347734014,0.2458189621098943,1.769400968502604
SCP,2014,baseline,108.80779244881438,0.2452158491565486,31.919770729098207,23.661820172905536,1.946835128150035,1.6675731205669317,1,449.85489101561444,0.13579376498457066,61.087489347734014,0.24187308979383235,1.805796084852724
SCP,2015,baseline,106.67481140330587,0.41137850353329863,22.942417141250594,35.97756973247772,1.6336057506538455,1.6348833491992976,1,449.85489101561444,0.13579376498457066,61.087489347734014,0.2371316029541695,3.029435877118812
SCP,2016,baseline,91.73860235903759,0.27156957880585875,21.04120413286423,21.81706801097461,1.394336493954225,1.405973083079273,1,449.85489101561444,0.13579376498457066,61.087489347734014,0.20392932074590547,1.9998678056883936
SCP,2017,baseline,87.28582622867529,0.19840419721949587,29.10469395017021,15.708103148817374,1.7570958168813389,1.3377304543136244,1,449.85489101561444,0.13579376498457066,61.087489347734014,0.19403107084512192,1.4610700074634444
SCP,2018,baseline,86.80886617691078,0.19880061849118835,30.169608885003587,15.650482909657313,1.2441045134099813,1.330420630779792,1,449.85489101561444,0.13579376498457066,61.087489347734014,0.19297081772508204,1.4639892966645174
SCP,2019,baseline,86.25501142179644,0.20351246152446745,29.13031624531915,15.882994577236556,1.9560199988394813,1.3219323296982188,1,449.85489101561444,0.13579376498457066,61.087489347734014,0.1917396323669237,1.4986878193383268
SCP,2020,baseline,85.56367402468312,0.18049018612763135,22.963361091557434,14.129910356419197,0.951875864518764,1.3113369887329913,1,449.85489101561444,0.13579376498457066,61.087489347734014,0.19020283147641318,1.3291492886152707
SCP,2021,baseline,86.26347763630575,0.16159238856416636,24.132467067269523,12.87155251549854,1.439682798305725,1.322062081726368,1,449.85489101561444,0.13579376498457066,61.087489347734014,0.1917584522456855,1.1899838595868302
SCP,2022,baseline,87.57540483008688,0.16383168192865583,13.35526453152262,13.233966713079308,1.3023615838579825,1.3421684957547508,1,449.85489101561444,0.13579376498457066,61.087489347734014,0.19467478642362288,1.2064742585734398
SCP,2023,baseline,90.79646941255774,0.18386100392298932,17.413014370634077,15.249135593835371,1.2720672101834425,1.3915340843440551,1,449.85489101561444,0.13579376498457066,61.087489347734014,0.20183501663741207,1.353972356123127
ANC,1971,post_1987,325.7518711363169,NA,NA,NA,NA,5.036620963401527,0,617.0379220591815,0.28273332087372244,174.45718080881352,0.5279284457091655,NA
ANC,1972,post_1987,325.7518711363169,NA,NA,NA,16.17089495242375,5.036620963401527,0,617.0379220591815,0.28273332087372244,174.45718080881352,0.5279284457091655,NA
ANC,1973,post_1987,325.7518711363169,NA,NA,NA,13.30413111418653,5.036620963401527,0,617.0379220591815,0.28273332087372244,174.45718080881352,0.5279284457091655,NA
ANC,1974,post_1987,325.7518711363169,NA,NA,NA,14.778466802422814,5.036620963401527,0,617.0379220591815,0.28273332087372244,174.45718080881352,0.5279284457091655,NA
ANC,1975,post_1987,325.7518711363169,NA,NA,NA,12.001289334130506,5.036620963401527,0,617.0379220591815,0.28273332087372244,174.45718080881352,0.5279284457091655,NA
ANC,1976,post_1987,325.7518711363169,NA,NA,NA,14.660724716209504,5.036620963401527,0,617.0379220591815,0.28273332087372244,174.45718080881352,0.5279284457091655,NA
ANC,1977,post_1987,325.7518711363169,NA,NA,NA,12.116471809773966,5.036620963401527,0,617.0379220591815,0.28273332087372244,174.45718080881352,0.5279284457091655,NA
ANC,1978,post_1987,325.7518711363169,NA,NA,NA,13.363002157293186,5.036620963401527,0,617.0379220591815,0.28273332087372244,174.45718080881352,0.5279284457091655,NA
ANC,1979,post_1987,325.7518711363169,NA,NA,NA,13.22734279709089,5.036620963401527,0,617.0379220591815,0.28273332087372244,174.45718080881352,0.5279284457091655,NA
ANC,1980,post_1987,325.7518711363169,NA,NA,NA,12.346836761060883,5.036620963401527,0,617.0379220591815,0.28273332087372244,174.45718080881352,0.5279284457091655,NA
ANC,1981,post_1987,325.7518711363169,NA,NA,NA,9.958720099386484,5.036620963401527,0,617.0379220591815,0.28273332087372244,174.45718080881352,0.5279284457091655,NA
ANC,1982,post_1987,325.7518711363169,NA,NA,NA,10.330923063785692,5.036620963401527,0,617.0379220591815,0.28273332087372244,174.45718080881352,0.5279284457091655,NA
ANC,1983,post_1987,325.7518711363169,NA,NA,NA,9.966072711957942,5.036620963401527,0,617.0379220591815,0.28273332087372244,174.45718080881352,0.5279284457091655,NA
ANC,1984,post_1987,325.7518711363169,NA,NA,NA,12.11615339492146,5.036620963401527,0,617.0379220591815,0.28273332087372244,174.45718080881352,0.5279284457091655,NA
ANC,1985,post_1987,325.7518711363169,NA,NA,NA,11.281094835657951,5.036620963401527,0,617.0379220591815,0.28273332087372244,174.45718080881352,0.5279284457091655,NA
ANC,1986,post_1987,325.7518711363169,NA,NA,NA,9.97973021175898,5.036620963401527,0,617.0379220591815,0.28273332087372244,174.45718080881352,0.5279284457091655,NA
ANC,1987,post_1987,325.7518711363169,NA,NA,NA,7.919398813202289,5.036620963401527,0,617.0379220591815,0.28273332087372244,174.45718080881352,0.5279284457091655,NA
ANC,1988,post_1987,325.7518711363169,NA,NA,NA,6.169287767269189,5.036620963401527,0,617.0379220591815,0.28273332087372244,174.45718080881352,0.5279284457091655,NA
ANC,1989,post_1987,325.7518711363169,NA,NA,NA,4.813293144166062,5.036620963401527,0,617.0379220591815,0.28273332087372244,174.45718080881352,0.5279284457091655,NA
ANC,1990,post_1987,325.7518711363169,NA,NA,NA,NA,5.036620963401527,0,617.0379220591815,0.28273332087372244,174.45718080881352,0.5279284457091655,NA
ANC,1991,post_1987,325.7518711363169,NA,NA,NA,5.427880635212803,5.036620963401527,0,617.0379220591815,0.28273332087372244,174.45718080881352,0.5279284457091655,NA
ANC,1992,post_1987,325.7518711363169,NA,NA,NA,NA,5.036620963401527,0,617.0379220591815,0.28273332087372244,174.45718080881352,0.5279284457091655,NA
ANC,1993,post_1987,325.7518711363169,NA,NA,NA,NA,5.036620963401527,0,617.0379220591815,0.28273332087372244,174.45718080881352,0.5279284457091655,NA
ANC,1994,post_1987,325.7518711363169,NA,NA,NA,NA,5.036620963401527,0,617.0379220591815,0.28273332087372244,174.45718080881352,0.5279284457091655,NA
ANC,1995,post_1987,325.7518711363169,NA,NA,NA,NA,5.036620963401527,0,617.0379220591815,0.28273332087372244,174.45718080881352,0.5279284457091655,NA
ANC,1996,post_1987,325.7518711363169,NA,NA,NA,NA,5.036620963401527,0,617.0379220591815,0.28273332087372244,174.45718080881352,0.5279284457091655,NA
ANC,1997,post_1987,325.7518711363169,NA,NA,NA,NA,5.036620963401527,0,617.0379220591815,0.28273332087372244,174.45718080881352,0.5279284457091655,NA
ANC,1998,post_1987,325.7518711363169,NA,NA,NA,NA,5.036620963401527,0,617.0379220591815,0.28273332087372244,174.45718080881352,0.5279284457091655,NA
ANC,1999,post_1987,325.7518711363169,NA,NA,NA,NA,5.036620963401527,0,617.0379220591815,0.28273332087372244,174.45718080881352,0.5279284457091655,NA
ANC,2000,post_1987,325.7518711363169,NA,NA,NA,NA,5.036620963401527,0,617.0379220591815,0.28273332087372244,174.45718080881352,0.5279284457091655,NA
ANC,2001,post_1987,325.7518711363169,0.5049725822754478,59.07378840254825,129.15341049095568,NA,5.036620963401527,1,617.0379220591815,0.28273332087372244,174.45718080881352,0.5279284457091655,1.7860384503494176
ANC,2002,post_1987,321.2182378298393,0.5867480119430519,60.516048655113245,142.57821259171678,NA,4.9665240750179604,1,617.0379220591815,0.28273332087372244,174.45718080881352,0.5205810313211683,2.0752701171897314
ANC,2003,post_1987,301.95256754536985,0.7630543039703719,65.09730700298701,161.1701388184686,4.619813852813851,4.668647416657538,1,617.0379220591815,0.28273332087372244,174.45718080881352,0.4893582010935284,2.6988481641015203
ANC,2004,post_1987,259.91337978577013,0.5527934670779739,69.21864450729872,110.37471992903306,3.889292490118572,4.0186574300589095,1,617.0379220591815,0.28273332087372244,174.45718080881352,0.42122756234881986,1.9551762253196496
ANC,2005,post_1987,254.42009483297844,0.6197388938748345,64.5718748182197,117.52047934319725,3.284314516129031,3.9337228629767433,1,617.0379220591815,0.28273332087372244,174.45718080881352,0.41232489242140363,2.1919556278675385
ANC,2006,post_1987,237.43810723581845,0.5733719916291848,60.70978522322353,103.61283684310933,3.0604728033472792,3.6711554234292096,1,617.0379220591815,0.28273332087372244,174.45718080881352,0.38480310325731526,2.0279604464635095
ANC,2007,post_1987,227.2377754380813,0.48863580190128,56.38354556889612,87.8358742973316,3.461148837209301,3.5134427300625606,1,617.0379220591815,0.28273332087372244,174.45718080881352,0.36827197699574515,1.7282568619477294
ANC,2008,post_1987,227.74929380484076,0.47822694719461634,53.47939635857474,86.57171978900294,4.5688346774193525,3.521351584492771,1,617.0379220591815,0.28273332087372244,174.45718080881352,0.36910096715740726,1.6914417646875357
ANC,2009,post_1987,221.84315390956837,0.4559361481676101,50.20688425750259,81.22691497804725,6.26608909090909,3.4300336500614357,1,617.0379220591815,0.28273332087372244,174.45718080881352,0.3595292055457993,1.6126013968167743
ANC,2010,post_1987,223.3656458255864,0.4285223562493101,49.99311436581805,77.84939937905553,4.443626735838689,3.4535736981172662,1,617.0379220591815,0.28273332087372244,174.45718080881352,0.3619966258802533,1.5156415060137238
ANC,2011,post_1987,232.64830738125346,0.4143430261395844,49.151555037471255,78.92029666309858,2.6398291142673544,3.5970978093505965,1,617.0379220591815,0.28273332087372244,174.45718080881352,0.37704053359452944,1.4654906074004732
ANC,2012,post_1987,239.14039723796068,0.26985364578052984,47.28348759595372,56.55880208718769,1.6210895000512866,3.6974754242343337,1,617.0379220591815,0.28273332087372244,174.45718080881352,0.3875619126291304,0.9544458535930929
ANC,2013,post_1987,277.8288405739307,0.22561267475726954,41.43733386245384,56.113886113302634,5.25953372129402,4.295657789442532,1,617.0379220591815,0.28273332087372244,174.45718080881352,0.4502621810451441,0.7979698822199851
ANC,2014,post_1987,332.3107457446613,0.24299946115714732,47.80050220407145,71.68875370238612,3.881145234022571,5.138031172446451,1,617.0379220591815,0.28273332087372244,174.45718080881352,0.5385580591800136,0.8594652388555167
ANC,2015,post_1987,383.88068356766365,0.209479230961918,35.153258184059965,72.55096046371963,2.93538333759829,5.9353810971440595,1,617.0379220591815,0.28273332087372244,174.45718080881352,0.6221346692705295,0.7409074753360181
ANC,2016,post_1987,439.9345247067525,0.4094287174542339,50.086899276701985,147.8050265188969,6.891503458917371,6.8020590086952435,1,617.0379220591815,0.28273332087372244,174.45718080881352,0.7129780990422779,1.4481091800180765
ANC,2017,post_1987,444.24928339356876,0.29908343623572264,47.840635655870976,114.83953301414752,13.891529698336257,6.868771761497647,1,617.0379220591815,0.28273332087372244,174.45718080881352,0.7199707951676912,1.0578287529445554
ANC,2018,post_1987,485.0615984224512,0.23568998697621968,47.91563930383419,101.85054031507896,17.190188776339156,7.49979242370406,1,617.0379220591815,0.28273332087372244,174.45718080881352,0.7861131076088511,0.8336123462486624
ANC,2019,post_1987,542.0961840028535,0.23556757160034714,47.487002058204745,113.77391579236249,11.169724519839384,8.381634140748142,1,617.0379220591815,0.28273332087372244,174.45718080881352,0.8785459768724877,0.8331793750817188
ANC,2020,post_1987,593.2095035686932,0.18257499228119123,40.37138740689973,98.99351833623247,5.958320968763964,9.171924050477072,1,617.0379220591815,0.28273332087372244,174.45718080881352,0.9613825704407795,0.6457498243114222
ANC,2021,post_1987,662.9601013303171,0.16487839012444372,46.40023632532494,100.77204188721562,10.34666461209007,10.250374718068084,1,617.0379220591815,0.28273332087372244,174.45718080881352,1.0744235931527255,0.5831586797584554
ANC,2022,post_1987,730.5284370611495,0.1595733480737307,55.464190470807395,107.74751274954733,9.670712896110878,11.29508428494468,1,617.0379220591815,0.28273332087372244,174.45718080881352,1.1839279417758102,0.5643952668210662
ANC,2023,post_1987,784.7814250981307,0.1701502769282035,51.413918652641755,122.78843777169317,11.620189588654467,12.133918259776664,1,617.0379220591815,0.28273332087372244,174.45718080881352,1.2718528262884636,0.6018048258422216
CMA,1971,post_1987,299.28079371720355,NA,NA,NA,0.04971053422961269,0.011015529175881273,0,175.52891361336367,0.3193978910019893,56.06356481797873,1.7050227655167245,NA
CMA,1972,post_1987,299.28079371720355,NA,NA,NA,0.04732828222500525,0.011015529175881273,0,175.52891361336367,0.3193978910019893,56.06356481797873,1.7050227655167245,NA
CMA,1973,post_1987,299.28079371720355,NA,NA,NA,0.03893796069934382,0.011015529175881273,0,175.52891361336367,0.3193978910019893,56.06356481797873,1.7050227655167245,NA
CMA,1974,post_1987,299.28079371720355,NA,NA,NA,0.04325298319825541,0.011015529175881273,0,175.52891361336367,0.3193978910019893,56.06356481797873,1.7050227655167245,NA
CMA,1975,post_1987,299.28079371720355,NA,NA,NA,0.03512485922027091,0.011015529175881273,0,175.52891361336367,0.3193978910019893,56.06356481797873,1.7050227655167245,NA
CMA,1976,post_1987,299.28079371720355,NA,NA,NA,0.04290838070702289,0.011015529175881273,0,175.52891361336367,0.3193978910019893,56.06356481797873,1.7050227655167245,NA
CMA,1977,post_1987,299.28079371720355,NA,NA,NA,0.03546197035299838,0.011015529175881273,0,175.52891361336367,0.3193978910019893,56.06356481797873,1.7050227655167245,NA
CMA,1978,post_1987,299.28079371720355,NA,NA,NA,0.03911026194496009,0.011015529175881273,0,175.52891361336367,0.3193978910019893,56.06356481797873,1.7050227655167245,NA
CMA,1979,post_1987,299.28079371720355,NA,NA,NA,0.03871321994419217,0.011015529175881273,0,175.52891361336367,0.3193978910019893,56.06356481797873,1.7050227655167245,NA
CMA,1980,post_1987,299.28079371720355,NA,NA,NA,0.03613619261845331,0.011015529175881273,0,175.52891361336367,0.3193978910019893,56.06356481797873,1.7050227655167245,NA
CMA,1981,post_1987,299.28079371720355,NA,NA,NA,0.02914675513323715,0.011015529175881273,0,175.52891361336367,0.3193978910019893,56.06356481797873,1.7050227655167245,NA
CMA,1982,post_1987,299.28079371720355,NA,NA,NA,0.03023610281596567,0.011015529175881273,0,175.52891361336367,0.3193978910019893,56.06356481797873,1.7050227655167245,NA
CMA,1983,post_1987,299.28079371720355,NA,NA,NA,0.02916827444456141,0.011015529175881273,0,175.52891361336367,0.3193978910019893,56.06356481797873,1.7050227655167245,NA
CMA,1984,post_1987,299.28079371720355,NA,NA,NA,0.03546103843005606,0.011015529175881273,0,175.52891361336367,0.3193978910019893,56.06356481797873,1.7050227655167245,NA
CMA,1985,post_1987,299.28079371720355,NA,NA,NA,0.03301702483133401,0.011015529175881273,0,175.52891361336367,0.3193978910019893,56.06356481797873,1.7050227655167245,NA
CMA,1986,post_1987,299.28079371720355,NA,NA,NA,0.02920824662958724,0.011015529175881273,0,175.52891361336367,0.3193978910019893,56.06356481797873,1.7050227655167245,NA
CMA,1987,post_1987,299.28079371720355,NA,NA,NA,0.02317815700283375,0.011015529175881273,0,175.52891361336367,0.3193978910019893,56.06356481797873,1.7050227655167245,NA
CMA,1988,post_1987,299.28079371720355,0.08138067883873035,9.274665069138054,23.390979187601733,0.0180560070073812,0.011015529175881273,1,175.52891361336367,0.3193978910019893,56.06356481797873,1.7050227655167245,0.2547940394453747
CMA,1989,post_1987,302.7598811763006,0.061028993201645676,15.568471040689177,17.924607299769562,0.01408734006553113,0.011143582797148194,1,175.52891361336367,0.3193978910019893,56.06356481797873,1.724843360240853,0.19107512892521125
CMA,1990,post_1987,310.0503389245958,0.08105827462373938,11.77955478964684,24.140534109546625,NA,0.011411920263894423,1,175.52891361336367,0.3193978910019893,56.06356481797873,1.7663775872705596,0.25378462697248844
CMA,1991,post_1987,306.8740840095483,0.04138792933196456,9.840194626305028,12.44164008942531,0.01588608839169339,0.011295012899902989,1,175.52891361336367,0.3193978910019893,56.06356481797873,1.748282249871937,0.129581097740269
CMA,1992,post_1987,316.87794736551075,0.0509888438905044,18.710330895639707,15.752233448962308,NA,0.011663221789288863,1,175.52891361336367,0.3193978910019893,56.06356481797873,1.805274930735888,0.15964051525370537
CMA,1993,post_1987,319.23214256072026,0.052457856815062875,19.69130015597158,16.314579029861992,NA,0.011749871873099635,1,175.52891361336367,0.3193978910019893,56.06356481797873,1.818686938744979,0.16423983467923448
CMA,1994,post_1987,318.8533579281127,0.051262513620318195,22.182518656482358,15.93334392915409,NA,0.011735930072424624,1,175.52891361336367,0.3193978910019893,56.06356481797873,1.8165289772740734,0.16049734536286878
CMA,1995,post_1987,318.74225558058953,0.05768015969714213,25.170861863325182,17.864925547315842,NA,0.011731840765070651,1,175.52891361336367,0.3193978910019893,56.06356481797873,1.8158960197445357,0.18059029606047988
CMA,1996,post_1987,316.69558198612185,0.03980519935146454,7.968826580649219,12.358532106665553,NA,0.01165650952709396,1,175.52891361336367,0.3193978910019893,56.06356481797873,1.8042359829315928,0.12462574260146451
CMA,1997,post_1987,319.6746704388302,0.0406078462287045,7.301494181005964,12.721260306735722,NA,0.011766159850326356,1,175.52891361336367,0.3193978910019893,56.06356481797873,1.821208049763103,0.12713874252992982
CMA,1998,post_1987,321.4330606434524,0.04389608049696925,6.69220994314111,13.804454246841185,NA,0.011830880336933667,1,175.52891361336367,0.3193978910019893,56.06356481797873,1.8312257167583843,0.13743384578796689
CMA,1999,post_1987,320.59211292070506,0.05274944682317084,11.964880516826527,16.472772345048494,NA,0.011799927852277844,1,175.52891361336367,0.3193978910019893,56.06356481797873,1.8264347811487691,0.16515277122741648
CMA,2000,post_1987,318.2078618565465,0.040441619173269494,8.300876306158102,12.612095483099246,NA,0.011712171512040782,1,175.52891361336367,0.3193978910019893,56.06356481797873,1.8128515428373286,0.1266183037289298
CMA,2001,post_1987,321.5091256141748,0.046229861775111125,4.3786057775439735,14.524991453682318,NA,0.011833680035149674,1,175.52891361336367,0.3193978910019893,56.06356481797873,1.8316590640010497,0.14474066071658312
CMA,2002,post_1987,322.8090495236467,0.054069785511587476,4.401538974735122,16.99073416757808,NA,0.011881525904486495,1,175.52891361336367,0.3193978910019893,56.06356481797873,1.839064817746756,0.16928660781686475
CMA,2003,post_1987,320.9987387351342,0.059987507477493374,3.698963318876295,18.689734690349436,0.00145021645021645,0.011814894394122635,1,175.52891361336367,0.3193978910019893,56.06356481797873,1.8287513557008388,0.18781435058730478
CMA,2004,post_1987,316.95113216286,0.06305291766217191,5.505772299754969,19.367682976951162,0.01075098814229249,0.011665915477916252,1,175.52891361336367,0.3193978910019893,56.06356481797873,1.8056918694375679,0.1974118159151502
CMA,2005,post_1987,315.0934946849594,0.05676383886315506,4.245039469282893,17.387750083359172,0.04241935483870967,0.01159754202975118,1,175.52891361336367,0.3193978910019893,56.06356481797873,1.7951087840662745,0.17772139535762158
CMA,2006,post_1987,314.91034247202987,0.05333128896095474,4.406905436320217,16.354592556881855,0.02696652719665271,0.011590800806834419,1,175.52891361336367,0.3193978910019893,56.06356481797873,1.7940653536184967,0.16697445557216462
CMA,2007,post_1987,316.9067993894847,0.054560184755392704,4.233389806011124,16.827269948967352,0.01339534883720929,0.011664283736191373,1,175.52891361336367,0.3193978910019893,56.06356481797873,1.805439302652628,0.17082199442279
CMA,2008,post_1987,318.2945553713998,0.05513466760507857,6.94718383056268,17.074053412696028,0.0139516129032258,0.01171536241156482,1,175.52891361336367,0.3193978910019893,56.06356481797873,1.8133454416091528,0.1726206376382591
CMA,2009,post_1987,318.26983605184967,0.057159420044727405,5.61706576601713,17.681960011236217,0.01735537190082644,0.011714452575746992,1,175.52891361336367,0.3193978910019893,56.06356481797873,1.813204613986847,0.1789599169406269
CMA,2010,post_1987,317.71137063973646,0.05980713746604849,8.459606756436052,18.44435802550715,0.00935341365461847,0.011693897324056946,1,175.52891361336367,0.3193978910019893,56.06356481797873,1.8100229990573353,0.1872496317318388
CMA,2011,post_1987,315.60534702450025,0.06029909668993039,16.274198070940255,18.46831058311675,0.00293172690763052,0.011616381609498095,1,175.52891361336367,0.3193978910019893,56.06356481797873,1.7980248411932975,0.18878990246543245
CMA,2012,post_1987,315.46207212718684,0.057322125699343474,13.626150595528026,17.574442403325136,NA,0.011611108137746283,1,175.52891361336367,0.3193978910019893,56.06356481797873,1.797208594488615,0.17946933061930098
CMA,2013,post_1987,316.50020392391394,0.062400739031878594,16.56034104490941,19.146263799209013,NA,0.011649318311386972,1,175.52891361336367,0.3193978910019893,56.06356481797873,1.8031229010000414,0.19536991567514747
CMA,2014,post_1987,316.24841406500286,0.06625465913512851,17.00360335568238,20.27389508817183,NA,0.011640050765339072,1,175.52891361336367,0.3193978910019893,56.06356481797873,1.8016884372770692,0.20743611965401446
CMA,2015,post_1987,315.2417766561463,0.10713397221349208,16.1689019562463,32.0268925978974,NA,0.011602999795214773,1,175.52891361336367,0.3193978910019893,56.06356481797873,1.795953556406822,0.3354247953153355
CMA,2016,post_1987,301.5433457980534,0.08774828753911734,15.567230085898872,25.332230049504652,NA,0.01109880618189624,1,175.52891361336367,0.3193978910019893,56.06356481797873,1.717912676553453,0.2747303285686718
CMA,2017,post_1987,301.0610114140774,0.07931968466762562,12.846719476015311,22.957536802572854,NA,0.01108105305977562,1,175.52891361336367,0.3193978910019893,56.06356481797873,1.715164785200132,0.24834129123016532
CMA,2018,post_1987,300.79161531456947,0.07357364407380551,17.982103286848766,21.335834194491,NA,0.011071137486654004,1,175.52891361336367,0.3193978910019893,56.06356481797873,1.7136300175429848,0.23035106413193968
CMA,2019,post_1987,304.6384150161606,0.07764025485624959,18.27959541310741,22.757331054095673,NA,0.01121272537079564,1,175.52891361336367,0.3193978910019893,56.06356481797873,1.7355454935885124,0.2430831794558281
CMA,2020,post_1987,304.3537714106407,0.059884540952128695,14.699316843286983,17.691087943349576,NA,0.011202248587763931,1,175.52891361336367,0.3193978910019893,56.06356481797873,1.7339238598664073,0.18749197361405157
CMA,2021,post_1987,310.5323094206125,0.058058063103636925,13.858633624790206,17.515525915926958,NA,0.011429659992511297,1,175.52891361336367,0.3193978910019893,56.06356481797873,1.769123405529757,0.1817734704556184
CMA,2022,post_1987,313.9948349621763,0.059136761739845056,8.339584045748346,18.030257961097952,NA,0.011557104024758054,1,175.52891361336367,0.3193978910019893,56.06356481797873,1.7888496458982852,0.18515075836701983
CMA,2023,post_1987,317.02629842132734,0.06575076136229452,11.285729005970117,20.174217887983183,NA,0.011668682097527569,1,175.52891361336367,0.3193978910019893,56.06356481797873,1.8061200966562065,0.20585847062429416
DMF,1971,post_1987,265.0741077225119,NA,NA,NA,1.6747497608281134,0.5494166282074151,0,302.00069880765534,0.22931336722684992,69.25279714844518,0.8777268025175595,NA
DMF,1972,post_1987,265.0741077225119,NA,NA,NA,1.5944916015309247,0.5494166282074151,0,302.00069880765534,0.22931336722684992,69.25279714844518,0.8777268025175595,NA
DMF,1973,post_1987,265.0741077225119,NA,NA,NA,1.3118213549496314,0.5494166282074151,0,302.00069880765534,0.22931336722684992,69.25279714844518,0.8777268025175595,NA
DMF,1974,post_1987,265.0741077225119,NA,NA,NA,1.457194624620011,0.5494166282074151,0,302.00069880765534,0.22931336722684992,69.25279714844518,0.8777268025175595,NA
DMF,1975,post_1987,265.0741077225119,NA,NA,NA,1.183357823244383,0.5494166282074151,0,302.00069880765534,0.22931336722684992,69.25279714844518,0.8777268025175595,NA
DMF,1976,post_1987,265.0741077225119,NA,NA,NA,1.4455849537782792,0.5494166282074151,0,302.00069880765534,0.22931336722684992,69.25279714844518,0.8777268025175595,NA
DMF,1977,post_1987,265.0741077225119,NA,NA,NA,1.1947151099373816,0.5494166282074151,0,302.00069880765534,0.22931336722684992,69.25279714844518,0.8777268025175595,NA
DMF,1978,post_1987,265.0741077225119,NA,NA,NA,1.317626190370497,0.5494166282074151,0,302.00069880765534,0.22931336722684992,69.25279714844518,0.8777268025175595,NA
DMF,1979,post_1987,265.0741077225119,NA,NA,NA,1.3042498304876324,0.5494166282074151,0,302.00069880765534,0.22931336722684992,69.25279714844518,0.8777268025175595,NA
DMF,1980,post_1987,265.0741077225119,NA,NA,NA,1.2174296833233784,0.5494166282074151,0,302.00069880765534,0.22931336722684992,69.25279714844518,0.8777268025175595,NA
DMF,1981,post_1987,265.0741077225119,NA,NA,NA,0.9819552725552118,0.5494166282074151,0,302.00069880765534,0.22931336722684992,69.25279714844518,0.8777268025175595,NA
DMF,1982,post_1987,265.0741077225119,NA,NA,NA,1.0186554368037275,0.5494166282074151,0,302.00069880765534,0.22931336722684992,69.25279714844518,0.8777268025175595,NA
DMF,1983,post_1987,265.0741077225119,NA,NA,NA,0.9826802589600454,0.5494166282074151,0,302.00069880765534,0.22931336722684992,69.25279714844518,0.8777268025175595,NA
DMF,1984,post_1987,265.0741077225119,NA,NA,NA,1.1946837134185362,0.5494166282074151,0,302.00069880765534,0.22931336722684992,69.25279714844518,0.8777268025175595,NA
DMF,1985,post_1987,265.0741077225119,NA,NA,NA,1.1123448037014454,0.5494166282074151,0,302.00069880765534,0.22931336722684992,69.25279714844518,0.8777268025175595,NA
DMF,1986,post_1987,265.0741077225119,NA,NA,NA,0.9840269233713064,0.5494166282074151,0,302.00069880765534,0.22931336722684992,69.25279714844518,0.8777268025175595,NA
DMF,1987,post_1987,265.0741077225119,NA,NA,NA,0.7808729779011012,0.5494166282074151,0,302.00069880765534,0.22931336722684992,69.25279714844518,0.8777268025175595,NA
DMF,1988,post_1987,265.0741077225119,0.43960259691074555,38.440512303605374,94.28887096640088,0.6083075526295348,0.5494166282074151,1,302.00069880765534,0.22931336722684992,69.25279714844518,0.8777268025175595,1.917038689139589
DMF,1989,post_1987,236.9439447047107,0.41238335775558355,35.91390775697684,80.07036829399016,0.4746030146543525,0.49111150195817677,1,302.00069880765534,0.22931336722684992,69.25279714844518,0.784580782892892,1.7983398122082883
DMF,1990,post_1987,221.10056633236468,0.4163497221874799,32.783934813417424,75.29588497931007,NA,0.458273079527794,1,302.00069880765534,0.22931336722684992,69.25279714844518,0.7321193864958039,1.8156365118288238
DMF,1991,post_1987,207.98500081973023,0.3756195561639135,41.98881198372124,65.1276751670369,0.5352029131610898,0.431088569343463,1,302.00069880765534,0.22931336722684992,69.25279714844518,0.6886904621111363,1.6380185800173137
DMF,1992,post_1987,203.88953665077082,0.33505401996197737,34.92843868075572,58.04746427152848,NA,0.4225999389978336,1,302.00069880765534,0.22931336722684992,69.25279714844518,0.6751293538583113,1.4611185733037653
DMF,1993,post_1987,205.44342345969002,0.3482143232609207,47.018843709871994,60.41114015211854,NA,0.42582066567878907,1,302.00069880765534,0.22931336722684992,69.25279714844518,0.6802746625117487,1.518508613222042
DMF,1994,post_1987,204.8343732541337,0.38165687336015086,46.914875191978346,64.98794997980784,NA,0.4245582930041404,1,302.00069880765534,0.22931336722684992,69.25279714844518,0.6782579446433433,1.664346383185739
DMF,1995,post_1987,199.9786746536472,0.37477575209226366,46.81304995419363,62.50465077130539,NA,0.41449393185022676,1,302.00069880765534,0.22931336722684992,69.25279714844518,0.6621795096607174,1.6343388814377926
DMF,1996,post_1987,196.4681998837399,0.3512190316588528,38.32214004380404,58.188070059611924,NA,0.4072178035702489,1,302.00069880765534,0.22931336722684992,69.25279714844518,0.650555447915936,1.5316116801486188
DMF,1997,post_1987,196.10390613532522,0.34775265646480236,34.733590157553294,57.60090480614725,NA,0.4064627353191447,1,302.00069880765534,0.22931336722684992,69.25279714844518,0.6493491800170438,1.5164953559850067
DMF,1998,post_1987,195.81341737210937,0.392348028703009,37.091229720304845,63.5475260227574,NA,0.4058606419717806,1,302.00069880765534,0.22931336722684992,69.25279714844518,0.6483872989208651,1.7109688521335777
DMF,1999,post_1987,189.07087597321174,0.3586296389915642,33.60924533471825,56.979713247729116,NA,0.39188543936614106,1,302.00069880765534,0.22931336722684992,69.25279714844518,0.6260610545594507,1.563928188437385
DMF,2000,post_1987,189.40763470361284,0.3252004498189045,32.10824719196511,52.582866890377375,NA,0.39258343604248963,1,302.00069880765534,0.22931336722684992,69.25279714844518,0.6271761471129801,1.4181486834005521
DMF,2001,post_1987,194.03391382263595,0.31827548377733716,31.75343496876989,52.893184415565045,NA,0.402172281579153,1,302.00069880765534,0.22931336722684992,69.25279714844518,0.6424949166962571,1.3879499814002592
DMF,2002,post_1987,198.9580586999894,0.31436881426431196,29.550998155559324,53.66900557166987,NA,0.4123785106920789,1,302.00069880765534,0.22931336722684992,69.25279714844518,0.658799994455331,1.370913602054957
DMF,2003,post_1987,203.79552630968993,0.3230236531763655,33.7749236987644,56.256383434791296,0.218073593073593,0.4224050846416044,1,302.00069880765534,0.22931336722684992,69.25279714844518,0.6748180620584842,1.4086560111291375
DMF,2004,post_1987,205.6722856407917,0.29600434190568325,30.265089073499524,52.696489496738145,0.34598023715415005,0.4262950261847827,1,302.00069880765534,0.22931336722684992,69.25279714844518,0.6810324825499317,1.2908289886688498
DMF,2005,post_1987,212.68220324021516,0.2779883693774927,32.317975464770974,51.616773453229534,0.46099677419354823,0.44082441694488966,1,302.00069880765534,0.22931336722684992,69.25279714844518,0.704244076520077,1.2122641289484477
DMF,2006,post_1987,219.76015357614153,0.2596233459877313,30.02536131868693,50.24990397154593,0.7168786610878659,0.4554948185227573,1,302.00069880765534,0.22931336722684992,69.25279714844518,0.727680943930885,1.1321771126011029
DMF,2007,post_1987,229.18558440920276,0.2393731832193824,25.359363099740232,48.78877804398428,0.6185069767441858,0.4750308210097438,1,302.00069880765534,0.22931336722684992,69.25279714844518,0.7588909075841953,1.0438692960388163
DMF,2008,post_1987,242.71703006422342,0.23708977342555126,29.046584339321488,51.23259887478964,0.6899838709677415,0.5030773220823266,1,302.00069880765534,0.22931336722684992,69.25279714844518,0.8036969153465775,1.033911700363322
DMF,2009,post_1987,254.77989850683676,0.2524023403887963,31.66847936426229,56.833220993358324,0.5510971900826442,0.5280799168781494,1,302.00069880765534,0.22931336722684992,69.25279714844518,0.8436400959095344,1.1006874280429777
DMF,2010,post_1987,262.38206998333703,0.25572793856957254,34.353915511992604,59.205828850236955,0.42898203996489354,0.5438368667196848,1,302.00069880765534,0.22931336722684992,69.25279714844518,0.8688127908950586,1.1151898455033884
DMF,2011,post_1987,264.80437833410457,0.20810887639898734,44.70486860968686,49.75181432220818,0.3355715582423232,0.5488575626223964,1,302.00069880765534,0.22931336722684992,69.25279714844518,0.8768336609140062,0.9075305069028712
DMF,2012,post_1987,274.75269023723644,0.1803186848117484,36.09873423436038,45.333076774207264,1.1035647590943034,0.56947733582143,1,302.00069880765534,0.22931336722684992,69.25279714844518,0.9097750148327531,0.7863417950396534
DMF,2013,post_1987,292.3666326547059,0.18853321222396868,43.6615207590682,50.23648211548327,0.45009393262987313,0.6059855898172379,1,302.00069880765534,0.22931336722684992,69.25279714844518,0.9680991925151623,0.8221640740090865
DMF,2014,post_1987,303.379394828164,0.17963003779212272,37.2740874557621,49.88185640915993,0.5441553134091036,0.6288116391533183,1,302.00069880765534,0.22931336722684992,69.25279714844518,1.004565208047372,0.7833387122802239
DMF,2015,post_1987,314.8109562596082,0.17164925671725229,32.39921978300529,49.65370178561951,0.5828982109829055,0.6525057298012997,1,302.00069880765534,0.22931336722684992,69.25279714844518,1.0424179728806247,0.7485357648054027
DMF,2016,post_1987,323.47223894410695,0.18303632102518108,21.742425602070323,54.10464297109538,0.2810601831082906,0.6704578895552433,1,302.00069880765534,0.22931336722684992,69.25279714844518,1.0710976505061893,0.7981929847295429
DMF,2017,post_1987,329.3439003034928,0.22316303627772438,22.142770008933088,65.87391381349265,0.4091229897537634,0.6826280272339734,1,302.00069880765534,0.22931336722684992,69.25279714844518,1.0905401928001908,0.9731793613974484
DMF,2018,post_1987,323.64243802247853,0.22231353573427626,24.804659832728937,64.51349578055765,1.055181899380611,0.6708106595959175,1,302.00069880765534,0.22931336722684992,69.25279714844518,1.0716612223093127,0.9694748213886327
DMF,2019,post_1987,318.85102102216,0.21975470178798862,25.20099273820575,62.904307330504786,0.5974387098186917,0.6608795343145056,1,302.00069880765534,0.22931336722684992,69.25279714844518,1.0557956398148491,0.9583161437361595
DMF,2020,post_1987,313.0403894700727,0.18907341843672665,20.018052522370322,53.92880328195017,2.9020302341101365,0.6488358925475571,1,302.00069880765534,0.22931336722684992,69.25279714844518,1.0365551825078674,0.8245198294510429
DMF,2021,post_1987,319.0959735682352,0.1798789022741003,19.621224459202338,52.53233396900828,0.3833456358538275,0.661387245169752,1,302.00069880765534,0.22931336722684992,69.25279714844518,1.0566067390839644,0.784423971656889
DMF,2022,post_1987,326.7617925661774,0.1693013940422592,17.487408090396304,50.891707588462374,1.0582687169226213,0.6772761166347339,1,302.00069880765534,0.22931336722684992,69.25279714844518,1.0819901869640787,0.7382971001196653
DMF,2023,post_1987,336.3806797381585,0.17585293050366868,17.647014728687573,54.24430185836579,0.4915860924243927,0.6972130942691911,1,302.00069880765534,0.22931336722684992,69.25279714844518,1.1138407330388325,0.7668673336853707
LPF,1971,post_1987,409.2292703095431,NA,NA,NA,12.837852733417394,4.288959558630301,0,258.44439510845393,0.20305366493329927,52.478081608241226,1.583432560562258,NA
LPF,1972,post_1987,409.2292703095431,NA,NA,NA,12.222631012649396,4.288959558630301,0,258.44439510845393,0.20305366493329927,52.478081608241226,1.583432560562258,NA
LPF,1973,post_1987,409.2292703095431,NA,NA,NA,10.055812373466518,4.288959558630301,0,258.44439510845393,0.20305366493329927,52.478081608241226,1.583432560562258,NA
LPF,1974,post_1987,409.2292703095431,NA,NA,NA,11.170176245046283,4.288959558630301,0,258.44439510845393,0.20305366493329927,52.478081608241226,1.583432560562258,NA
LPF,1975,post_1987,409.2292703095431,NA,NA,NA,9.071070688337873,4.288959558630301,0,258.44439510845393,0.20305366493329927,52.478081608241226,1.583432560562258,NA
LPF,1976,post_1987,409.2292703095431,NA,NA,NA,11.081181908079843,4.288959558630301,0,258.44439510845393,0.20305366493329927,52.478081608241226,1.583432560562258,NA
LPF,1977,post_1987,409.2292703095431,NA,NA,NA,9.15813036580504,4.288959558630301,0,258.44439510845393,0.20305366493329927,52.478081608241226,1.583432560562258,NA
LPF,1978,post_1987,409.2292703095431,NA,NA,NA,10.100309541949738,4.288959558630301,0,258.44439510845393,0.20305366493329927,52.478081608241226,1.583432560562258,NA
LPF,1979,post_1987,409.2292703095431,NA,NA,NA,9.997772588488406,4.288959558630301,0,258.44439510845393,0.20305366493329927,52.478081608241226,1.583432560562258,NA
LPF,1980,post_1987,409.2292703095431,NA,NA,NA,9.332249720739378,4.288959558630301,0,258.44439510845393,0.20305366493329927,52.478081608241226,1.583432560562258,NA
LPF,1981,post_1987,409.2292703095431,NA,NA,NA,7.527212407920071,4.288959558630301,0,258.44439510845393,0.20305366493329927,52.478081608241226,1.583432560562258,NA
LPF,1982,post_1987,409.2292703095431,NA,NA,NA,7.808538797649906,4.288959558630301,0,258.44439510845393,0.20305366493329927,52.478081608241226,1.583432560562258,NA
LPF,1983,post_1987,409.2292703095431,NA,NA,NA,7.532769816505329,4.288959558630301,0,258.44439510845393,0.20305366493329927,52.478081608241226,1.583432560562258,NA
LPF,1984,post_1987,409.2292703095431,NA,NA,NA,9.157889694694225,4.288959558630301,0,258.44439510845393,0.20305366493329927,52.478081608241226,1.583432560562258,NA
LPF,1985,post_1987,409.2292703095431,NA,NA,NA,8.526717908972948,4.288959558630301,0,258.44439510845393,0.20305366493329927,52.478081608241226,1.583432560562258,NA
LPF,1986,post_1987,409.2292703095431,NA,NA,NA,7.543092719542827,4.288959558630301,0,258.44439510845393,0.20305366493329927,52.478081608241226,1.583432560562258,NA
LPF,1987,post_1987,409.2292703095431,NA,NA,NA,5.985809061314631,4.288959558630301,0,258.44439510845393,0.20305366493329927,52.478081608241226,1.583432560562258,NA
LPF,1988,post_1987,409.2292703095431,0.13939221050122086,39.71360837854953,53.24613692730677,4.66300277208102,4.288959558630301,1,258.44439510845393,0.20305366493329927,52.478081608241226,1.583432560562258,0.6864796582076446
LPF,1989,post_1987,384.31545666891316,0.10504926114050228,33.432112573861815,38.3238709805105,3.63808597050091,4.0278483749774585,1,258.44439510845393,0.20305366493329927,52.478081608241226,1.4870334352100711,0.5173472794741711
LPF,1990,post_1987,378.83028121756774,0.140047282237453,29.426674213758783,49.50662794957428,NA,3.9703605621799594,1,258.44439510845393,0.20305366493329927,52.478081608241226,1.465809622447393,0.6897057597234547
LPF,1991,post_1987,364.85394090150095,0.07349582340957461,27.201384433154935,25.85354061221253,4.102616607188298,3.823880428078304,1,258.44439510845393,0.20305366493329927,52.478081608241226,1.411730909267323,0.3619527056244817
LPF,1992,post_1987,379.95449143176063,0.08859444385023085,29.719423133425572,32.213807005821465,NA,3.9821429357634166,1,258.44439510845393,0.20305366493329927,52.478081608241226,1.4701595338228017,0.436310489048957
LPF,1993,post_1987,386.0134541214691,0.08819086561194212,28.093461956797075,32.58489874337835,NA,4.0456443708483345,1,258.44439510845393,0.20305366493329927,52.478081608241226,1.4936035039935067,0.43432294433548774
LPF,1994,post_1987,390.464349723794,0.08984074031589628,26.95181353337301,33.5499662283116,NA,4.092292332328746,1,258.44439510845393,0.20305366493329927,52.478081608241226,1.5108253733262005,0.44244825792929127
LPF,1995,post_1987,393.38813702041045,0.0943218986261174,25.810165109948947,35.40894857794849,NA,4.122935315084451,1,258.44439510845393,0.20305366493329927,52.478081608241226,1.5221383959800272,0.46451709530631236
LPF,1996,post_1987,393.5449343264455,0.06268193072825312,22.713791906189417,23.91093611580122,NA,4.1245786415844785,1,258.44439510845393,0.20305366493329927,52.478081608241226,1.5227450924648522,0.3086963771318454
LPF,1997,post_1987,405.08862896350007,0.06458581782517836,21.26656123249769,25.336000776005406,NA,4.245563241288343,1,258.44439510845393,0.20305366493329927,52.478081608241226,1.5674111593463196,0.31807265259848444
LPF,1998,post_1987,413.42863172003933,0.07321188208608209,16.62687355689656,29.18645517588803,NA,4.332971296226851,1,258.44439510845393,0.20305366493329927,52.478081608241226,1.5996811675739675,0.36055434956138976
LPF,1999,post_1987,413.6770333917609,0.08872458517194648,16.983637245977317,35.12218524109413,NA,4.335574689487319,1,258.44439510845393,0.20305366493329927,52.478081608241226,1.6006423092215445,0.4369514098703486
LPF,2000,post_1987,409.0433718971016,0.069526595460502,12.870178232203191,27.47326559634554,NA,4.287011235695405,1,258.44439510845393,0.20305366493329927,52.478081608241226,1.5827132630423273,0.34240502619512264
LPF,2001,post_1987,413.62122424948666,0.07840741412341234,19.62796591933089,31.192144506515067,NA,4.334989777381606,1,258.44439510845393,0.20305366493329927,52.478081608241226,1.6004263666693725,0.3861413392817522
LPF,2002,post_1987,413.0194074817348,0.0872697136542504,17.182787083450016,34.51607787546745,NA,4.328682389406544,1,258.44439510845393,0.20305366493329927,52.478081608241226,1.5980977544837636,0.4297864492271906
LPF,2003,post_1987,409.55422994038787,0.09629645786784558,22.11860399285001,37.59923474190662,4.2929523809523795,4.292365323603629,1,258.44439510845393,0.20305366493329927,52.478081608241226,1.5846899282475133,0.47424141740794395
LPF,2004,post_1987,404.00105412364707,0.09718726125162647,20.37776766832713,37.41612454978922,5.040936758893278,4.234164827627499,1,258.44439510845393,0.20305366493329927,52.478081608241226,1.5632030013810574,0.4786284516635114
LPF,2005,post_1987,399.89257371100916,0.09157858069306624,12.28740293073504,34.994755375594366,5.613892558651024,4.191105575477964,1,258.44439510845393,0.20305366493329927,52.478081608241226,1.5473060406018777,0.45100678543846384
LPF,2006,post_1987,399.6429069162489,0.08659778434676824,10.070364525096368,33.15202898662132,4.4988577405857715,4.188488922995972,1,258.44439510845393,0.20305366493329927,52.478081608241226,1.5463400038083326,0.426477327435654
LPF,2007,post_1987,401.3211243404936,0.0877661357510533,10.183940086035784,33.720981186776356,3.260753488372092,4.206077612724177,1,258.44439510845393,0.20305366493329927,52.478081608241226,1.5528335376438815,0.43223123197448043
LPF,2008,post_1987,402.0321609754438,0.08846193779752909,15.237725924506837,34.036866973491115,5.151786290322578,4.213529688108958,1,258.44439510845393,0.20305366493329927,52.478081608241226,1.5555847547273545,0.4356579223851379
LPF,2009,post_1987,402.12146808646844,0.09212240453763876,13.08077325776011,35.38929873087435,3.8389900826446266,4.214465678311206,1,258.44439510845393,0.20305366493329927,52.478081608241226,1.5559303111128475,0.45368501261920036
LPF,2010,post_1987,400.59705209096836,0.0928410367031427,21.165055818092064,35.517592365380395,3.95987127544066,4.198488916555423,1,258.44439510845393,0.20305366493329927,52.478081608241226,1.5500318818013497,0.45722413694744135
LPF,2011,post_1987,398.19861358914505,0.09458677828976292,19.95494393489311,35.93790878417504,3.256608175500181,4.173351893168994,1,258.44439510845393,0.20305366493329927,52.478081608241226,1.5407515934793032,0.4658215763839257
LPF,2012,post_1987,396.30258022129107,0.0899543909244116,17.153286863496096,34.09277367550243,3.2112040456180293,4.153480366309763,1,258.44439510845393,0.20305366493329927,52.478081608241226,1.5334152634843798,0.44300796517984814
LPF,2013,post_1987,397.24002685502256,0.09894337751368631,19.811650572389482,37.42239600354664,3.2479481672462156,4.1633053494968335,1,258.44439510845393,0.20305366493329927,52.478081608241226,1.5370425297415495,0.4872769843685808
LPF,2014,post_1987,393.73603838679026,0.10099455134405133,20.243197430676222,37.8230878090472,3.918725295144031,4.126581522721716,1,258.44439510845393,0.20305366493329927,52.478081608241226,1.523484532220412,0.4973786184909632
LPF,2015,post_1987,391.26148031308566,0.15955980404991088,36.1133107571283,57.70364150486125,4.5032520155213644,4.100646722174401,1,258.44439510845393,0.20305366493329927,52.478081608241226,1.5139097141143114,0.7858011531204049
LPF,2016,post_1987,369.7079318179693,0.10928260912488064,42.09649961985307,38.27326346440598,4.291889781332916,3.874753061707233,1,258.44439510845393,0.20305366493329927,52.478081608241226,1.4305124770178306,0.5381956989585915
LPF,2017,post_1987,361.5427746860356,0.09945182058580393,31.900975069722,34.22596476257732,4.207916584287845,3.7891774900912636,1,258.44439510845393,0.20305366493329927,52.478081608241226,1.3989189997110107,0.48978096809270927
LPF,2018,post_1987,354.0146711715771,0.1034931546346396,38.13614520140253,34.805945384111986,3.606002657964865,3.710278609025712,1,258.44439510845393,0.20305366493329927,52.478081608241226,1.3697904766826843,0.5096837561077062
LPF,2019,post_1987,352.5046113700784,0.10681000063420143,24.876147556329443,35.709983145550005,4.604601765476087,3.6944523084904586,1,258.44439510845393,0.20305366493329927,52.478081608241226,1.3639475958538505,0.5260185807002659
LPF,2020,post_1987,345.91964065854734,0.09936260313846912,19.838692930014055,32.71903668404287,3.391696528557638,3.6254380049555266,1,258.44439510845393,0.20305366493329927,52.478081608241226,1.3384683406014093,0.4893415894320773
LPF,2021,post_1987,337.79818258279073,0.0941443764011396,21.636579115593488,30.350711225004314,4.970937032567688,3.540320424735314,1,258.44439510845393,0.20305366493329927,52.478081608241226,1.3070439482389884,0.463642832706639
LPF,2022,post_1987,336.8384914520506,0.0966679826966903,10.120926502881355,31.03718096430673,3.0040670153152296,3.530262306347528,1,258.44439510845393,0.20305366493329927,52.478081608241226,1.303330611254693,0.4760711052836431
LPF,2023,post_1987,343.4954064618574,0.10848569659787355,11.719146924903427,35.31416930873845,2.971088139469183,3.6000306277598844,1,258.44439510845393,0.20305366493329927,52.478081608241226,1.3290882408872227,0.5342710590006332
MPF,1971,post_1987,549.7552821941761,NA,NA,NA,0.35332632132570485,0.10361057814829731,0,336.11400388467996,0.47222624774291216,158.72185486830904,1.6356214731915664,NA
MPF,1972,post_1987,549.7552821941761,NA,NA,NA,0.3363940483114808,0.10361057814829731,0,336.11400388467996,0.47222624774291216,158.72185486830904,1.6356214731915664,NA
MPF,1973,post_1987,549.7552821941761,NA,NA,NA,0.27675836977081736,0.10361057814829731,0,336.11400388467996,0.47222624774291216,158.72185486830904,1.6356214731915664,NA
MPF,1974,post_1987,549.7552821941761,NA,NA,NA,0.3074281473060157,0.10361057814829731,0,336.11400388467996,0.47222624774291216,158.72185486830904,1.6356214731915664,NA
MPF,1975,post_1987,549.7552821941761,NA,NA,NA,0.24965608371974807,0.10361057814829731,0,336.11400388467996,0.47222624774291216,158.72185486830904,1.6356214731915664,NA
MPF,1976,post_1987,549.7552821941761,NA,NA,NA,0.3049788247945242,0.10361057814829731,0,336.11400388467996,0.47222624774291216,158.72185486830904,1.6356214731915664,NA
MPF,1977,post_1987,549.7552821941761,NA,NA,NA,0.25205216008968545,0.10361057814829731,0,336.11400388467996,0.47222624774291216,158.72185486830904,1.6356214731915664,NA
MPF,1978,post_1987,549.7552821941761,NA,NA,NA,0.2779830310265632,0.10361057814829731,0,336.11400388467996,0.47222624774291216,158.72185486830904,1.6356214731915664,NA
MPF,1979,post_1987,549.7552821941761,NA,NA,NA,0.27516098552419255,0.10361057814829731,0,336.11400388467996,0.47222624774291216,158.72185486830904,1.6356214731915664,NA
MPF,1980,post_1987,549.7552821941761,NA,NA,NA,0.2568443128295602,0.10361057814829731,0,336.11400388467996,0.47222624774291216,158.72185486830904,1.6356214731915664,NA
MPF,1981,post_1987,549.7552821941761,NA,NA,NA,0.20716566275952547,0.10361057814829731,0,336.11400388467996,0.47222624774291216,158.72185486830904,1.6356214731915664,NA
MPF,1982,post_1987,549.7552821941761,NA,NA,NA,0.21490839204916296,0.10361057814829731,0,336.11400388467996,0.47222624774291216,158.72185486830904,1.6356214731915664,NA
MPF,1983,post_1987,549.7552821941761,NA,NA,NA,0.2073186150306184,0.10361057814829731,0,336.11400388467996,0.47222624774291216,158.72185486830904,1.6356214731915664,NA
MPF,1984,post_1987,549.7552821941761,NA,NA,NA,0.25204553628428744,0.10361057814829731,0,336.11400388467996,0.47222624774291216,158.72185486830904,1.6356214731915664,NA
MPF,1985,post_1987,549.7552821941761,NA,NA,NA,0.23467428193168277,0.10361057814829731,0,336.11400388467996,0.47222624774291216,158.72185486830904,1.6356214731915664,NA
MPF,1986,post_1987,549.7552821941761,NA,NA,NA,0.2076027243307778,0.10361057814829731,0,336.11400388467996,0.47222624774291216,158.72185486830904,1.6356214731915664,NA
MPF,1987,post_1987,549.7552821941761,NA,NA,NA,0.164742807049585,0.10361057814829731,0,336.11400388467996,0.47222624774291216,158.72185486830904,1.6356214731915664,NA
MPF,1988,post_1987,549.7552821941761,0.3141610310289433,41.02927748549173,148.21325365219556,0.12833622958629903,0.10361057814829731,1,336.11400388467996,0.47222624774291216,158.72185486830904,1.6356214731915664,0.6652765121179326
MPF,1989,post_1987,490.171865576012,0.2190608239989702,41.05165921340756,96.43011000696676,0.1001282347847564,0.09238108669308225,1,336.11400388467996,0.47222624774291216,158.72185486830904,1.4583500238335472,0.46388955515710883
MPF,1990,post_1987,514.5723751353426,0.2736640420331762,32.33970513046338,123.1950290233238,NA,0.0969797708429916,1,336.11400388467996,0.47222624774291216,158.72185486830904,1.5309459563960663,0.5795189135318108
MPF,1991,post_1987,503.8403143352889,0.13105321929791458,24.303423066526612,61.886156261016964,0.11291315329193038,0.09495713448053916,1,336.11400388467996,0.47222624774291216,158.72185486830904,1.499016132955161,0.27752209862180754
MPF,1992,post_1987,559.2447098604423,0.15392355891289622,42.11337453807183,79.78321804100594,NA,0.10539901951237869,1,336.11400388467996,0.47222624774291216,158.72185486830904,1.6638542381361714,0.3259529931862127
MPF,1993,post_1987,565.7039514131241,0.15903742372370022,30.871576528439874,83.17859883612998,NA,0.10661637162039625,1,336.11400388467996,0.47222624774291216,158.72185486830904,1.683071650912873,0.33678226164650393
MPF,1994,post_1987,564.2719423479608,0.1407276379748792,35.771818361986114,74.07429848439882,NA,0.10634648556025146,1,336.11400388467996,0.47222624774291216,158.72185486830904,1.678811164742667,0.2980089282362247
MPF,1995,post_1987,572.5573167290439,0.15916717621156007,46.050354663089564,84.24965050718264,NA,0.10790800294371865,1,336.11400388467996,0.47222624774291216,158.72185486830904,1.7034616532237294,0.3370570292785024
MPF,1996,post_1987,564.7582820734877,0.1122186622732313,36.4833769914132,59.94977775361788,NA,0.10643814441605583,1,336.11400388467996,0.47222624774291216,158.72185486830904,1.6802581134562165,0.23763749433581888
MPF,1997,post_1987,586.1875973492288,0.10817546256814836,36.560355351743794,60.101749755444466,NA,0.11047685730696254,1,336.11400388467996,0.47222624774291216,158.72185486830904,1.7440142052229057,0.22907549735998767
MPF,1998,post_1987,593.6964304051637,0.1082170983419326,44.29596375076274,60.89381369220315,NA,0.11189202248925846,1,336.11400388467996,0.47222624774291216,158.72185486830904,1.7663543427034947,0.2291636664822744
MPF,1999,post_1987,592.605728518878,0.1175929005564873,39.04772807016769,65.74491573547601,NA,0.11168646147568442,1,336.11400388467996,0.47222624774291216,158.72185486830904,1.763109307168885,0.24901813721397975
MPF,2000,post_1987,587.715302945593,0.08508469742231828,36.50520053828561,47.937297200633836,NA,0.11076477897903439,1,336.11400388467996,0.47222624774291216,158.72185486830904,1.7485594058950216,0.18017782329761517
MPF,2001,post_1987,605.5399271132032,0.089505407802001,26.29832785616313,51.84431798040348,NA,0.11412412753847198,1,336.11400388467996,0.47222624774291216,158.72185486830904,1.8015908891465373,0.18953924782836137
MPF,2002,post_1987,605.6377840781154,0.10484276525171055,29.867377123225253,60.28149304906415,NA,0.11414257032026741,1,336.11400388467996,0.47222624774291216,158.72185486830904,1.801882031329788,0.22201808085176303
MPF,2003,post_1987,596.6462432198474,0.11103529117113542,35.50103461166162,62.70324456515623,0.17380519480519468,0.11244796405281889,1,336.11400388467996,0.47222624774291216,158.72185486830904,1.7751305697591688,0.23513155336419353
MPF,2004,post_1987,589.7714953254454,0.11503995286989177,36.6565498609138,64.09015464824898,0.23283399209486164,0.11115230282493603,1,336.11400388467996,0.47222624774291216,158.72185486830904,1.754676950406966,0.2436119411399627
MPF,2005,post_1987,586.0928851264941,0.09507647295079824,32.5126369791251,53.15663507350705,0.11832661290322578,0.11045900720442949,1,336.11400388467996,0.47222624774291216,158.72185486830904,1.7437324192168484,0.20133669698631293
MPF,2006,post_1987,593.80015814297,0.084787285116032507,34.71339713838846,48.27138866071813,0.1253849372384937,0.11191157171640044,1,336.11400388467996,0.47222624774291216,158.72185486830904,1.7666629514987469,0.17954801437084056
MPF,2007,post_1987,604.6573715161948,0.08281560175124891,32.39756271699142,48.05763941209341,0.17824186046511625,0.11395779517457162,1,336.11400388467996,0.47222624774291216,158.72185486830904,1.7989651264981257,0.17537272048531938
MPF,2008,post_1987,609.631960794399,0.08023065805232577,39.07174558426727,47.000522944427956,0.1372822580645161,0.11489533972913767,1,336.11400388467996,0.47222624774291216,158.72185486830904,1.8137654300282071,0.16989876872749493
MPF,2009,post_1987,611.2152680486198,0.07983541151950391,36.2177186436605,46.89959073447117,0.10015289256198344,0.11519374046362715,1,336.11400388467996,0.47222624774291216,158.72185486830904,1.8184760556966455,0.16906178320474816
MPF,2010,post_1987,608.7658219256257,0.08193274661298755,40.57643197365967,47.88922118953102,0.10226907630522082,0.11473210137225977,1,336.11400388467996,0.47222624774291216,158.72185486830904,1.8111885101178111,0.17350316083572107
MPF,2011,post_1987,610.7006071247282,0.07634218265407,62.76663728211112,44.88703180524211,0.09471480375575088,0.11509674400428996,1,336.11400388467996,0.47222624774291216,158.72185486830904,1.8169448462916717,0.16166442043186036
MPF,2012,post_1987,613.5062561265113,0.068187632121127,55.181292497439976,40.43914662016287,0.2653379667441039,0.11562551548602219,1,336.11400388467996,0.47222624774291216,158.72185486830904,1.8252921599095409,0.14439610768575803
MPF,2013,post_1987,620.0141537416524,0.07057648555054286,60.84284411540995,42.24995727325914,0.11337955077709172,0.11685203764283257,1,336.11400388467996,0.47222624774291216,158.72185486830904,1.8446543332790681,0.14945481300091956
MPF,2014,post_1987,619.4065869374335,0.07292514153539287,62.34652414944956,43.56260441338374,0.05657093837215155,0.11673753151640195,1,336.11400388467996,0.47222624774291216,158.72185486830904,1.8428467120636565,0.15442839504146863
MPF,2015,post_1987,618.7585091183793,0.10902867434902674,24.334877013715296,63.914842914526545,0.14918956006837605,0.11661539041163746,1,336.11400388467996,0.47222624774291216,158.72185486830904,1.840918563246398,0.2308822833761324
MPF,2016,post_1987,600.0269443337152,0.09539303802822019,13.131827813833208,54.593099581779626,0.07872484909507042,0.1130851137234076,1,336.11400388467996,0.47222624774291216,158.72185486830904,1.785188767498016,0.2020070643768064
MPF,2017,post_1987,605.5507854753525,0.08793014289171186,9.798889766944407,50.972327373107916,0.11957211972120065,0.11412617397843622,1,336.11400388467996,0.47222624774291216,158.72185486830904,1.8016231947393533,0.18620342116091457
MPF,2018,post_1987,610.1348559788528,0.0752243153518144,4.717829721945275,44.21317672136841,0.1108619298161498,0.11499011873808376,1,336.11400388467996,0.47222624774291216,158.72185486830904,1.8152616342286911,0.1592971922068334
MPF,2019,post_1987,618.3528620375861,0.07597522735001139,7.823803643144051,45.2392107601452,0.11601638667606916,0.11653893943440011,1,336.11400388467996,0.47222624774291216,158.72185486830904,1.8397116897567343,0.16088734523578108
MPF,2020,post_1987,619.0394515972498,0.05313921101274133,6.31313896034325,32.03653172300584,0.05797671431916668,0.11666833872083063,1,336.11400388467996,0.47222624774291216,158.72185486830904,1.841754417973138,0.11252913463986694
MPF,2021,post_1987,632.6823759051539,0.050409722408263136,7.119231059408769,31.102814708323006,0.05882532751091702,0.1192395759985038,1,336.11400388467996,0.47222624774291216,158.72185486830904,1.8823445872318547,0.10674909039725176
MPF,2022,post_1987,636.0678580696938,0.048839240595665245,14.726940024993109,30.31867435635994,0.11967652359302516,0.11987762673805967,1,336.11400388467996,0.47222624774291216,158.72185486830904,1.8924170094618473,0.1034233925562184
MPF,2023,post_1987,637.4490223281986,0.05143118519598655,16.25169524710519,31.95594880184892,0.06544736842105262,0.1201379302439583,1,336.11400388467996,0.47222624774291216,158.72185486830904,1.896526223129061,0.10891216962591742
NTU,1971,post_1987,153.47253005657063,NA,NA,NA,0.9771614493618556,0.25725536912357516,0,104.65573177439687,0.6255887931025299,65.47145293200703,1.4664512631511346,NA
NTU,1972,post_1987,153.47253005657063,NA,NA,NA,0.9303334508773676,0.25725536912357516,0,104.65573177439687,0.6255887931025299,65.47145293200703,1.4664512631511346,NA
NTU,1973,post_1987,153.47253005657063,NA,NA,NA,0.7654046511835733,0.25725536912357516,0,104.65573177439687,0.6255887931025299,65.47145293200703,1.4664512631511346,NA
NTU,1974,post_1987,153.47253005657063,NA,NA,NA,0.8502251767403818,0.25725536912357516,0,104.65573177439687,0.6255887931025299,65.47145293200703,1.4664512631511346,NA
NTU,1975,post_1987,153.47253005657063,NA,NA,NA,0.6904504020370188,0.25725536912357516,0,104.65573177439687,0.6255887931025299,65.47145293200703,1.4664512631511346,NA
NTU,1976,post_1987,153.47253005657063,NA,NA,NA,0.8434513153243867,0.25725536912357516,0,104.65573177439687,0.6255887931025299,65.47145293200703,1.4664512631511346,NA
NTU,1977,post_1987,153.47253005657063,NA,NA,NA,0.6970770055961444,0.25725536912357516,0,104.65573177439687,0.6255887931025299,65.47145293200703,1.4664512631511346,NA
NTU,1978,post_1987,153.47253005657063,NA,NA,NA,0.7687915818915709,0.25725536912357516,0,104.65573177439687,0.6255887931025299,65.47145293200703,1.4664512631511346,NA
NTU,1979,post_1987,153.47253005657063,NA,NA,NA,0.7609869154774896,0.25725536912357516,0,104.65573177439687,0.6255887931025299,65.47145293200703,1.4664512631511346,NA
NTU,1980,post_1987,153.47253005657063,NA,NA,NA,0.7103302127143958,0.25725536912357516,0,104.65573177439687,0.6255887931025299,65.47145293200703,1.4664512631511346,NA
NTU,1981,post_1987,153.47253005657063,NA,NA,NA,0.5729386322551904,0.25725536912357516,0,104.65573177439687,0.6255887931025299,65.47145293200703,1.4664512631511346,NA
NTU,1982,post_1987,153.47253005657063,NA,NA,NA,0.5943519720434376,0.25725536912357516,0,104.65573177439687,0.6255887931025299,65.47145293200703,1.4664512631511346,NA
NTU,1983,post_1987,153.47253005657063,NA,NA,NA,0.5733616379977109,0.25725536912357516,0,104.65573177439687,0.6255887931025299,65.47145293200703,1.4664512631511346,NA
NTU,1984,post_1987,153.47253005657063,NA,NA,NA,0.697058686759159,0.25725536912357516,0,104.65573177439687,0.6255887931025299,65.47145293200703,1.4664512631511346,NA
NTU,1985,post_1987,153.47253005657063,NA,NA,NA,0.6490166387828434,0.25725536912357516,0,104.65573177439687,0.6255887931025299,65.47145293200703,1.4664512631511346,NA
NTU,1986,post_1987,153.47253005657063,NA,NA,NA,0.57414737242723,0.25725536912357516,0,104.65573177439687,0.6255887931025299,65.47145293200703,1.4664512631511346,NA
NTU,1987,post_1987,153.47253005657063,NA,NA,NA,0.4556137213454794,0.25725536912357516,0,104.65573177439687,0.6255887931025299,65.47145293200703,1.4664512631511346,NA
NTU,1988,post_1987,153.47253005657063,0.29875961684576247,105.92113239672031,39.636170248653094,0.3549274665913786,0.25725536912357516,1,104.65573177439687,0.6255887931025299,65.47145293200703,1.4664512631511346,0.4775654873293066
NTU,1989,post_1987,165.91391393356454,0.20595609192699982,87.92043244912401,30.881754086953734,0.2769152625176885,0.2781099989423734,1,104.65573177439687,0.6255887931025299,65.47145293200703,1.5853304078100572,0.32921959951613927
NTU,1990,post_1987,178.64105685021104,0.25973019152987753,107.54222859467873,40.86241784672639,NA,0.2994436268411481,1,104.65573177439687,0.6255887931025299,65.47145293200703,1.7069400196379312,0.41517718091108685
NTU,1991,post_1987,170.72686997844713,0.12334699750701805,19.277946946312817,19.811678915363846,0.3122733118460516,0.2861776237052246,1,104.65573177439687,0.6255887931025299,65.47145293200703,1.6313188688649922,0.19716944879286272
NTU,1992,post_1987,190.56089756264964,0.14852473109965647,16.045652409435345,26.30146486368467,NA,0.3194240299871854,1,104.65573177439687,0.6255887931025299,65.47145293200703,1.8208357471852177,0.23741590760132789
NTU,1993,post_1987,185.80640786937911,0.15891435502560824,19.04715978708663,27.30064384270073,NA,0.3114544083188276,1,104.65573177439687,0.6255887931025299,65.47145293200703,1.7754059402108644,0.2540236602345324
NTU,1994,post_1987,184.95343156249268,0.14092752360338068,19.286461775392883,24.311710777321423,NA,0.310024623232201,1,104.65573177439687,0.6255887931025299,65.47145293200703,1.7672556335585239,0.22527181617891223
NTU,1995,post_1987,187.94163091642096,0.16204147496689014,19.525763763699146,28.11495288007688,NA,0.3150335347783017,1,104.65573177439687,0.6255887931025299,65.47145293200703,1.7958082919104796,0.25902234303665445
NTU,1996,post_1987,184.1980196479973,0.11367102267170726,12.030488415723788,19.7917941338345,NA,0.308758378577003,1,104.65573177439687,0.6255887931025299,65.47145293200703,1.760037568177033,0.18170246002644955
NTU,1997,post_1987,192.4566142692318,0.11143583422740555,10.943025451535213,20.294783044099436,NA,0.3226016885618226,1,104.65573177439687,0.6255887931025299,65.47145293200703,1.838949582657399,0.17812952446726765
NTU,1998,post_1987,191.81807775620013,0.1154787645740214,6.19882105048446,20.91977709636773,NA,0.3215313540446403,1,104.65573177439687,0.6255887931025299,65.47145293200703,1.8328482779108213,0.18459212480664625
NTU,1999,post_1987,191.21145929738202,0.1316107533099551,5.5992599249855335,23.579781407731325,NA,0.32051452155036325,1,104.65573177439687,0.6255887931025299,65.47145293200703,1.8270519545892685,0.21037901375638127
NTU,2000,post_1987,188.49617219954834,0.09586925439354843,4.811603976612516,17.231791987902486,NA,0.3159630739110222,1,104.65573177439687,0.6255887931025299,65.47145293200703,1.8011070106115519,0.15324643831628884
NTU,2001,post_1987,194.6204721975497,0.09962910572282624,4.270368809001736,18.455260083555537,NA,0.32622881368887435,1,104.65573177439687,0.6255887931025299,65.47145293200703,1.8596255446102756,0.159256538514266
NTU,2002,post_1987,193.30109543895213,0.11992097308996996,4.515163312787699,21.844854332589275,NA,0.3240172338385847,1,104.65573177439687,0.6255887931025299,65.47145293200703,1.8470187170985086,0.19169296894728052
NTU,2003,post_1987,189.91158357403413,0.13072371322104104,10.71594846895213,23.27173287195608,0.3968874458874457,0.31833562993437586,1,104.65573177439687,0.6255887931025299,65.47145293200703,1.814631462167984,0.20896108540041616
NTU,2004,post_1987,188.65662076516446,0.13864373123387708,6.877029003709491,24.42384103271598,0.37725296442687734,0.31623202272523476,1,104.65573177439687,0.6255887931025299,65.47145293200703,1.8026401188598606,0.22162118753165433
NTU,2005,post_1987,187.68508810554812,0.12019712655157022,8.421425494282818,21.256158592289953,0.2851290322580644,0.3146035098384459,1,104.65573177439687,0.6255887931025299,65.47145293200703,1.7933569898506379,0.19213439862863832
NTU,2006,post_1987,190.17176453154036,0.1120540165192434,6.690781136804312,20.158974260418777,0.1934644351464434,0.31877175324737217,1,104.65573177439687,0.6255887931025299,65.47145293200703,1.8171175272223767,0.1791176852186329
NTU,2007,post_1987,191.57158727149923,0.1139360466135857,6.716137673987679,20.62938242399317,0.415720930232558,0.32111817912269297,1,104.65573177439687,0.6255887931025299,65.47145293200703,1.8304930272186541,0.18212609923610368
NTU,2008,post_1987,191.43398170332802,0.11335747237560856,11.580765980498917,20.515704060751684,0.3748346774193546,0.3208875204424699,1,104.65573177439687,0.6255887931025299,65.47145293200703,1.8291781869720842,0.1812012517254765
NTU,2009,post_1987,190.9479210313888,0.11484409924757877,11.006550896452126,20.716871894416457,0.2532024793388429,0.3200727706137541,1,104.65573177439687,0.6255887931025299,65.47145293200703,1.824533809987678,0.1835776160215782
NTU,2010,post_1987,191.1357764512362,0.11965277982520206,10.644394941460806,21.55467837145742,0.3257202375269699,0.3203876596388903,1,104.65573177439687,0.6255887931025299,65.47145293200703,1.8263287945208935,0.19126426359366025
NTU,2011,post_1987,190.12297298526823,0.12218649907790446,11.670295885488581,21.867316083482542,0.1701867797868954,0.3186899673587723,1,104.65573177439687,0.6255887931025299,65.47145293200703,1.8166513172456762,0.19531439889122007
NTU,2012,post_1987,190.34743551862366,0.1178141759137512,17.59570710489127,21.154983835970498,0.2339093444661894,0.3190662183520378,1,104.65573177439687,0.6255887931025299,65.47145293200703,1.8187960878143754,0.18832526607368785
NTU,2013,post_1987,191.20375671302267,0.12643754662551565,21.10302125814689,22.70942629079654,0.48206645966290834,0.32050161024185847,1,104.65573177439687,0.6255887931025299,65.47145293200703,1.8269783553297845,0.20210967335022795
NTU,2014,post_1987,189.65707837205798,0.13235764771371272,22.10690501633431,23.512237537151016,0.23426333990365156,0.3179090204971423,1,104.65573177439687,0.6255887931025299,65.47145293200703,1.8121996297431266,0.21157292006031855
NTU,2015,post_1987,188.90538583627662,0.22338229371334517,22.086702871793136,37.81715264056147,0.23257557306410256,0.3166490103787935,1,104.65573177439687,0.6255887931025299,65.47145293200703,1.8050171035399583,0.357075280401857
NTU,2016,post_1987,174.6618917830168,0.162552610304453,22.557328232538502,26.204284023484014,0.1993840475176056,0.2927736281268026,1,104.65573177439687,0.6255887931025299,65.47145293200703,1.6689185467598666,0.25983938986229843
NTU,2017,post_1987,185.2077200759353,0.12219330825108177,25.580503174949694,21.303095995278674,0.5005212978763105,0.3104508694494586,1,104.65573177439687,0.6255887931025299,65.47145293200703,1.7696853954944567,0.19532528331442645
NTU,2018,post_1987,190.12878530452963,0.11451072880193713,21.590889596286985,20.571483889296392,0.515669359008297,0.3186997101468563,1,104.65573177439687,0.6255887931025299,65.47145293200703,1.8167068547605627,0.18304472532833493
NTU,2019,post_1987,190.3234137593865,0.11796286213594254,22.723265567975954,21.17746562851747,0.347744517636968,0.3190259523413239,1,104.65573177439687,0.6255887931025299,65.47145293200703,1.8185665565805877,0.18856294012384778
NTU,2020,post_1987,190.28131360044569,0.09603030323217254,20.21005366157149,17.42282551423946,0.3415946700420803,0.31895538276170926,1,104.65573177439687,0.6255887931025299,65.47145293200703,1.8181642837358325,0.15350387393597986
NTU,2021,post_1987,194.59044866433953,0.08659656808793947,26.840677597721374,16.141864010816086,0.4298561958845015,0.3261784873202693,1,104.65573177439687,0.6255887931025299,65.47145293200703,1.8593386655956137,0.1384241038885536
NTU,2022,post_1987,195.30890192248592,0.08762838969593023,26.577278144714985,16.386173488942074,0.262905487759869,0.3273827807404296,1,104.65573177439687,0.6255887931025299,65.47145293200703,1.8662035859011266,0.14007346464975517
NTU,2023,post_1987,194.6227647522513,0.09827760525263596,28.87570014417903,18.217226345882573,0.31066452314777493,0.32623265653948597,1,104.65573177439687,0.6255887931025299,65.47145293200703,1.859647450287707,0.15709617297528683
SAR,1971,post_1987,154.60727199643577,NA,NA,NA,NA,0.8900217887948831,0,133.30899982618104,0.832419870104039,110.96906031900893,1.1597661988164725,NA
SAR,1972,post_1987,154.60727199643577,NA,NA,NA,2.401529112001412,0.8900217887948831,0,133.30899982618104,0.832419870104039,110.96906031900893,1.1597661988164725,NA
SAR,1973,post_1987,154.60727199643577,NA,NA,NA,1.9757878753528053,0.8900217887948831,0,133.30899982618104,0.832419870104039,110.96906031900893,1.1597661988164725,NA
SAR,1974,post_1987,154.60727199643577,NA,NA,NA,2.1947405113435177,0.8900217887948831,0,133.30899982618104,0.832419870104039,110.96906031900893,1.1597661988164725,NA
SAR,1975,post_1987,154.60727199643577,NA,NA,NA,1.7823036883401802,0.8900217887948831,0,133.30899982618104,0.832419870104039,110.96906031900893,1.1597661988164725,NA
SAR,1976,post_1987,154.60727199643577,NA,NA,NA,2.177254710552593,0.8900217887948831,0,133.30899982618104,0.832419870104039,110.96906031900893,1.1597661988164725,NA
SAR,1977,post_1987,154.60727199643577,NA,NA,NA,1.799409363026954,0.8900217887948831,0,133.30899982618104,0.832419870104039,110.96906031900893,1.1597661988164725,NA
SAR,1978,post_1987,154.60727199643577,NA,NA,NA,1.9845307757482678,0.8900217887948831,0,133.30899982618104,0.832419870104039,110.96906031900893,1.1597661988164725,NA
SAR,1979,post_1987,154.60727199643577,NA,NA,NA,1.9643840922282896,0.8900217887948831,0,133.30899982618104,0.832419870104039,110.96906031900893,1.1597661988164725,NA
SAR,1980,post_1987,154.60727199643577,NA,NA,NA,1.833620712400503,0.8900217887948831,0,133.30899982618104,0.832419870104039,110.96906031900893,1.1597661988164725,NA
SAR,1981,post_1987,154.60727199643577,NA,NA,NA,1.478963057228048,0.8900217887948831,0,133.30899982618104,0.832419870104039,110.96906031900893,1.1597661988164725,NA
SAR,1982,post_1987,154.60727199643577,NA,NA,NA,1.5342386778543475,0.8900217887948831,0,133.30899982618104,0.832419870104039,110.96906031900893,1.1597661988164725,NA
SAR,1983,post_1987,154.60727199643577,NA,NA,NA,1.4800549889480654,0.8900217887948831,0,133.30899982618104,0.832419870104039,110.96906031900893,1.1597661988164725,NA
SAR,1984,post_1987,154.60727199643577,NA,NA,NA,1.7993620754439086,0.8900217887948831,0,133.30899982618104,0.832419870104039,110.96906031900893,1.1597661988164725,NA
SAR,1985,post_1987,154.60727199643577,NA,NA,NA,1.6753480708883544,0.8900217887948831,0,133.30899982618104,0.832419870104039,110.96906031900893,1.1597661988164725,NA
SAR,1986,post_1987,154.60727199643577,NA,NA,NA,1.482083255377712,0.8900217887948831,0,133.30899982618104,0.832419870104039,110.96906031900893,1.1597661988164725,NA
SAR,1987,post_1987,154.60727199643577,NA,NA,NA,1.17610477684812,0.8900217887948831,0,133.30899982618104,0.832419870104039,110.96906031900893,1.1597661988164725,NA
SAR,1988,post_1987,154.60727199643577,5,70.24864225428286,153.56553639204876,0.9161969215062222,0.8900217887948831,1,133.30899982618104,0.832419870104039,110.96906031900893,1.1597661988164725,6.006584152508374
SAR,1989,post_1987,100.44663161061915,5,85.7505399641328,99.7698275305882,0.7148190402769925,0.578237294986777,1,133.30899982618104,0.832419870104039,110.96906031900893,0.7534872494849524,6.006584152508374
SAR,1990,post_1987,95.38954972426772,5,67.37953072953655,94.7468199939574,NA,0.5491253844766656,1,133.30899982618104,0.832419870104039,110.96906031900893,0.7155522121435482,6.006584152508374
SAR,1991,post_1987,89.78974281251759,5,58.70036005938035,89.18474428438171,0.8060910296111038,0.5168891895024945,1,133.30899982618104,0.832419870104039,110.96906031900893,0.673545994115871,6.006584152508374
SAR,1992,post_1987,92.90943987535445,5,81.07760661981892,92.28342099375611,NA,0.5348482306556701,1,133.30899982618104,0.832419870104039,110.96906031900893,0.6969479929824485,6.006584152508374
SAR,1993,post_1987,89.38980778985764,5,76.18068398260743,88.78750400270717,NA,0.5145868988037896,1,133.30899982618104,0.832419870104039,110.96906031900893,0.6705459339310267,6.006584152508374
SAR,1994,post_1987,92.9136625978303,5,97.58199678076754,92.28761526375031,NA,0.5348725394411691,1,133.30899982618104,0.832419870104039,110.96906031900893,0.6969796691819651,6.006584152508374
SAR,1995,post_1987,94.74419497641236,5,119.22285378711837,94.10581361218463,NA,0.5454102954017691,1,133.30899982618104,0.832419870104039,110.96906031900893,0.7107111680377727,6.006584152508374
SAR,1996,post_1987,94.79141461977301,4.999999996649621,132.12178094760077,94.15271508994579,NA,0.5456821229226057,1,133.30899982618104,0.832419870104039,110.96906031900893,0.7110653800071237,6.006584148483508
SAR,1997,post_1987,95.84180507358859,4.999999440833083,123.77536389969538,95.19602770959624,NA,0.5517288656053144,1,133.30899982618104,0.832419870104039,110.96906031900893,0.7189447464053801,6.006583480771746
SAR,1998,post_1987,95.6493369647436,4.999998745448363,101.45375499175232,95.00485599323049,NA,0.5506208917803566,1,133.30899982618104,0.832419870104039,110.96906031900893,0.7175009720983495,6.006582645394379
SAR,1999,post_1987,93.13910561913168,4.999999945389046,102.02601813674097,92.51153922764422,NA,0.5361703386876018,1,133.30899982618104,0.832419870104039,110.96906031900893,0.6986708004753911,6.006584086903317
SAR,2000,post_1987,92.20240244200153,4.895949624760454,103.58378633973467,91.51302299460997,NA,0.5307780552166247,1,133.30899982618104,0.832419870104039,110.96906031900893,0.6916442442912513,5.881586685513093
SAR,2001,post_1987,93.15046881964533,4.6387909780927075,93.3326016578676,92.24976144098127,NA,0.5362357527908129,1,133.30899982618104,0.832419870104039,110.96906031900893,0.6987560400355743,5.5726576751620955
SAR,2002,post_1987,93.28572178133412,4.551516293534042,89.11310972440302,92.3014460761118,NA,0.5370143583592809,1,133.30899982618104,0.832419870104039,110.96906031900893,0.6997706224108464,5.467813127725046
SAR,2003,post_1987,93.1030413293584,4.296785046494355,82.63259490169507,91.83569931575832,0.46843722943722943,0.5359627287654994,1,133.30899982618104,0.832419870104039,110.96906031900893,0.6984002689297318,5.16180019340159
SAR,2004,post_1987,86.85908799153513,3.792629331819183,83.49472852676753,84.90160825819328,0.6455849802371542,0.5000184006163723,1,133.30899982618104,0.832419870104039,110.96906031900893,0.65156207086385,4.556149448168706
SAR,2005,post_1987,91.02648764290271,2.9615328146224336,92.98696102154537,86.31681820492396,0.48249596774193537,0.5240087113206374,1,133.30899982618104,0.832419870104039,110.96906031900893,0.6828232734593339,3.5577392142889264
SAR,2006,post_1987,94.52850488434206,2.388103160478526,76.47164182244249,85.85044257475055,0.4339037656903765,0.5441686404712418,1,133.30899982618104,0.832419870104039,110.96906031900893,0.7090931970654337,2.8688685196570956
SAR,2007,post_1987,101.65149823969737,2.0421108328012387,67.83643097587844,88.4617557107496,0.4710279069767442,0.585173304778711,1,133.30899982618104,0.832419870104039,110.96906031900893,0.7625253986770492,2.45322211319392
SAR,2008,post_1987,109.38322030561001,1.7702789620046477,66.94118076394281,90.75684623902262,0.7211129032258063,0.6296822144484131,1,133.30899982618104,0.832419870104039,110.96906031900893,0.8205238989733074,2.1266659117392184
SAR,2009,post_1987,116.94085971157645,1.5324009327764974,70.123279047229,91.6797157927305,0.570784297520661,0.6731889891059467,1,133.30899982618104,0.832419870104039,110.96906031900893,0.8772165409991323,1.840899031620872
SAR,2010,post_1987,125.16303279974719,1.3379451392895345,63.15279017211976,92.32222078730169,0.5156506024096383,0.7205212594786079,1,133.30899982618104,0.832419870104039,110.96906031900893,0.9388940953944954,1.6072960141164256
SAR,2011,post_1987,132.74672355955133,1.1957234519653213,30.689280481149215,92.5928253603046,0.8944797573037847,0.7641780029716548,1,133.30899982618104,0.832419870104039,110.96906031900893,0.9957821582386572,1.4364427074715014
SAR,2012,post_1987,137.8947932304065,0.9634376345493898,41.966669870313304,85.27704971960384,0.8138371018072605,0.7938136993922009,1,133.30899982618104,0.832419870104039,110.96906031900893,1.0343997285269921,1.1573938455229038
SAR,2013,post_1987,151.2566174013016,0.8810461912458463,44.16475048963448,88.58355953916808,0.7238373368960961,0.8707332032200475,1,133.30899982618104,0.832419870104039,110.96906031900893,1.134631702274581,1.0584156179930326
SAR,2014,post_1987,159.21481175167241,0.8069205224832912,45.42726033125475,88.16836908646867,0.7653203032683538,0.9165458372561598,1,133.30899982618104,0.832419870104039,110.96906031900893,1.1943290547470122,0.9693672045363828
SAR,2015,post_1987,164.5829493706046,1.1594513177809276,47.90406241099513,112.96015239227711,1.133882127504273,0.9474483904440155,1,133.30899982618104,0.832419870104039,110.96906031900893,1.2345974359210634,1.3928683821975743
SAR,2016,post_1987,143.6758060720114,0.6956003200901222,41.41952075552681,72.01391545582361,1.0930731531190845,0.8270930356348715,1,133.30899982618104,0.832419870104039,110.96906031900893,1.0777652391012418,0.8356363718266161
SAR,2017,post_1987,168.38460697548254,0.4691409160291018,38.71254820748487,63.053396174365595,1.4374682284505669,0.9693332478519978,1,133.30899982618104,0.832419870104039,110.96906031900893,1.2631150724634939,0.563586878302733
SAR,2018,post_1987,191.79058993070902,0.39356768165643263,34.78397201448447,62.39990178381907,0.9698245108921388,1.1040735776522252,1,133.30899982618104,0.832419870104039,110.96906031900893,1.4386919876436022,0.47279947991539784
SAR,2019,post_1987,202.7391150659658,0.35322225638200244,38.95475682076975,60.3308912691457,1.2096015716470407,1.167100534920908,1,133.30899982618104,0.832419870104039,110.96906031900893,1.5208209147942997,0.42433184149947717
SAR,2020,post_1987,203.66170351619098,0.25825188182908754,30.766604119400817,46.353270543048644,1.285029171299113,1.1724115646815898,1,133.30899982618104,0.832419870104039,110.96906031900893,1.5277415912034555,0.3102423321500125
SAR,2021,post_1987,222.67659750925614,0.2090367925188623,17.545973035160756,42.004514704062174,1.7757065090593287,1.281873880049544,1,133.30899982618104,0.832419870104039,110.96906031900893,1.6703793277243077,0.2511194170469959
SAR,2022,post_1987,227.2774453526141,0.18607653856868112,28.15463722806738,38.589426204790584,0.9396314451618436,1.3083594054368166,1,133.30899982618104,0.832419870104039,110.96906031900893,1.7048919851544657,0.22353687754405066
SAR,2023,post_1987,225.61974874407323,0.18189057012180676,30.685747907718792,37.52224140541276,0.7877984966191535,1.2988166065648026,1,133.30899982618104,0.832419870104039,110.96906031900893,1.6924569911877994,0.21850820319687156
SCP,1971,post_1987,149.94355445000699,NA,NA,NA,4.865921294493222,1.5814540223768359,0,328.1515978896139,0.10142458683336666,33.282640234663155,0.45693379344886237,NA
SCP,1972,post_1987,149.94355445000699,NA,NA,NA,4.6327342861918055,1.5814540223768359,0,328.1515978896139,0.10142458683336666,33.282640234663155,0.45693379344886237,NA
SCP,1973,post_1987,149.94355445000699,NA,NA,NA,3.8114467097843034,1.5814540223768359,0,328.1515978896139,0.10142458683336666,33.282640234663155,0.45693379344886237,NA
SCP,1974,post_1987,149.94355445000699,NA,NA,NA,4.233823177651019,1.5814540223768359,0,328.1515978896139,0.10142458683336666,33.282640234663155,0.45693379344886237,NA
SCP,1975,post_1987,149.94355445000699,NA,NA,NA,3.438200838006252,1.5814540223768359,0,328.1515978896139,0.10142458683336666,33.282640234663155,0.45693379344886237,NA
SCP,1976,post_1987,149.94355445000699,NA,NA,NA,4.200091723619997,1.5814540223768359,0,328.1515978896139,0.10142458683336666,33.282640234663155,0.45693379344886237,NA
SCP,1977,post_1987,149.94355445000699,NA,NA,NA,3.4711989995583385,1.5814540223768359,0,328.1515978896139,0.10142458683336666,33.282640234663155,0.45693379344886237,NA
SCP,1978,post_1987,149.94355445000699,NA,NA,NA,3.8283124367998154,1.5814540223768359,0,328.1515978896139,0.10142458683336666,33.282640234663155,0.45693379344886237,NA
SCP,1979,post_1987,149.94355445000699,NA,NA,NA,3.7894479354162462,1.5814540223768359,0,328.1515978896139,0.10142458683336666,33.282640234663155,0.45693379344886237,NA
SCP,1980,post_1987,149.94355445000699,NA,NA,NA,3.537195322662514,1.5814540223768359,0,328.1515978896139,0.10142458683336666,33.282640234663155,0.45693379344886237,NA
SCP,1981,post_1987,149.94355445000699,NA,NA,NA,2.853033439815907,1.5814540223768359,0,328.1515978896139,0.10142458683336666,33.282640234663155,0.45693379344886237,NA
SCP,1982,post_1987,149.94355445000699,NA,NA,NA,2.9596643615841542,1.5814540223768359,0,328.1515978896139,0.10142458683336666,33.282640234663155,0.45693379344886237,NA
SCP,1983,post_1987,149.94355445000699,NA,NA,NA,2.8551398600513425,1.5814540223768359,0,328.1515978896139,0.10142458683336666,33.282640234663155,0.45693379344886237,NA
SCP,1984,post_1987,149.94355445000699,NA,NA,NA,3.471107778175184,1.5814540223768359,0,328.1515978896139,0.10142458683336666,33.282640234663155,0.45693379344886237,NA
SCP,1985,post_1987,149.94355445000699,NA,NA,NA,3.231875229212385,1.5814540223768359,0,328.1515978896139,0.10142458683336666,33.282640234663155,0.45693379344886237,NA
SCP,1986,post_1987,149.94355445000699,NA,NA,NA,2.859052541926902,1.5814540223768359,0,328.1515978896139,0.10142458683336666,33.282640234663155,0.45693379344886237,NA
SCP,1987,post_1987,149.94355445000699,NA,NA,NA,2.2687965332710256,1.5814540223768359,0,328.1515978896139,0.10142458683336666,33.282640234663155,0.45693379344886237,NA
SCP,1988,post_1987,149.94355445000699,0.26829161265626755,22.14405330147681,35.284003976604104,1.7674142986457215,1.5814540223768359,1,328.1515978896139,0.10142458683336666,33.282640234663155,0.45693379344886237,2.6452324927588955
SCP,1989,post_1987,137.40852115712482,0.19817948143312858,13.645628840302019,24.702943209528698,1.3789408838579995,1.4492470802753967,1,328.1515978896139,0.10142458683336666,33.282640234663155,0.4187348836355425,1.9539589720855681
SCP,1990,post_1987,134.25967595087837,0.2709676086940762,12.00238892343017,31.867715713028357,NA,1.4160362234598023,1,328.1515978896139,0.10142458683336666,33.282640234663155,0.40913918083690587,2.6716165887789773
SCP,1991,post_1987,123.3743147761528,0.13475839907697917,3.9930754299438975,15.554166561707522,1.5550115682581902,1.3012283660768165,1,328.1515978896139,0.10142458683336666,33.282640234663155,0.3759674356900568,1.3286561304743354
SCP,1992,post_1987,128.02812347247786,0.16770821466353425,12.657694587859218,19.76747408554885,NA,1.3503120663343648,1,328.1515978896139,0.10142458683336666,33.282640234663155,0.39014932212990444,1.6535262296810422
SCP,1993,post_1987,128.95627521429992,0.1662755166109875,12.314099814570822,19.754438983752134,NA,1.3601012787540956,1,328.1515978896139,0.10142458683336666,33.282640234663155,0.392977745784676,1.6394004826873612
SCP,1994,post_1987,130.02603358369245,0.16817983285033566,14.45861923888979,20.1277925758425,NA,1.371384015664345,1,328.1515978896139,0.10142458683336666,33.282640234663155,0.39623769751513316,1.6581761691239925
SCP,1995,post_1987,130.81521449472618,0.17486900623133206,16.603138663208753,20.98707840437579,NA,1.3797075033308552,1,328.1515978896139,0.10142458683336666,33.282640234663155,0.3986426253476016,1.7241283567526808
SCP,1996,post_1987,130.80207038320614,0.10871158195316255,11.202874123034809,13.474040557009642,NA,1.3795688724433177,1,328.1515978896139,0.10142458683336666,33.282640234663155,0.39860257034983665,1.071846436325818
SCP,1997,post_1987,138.33126351112236,0.11281235701247372,10.085527905044602,14.757418601285876,NA,1.4589792399050618,1,328.1515978896139,0.10142458683336666,33.282640234663155,0.4215468228731748,1.1122782013183485
SCP,1998,post_1987,145.3010242804547,0.1301471240660934,3.5266677131149344,17.731628660485107,NA,1.532489276692538,1,328.1515978896139,0.10142458683336666,33.282640234663155,0.44278627687600697,1.2831910696359634
SCP,1999,post_1987,150.2019862201331,0.16467450088652047,18.33133178991309,22.805206971829797,NA,1.5841797011422556,1,328.1515978896139,0.10142458683336666,33.282640234663155,0.45772133119601377,1.6236152004944213
SCP,2000,post_1987,150.3119851079827,0.12443902524612849,27.36523390715829,17.587689729549403,NA,1.5853398589381993,1,328.1515978896139,0.10142458683336666,33.282640234663155,0.45805653872983965,1.2269118281011377
SCP,2001,post_1987,155.80231446611796,0.1351571798859279,31.26038943040074,19.696747977884137,NA,1.6432463390096155,1,328.1515978896139,0.10142458683336666,33.282640234663155,0.47478761483443366,1.3325879267123018
SCP,2002,post_1987,159.92944245127856,0.15325717612135303,24.42274048075925,22.724524857225898,NA,1.6867751400770354,1,328.1515978896139,0.10142458683336666,33.282640234663155,0.48736450920795704,1.5110456044858591
SCP,2003,post_1987,161.4926128501861,0.16940191069258148,24.176861507846873,25.16546581715069,1.085307359307359,1.7032618915354785,1,328.1515978896139,0.10142458683336666,33.282640234663155,0.49212807095490724,1.6702252972535812
SCP,2004,post_1987,159.50747103175198,0.1737029196373605,28.599684273824753,25.43401329469486,2.5774071146245054,1.6823246093344097,1,328.1515978896139,0.10142458683336666,33.282640234663155,0.4860786053079293,1.7126312767015948
SCP,2005,post_1987,158.22481712891883,0.16177081801438575,24.30995943759033,23.63307059218255,1.75216129032258,1.6687964641507558,1,328.1515978896139,0.10142458683336666,33.282640234663155,0.48216988168420766,1.5949862165094508
SCP,2006,post_1987,158.74714540460158,0.15384972863652457,23.000034699623697,22.63720734438223,1.7344225941422589,1.6743054582226218,1,328.1515978896139,0.10142458683336666,33.282640234663155,0.48376161026039594,1.516887901049956
SCP,2007,post_1987,160.2807977555972,0.15742891087958277,22.98452146351417,23.34689440142817,1.138623255813953,1.6904808829569902,1,328.1515978896139,0.10142458683336666,33.282640234663155,0.4884352195338499,1.5521769996285733
SCP,2008,post_1987,161.15853961896497,0.15740636296136046,14.339002919774913,23.47164391775092,1.625983870967741,1.6997384226059804,1,328.1515978896139,0.10142458683336666,33.282640234663155,0.491110025535139,1.5519546874760046
SCP,2009,post_1987,161.9767889694772,0.160507371776351,17.185945859017497,24.01928779466434,1.431698512396694,1.7083684949783562,1,328.1515978896139,0.10142458683336666,33.282640234663155,0.4936035357169407,1.582529214933388
SCP,2010,post_1987,162.21590812765666,0.16335717748466028,26.567417177861987,24.447918374599908,1.3683585781004493,1.710890483708831,1,328.1515978896139,0.10142458683336666,33.282640234663155,0.49433222075067895,1.6106269947448189
SCP,2011,post_1987,162.12259936967067,0.1721698963282483,27.60399044686733,25.64193673362969,2.0679004632803353,1.709906356640607,1,328.1515978896139,0.10142458683336666,33.282640234663155,0.4940478742517252,1.6975163686011472
SCP,2012,post_1987,160.57281827579817,0.16842458896764168,24.650559877002372,24.889592432800054,1.8263510605983355,1.6935608221246476,1,328.1515978896139,0.10142458683336666,33.282640234663155,0.4893251146983988,1.6605893524057556
SCP,2013,post_1987,159.65882005162132,0.18251142855890734,29.624496745859226,26.635063195276466,1.8654895914115532,1.683920886794505,1,328.1515978896139,0.10142458683336666,33.282640234663155,0.4865398220773819,1.7994791426536503
SCP,2014,post_1987,156.92497226053732,0.18782699811237347,31.215312989308742,26.872134872979306,1.9468351281500351,1.6550870059275733,1,328.1515978896139,0.10142458683336666,33.282640234663155,0.47820877079295804,1.851888225297479
SCP,2015,post_1987,153.61125624267024,0.3195261110332206,22.44990472281572,42.013718125002534,1.6336057506538457,1.620137257372575,1,328.1515978896139,0.10142458683336666,33.282640234663155,0.46811064529493207,3.1503811946326103
SCP,2016,post_1987,134.65770132576122,0.21182616375624352,20.58758377099562,25.705436491298833,1.394336493954225,1.4202341953728026,1,328.1515978896139,0.10142458683336666,33.282640234663155,0.41035211223033075,2.0885090131474606
SCP,2017,post_1987,129.17059346752754,0.15310488915510145,28.483320277843113,18.337093870737053,1.7570958168813389,1.3623616924469604,1,328.1515978896139,0.10142458683336666,33.282640234663155,0.39363085323442154,1.5095441247065844
SCP,2018,post_1987,129.08201630155963,0.15386073485223584,29.523431839591513,18.408203378655145,1.2441045134099813,1.3614274694593536,1,328.1515978896139,0.10142458683336666,33.282640234663155,0.39336092565662656,1.5169964172988746
SCP,2019,post_1987,128.8854973203258,0.15846493275821327,28.501992599731906,18.887796959103074,1.9560199988394813,1.3593547846114744,1,328.1515978896139,0.10142458683336666,33.282640234663155,0.39276205921045454,1.5623917011223305
SCP,2020,post_1987,128.36730977188085,0.14067037313374087,22.476705461251207,16.844918545165342,0.9518758645187639,1.3538894627719347,1,328.1515978896139,0.10142458683336666,33.282640234663155,0.39118294897062184,1.3869454885219519
SCP,2021,post_1987,129.65381742354197,0.12572834332478422,23.614001660164302,15.31803117958697,1.439682798305725,1.3674582534278636,1,328.1515978896139,0.10142458683336666,33.282640234663155,0.3951034164007206,1.239623914183125
SCP,2022,post_1987,131.729374594812,0.12817278663117815,13.072799365648391,15.8468639034158,1.3023615838579825,1.3893491459655116,1,328.1515978896139,0.10142458683336666,33.282640234663155,0.40142841126473533,1.2637250062626024
SCP,2023,post_1987,135.46900953349706,0.14484841764531442,17.047260021775326,18.267531931730424,1.2720672101834425,1.4287910595422388,1,328.1515978896139,0.10142458683336666,33.282640234663155,0.4128244701678007,1.4281390949444044
ANC,1971,thai_dof,108.50073009189109,NA,NA,NA,NA,4.715045042444947,0,200.1482704559216,0.7461462418751766,149.33987981850237,0.5421017620823562,NA
ANC,1972,thai_dof,108.50073009189109,NA,NA,NA,16.17089495242375,4.715045042444947,0,200.1482704559216,0.7461462418751766,149.33987981850237,0.5421017620823562,NA
ANC,1973,thai_dof,108.50073009189109,NA,NA,NA,13.30413111418653,4.715045042444947,0,200.1482704559216,0.7461462418751766,149.33987981850237,0.5421017620823562,NA
ANC,1974,thai_dof,108.50073009189109,NA,NA,NA,14.778466802422814,4.715045042444947,0,200.1482704559216,0.7461462418751766,149.33987981850237,0.5421017620823562,NA
ANC,1975,thai_dof,108.50073009189109,NA,NA,NA,12.001289334130506,4.715045042444947,0,200.1482704559216,0.7461462418751766,149.33987981850237,0.5421017620823562,NA
ANC,1976,thai_dof,108.50073009189109,NA,NA,NA,14.660724716209504,4.715045042444947,0,200.1482704559216,0.7461462418751766,149.33987981850237,0.5421017620823562,NA
ANC,1977,thai_dof,108.50073009189109,NA,NA,NA,12.116471809773966,4.715045042444947,0,200.1482704559216,0.7461462418751766,149.33987981850237,0.5421017620823562,NA
ANC,1978,thai_dof,108.50073009189109,NA,NA,NA,13.363002157293186,4.715045042444947,0,200.1482704559216,0.7461462418751766,149.33987981850237,0.5421017620823562,NA
ANC,1979,thai_dof,108.50073009189109,NA,NA,NA,13.22734279709089,4.715045042444947,0,200.1482704559216,0.7461462418751766,149.33987981850237,0.5421017620823562,NA
ANC,1980,thai_dof,108.50073009189109,NA,NA,NA,12.346836761060883,4.715045042444947,0,200.1482704559216,0.7461462418751766,149.33987981850237,0.5421017620823562,NA
ANC,1981,thai_dof,108.50073009189109,NA,NA,NA,9.958720099386484,4.715045042444947,0,200.1482704559216,0.7461462418751766,149.33987981850237,0.5421017620823562,NA
ANC,1982,thai_dof,108.50073009189109,NA,NA,NA,10.330923063785692,4.715045042444947,0,200.1482704559216,0.7461462418751766,149.33987981850237,0.5421017620823562,NA
ANC,1983,thai_dof,108.50073009189109,NA,NA,NA,9.966072711957942,4.715045042444947,0,200.1482704559216,0.7461462418751766,149.33987981850237,0.5421017620823562,NA
ANC,1984,thai_dof,108.50073009189109,NA,NA,NA,12.11615339492146,4.715045042444947,0,200.1482704559216,0.7461462418751766,149.33987981850237,0.5421017620823562,NA
ANC,1985,thai_dof,108.50073009189109,NA,NA,NA,11.281094835657951,4.715045042444947,0,200.1482704559216,0.7461462418751766,149.33987981850237,0.5421017620823562,NA
ANC,1986,thai_dof,108.50073009189109,NA,NA,NA,9.97973021175898,4.715045042444947,0,200.1482704559216,0.7461462418751766,149.33987981850237,0.5421017620823562,NA
ANC,1987,thai_dof,108.50073009189109,NA,NA,NA,7.919398813202289,4.715045042444947,0,200.1482704559216,0.7461462418751766,149.33987981850237,0.5421017620823562,NA
ANC,1988,thai_dof,108.50073009189109,NA,NA,NA,6.169287767269189,4.715045042444947,0,200.1482704559216,0.7461462418751766,149.33987981850237,0.5421017620823562,NA
ANC,1989,thai_dof,108.50073009189109,NA,NA,NA,4.813293144166062,4.715045042444947,0,200.1482704559216,0.7461462418751766,149.33987981850237,0.5421017620823562,NA
ANC,1990,thai_dof,108.50073009189109,NA,NA,NA,NA,4.715045042444947,0,200.1482704559216,0.7461462418751766,149.33987981850237,0.5421017620823562,NA
ANC,1991,thai_dof,108.50073009189109,NA,NA,NA,5.427880635212803,4.715045042444947,0,200.1482704559216,0.7461462418751766,149.33987981850237,0.5421017620823562,NA
ANC,1992,thai_dof,108.50073009189109,NA,NA,NA,NA,4.715045042444947,0,200.1482704559216,0.7461462418751766,149.33987981850237,0.5421017620823562,NA
ANC,1993,thai_dof,108.50073009189109,NA,NA,NA,NA,4.715045042444947,0,200.1482704559216,0.7461462418751766,149.33987981850237,0.5421017620823562,NA
ANC,1994,thai_dof,108.50073009189109,NA,NA,NA,NA,4.715045042444947,0,200.1482704559216,0.7461462418751766,149.33987981850237,0.5421017620823562,NA
ANC,1995,thai_dof,108.50073009189109,NA,NA,NA,NA,4.715045042444947,0,200.1482704559216,0.7461462418751766,149.33987981850237,0.5421017620823562,NA
ANC,1996,thai_dof,108.50073009189109,5,62.19434716768876,107.76965792316415,NA,4.715045042444947,1,200.1482704559216,0.7461462418751766,149.33987981850237,0.5421017620823562,6.7010992207563165
ANC,1997,thai_dof,106.19063847894573,5,60.25624653815339,105.47513158506995,NA,4.614656906826073,1,200.1482704559216,0.7461462418751766,149.33987981850237,0.5305598606325802,6.7010992207563165
ANC,1998,thai_dof,106.3129407759501,5,61.4976883542333,105.59660981567671,NA,4.6199717175069015,1,200.1482704559216,0.7461462418751766,149.33987981850237,0.5311709191080083,6.7010992207563165
ANC,1999,thai_dof,107.45725315434446,4.999999955103831,53.70130484712053,106.73321184540323,NA,4.669699349774326,1,200.1482704559216,0.7461462418751766,149.33987981850237,0.5368882424492878,6.7010991605855805
ANC,2000,thai_dof,107.58094636814104,4.999998993915742,61.76757838336134,106.85607092410127,NA,4.675074604613641,1,200.1482704559216,0.7461462418751766,149.33987981850237,0.5375062503566997,6.701097872382229
ANC,2001,thai_dof,109.70984284483328,4.99715929491703,60.867284942471564,108.96852084954581,NA,4.767588662074869,1,200.1482704559216,0.7461462418751766,149.33987981850237,0.5481428472747885,6.697292051432739
ANC,2002,thai_dof,107.42037268664419,4.999855292130177,62.35393654179138,106.69647516275333,NA,4.668096659486013,1,200.1482704559216,0.7461462418751766,149.33987981850237,0.5367039767166074,6.700905280397575
ANC,2003,thai_dof,105.56460508701414,4.999999921445312,67.06685132622528,104.8533163170702,4.619813852813851,4.587451784440885,1,200.1482704559216,0.7461462418751766,149.33987981850237,0.5274320125102581,6.701099115475764
ANC,2004,thai_dof,105.10828373486933,4.978367379049856,71.33419654844083,104.38458225091205,3.889292490118572,4.567621726824039,1,200.1482704559216,0.7461462418751766,149.33987981850237,0.5251520959708578,6.672106752877931
ANC,2005,thai_dof,102.92468959248492,4.995876499753414,66.54101353472251,102.22832293312491,3.284314516129031,4.472730708790872,1,200.1482704559216,0.7461462418751766,149.33987981850237,0.5142422133253053,6.695572823898479
ANC,2006,thai_dof,98.58200197928215,4.887554302876651,62.578468199214356,97.83870944670394,3.0604728033472792,4.284013382334384,1,200.1482704559216,0.7461462418751766,149.33987981850237,0.49254486064116526,6.5503972660821805
ANC,2007,thai_dof,94.04561464180166,4.070906094076943,58.12069072569037,92.44101571958704,3.461148837209301,4.086878574042472,1,200.1482704559216,0.7461462418751766,149.33987981850237,0.4698797268024018,5.4559091309582275
ANC,2008,thai_dof,90.07494698645677,3.769920264712315,55.13480312725729,87.99836803788925,4.5688346774193525,3.91432787481976,1,200.1482704559216,0.7461462418751766,149.33987981850237,0.45004109593989156,5.052521949635428
ANC,2009,thai_dof,79.70261964183159,3.397949821823687,51.755649793221515,77.03722366109677,6.26608909090909,3.4635844504808473,1,200.1482704559216,0.7461462418751766,149.33987981850237,0.3982178784771683,4.553999780638354
ANC,2010,thai_dof,75.93711925666506,3.022801311425985,51.52489665223922,72.24166195808353,4.443626735838689,3.299949570712136,1,200.1482704559216,0.7461462418751766,149.33987981850237,0.3794043240228179,4.051218302499567
ANC,2011,thai_dof,77.47627463215657,2.7666113135602193,50.66508535178598,72.60497657953945,2.6398291142673544,3.3668356360558214,1,200.1482704559216,0.7461462418751766,149.33987981850237,0.3870943998450343,3.7078673834867986
ANC,2012,thai_dof,74.91027377327588,1.7092248020525407,48.75518273997996,61.351060730980315,1.6210895000512866,3.2553266202332707,1,200.1482704559216,0.7461462418751766,149.33987981850237,0.3742739000573741,2.29073699782633
ANC,2013,thai_dof,88.89872169273899,1.3472958029734676,42.7261437016208,65.79018829925072,5.25953372129402,3.86321342392855,1,200.1482704559216,0.7461462418751766,149.33987981850237,0.44416432622792534,1.8056725710867518
ANC,2014,thai_dof,113.30969390319338,1.3746197870689958,49.28828939051765,84.64962183720019,3.881145234022571,4.924025027727762,1,200.1482704559216,0.7461462418751766,149.33987981850237,0.5661287686627671,1.8422927167928522
ANC,2015,thai_dof,133.47442803122695,1.1220165415956358,36.24136494361581,90.01215098299947,2.93538333759829,5.800310649051068,1,200.1482704559216,0.7461462418751766,149.33987981850237,0.6668777488168296,1.5037488345124423
ANC,2016,thai_dof,152.6129424483613,2.074070699990818,50.29719693165918,133.4335915133205,6.891503458917371,6.632000513680049,1,200.1482704559216,0.7461462418751766,149.33987981850237,0.7624994315500272,2.7797107103003955
ANC,2017,thai_dof,148.0265369113576,1.4436969640156723,48.03425111732471,113.08436034616891,13.891529698336257,6.432692097307395,1,200.1482704559216,0.7461462418751766,149.33987981850237,0.7395843919818298,1.9348713201147363
ANC,2018,thai_dof,164.7698818080232,1.0856291296596252,47.89186914276791,109.12886091364973,17.190188776339156,7.160296651508172,1,200.1482704559216,0.7461462418751766,149.33987981850237,0.8232390988575156,1.4549817029584944
ANC,2019,thai_dof,187.8989204153205,1.0317380834412018,47.54046906153488,120.93418944020237,11.169724519839384,8.165400107765976,1,200.1482704559216,0.7461462418751766,149.33987981850237,0.9387986215784025,1.3827558533944904
ANC,2020,thai_dof,203.53431586953306,0.7640543318834396,40.397487093503,108.73328464136605,5.958320968763964,8.844857229949534,1,200.1482704559216,0.7461462418751766,149.33987981850237,1.0169176851036401,1.024000777599921
ANC,2021,thai_dof,232.96327132543786,0.6588239265868827,46.47710967991096,112.41420243423346,10.34666461209007,10.123732039447864,1,200.1482704559216,0.7461462418751766,149.33987981850237,1.1639534570784267,0.8829689002133952
ANC,2022,thai_dof,255.18930630085902,0.607318338570952,55.576973278474924,116.15964391647401,9.670712896110878,11.089594259317845,1,200.1482704559216,0.7461462418751766,149.33987981850237,1.2750013063793078,0.8139400890697653
ANC,2023,thai_dof,265.39714512133537,0.6165835980800036,51.66479065780329,122.13963700921494,11.620189588654467,11.533189613780454,1,200.1482704559216,0.7461462418751766,149.33987981850237,1.3260026904893163,0.8263575737250076
CMA,1971,thai_dof,466.8034366125489,0.02015979745654839,3.8875304013078513,9.316438449470965,0.04971053422961269,0.03547543850598361,1,262.3231154817048,0.06068932841288293,15.9202137057598,1.7794979133095314,0.33218026931187683
CMA,1972,thai_dof,463.05980250511453,0.020031778461891747,4.251388907599213,9.183622143536425,0.04732828222500525,0.03519093532723468,1,262.3231154817048,0.06068932841288293,15.9202137057598,1.7652268335361765,0.330070854065333
CMA,1973,thai_dof,459.3528844710538,0.024321909190366142,6.685956557884241,11.037567677040212,0.03893796069934382,0.034909222442431755,1,262.3231154817048,0.06068932841288293,15.9202137057598,1.7510957188334035,0.40076088871669185
CMA,1974,thai_dof,454.0983907797495,0.031047320516234933,5.602565721566932,13.881924908504672,0.04325298319825541,0.03450989918727615,1,262.3231154817048,0.06068932841288293,15.9202137057598,1.7310651024629953,0.5115779219867641
CMA,1975,thai_dof,445.8979843852925,0.043482103949938455,9.983798938772752,18.973098130059455,0.03512485922027091,0.03388669680710153,1,262.3231154817048,0.06068932841288293,15.9202137057598,1.6998043941590453,0.7164703430909646
CMA,1976,thai_dof,433.9824406096902,0.05268258292499084,12.538967196724208,22.271504824250144,0.04290838070702289,0.0329811569003172,1,262.3231154817048,0.06068932841288293,15.9202137057598,1.654381238240354,0.8680699606128374
CMA,1977,thai_dof,419.57979378248785,0.07046477480615732,20.007361163766536,28.547971082510188,0.03546197035299838,0.03188660580714282,1,262.3231154817048,0.06068932841288293,15.9202137057598,1.5994770152527813,1.1610735634899412
CMA,1978,thai_dof,399.68569641760644,0.05563495021785414,10.888266408545695,21.629244160318027,0.03911026194496009,0.030374723562184805,1,262.3231154817048,0.06068932841288293,15.9202137057598,1.523638874460843,0.9167171836102266
CMA,1979,thai_dof,387.65176393115,0.06071756377365922,11.401363579951463,22.836953115013827,0.03871321994419217,0.02946018652491192,1,262.3231154817048,0.06068932841288293,15.9202137057598,1.4777644098168925,1.0004652442449882
CMA,1980,thai_dof,374.46570099348503,0.05819497426444453,13.538292440077333,21.170052208685505,0.03613619261845331,0.028458091578320025,1,262.3231154817048,0.06068932841288293,15.9202137057598,1.4274979172378783,0.9588996251290053
CMA,1981,thai_dof,364.86072684140044,0.06510777580570082,10.781163918423974,22.998457520798265,0.02914675513323715,0.027728146931047304,1,262.3231154817048,0.06068932841288293,15.9202137057598,1.390882866618161,1.0728043547089237
CMA,1982,thai_dof,354.32347518306767,0.06444279327607738,11.852277902983467,22.11341696226702,0.030236102815965674,0.026927352434031795,1,262.3231154817048,0.06068932841288293,15.9202137057598,1.3507138878418026,1.0618471972149501
CMA,1983,thai_dof,345.0660341991565,0.06642337785720898,36.441651778340045,22.175802883462282,0.029168274444561406,0.02622381909946447,1,262.3231154817048,0.06068932841288293,15.9202137057598,1.3154236658310137,1.0944820052269493
CMA,1984,thai_dof,336.439585895523,0.0849932388821486,20.957327290999455,27.41360393720331,0.03546103843005606,0.025568239015176013,1,262.3231154817048,0.06068932841288293,15.9202137057598,1.2825388463297178,1.4004643172836053
CMA,1985,thai_dof,322.96942826302745,0.07195572369584813,22.88924981764097,22.42309007499646,0.03301702483133401,0.024544553859331436,1,262.3231154817048,0.06068932841288293,15.9202137057598,1.2311893584747864,1.1856404672386127
CMA,1986,thai_dof,314.73684475054506,0.09256913327915406,25.739321801993576,27.827084270174595,0.02920824662958724,0.023918906130039223,1,262.3231154817048,0.06068932841288293,15.9202137057598,1.1998059880182224,1.5252950675180612
CMA,1987,thai_dof,301.1847261006737,0.09113252184898712,22.627935456645474,26.234176287820564,0.02317815700283375,0.022888992221782485,1,262.3231154817048,0.06068932841288293,15.9202137057598,1.1481440571777564,1.5016235017298663
CMA,1988,thai_dof,289.38096081676406,0.11914973455886102,9.540956477652024,32.50475253689085,0.0180560070073812,0.021991947091808513,1,262.3231154817048,0.06068932841288293,15.9202137057598,1.10314701121696,1.9632732421795642
CMA,1989,thai_dof,271.3706427559047,0.08983966358263018,16.14449038706552,23.31678069465355,0.01408734006553113,0.020623225525665603,1,262.3231154817048,0.06068932841288293,15.9202137057598,1.034490011517231,1.480320608780362
CMA,1990,thai_dof,262.80036257438564,0.12254719588851426,12.225308325468887,30.310302817166104,NA,0.019971914023409285,1,262.3231154817048,0.06068932841288293,15.9202137057598,1.0018193100970323,2.019254440497324
CMA,1991,thai_dof,246.54461124477996,0.062430693007478943,10.232979408657496,14.921330318209277,0.01588608839169339,0.018736533429712765,1,262.3231154817048,0.06068932841288293,15.9202137057598,0.9398508812006493,1.0286930938294312
CMA,1992,thai_dof,245.69032880617377,0.07881363252256524,19.460634702147544,18.620341421389604,NA,0.018671610933988572,1,262.3231154817048,0.06068932841288293,15.9202137057598,0.9365942774620216,1.2986407097204744
CMA,1993,thai_dof,241.7424485224946,0.08206636520858268,20.496495826502507,19.046689212834604,NA,0.018371585755834433,1,262.3231154817048,0.06068932841288293,15.9202137057598,0.9215445923573382,1.3522371618658726
CMA,1994,thai_dof,236.41131232753398,0.08158269949500419,23.10114636582341,18.521292915225157,NA,0.017966437936821428,1,262.3231154817048,0.06068932841288293,15.9202137057598,0.9012218076680398,1.3442676270855896
CMA,1995,thai_dof,231.26548576224133,0.09228728113020601,26.16336531969696,20.387635216228585,NA,0.017575373005499995,1,262.3231154817048,0.06068932841288293,15.9202137057598,0.8816054404415248,1.5206508877863207
CMA,1996,thai_dof,224.16687909040172,0.06359049864366728,8.233258625883526,13.811102433349735,NA,0.01703590357422837,1,262.3231154817048,0.06068932841288293,15.9202137057598,0.8545448946760309,1.047803630500688
CMA,1997,thai_dof,222.20761819531842,0.0661631655775956,7.54247801792098,14.22614670735894,NA,0.016887006556877582,1,262.3231154817048,0.06068932841288293,15.9202137057598,0.8470760107712119,1.0901943934438185
CMA,1998,thai_dof,220.49725813630238,0.07330353147556945,6.8864254851970745,15.585030705301776,NA,0.016757025137852436,1,262.3231154817048,0.06068932841288293,15.9202137057598,0.8405559598947372,1.207848783180946
CMA,1999,thai_dof,216.828288339385,0.09023059345781803,12.410802365585,18.707844322850104,NA,0.016478196187158813,1,262.3231154817048,0.06068932841288293,15.9202137057598,0.8265695073849001,1.4867621016327506
CMA,2000,thai_dof,210.6971657713218,0.06992402310593615,8.592178941308449,14.229504098560188,NA,0.016012252184658883,1,262.3231154817048,0.06068932841288293,15.9202137057598,0.803197100584971,1.152163402274409
CMA,2001,thai_dof,209.5278856882214,0.08059568458570787,4.466903762845779,16.224451564182743,NA,0.015923390962930713,1,262.3231154817048,0.06068932841288293,15.9202137057598,0.7987396966655594,1.3280042256753544
CMA,2002,thai_dof,207.9047465024762,0.09586467126470666,4.486524696465293,19.00520372833352,NA,0.015800038027081725,1,262.3231154817048,0.06068932841288293,15.9202137057598,0.7925521398322066,1.5795968380555818
CMA,2003,thai_dof,203.75658340301146,0.10813883751170739,3.7776735034242837,20.884442461494597,0.00145021645021645,0.015484792051140044,1,262.3231154817048,0.06068932841288293,15.9202137057598,0.7767389580931615,1.7818427117205013
CMA,2004,thai_dof,196.35952635315098,0.11547392234179199,5.645567176223573,21.414222665864738,0.01075098814229249,0.014922641428595713,1,262.3231154817048,0.06068932841288293,15.9202137057598,0.7485406918584941,1.9027055556818382
CMA,2005,thai_dof,189.22083154994394,0.10582866029977822,4.366553481083091,19.001788943032516,0.04241935483870967,0.014380125438692335,1,262.3231154817048,0.06068932841288293,15.9202137057598,0.7213273264251879,1.743777086801858
CMA,2006,thai_dof,183.19312722292494,0.10111911521400785,4.495279204409285,17.618531756328217,0.02696652719665271,0.01392204086301493,1,262.3231154817048,0.06068932841288293,15.9202137057598,0.6983491595337559,1.6661762101908943
CMA,2007,thai_dof,179.49984937513264,0.10512192592231351,4.356123430897395,17.911436199430856,0.01339534883720929,0.013641364584953129,1,262.3231154817048,0.06068932841288293,15.9202137057598,0.6842700424837379,1.7321319690200851
CMA,2008,thai_dof,176.3077945385398,0.10786498471574557,7.179463010875288,18.027683903252196,0.0139516129032258,0.013398779513418477,1,262.3231154817048,0.06068932841288293,15.9202137057598,0.6721016339516448,1.7773303402192262
CMA,2009,thai_dof,172.4490947670684,0.11355608726799815,5.813045799534291,18.511698371171118,0.01735537190082644,0.013105531744187708,1,262.3231154817048,0.06068932841288293,15.9202137057598,0.6573919132151186,1.871104693982622
CMA,2010,thai_dof,168.0414070455242,0.12041503394385789,8.764458976933325,19.063892480100286,0.00935341365461847,0.012770562799113289,1,262.3231154817048,0.06068932841288293,15.9202137057598,0.6405893995919849,1.98412203747993
CMA,2011,thai_dof,161.85886698179547,0.12348005719221433,16.90769349335378,18.80164458164494,0.00293172690763052,0.01230071124567746,1,262.3231154817048,0.06068932841288293,15.9202137057598,0.6170209845387568,2.034625533374701
CMA,2012,thai_dof,156.5980769132683,0.1191389586421927,14.14576385438893,17.58840058324181,NA,0.011900909487740042,1,262.3231154817048,0.06068932841288293,15.9202137057598,0.5969663657955065,1.9630956835057394
CMA,2013,thai_dof,152.53725471669557,0.13176397401523943,17.183944163214043,18.831050716957588,NA,0.01159230111680849,1,262.3231154817048,0.06068932841288293,15.9202137057598,0.5814861356636105,2.1711226250325257
CMA,2014,thai_dof,147.79363499911994,0.1416801499756266,17.70578146119003,19.523715123992645,NA,0.011231802507784107,1,262.3231154817048,0.06068932841288293,15.9202137057598,0.5634030181736978,2.33451504046552
CMA,2015,thai_dof,142.32206950436583,0.23196752585083846,16.83447770088438,29.464671341292995,NA,0.010815982550139448,1,262.3231154817048,0.06068932841288293,15.9202137057598,0.5425449039937611,3.822212766513283
CMA,2016,thai_dof,125.13181229326617,0.19117914758103272,16.140955117574883,21.77486214952863,NA,0.009509582757927607,1,262.3231154817048,0.06068932841288293,15.9202137057598,0.477014052168015,3.1501279150825114
CMA,2017,thai_dof,114.5277195662274,0.17682923357898872,13.206069190755855,18.562325078212904,NA,0.008703708572039707,1,262.3231154817048,0.06068932841288293,15.9202137057598,0.43659026905013604,2.9136791953929744
CMA,2018,thai_dof,104.03653811735344,0.16771512323178417,18.467129697340873,16.063793850723634,NA,0.007906415250796325,1,262.3231154817048,0.06068932841288293,15.9202137057598,0.3965969141770477,2.763502704969498
CMA,2019,thai_dof,97.59957015003401,0.17955003657978352,18.78429987515126,16.040866379017352,NA,0.007417228061115963,1,262.3231154817048,0.06068932841288293,15.9202137057598,0.3720585964024238,2.9585108498526282
CMA,2020,thai_dof,89.71399560899253,0.14241230671282867,15.160297046859247,11.908312434000852,NA,0.006817951807399654,1,262.3231154817048,0.06068932841288293,15.9202137057598,0.3419980562683179,2.346579051657422
CMA,2021,thai_dof,86.54342326949569,0.1404070855179098,14.173296526897788,11.336807287105577,NA,0.006576999330968017,1,262.3231154817048,0.06068932841288293,15.9202137057598,0.3299115410038331,2.3135382972553153
CMA,2022,thai_dof,83.68754153909772,0.14537660610657355,8.519787476451157,11.323210433500515,NA,0.006359962246917613,1,262.3231154817048,0.06068932841288293,15.9202137057598,0.31902465547278214,2.3954228841938128
CMA,2023,thai_dof,82.34533574846941,0.1641221185538857,11.462698193294132,12.463923330950891,NA,0.0062579592725322064,1,262.3231154817048,0.06068932841288293,15.9202137057598,0.3139080427481901,2.7042994682249013
DMF,1971,thai_dof,421.1749437586563,0.07526680584616496,19.521300705564258,30.536871507866042,1.6747497608281134,1.3745094137389364,1,312.3347794929588,0.16004564856013373,49.98782235183694,1.3484727651604718,0.4702833630486684
DMF,1972,thai_dof,429.09513885866846,0.11057399557129166,28.207840729398207,44.91764565831592,1.5944916015309247,1.4003570641866656,1,312.3347794929588,0.16004564856013373,49.98782235183694,1.3738307964142107,0.69089035888249
DMF,1973,thai_dof,421.4498157834486,0.15280183533562042,25.517041292749347,59.71952754814645,1.3118213549496314,1.375406461845072,1,312.3347794929588,0.16004564856013373,49.98782235183694,1.3493528209302408,0.9547390804455917
DMF,1974,thai_dof,399.4874671863618,0.12253203296632531,16.40463305183444,46.06986721069894,1.457194624620011,1.3037320772648486,1,312.3347794929588,0.16004564856013373,49.98782235183694,1.2790361285889642,0.7656067757461492
DMF,1975,thai_dof,393.2688839261615,0.12394654712281383,26.831205447661176,45.84450948286684,1.183357823244383,1.283437657195637,1,312.3347794929588,0.16004564856013373,49.98782235183694,1.2591261356311019,0.7744449676571092
DMF,1976,thai_dof,388.06688186355353,0.15609628005658394,24.90659640423464,56.08465941213114,1.4455849537782792,1.2664608618964341,1,312.3347794929588,0.16004564856013373,49.98782235183694,1.2424709233263664,0.9753234871483188
DMF,1977,thai_dof,373.3757520443479,0.19657312567049434,26.788838147896875,66.63216874135975,1.1947151099373816,1.2185161858557576,1,312.3347794929588,0.16004564856013373,49.98782235183694,1.1954344394514196,1.2282316166605192
DMF,1978,thai_dof,349.1299479500161,0.1929070183882322,21.205301737562138,61.25183310607249,1.317626190370497,1.1393897172346192,1,312.3347794929588,0.16004564856013373,49.98782235183694,1.117806824192907,1.2053249814895874
DMF,1979,thai_dof,331.66013891451774,0.19618530534985723,21.777676105783236,59.08196184607484,1.3042498304876324,1.0823767886847344,1,312.3347794929588,0.16004564856013373,49.98782235183694,1.0618738632083546,1.2258084309998893
DMF,1980,thai_dof,316.2985717359209,0.1749476865646189,20.898521614135834,50.76562445529511,1.2174296833233784,1.0322441323867766,1,312.3347794929588,0.16004564856013373,49.98782235183694,1.0126908448985315,1.093111172584527
DMF,1981,thai_dof,307.6020187606456,0.18119373116448756,20.774281448039503,50.97773883695326,0.9819552725552118,1.0038628288246039,1,312.3347794929588,0.16004564856013373,49.98782235183694,0.9848471542618588,1.1321378168954583
DMF,1982,thai_dof,298.092875182611,0.20031770290584827,18.59415929830618,54.11259655478598,1.0186554368037275,0.9728296262129755,1,312.3347794929588,0.16004564856013373,49.98782235183694,0.9544017981812082,1.2516285491547319
DMF,1983,thai_dof,291.392574538067,0.21523173702433418,18.815480469182784,56.426844381578,0.9826802589600454,0.9509631157586305,1,312.3347794929588,0.16004564856013373,49.98782235183694,0.9329494941649177,1.3448146760670314
DMF,1984,thai_dof,280.944727231411,0.20960740758560004,19.61760977779627,53.12593497370797,1.1946837134185362,0.9168664424186924,1,312.3347794929588,0.16004564856013373,49.98782235183694,0.8994986971591633,1.3096726432199406
DMF,1985,thai_dof,275.51876895646126,0.22298564029389123,20.173289063754098,55.06894508284004,1.1123448037014454,0.8991587633698962,1,312.3347794929588,0.16004564856013373,49.98782235183694,0.8821264458723929,1.3932627490969187
DMF,1986,thai_dof,267.40689149792854,0.276276726775162,28.555995908507466,64.55122781585987,0.9840269233713064,0.8726855552764942,1,312.3347794929588,0.16004564856013373,49.98782235183694,0.8561547066005082,1.7262370408737289
DMF,1987,thai_dof,250.56229898641965,0.2960002804257158,41.46860578567676,64.19726332582631,0.7808729779011012,0.8177130282523494,1,312.3347794929588,0.16004564856013373,49.98782235183694,0.8022234968298441,1.8494740912277914
DMF,1988,thai_dof,233.5456993208804,0.2888336843034809,38.847202493370034,58.58802422205102,0.6083075526295348,0.7621791538452495,1,312.3347794929588,0.16004564856013373,49.98782235183694,0.7477415730006636,1.8046956409124602
DMF,1989,thai_dof,221.7099472664054,0.28088207408943777,36.28452314148104,54.29291318011358,0.4746030146543525,0.723553036934368,1,312.3347794929588,0.16004564856013373,49.98782235183694,0.7098471314220183,1.7550122519195037
DMF,1990,thai_dof,213.8070872976481,0.29318955932383783,33.131412069108734,54.332499095902726,NA,0.6977619598926577,1,312.3347794929588,0.16004564856013373,49.98782235183694,0.6845446019323895,1.831912094840105
DMF,1991,thai_dof,205.22050237256255,0.27203297081451705,42.48163345384054,48.8775430165421,0.5352029131610898,0.6697395383637976,1,312.3347794929588,0.16004564856013373,49.98782235183694,0.6570529952050665,1.6997211312015552
DMF,1992,thai_dof,202.0534734876457,0.25241561131144064,35.32757374006089,45.0737305271333,NA,0.659403902114753,1,312.3347794929588,0.16004564856013373,49.98782235183694,0.6469131417758129,1.5771476049634732
DMF,1993,thai_dof,201.8641699062738,0.271223713481902,47.56814550337347,47.95365961033965,NA,0.6587861076364583,1,312.3347794929588,0.16004564856013373,49.98782235183694,0.646307049871225,1.6946647154858165
DMF,1994,thai_dof,198.84816004044737,0.3068209919681637,47.43771644097377,52.53920348287911,NA,0.6489433237435888,1,312.3347794929588,0.16004564856013373,49.98782235183694,0.6366507129409524,1.9170842489533995
DMF,1995,thai_dof,191.45391294628953,0.3156776673247883,47.30931309460343,51.82762958030742,NA,0.6248121108377811,1,312.3347794929588,0.16004564856013373,49.98782235183694,0.612976605605991,1.9724226816837145
DMF,1996,thai_dof,183.67293319207346,0.30595662111846256,38.738575304026206,48.41277552592152,NA,0.5994187913187297,1,312.3347794929588,0.16004564856013373,49.98782235183694,0.588064299115988,1.9116834720033384
DMF,1997,thai_dof,179.16843987265173,0.31312791450212796,35.1074641513539,48.16829177100719,NA,0.5847183240582242,1,312.3347794929588,0.16004564856013373,49.98782235183694,0.5736422954994382,1.956491271829092
DMF,1998,thai_dof,174.06414420378664,0.3635682341909554,37.447334370932744,53.05626728971737,NA,0.5680603947313976,1,312.3347794929588,0.16004564856013373,49.98782235183694,0.5572999090474672,2.271653353039164
DMF,1999,thai_dof,162.97206529703863,0.3448205293772162,33.912968616206435,47.53121522464415,NA,0.5318612639398074,1,312.3347794929588,0.16004564856013373,49.98782235183694,0.5217864803964704,2.1545136183296933
DMF,2000,thai_dof,157.41650057045862,0.3242177213609061,32.41237632990373,43.58976358827355,NA,0.5137306127021689,1,312.3347794929588,0.16004564856013373,49.98782235183694,0.5039992690727784,2.0257827955821504
DMF,2001,thai_dof,154.84453684475713,0.33192282620254243,31.959842887244243,43.73697038327272,NA,0.5053369786430699,1,312.3347794929588,0.16004564856013373,49.98782235183694,0.4957646314513236,2.0739259654274793
DMF,2002,thai_dof,154.1117258593546,0.3392788848087962,29.717840425632385,44.34044379782074,NA,0.5029454413190826,1,312.3347794929588,0.16004564856013373,49.98782235183694,0.4934183958300708,2.1198882185248507
DMF,2003,thai_dof,153.74610465026245,0.3607291895959541,34.00676813022863,46.559275234321774,0.218073593073593,0.5017522321759296,1,312.3347794929588,0.16004564856013373,49.98782235183694,0.49224778905459193,2.2539143853100003
DMF,2004,thai_dof,151.21328573415022,0.3418197276252455,30.49208304020922,43.77983414673518,0.34598023715415,0.4934863476662204,1,312.3347794929588,0.16004564856013373,49.98782235183694,0.4841384810863151,2.135763956723972
DMF,2005,thai_dof,153.56778194406846,0.331635508101531,32.56704331931289,43.34467709237033,0.46099677419354823,0.5011702739137412,1,312.3347794929588,0.16004564856013373,49.98782235183694,0.49167685453848237,2.0721307394804054
DMF,2006,thai_dof,156.05429166360585,0.32044544313200696,30.239789487694036,42.78608382496847,0.7168786610878658,0.5092850278123396,1,312.3347794929588,0.16004564856013373,49.98782235183694,0.4996378946876901,2.002212781259132
DMF,2007,thai_dof,160.55755515343185,0.30554991631534456,25.53347451436373,42.27189341832672,0.6185069767441858,0.5239814815094038,1,312.3347794929588,0.16004564856013373,49.98782235183694,0.5140559607677359,1.9091422919914047
DMF,2008,thai_dof,168.56497819546607,0.31293388616776596,29.214558118552254,45.29370296070696,0.6899838709677415,0.5501138013783012,1,312.3347794929588,0.16004564856013373,49.98782235183694,0.5396932690913027,1.9552789406216673
DMF,2009,thai_dof,175.1717170982468,0.34441115957145474,31.890325059368866,51.03846853826464,0.5510971900826442,0.5716749719810591,1,312.3347794929588,0.16004564856013373,49.98782235183694,0.5608460171570353,2.1519557868019734
DMF,2010,thai_dof,177.96683297978998,0.36161430459032484,34.58482265389568,54.003862385682964,0.42898203996489354,0.5807968657418472,1,312.3347794929588,0.16004564856013373,49.98782235183694,0.5697951194186558,2.2594447761849397
DMF,2011,thai_dof,175.52602984831222,0.30385956275128034,45.05416753841786,45.99405154229364,0.3355715582423232,0.5728312758343381,1,312.3347794929588,0.16004564856013373,49.98782235183694,0.5619804177212011,1.8985805955049857
DMF,2012,thai_dof,179.06652340050374,0.27309721388926,36.38767969210231,42.79353220585855,1.1035647590943034,0.584385718445145,1,312.3347794929588,0.16004564856013373,49.98782235183694,0.5733159902691547,1.7063707532582466
DMF,2013,thai_dof,189.7640886007339,0.294373476020124,44.02413528639353,48.39018407044478,0.4500939326298732,0.6192973490862786,1,312.3347794929588,0.16004564856013373,49.98782235183694,0.6075663072450499,1.8393094636966618
DMF,2014,thai_dof,194.57644772120634,0.2897871343054721,37.58947419773395,48.95098541627103,0.5441553134091036,0.6350025400322341,1,312.3347794929588,0.16004564856013373,49.98782235183694,0.622974002565708,1.8106530037684265
DMF,2015,thai_dof,199.63948761402241,0.28467643781563545,32.700852473494585,49.4591623895359,0.5828982109829055,0.6515258306456455,1,312.3347794929588,0.16004564856013373,49.98782235183694,0.6391843006984852,1.7787202612301851
DMF,2016,thai_dof,202.28317919128276,0.3164331824186428,21.827991334965887,54.87058616810124,0.2810601831082906,0.6601535493972361,1,312.3347794929588,0.16004564856013373,49.98782235183694,0.6476485888624612,1.9771433042101725
DMF,2017,thai_dof,203.55476254231695,0.38754715666979767,22.20614871065445,65.39814996626701,0.4091229897537634,0.6643033767130598,1,312.3347794929588,0.16004564856013373,49.98782235183694,0.6517198080622522,2.421478872786629
DMF,2018,thai_dof,196.336783099788,0.3978238615450458,24.854925842085702,64.44159148880787,1.055181899380611,0.6407474153745448,1,312.3347794929588,0.16004564856013373,49.98782235183694,0.6286100555900922,2.4856899586093526
DMF,2019,thai_dof,188.89717175182014,0.40463499200222586,25.28503981887702,62.8611427927941,0.5974387098186917,0.6164681556895232,1,312.3347794929588,0.16004564856013373,49.98782235183694,0.6047907058524636,2.5282473821847953
DMF,2020,thai_dof,179.09923051616036,0.3582905896237891,20.068607635725876,53.93215824542844,2.9020302341101365,0.584492458504193,1,312.3347794929588,0.16004564856013373,49.98782235183694,0.5734207084043228,2.2386774826256466
DMF,2021,thai_dof,179.58252973626716,0.3486410251330767,19.64049767201343,52.86076517897831,0.3833456358538275,0.5860697112290609,1,312.3347794929588,0.16004564856013373,49.98782235183694,0.57496808401485,2.178384906241811
DMF,2022,thai_dof,181.3603712108458,0.33529264632694655,17.558725054238728,51.66435094673205,1.0582687169226213,0.5918717179228499,1,312.3347794929588,0.16004564856013373,49.98782235183694,0.5806601861799203,2.0949813340346304
DMF,2023,thai_dof,184.87029245835882,0.35742739420155,17.699884530057325,55.558425102100045,0.4915860924243926,0.6033263874555024,1,312.3347794929588,0.16004564856013373,49.98782235183694,0.5918978756015435,2.233284050001861
LPF,1971,thai_dof,501.6863541767254,NA,NA,NA,12.837852733417394,4.9147157265038635,0,291.21222598062553,0.15297031818764434,44.54682686838847,1.7227516890382988,NA
LPF,1972,thai_dof,501.6863541767254,NA,NA,NA,12.222631012649396,4.9147157265038635,0,291.21222598062553,0.15297031818764434,44.54682686838847,1.7227516890382988,NA
LPF,1973,thai_dof,501.6863541767254,NA,NA,NA,10.055812373466518,4.9147157265038635,0,291.21222598062553,0.15297031818764434,44.54682686838847,1.7227516890382988,NA
LPF,1974,thai_dof,501.6863541767254,NA,NA,NA,11.170176245046283,4.9147157265038635,0,291.21222598062553,0.15297031818764434,44.54682686838847,1.7227516890382988,NA
LPF,1975,thai_dof,501.6863541767254,NA,NA,NA,9.071070688337873,4.9147157265038635,0,291.21222598062553,0.15297031818764434,44.54682686838847,1.7227516890382988,NA
LPF,1976,thai_dof,501.6863541767254,NA,NA,NA,11.081181908079843,4.9147157265038635,0,291.21222598062553,0.15297031818764434,44.54682686838847,1.7227516890382988,NA
LPF,1977,thai_dof,501.6863541767254,NA,NA,NA,9.15813036580504,4.9147157265038635,0,291.21222598062553,0.15297031818764434,44.54682686838847,1.7227516890382988,NA
LPF,1978,thai_dof,501.6863541767254,NA,NA,NA,10.100309541949738,4.9147157265038635,0,291.21222598062553,0.15297031818764434,44.54682686838847,1.7227516890382988,NA
LPF,1979,thai_dof,501.6863541767254,NA,NA,NA,9.997772588488406,4.9147157265038635,0,291.21222598062553,0.15297031818764434,44.54682686838847,1.7227516890382988,NA
LPF,1980,thai_dof,501.6863541767254,NA,NA,NA,9.332249720739378,4.9147157265038635,0,291.21222598062553,0.15297031818764434,44.54682686838847,1.7227516890382988,NA
LPF,1981,thai_dof,501.6863541767254,NA,NA,NA,7.527212407920071,4.9147157265038635,0,291.21222598062553,0.15297031818764434,44.54682686838847,1.7227516890382988,NA
LPF,1982,thai_dof,501.6863541767254,NA,NA,NA,7.808538797649906,4.9147157265038635,0,291.21222598062553,0.15297031818764434,44.54682686838847,1.7227516890382988,NA
LPF,1983,thai_dof,501.6863541767254,NA,NA,NA,7.532769816505329,4.9147157265038635,0,291.21222598062553,0.15297031818764434,44.54682686838847,1.7227516890382988,NA
LPF,1984,thai_dof,501.6863541767254,NA,NA,NA,9.157889694694225,4.9147157265038635,0,291.21222598062553,0.15297031818764434,44.54682686838847,1.7227516890382988,NA
LPF,1985,thai_dof,501.6863541767254,NA,NA,NA,8.526717908972948,4.9147157265038635,0,291.21222598062553,0.15297031818764434,44.54682686838847,1.7227516890382988,NA
LPF,1986,thai_dof,501.6863541767254,NA,NA,NA,7.543092719542827,4.9147157265038635,0,291.21222598062553,0.15297031818764434,44.54682686838847,1.7227516890382988,NA
LPF,1987,thai_dof,501.6863541767254,NA,NA,NA,5.985809061314631,4.9147157265038635,0,291.21222598062553,0.15297031818764434,44.54682686838847,1.7227516890382988,NA
LPF,1988,thai_dof,501.6863541767254,NA,NA,NA,4.66300277208102,4.9147157265038635,0,291.21222598062553,0.15297031818764434,44.54682686838847,1.7227516890382988,NA
LPF,1989,thai_dof,501.6863541767254,NA,NA,NA,3.63808597050091,4.9147157265038635,0,291.21222598062553,0.15297031818764434,44.54682686838847,1.7227516890382988,NA
LPF,1990,thai_dof,501.6863541767254,NA,NA,NA,NA,4.9147157265038635,0,291.21222598062553,0.15297031818764434,44.54682686838847,1.7227516890382988,NA
LPF,1991,thai_dof,501.6863541767254,NA,NA,NA,4.102616607188298,4.9147157265038635,0,291.21222598062553,0.15297031818764434,44.54682686838847,1.7227516890382988,NA
LPF,1992,thai_dof,501.6863541767254,NA,NA,NA,NA,4.9147157265038635,0,291.21222598062553,0.15297031818764434,44.54682686838847,1.7227516890382988,NA
LPF,1993,thai_dof,501.6863541767254,NA,NA,NA,NA,4.9147157265038635,0,291.21222598062553,0.15297031818764434,44.54682686838847,1.7227516890382988,NA
LPF,1994,thai_dof,501.6863541767254,NA,NA,NA,NA,4.9147157265038635,0,291.21222598062553,0.15297031818764434,44.54682686838847,1.7227516890382988,NA
LPF,1995,thai_dof,501.6863541767254,NA,NA,NA,NA,4.9147157265038635,0,291.21222598062553,0.15297031818764434,44.54682686838847,1.7227516890382988,NA
LPF,1996,thai_dof,501.6863541767254,NA,NA,NA,NA,4.9147157265038635,0,291.21222598062553,0.15297031818764434,44.54682686838847,1.7227516890382988,NA
LPF,1997,thai_dof,501.6863541767254,NA,NA,NA,NA,4.9147157265038635,0,291.21222598062553,0.15297031818764434,44.54682686838847,1.7227516890382988,NA
LPF,1998,thai_dof,501.6863541767254,NA,NA,NA,NA,4.9147157265038635,0,291.21222598062553,0.15297031818764434,44.54682686838847,1.7227516890382988,NA
LPF,1999,thai_dof,501.6863541767254,NA,NA,NA,NA,4.9147157265038635,0,291.21222598062553,0.15297031818764434,44.54682686838847,1.7227516890382988,NA
LPF,2000,thai_dof,501.6863541767254,NA,NA,NA,NA,4.9147157265038635,0,291.21222598062553,0.15297031818764434,44.54682686838847,1.7227516890382988,NA
LPF,2001,thai_dof,501.6863541767254,0.06585521056887345,18.79885995445046,31.974269415204496,NA,4.9147157265038635,1,291.21222598062553,0.15297031818764434,44.54682686838847,1.7227516890382988,0.4305097312283206
LPF,2002,thai_dof,488.35837834003536,0.0733029719828151,16.39608102763784,34.517546372948516,NA,4.7841496628632925,1,291.21222598062553,0.15297031818764434,44.54682686838847,1.676984462776388,0.47919735574385375
LPF,2003,thai_dof,475.4447420200745,0.08160161700523005,21.12241596567481,37.25630123119867,4.2929523809523795,4.657642631169729,1,291.21222598062553,0.15297031818764434,44.54682686838847,1.6326400459976087,0.533447390134416
LPF,2004,thai_dof,462.2847544811611,0.08257736359731638,19.4623438663087,36.64059564474369,5.040936758893278,4.528722246591541,1,291.21222598062553,0.15297031818764434,44.54682686838847,1.5874496784071046,0.5398260562942745
LPF,2005,thai_dof,451.8267635196544,0.07882871626932797,11.877323618947143,34.24927698963166,5.613892558651024,4.426271677190472,1,291.21222598062553,0.15297031818764434,44.54682686838847,1.5515377556631658,0.515320339287201
LPF,2006,thai_dof,445.9225336350425,0.07502548698661915,9.76103058941054,32.23135152356535,4.4988577405857715,4.3684315321970635,1,291.21222598062553,0.15297031818764434,44.54682686838847,1.5312630921776955,0.4904578082565503
LPF,2007,thai_dof,442.9698785600905,0.07657822327271901,9.831330245546154,32.65553799928569,3.260753488372092,4.339506168349722,1,291.21222598062553,0.15297031818764434,44.54682686838847,1.521123905661713,0.5006083806322654
LPF,2008,thai_dof,440.0711615486653,0.07804716566844228,14.428317689997236,33.04019030861449,5.151786290322578,4.311109202866947,1,291.21222598062553,0.15297031818764434,44.54682686838847,1.5111699382358468,0.5102111742534525
LPF,2009,thai_dof,437.13867798332546,0.0822879835037682,12.479786402807127,34.53103295216928,3.8389900826446266,4.2823814470165,1,291.21222598062553,0.15297031818764434,44.54682686838847,1.501100019105683,0.5379343161385588
LPF,2010,thai_dof,432.9244574658171,0.08346953029870274,19.990725404862427,34.668973299842094,3.95987127544066,4.241097294717118,1,291.21222598062553,0.15297031818764434,44.54682686838847,1.486628715562992,0.5456583426616989
LPF,2011,thai_dof,428.11365865699116,0.08557648097280435,18.77820617295867,35.112626992757015,3.256608175500181,4.1939688281643805,1,291.21222598062553,0.15297031818764434,44.54682686838847,1.470108808843327,0.5594319341601297
LPF,2012,thai_dof,423.9525879229849,0.08208568064519195,16.245738482473953,33.41042019084929,3.2112040456180293,4.15320535193016,1,291.21222598062553,0.15297031818764434,44.54682686838847,1.455820017498821,0.5366118186699447
LPF,2013,thai_dof,422.64801049736786,0.0912921671463156,18.879769179437744,36.87561792228011,3.2479481672462156,4.140425201270803,1,291.21222598062553,0.15297031818764434,44.54682686838847,1.4513402006874767,0.5967966088318526
LPF,2014,thai_dof,417.3418650886819,0.0941726225967745,19.12009938102797,37.50833284689428,3.918725295144031,4.088444125704218,1,291.21222598062553,0.15297031818764434,44.54682686838847,1.433119312499084,0.6156267680718008
LPF,2015,thai_dof,412.93455520196255,0.15112502316385346,34.11861543992113,57.91811626743427,4.503252015521364,4.045268394430081,1,291.21222598062553,0.15297031818764434,44.54682686838847,1.4179849551695514,0.9879369079854609
LPF,2016,thai_dof,389.07988979317736,0.10458576036999467,40.02403439172743,38.636586325397914,4.291889781332916,3.81157876293226,1,291.21222598062553,0.15297031818764434,44.54682686838847,1.3360699005098193,0.6836996981447231
LPF,2017,thai_dof,376.7139201063644,0.09324206615127206,30.905206318405344,33.5377260297053,4.207916584287845,3.690436887760107,1,291.21222598062553,0.15297031818764434,44.54682686838847,1.293606128100636,0.6095435196578115
LPF,2018,thai_dof,365.9612557103477,0.0969178915593707,36.99983024674408,33.80364825444586,3.606002657964865,3.585099582152815,1,291.21222598062553,0.15297031818764434,44.54682686838847,1.256682319837407,0.6335731840505442
LPF,2019,thai_dof,361.47381191823615,0.10032235922516453,23.994543445143087,34.50419991538291,4.604601765476088,3.541138827802451,1,291.21222598062553,0.15297031818764434,44.54682686838847,1.2412727889463169,0.6558289242891026
LPF,2020,thai_dof,352.4446797149433,0.09273397181997023,19.27252082475455,31.21393327945307,3.391696528557638,3.4526859175991684,1,291.21222598062553,0.15297031818764434,44.54682686838847,1.2102674553862707,0.6062219973041836
LPF,2021,thai_dof,341.90442557186503,0.08691563368927291,20.900904023646724,28.462026890855995,4.970937032567688,3.349429465899695,1,291.21222598062553,0.15297031818764434,44.54682686838847,1.1740730473129657,0.5681862646232845
LPF,2022,thai_dof,338.90319699138985,0.08913161152671734,9.938637825538052,28.89991004413788,3.0040670153152296,3.320028256995978,1,291.21222598062553,0.15297031818764434,44.54682686838847,1.1637670631793364,0.5826725902301002
LPF,2023,thai_dof,344.06601297888227,0.10030982694492874,11.381555985889792,32.83865172265802,2.971088139469183,3.3706052214988556,1,291.21222598062553,0.15297031818764434,44.54682686838847,1.1814957693492345,0.6557469980671775
MPF,1971,thai_dof,794.1858583738001,NA,NA,NA,0.35332632132570485,0.26037194893901766,0,459.09131638358605,0.09161632004997353,42.06025697396228,1.7299082557907313,NA
MPF,1972,thai_dof,794.1858583738001,NA,NA,NA,0.3363940483114808,0.26037194893901766,0,459.09131638358605,0.09161632004997353,42.06025697396228,1.7299082557907313,NA
MPF,1973,thai_dof,794.1858583738001,NA,NA,NA,0.27675836977081736,0.26037194893901766,0,459.09131638358605,0.09161632004997353,42.06025697396228,1.7299082557907313,NA
MPF,1974,thai_dof,794.1858583738001,NA,NA,NA,0.3074281473060157,0.26037194893901766,0,459.09131638358605,0.09161632004997353,42.06025697396228,1.7299082557907313,NA
MPF,1975,thai_dof,794.1858583738001,NA,NA,NA,0.2496560837197481,0.26037194893901766,0,459.09131638358605,0.09161632004997353,42.06025697396228,1.7299082557907313,NA
MPF,1976,thai_dof,794.1858583738001,NA,NA,NA,0.3049788247945242,0.26037194893901766,0,459.09131638358605,0.09161632004997353,42.06025697396228,1.7299082557907313,NA
MPF,1977,thai_dof,794.1858583738001,NA,NA,NA,0.25205216008968545,0.26037194893901766,0,459.09131638358605,0.09161632004997353,42.06025697396228,1.7299082557907313,NA
MPF,1978,thai_dof,794.1858583738001,NA,NA,NA,0.2779830310265632,0.26037194893901766,0,459.09131638358605,0.09161632004997353,42.06025697396228,1.7299082557907313,NA
MPF,1979,thai_dof,794.1858583738001,NA,NA,NA,0.27516098552419255,0.26037194893901766,0,459.09131638358605,0.09161632004997353,42.06025697396228,1.7299082557907313,NA
MPF,1980,thai_dof,794.1858583738001,NA,NA,NA,0.2568443128295602,0.26037194893901766,0,459.09131638358605,0.09161632004997353,42.06025697396228,1.7299082557907313,NA
MPF,1981,thai_dof,794.1858583738001,NA,NA,NA,0.20716566275952547,0.26037194893901766,0,459.09131638358605,0.09161632004997353,42.06025697396228,1.7299082557907313,NA
MPF,1982,thai_dof,794.1858583738001,NA,NA,NA,0.21490839204916296,0.26037194893901766,0,459.09131638358605,0.09161632004997353,42.06025697396228,1.7299082557907313,NA
MPF,1983,thai_dof,794.1858583738001,NA,NA,NA,0.2073186150306184,0.26037194893901766,0,459.09131638358605,0.09161632004997353,42.06025697396228,1.7299082557907313,NA
MPF,1984,thai_dof,794.1858583738001,NA,NA,NA,0.25204553628428744,0.26037194893901766,0,459.09131638358605,0.09161632004997353,42.06025697396228,1.7299082557907313,NA
MPF,1985,thai_dof,794.1858583738001,NA,NA,NA,0.23467428193168277,0.26037194893901766,0,459.09131638358605,0.09161632004997353,42.06025697396228,1.7299082557907313,NA
MPF,1986,thai_dof,794.1858583738001,NA,NA,NA,0.2076027243307778,0.26037194893901766,0,459.09131638358605,0.09161632004997353,42.06025697396228,1.7299082557907313,NA
MPF,1987,thai_dof,794.1858583738001,NA,NA,NA,0.164742807049585,0.26037194893901766,0,459.09131638358605,0.09161632004997353,42.06025697396228,1.7299082557907313,NA
MPF,1988,thai_dof,794.1858583738001,NA,NA,NA,0.12833622958629903,0.26037194893901766,0,459.09131638358605,0.09161632004997353,42.06025697396228,1.7299082557907313,NA
MPF,1989,thai_dof,794.1858583738001,NA,NA,NA,0.1001282347847564,0.26037194893901766,0,459.09131638358605,0.09161632004997353,42.06025697396228,1.7299082557907313,NA
MPF,1990,thai_dof,794.1858583738001,NA,NA,NA,NA,0.26037194893901766,0,459.09131638358605,0.09161632004997353,42.06025697396228,1.7299082557907313,NA
MPF,1991,thai_dof,794.1858583738001,NA,NA,NA,0.11291315329193038,0.26037194893901766,0,459.09131638358605,0.09161632004997353,42.06025697396228,1.7299082557907313,NA
MPF,1992,thai_dof,794.1858583738001,NA,NA,NA,NA,0.26037194893901766,0,459.09131638358605,0.09161632004997353,42.06025697396228,1.7299082557907313,NA
MPF,1993,thai_dof,794.1858583738001,NA,NA,NA,NA,0.26037194893901766,0,459.09131638358605,0.09161632004997353,42.06025697396228,1.7299082557907313,NA
MPF,1994,thai_dof,794.1858583738001,NA,NA,NA,NA,0.26037194893901766,0,459.09131638358605,0.09161632004997353,42.06025697396228,1.7299082557907313,NA
MPF,1995,thai_dof,794.1858583738001,NA,NA,NA,NA,0.26037194893901766,0,459.09131638358605,0.09161632004997353,42.06025697396228,1.7299082557907313,NA
MPF,1996,thai_dof,794.1858583738001,NA,NA,NA,NA,0.26037194893901766,0,459.09131638358605,0.09161632004997353,42.06025697396228,1.7299082557907313,NA
MPF,1997,thai_dof,794.1858583738001,NA,NA,NA,NA,0.26037194893901766,0,459.09131638358605,0.09161632004997353,42.06025697396228,1.7299082557907313,NA
MPF,1998,thai_dof,794.1858583738001,NA,NA,NA,NA,0.26037194893901766,0,459.09131638358605,0.09161632004997353,42.06025697396228,1.7299082557907313,NA
MPF,1999,thai_dof,794.1858583738001,NA,NA,NA,NA,0.26037194893901766,0,459.09131638358605,0.09161632004997353,42.06025697396228,1.7299082557907313,NA
MPF,2000,thai_dof,794.1858583738001,NA,NA,NA,NA,0.26037194893901766,0,459.09131638358605,0.09161632004997353,42.06025697396228,1.7299082557907313,NA
MPF,2001,thai_dof,794.1858583738001,0.11740012534963107,26.22990322594398,87.97250854748098,NA,0.26037194893901766,1,459.09131638358605,0.09161632004997353,42.06025697396228,1.7299082557907313,1.2814324487776128
MPF,2002,thai_dof,719.4585545559564,0.13977617818875032,29.812267756157645,93.85132625007746,NA,0.23587277972206558,1,459.09131638358605,0.09161632004997353,42.06025697396228,1.5671360552479388,1.52566898684107
MPF,2003,thai_dof,646.4030714485561,0.15313207726110445,35.6584239119023,91.77864168116105,0.17380519480519468,0.21192171295753706,1,459.09131638358605,0.09161632004997353,42.06025697396228,1.4080054411407443,1.6714497720228907
MPF,2004,thai_dof,579.0853734045304,0.1624872890477489,36.68423642504173,86.84723162021075,0.23283399209486164,0.1898517654093631,1,459.09131638358605,0.09161632004997353,42.06025697396228,1.261372961628151,1.7735627119613373
MPF,2005,thai_dof,519.7932377301728,0.14043623182299125,32.58131546226767,68.10379009961372,0.11832661290322578,0.17041297943815417,1,459.09131638358605,0.09161632004997353,42.06025697396228,1.132221889589975,1.5328735289344535
MPF,2006,thai_dof,478.9444019265911,0.12960404524874303,34.632439853695494,58.21895566635003,0.1253849372384937,0.1570207855607073,1,459.09131638358605,0.09161632004997353,42.06025697396228,1.0432443063819947,1.4146392823685618
MPF,2007,thai_dof,452.3557549993866,0.13093928160289892,32.282945364492306,55.51715169302227,0.17824186046511625,0.14830376076469384,1,459.09131638358605,0.09161632004997353,42.06025697396228,0.9853284931693814,1.429213501824523
MPF,2008,thai_dof,430.58799630897875,0.13138063731258054,38.95642492646822,53.01229926148739,0.1372822580645161,0.14116725273638278,1,459.09131638358605,0.09161632004997353,42.06025697396228,0.9379136153148411,1.4340309372927984
MPF,2009,thai_dof,410.64664510983425,0.13548921350239151,36.18630305702964,52.03361845085343,0.10015289256198344,0.13462952806972814,1,459.09131638358605,0.09161632004997353,42.06025697396228,0.8944770472781614,1.4788763991883416
MPF,2010,thai_dof,388.56905608985124,0.14319346249830645,40.556520240141396,51.84039634639891,0.10226907630522082,0.12739144290314233,1,459.09131638358605,0.09161632004997353,42.06025697396228,0.8463872920767442,1.5629689385057093
MPF,2011,thai_dof,369.73599702092696,0.13886096634884026,62.95957898929879,47.93663145238269,0.09471480375575088,0.12121706918122763,1,459.09131638358605,0.09161632004997353,42.06025697396228,0.8053648235681292,1.5156793710235952
MPF,2012,thai_dof,353.6199317446887,0.12881494610846822,55.19280537715886,42.739693767641135,0.2653379667441039,0.11593345542638843,1,459.09131638358605,0.09161632004997353,42.06025697396228,0.770260554109953,1.406026197496299
MPF,2013,thai_dof,343.5591942451088,0.13840759223102062,60.83852713075728,44.40718648754054,0.11337955077709172,0.11263506651287478,1,459.09131638358605,0.09161632004997353,42.06025697396228,0.7483460958299932,1.51073075359853
MPF,2014,thai_dof,331.3870526389162,0.14792611634848019,62.19277509050949,45.56743073662323,0.05657093837215155,0.10864445877370449,1,459.09131638358605,0.09161632004997353,42.06025697396228,0.7218325435762137,1.6146262616506712
MPF,2015,thai_dof,318.34828012574604,0.2307943044714733,24.075471520058972,65.61070460241746,0.14918956006837605,0.10436972814833405,1,459.09131638358605,0.09161632004997353,42.06025697396228,0.6934312821106716,2.519139650507497
MPF,2016,thai_dof,286.39902399568865,0.20653149449994146,13.073159035663378,53.441873606190384,0.07872484909507042,0.09389524034673993,1,459.09131638358605,0.09161632004997353,42.06025697396228,0.6238389047559173,2.254308996336959
MPF,2017,thai_dof,264.980796288219,0.1949006668074551,9.710919432754867,46.923754156356125,0.11957211972120065,0.08687332522169278,1,459.09131638358605,0.09161632004997353,42.06025697396228,0.577185380842226,2.1273575133900113
MPF,2018,thai_dof,248.34984653380965,0.17316400263707,4.717547078122163,39.487705724003575,0.1108619298161498,0.08142090781258764,1,459.09131638358605,0.09161632004997353,42.06025697396228,0.5409595818325283,1.890099957547029
MPF,2019,thai_dof,238.3812749321998,0.18138405728951135,7.675013727479878,39.543889890859234,0.11601638667606916,0.07815273526999918,1,459.09131638358605,0.09161632004997353,42.06025697396228,0.5192458807759812,1.9798225598951436
MPF,2020,thai_dof,227.49860856546437,0.131370043879941,6.239787589358,28.006619932036894,0.05797671431916668,0.07458487892795596,1,459.09131638358605,0.09161632004997353,42.06025697396228,0.49554108397768454,1.4339153090659307
MPF,2021,thai_dof,227.4896718146999,0.12856746769945193,6.971549452704041,27.44566607468074,0.05882532751091702,0.07458194903542616,1,459.09131638358605,0.09161632004997353,42.06025697396228,0.49552161780517046,1.4033249494121007
MPF,2022,thai_dof,228.03142699877992,0.1290656946315183,14.559721331051717,27.610906325179954,0.11967652359302516,0.07475956218685591,1,459.09131638358605,0.09161632004997353,42.06025697396228,0.49670167755526023,1.4087631391559652
MPF,2023,thai_dof,228.54436189455663,0.14103872360161773,15.88129454569172,30.06371237457261,0.06544736842105262,0.07492772667516057,1,459.09131638358605,0.09161632004997353,42.06025697396228,0.4978189604954327,1.5394497784312446
NTU,1971,thai_dof,191.32795116367518,NA,NA,NA,0.9771614493618556,0.252376487339358,0,1033.8950073068042,0.0597217269500083,61.74599532135379,0.18505549384754827,NA
NTU,1972,thai_dof,191.32795116367518,NA,NA,NA,0.9303334508773675,0.252376487339358,0,1033.8950073068042,0.0597217269500083,61.74599532135379,0.18505549384754827,NA
NTU,1973,thai_dof,191.32795116367518,NA,NA,NA,0.7654046511835734,0.252376487339358,0,1033.8950073068042,0.0597217269500083,61.74599532135379,0.18505549384754827,NA
NTU,1974,thai_dof,191.32795116367518,NA,NA,NA,0.8502251767403818,0.252376487339358,0,1033.8950073068042,0.0597217269500083,61.74599532135379,0.18505549384754827,NA
NTU,1975,thai_dof,191.32795116367518,NA,NA,NA,0.6904504020370188,0.252376487339358,0,1033.8950073068042,0.0597217269500083,61.74599532135379,0.18505549384754827,NA
NTU,1976,thai_dof,191.32795116367518,NA,NA,NA,0.8434513153243868,0.252376487339358,0,1033.8950073068042,0.0597217269500083,61.74599532135379,0.18505549384754827,NA
NTU,1977,thai_dof,191.32795116367518,NA,NA,NA,0.6970770055961443,0.252376487339358,0,1033.8950073068042,0.0597217269500083,61.74599532135379,0.18505549384754827,NA
NTU,1978,thai_dof,191.32795116367518,NA,NA,NA,0.7687915818915709,0.252376487339358,0,1033.8950073068042,0.0597217269500083,61.74599532135379,0.18505549384754827,NA
NTU,1979,thai_dof,191.32795116367518,NA,NA,NA,0.7609869154774896,0.252376487339358,0,1033.8950073068042,0.0597217269500083,61.74599532135379,0.18505549384754827,NA
NTU,1980,thai_dof,191.32795116367518,NA,NA,NA,0.7103302127143958,0.252376487339358,0,1033.8950073068042,0.0597217269500083,61.74599532135379,0.18505549384754827,NA
NTU,1981,thai_dof,191.32795116367518,NA,NA,NA,0.5729386322551904,0.252376487339358,0,1033.8950073068042,0.0597217269500083,61.74599532135379,0.18505549384754827,NA
NTU,1982,thai_dof,191.32795116367518,NA,NA,NA,0.5943519720434376,0.252376487339358,0,1033.8950073068042,0.0597217269500083,61.74599532135379,0.18505549384754827,NA
NTU,1983,thai_dof,191.32795116367518,NA,NA,NA,0.5733616379977109,0.252376487339358,0,1033.8950073068042,0.0597217269500083,61.74599532135379,0.18505549384754827,NA
NTU,1984,thai_dof,191.32795116367518,NA,NA,NA,0.6970586867591592,0.252376487339358,0,1033.8950073068042,0.0597217269500083,61.74599532135379,0.18505549384754827,NA
NTU,1985,thai_dof,191.32795116367518,NA,NA,NA,0.6490166387828434,0.252376487339358,0,1033.8950073068042,0.0597217269500083,61.74599532135379,0.18505549384754827,NA
NTU,1986,thai_dof,191.32795116367518,NA,NA,NA,0.57414737242723,0.252376487339358,0,1033.8950073068042,0.0597217269500083,61.74599532135379,0.18505549384754827,NA
NTU,1987,thai_dof,191.32795116367518,NA,NA,NA,0.4556137213454794,0.252376487339358,0,1033.8950073068042,0.0597217269500083,61.74599532135379,0.18505549384754827,NA
NTU,1988,thai_dof,191.32795116367518,NA,NA,NA,0.3549274665913786,0.252376487339358,0,1033.8950073068042,0.0597217269500083,61.74599532135379,0.18505549384754827,NA
NTU,1989,thai_dof,191.32795116367518,NA,NA,NA,0.2769152625176885,0.252376487339358,0,1033.8950073068042,0.0597217269500083,61.74599532135379,0.18505549384754827,NA
NTU,1990,thai_dof,191.32795116367518,NA,NA,NA,NA,0.252376487339358,0,1033.8950073068042,0.0597217269500083,61.74599532135379,0.18505549384754827,NA
NTU,1991,thai_dof,191.32795116367518,NA,NA,NA,0.3122733118460516,0.252376487339358,0,1033.8950073068042,0.0597217269500083,61.74599532135379,0.18505549384754827,NA
NTU,1992,thai_dof,191.32795116367518,NA,NA,NA,NA,0.252376487339358,0,1033.8950073068042,0.0597217269500083,61.74599532135379,0.18505549384754827,NA
NTU,1993,thai_dof,191.32795116367518,NA,NA,NA,NA,0.252376487339358,0,1033.8950073068042,0.0597217269500083,61.74599532135379,0.18505549384754827,NA
NTU,1994,thai_dof,191.32795116367518,NA,NA,NA,NA,0.252376487339358,0,1033.8950073068042,0.0597217269500083,61.74599532135379,0.18505549384754827,NA
NTU,1995,thai_dof,191.32795116367518,NA,NA,NA,NA,0.252376487339358,0,1033.8950073068042,0.0597217269500083,61.74599532135379,0.18505549384754827,NA
NTU,1996,thai_dof,191.32795116367518,NA,NA,NA,NA,0.252376487339358,0,1033.8950073068042,0.0597217269500083,61.74599532135379,0.18505549384754827,NA
NTU,1997,thai_dof,191.32795116367518,NA,NA,NA,NA,0.252376487339358,0,1033.8950073068042,0.0597217269500083,61.74599532135379,0.18505549384754827,NA
NTU,1998,thai_dof,191.32795116367518,NA,NA,NA,NA,0.252376487339358,0,1033.8950073068042,0.0597217269500083,61.74599532135379,0.18505549384754827,NA
NTU,1999,thai_dof,191.32795116367518,NA,NA,NA,NA,0.252376487339358,0,1033.8950073068042,0.0597217269500083,61.74599532135379,0.18505549384754827,NA
NTU,2000,thai_dof,191.32795116367518,NA,NA,NA,NA,0.252376487339358,0,1033.8950073068042,0.0597217269500083,61.74599532135379,0.18505549384754827,NA
NTU,2001,thai_dof,191.32795116367518,0.06298255747019077,4.2726744889795825,11.678686573719165,NA,0.252376487339358,1,1033.8950073068042,0.0597217269500083,61.74599532135379,0.18505549384754827,1.0546004056934262
NTU,2002,thai_dof,199.1135040718893,0.08111916027066268,4.477143120499949,15.514165785546009,NA,0.2626462387427424,1,1033.8950073068042,0.0597217269500083,61.74599532135379,0.1925858067450781,1.3582855756760968
NTU,2003,thai_dof,203.58882077660405,0.08570987759000559,10.760791591786573,16.722687101431106,0.3968874458874456,0.2685495304614774,1,1033.8950073068042,0.0597217269500083,61.74599532135379,0.19691440556128914,1.4351540380229022
NTU,2004,thai_dof,207.1915728658381,0.09345668094029858,6.870660935199249,18.486156202234753,0.37725296442687734,0.2733018414098008,1,1033.8950073068042,0.0597217269500083,61.74599532135379,0.20039904574600081,1.5648690303033106
NTU,2005,thai_dof,209.45365530365794,0.07485153125631161,8.498893204558893,15.105538428929599,0.2851290322580644,0.2762857045424836,1,1033.8950073068042,0.0597217269500083,61.74599532135379,0.2025869685252319,1.2533383590693572
NTU,2006,thai_dof,214.56001749562512,0.06869628508627823,6.756140105972243,14.244599146591248,0.19346443514644343,0.2830213944678344,1,1033.8950073068042,0.0597217269500083,61.74599532135379,0.2075259247595489,1.1502729173217368
NTU,2007,thai_dof,221.2921343208018,0.07002189013036375,6.781088835812589,14.965232458288803,0.415720930232558,0.291901581530742,1,1033.8950073068042,0.0597217269500083,61.74599532135379,0.21403733721206977,1.1724692788769737
NTU,2008,thai_dof,228.26631491013745,0.0707559370602544,11.72840792357013,15.593041984141287,0.3748346774193546,0.30110106957470867,1,1033.8950073068042,0.0597217269500083,61.74599532135379,0.22078287765867924,1.1847603991673348
NTU,2009,thai_dof,234.60154678596817,0.07320849385967243,11.146256281232247,16.561218977082223,0.2532024793388429,0.3094577344403388,1,1033.8950073068042,0.0597217269500083,61.74599532135379,0.22691041655872035,1.225826807067277
NTU,2010,thai_dof,240.85061048701806,0.07907741810243252,10.795628726130158,18.312259733559024,0.3257202375269699,0.3177007367640384,1,1033.8950073068042,0.0597217269500083,61.74599532135379,0.23295461220420285,1.3240979814369138
NTU,2011,thai_dof,245.69852315317797,0.08091856354950444,11.858420549803476,19.098442348935187,0.1701867797868954,0.3240955116109543,1,1033.8950073068042,0.0597217269500083,61.74599532135379,0.23764359187031833,1.3549267190019394
NTU,2012,thai_dof,250.6428761856711,0.07983051413341258,17.884983675173046,19.231122374959128,0.23390934446618944,0.3306174988214839,1,1033.8950073068042,0.0597217269500083,61.74599532135379,0.24242585022106972,1.3367080660650836
NTU,2013,thai_dof,255.99636091056294,0.08857873382837411,21.43364321905182,21.700543164708506,0.48206645966290834,0.33767916263837855,1,1033.8950073068042,0.0597217269500083,61.74599532135379,0.24760382737257675,1.4831910989868287
NTU,2014,thai_dof,259.4136871368819,0.09643524586352381,22.44249908984452,23.848238300141773,0.23426333990365156,0.34218688241400735,1,1033.8950073068042,0.0597217269500083,61.74599532135379,0.25090912065880777,1.614743089131491
NTU,2015,thai_dof,261.0004853750792,0.1687626833836946,22.40827464666257,40.53093680808457,0.2325755730641026,0.34427999302872314,1,1033.8950073068042,0.0597217269500083,61.74599532135379,0.25244389762066854,2.8258172025896373
NTU,2016,thai_dof,246.10827876189782,0.12712806263922882,22.958127563218124,29.380187099799326,0.19938404751760558,0.32463601121159996,1,1033.8950073068042,0.0597217269500083,61.74599532135379,0.23803991413304712,2.128673585505068
NTU,2017,thai_dof,240.9015925797494,0.097506045274244,26.042786677642642,22.38051488974315,0.5005212978763105,0.3177679861199349,1,1033.8950073068042,0.0597217269500083,61.74599532135379,0.2330039229101943,1.6326729023737727
NTU,2018,thai_dof,241.3014418169294,0.09510824240398463,21.935190670268643,21.89219225024407,0.515669359008297,0.3182954184440206,1,1033.8950073068042,0.0597217269500083,61.74599532135379,0.23339066356988816,1.5925233120535442
NTU,2019,thai_dof,241.73678468765107,0.10133852463291237,23.132869929738316,23.29687955123715,0.347744517636968,0.3188696696385414,1,1033.8950073068042,0.0597217269500083,61.74599532135379,0.23381173424693463,1.69684518195096
NTU,2020,thai_dof,241.39330636038156,0.08769513549406138,20.578771102273656,20.267357314159344,0.34159467004208016,0.31841659494043145,1,1033.8950073068042,0.0597217269500083,61.74599532135379,0.2334795164445059,1.4683958413906717
NTU,2021,thai_dof,244.5893522742457,0.08151835321158973,27.31820289985971,19.147483421152714,0.42985619588450147,0.3226324287284926,1,1033.8950073068042,0.0597217269500083,61.74599532135379,0.23657078382782515,1.364969791979172
NTU,2022,thai_dof,248.99373346140206,0.08621312193959874,27.033030142262525,20.567207919237113,0.262905487759869,0.32844215096801616,1,1033.8950073068042,0.0597217269500083,61.74599532135379,0.24083077266230976,1.4435805249196123
NTU,2023,thai_dof,252.04731340429134,0.1014195774242852,29.380744128975415,24.30899487380118,0.31066452314777493,0.33247006103086446,1,1033.8950073068042,0.0597217269500083,61.74599532135379,0.2437842446505763,1.698202356224247
SAR,1971,thai_dof,214.99583712001214,NA,NA,NA,NA,2.1259943451517556,0,136.45781836557364,0.6603138706533151,90.10499022587896,1.5755479583004421,NA
SAR,1972,thai_dof,214.99583712001214,0.10363843768749437,5.131016513530002,21.166081000043118,2.401529112001412,2.1259943451517556,1,136.45781836557364,0.6603138706533151,90.10499022587896,1.5755479583004421,0.15695329493071894
SAR,1973,thai_dof,248.1017352533012,0.13633836208627415,17.428583335173855,31.621224720445785,1.9757878753528053,2.4533632522215907,1,136.45781836557364,0.6603138706533151,90.10499022587896,1.8181569823183816,0.20647508426769962
SAR,1974,thai_dof,242.32743786107213,0.19782535115616184,36.721138064723014,43.49459035680897,2.1947405113435177,2.396263897333845,1,136.45781836557364,0.6603138706533151,90.10499022587896,1.7758413608216375,0.2995929056592939
SAR,1975,thai_dof,230.1691459303826,0.31678700328694376,42.819288585409595,62.49416765207255,1.78230368834018,2.276036174613235,1,136.45781836557364,0.6603138706533151,90.10499022587896,1.6867420913454305,0.4797521563094145
SAR,1976,thai_dof,211.7942665844616,0.4109415363916131,76.16860347297697,71.36922613623805,2.177254710552593,2.094335495634658,1,136.45781836557364,0.6603138706533151,90.10499022587896,1.5520859788118544,0.6223427292009286
SAR,1977,thai_dof,198.3491294489664,0.5800684635184723,164.94426636825227,87.30137884065563,1.7994093630269543,1.9613827561641874,1,136.45781836557364,0.6603138706533151,90.10499022587896,1.453556357742614,0.8784738429688779
SAR,1978,thai_dof,177.75410221523796,0.46801090963819547,52.86078001071175,66.43618380305698,1.9845307757482682,1.7577280620841713,1,136.45781836557364,0.6603138706533151,90.10499022587896,1.3026303977616778,0.7087703748751257
SAR,1979,thai_dof,189.1112610136717,0.5573193528558269,113.00610089615093,80.79923713967591,1.9643840922282896,1.8700337499798052,1,136.45781836557364,0.6603138706533151,90.10499022587896,1.3858587457923317,0.844021877511697
SAR,1980,thai_dof,178.45944222909444,0.59560275083006875,67.40374637876808,80.08720618999587,1.833620712400503,1.7647028430890288,1,136.45781836557364,0.6603138706533151,90.10499022587896,1.3077993211865477,0.9019994540486918
SAR,1981,thai_dof,176.37608428104005,0.7253979564026096,103.73071873842552,90.98680126177437,1.478963057228048,1.7441014804030242,1,136.45781836557364,0.6603138706533151,90.10499022587896,1.292531907615029,1.0985653772271968
SAR,1982,thai_dof,164.02898438933505,0.7504928849340073,76.92721430892306,86.5853586884135,1.5342386778543475,1.6220067231257664,1,136.45781836557364,0.6603138706533151,90.10499022587896,1.2020490020578931,1.1365699227118597
SAR,1983,thai_dof,160.189636193962,0.8346708626200865,83.3169907389554,90.66456132373935,1.4800549889480654,1.5840411854587495,1,136.45781836557364,0.6603138706533151,90.10499022587896,1.173913214447048,1.2640516877136965
SAR,1984,thai_dof,151.05048945945745,1.149205649563271,65.62159348648291,103.1843430671037,1.7993620754439088,1.4936683924905627,1,136.45781836557364,0.6603138706533151,90.10499022587896,1.106939061965579,1.7403930170757216
SAR,1985,thai_dof,131.9867761372639,1.035444847722884,57.71312908301201,85.12244344933758,1.6753480708883546,1.305156153074718,1,136.45781836557364,0.6603138706533151,90.10499022587896,0.9672349867390395,1.568110096942858
SAR,1986,thai_dof,134.3746287689047,1.4456335776845397,78.17398693983351,102.71640154968759,1.482083255377712,1.3287685227834873,1,136.45781836557364,0.6603138706533151,90.10499022587896,0.9847338201532138,2.189312752516055
SAR,1987,thai_dof,120.31414686836588,1.5099392503505036,59.14103913082155,93.73393664600356,1.17610477684812,1.189730923678869,1,136.45781836557364,0.6603138706533151,90.10499022587896,0.88169478531484,2.286699276597913
SAR,1988,thai_dof,114.09692789473884,2.1694812743840615,70.20782581220955,101.06285321568427,0.9161969215062222,1.1282517222321775,1,136.45781836557364,0.6603138706533151,90.10499022587896,0.8361333140258079,3.285530367910604
SAR,1989,thai_dof,98.29915817525352,1.735526101021569,85.63481208735102,80.96828717291223,0.7148190402769924,0.972034887806274,1,136.45781836557364,0.6603138706533151,90.10499022587896,0.7203629616289762,2.6283350663290443
SAR,1990,thai_dof,96.00810396406317,2.621237870614378,67.24895267729748,89.02708608849495,NA,0.9493797128844084,1,136.45781836557364,0.6603138706533151,90.10499022587896,0.7035734933622876,3.9696847016418464
SAR,1991,thai_dof,82.06797190875744,1.3829217838721561,58.589685295962795,61.48166697354837,0.8060910296111038,0.8115321977080782,1,136.45781836557364,0.6603138706533151,90.10499022587896,0.6014164149165528,2.0943400484740566
SAR,1992,thai_dof,94.74599624840364,1.9173956500375557,80.91476953499618,80.81935089479377,NA,0.9368993137175782,1,136.45781836557364,0.6603138706533151,90.10499022587896,0.6943244248165901,2.9037640056545877
SAR,1993,thai_dof,90.58134055450164,2.095158133910404,76.0382694535082,79.43523561844644,NA,0.8957169607318441,1,136.45781836557364,0.6603138706533151,90.10499022587896,0.6638046953955554,3.172973076936053
SAR,1994,thai_dof,91.55046723629094,2.2870055479749922,97.39919877749828,82.2516721908828,NA,0.9053002060300758,1,136.45781836557364,0.6603138706533151,90.10499022587896,0.6709067192546281,3.4635128074959667
SAR,1995,thai_dof,90.38523331947061,2.641927251352985,119.04706302782324,83.94764713054396,NA,0.8937777470321547,1,136.45781836557364,0.6603138706533151,90.10499022587896,0.6623675682497465,4.001017347612371
SAR,1996,thai_dof,86.58941086940874,1.7722913389273995,131.91186896649853,71.8741340607745,NA,0.8562426153192232,1,136.45781836557364,0.6603138706533151,90.10499022587896,0.6345507491365112,2.684013493725178
SAR,1997,thai_dof,94.1156070368223,2.0166497002597126,123.5839365226023,81.58875894350892,NA,0.9306656865133524,1,136.45781836557364,0.6603138706533151,90.10499022587896,0.6897047612521872,3.0540774469335887
SAR,1998,thai_dof,95.57250913912843,2.5545303824976693,101.26624681744427,88.1437797374953,NA,0.9450723172297115,1,136.45781836557364,0.6603138706533151,90.10499022587896,0.7003813360337293,3.868660793041065
SAR,1999,thai_dof,89.0966488897093,3.5531384602580545,101.85736395693397,86.54539932925493,NA,0.8810355318915243,1,136.45781836557364,0.6603138706533151,90.10499022587896,0.65292447114329,5.380984132201518
SAR,2000,thai_dof,81.7988653698409,2.9229526514192163,103.40126380964361,77.4001579862143,NA,0.8088711276722869,1,136.45781836557364,0.6603138706533151,90.10499022587896,0.5994443290211474,4.426611012316377
SAR,2001,thai_dof,81.2246151287618,3.4881342009994825,93.13606380355442,78.74256683989888,NA,0.8031926327693611,1,136.45781836557364,0.6603138706533151,90.10499022587896,0.5952360670984728,5.282539646711221
SAR,2002,thai_dof,64.30443159999372,4.413611769424202,88.93045395489534,63.525617748420984,NA,0.6358767675742093,1,136.45781836557364,0.6603138706533151,90.10499022587896,0.47124036108887996,6.684111852833517
SAR,2003,thai_dof,56.49448951604579,4.972631112699774,82.45217426500291,56.10327060855847,0.46843722943722943,0.5586478643133167,1,136.45781836557364,0.6603138706533151,90.10499022587896,0.4140069817377246,7.530708249063204
SAR,2004,thai_dof,47.25667265250306,4.999347380971313,83.32024696716347,46.93805182663323,0.6455849802371542,0.46729936809812517,1,136.45781836557364,0.6603138706533151,90.10499022587896,0.34630974771926476,7.57116820221413
SAR,2005,thai_dof,49.2039247142924,4.999489504403358,92.82124848586433,48.87222198784583,0.48249596774193537,0.486554842657097,1,136.45781836557364,0.6603138706533151,90.10499022587896,0.3605797403449171,7.571383438389471
SAR,2006,thai_dof,51.811876587004065,4.9998613234008555,76.32760267516113,51.462722492484474,0.43390376569037653,0.5123436719111162,1,136.45781836557364,0.6603138706533151,90.10499022587896,0.3796915208493137,7.571946532720853
SAR,2007,thai_dof,57.46439119624666,4.999994846781079,67.73532582874174,57.07719717873321,0.4710279069767441,0.5682387732122143,1,136.45781836557364,0.6603138706533151,90.10499022587896,0.42111468499590277,7.572148744708452
SAR,2008,thai_dof,63.90916788855831,4.999999937704424,66.81281425393523,63.47855127573611,0.7211129032258063,0.6319681876379089,1,136.45781836557364,0.6603138706533151,90.10499022587896,0.46834376112729703,7.572156454562161
SAR,2009,thai_dof,69.79430992212431,4.999999999460147,70.00861247381272,69.32403956076966,0.570784297520661,0.690163633891094,1,136.45781836557364,0.6603138706533151,90.10499022587896,0.5114716822977761,7.572156548086962
SAR,2010,thai_dof,75.05239861929446,4.999999999998217,63.047011933970815,74.54669953523513,0.5156506024096383,0.7421584398661051,1,136.45781836557364,0.6603138706533151,90.10499022587896,0.5500043861043371,7.572156548901832
SAR,2011,thai_dof,78.84284951060576,4.999999999999999,30.6532614452248,78.3116105693397,0.8944797573037846,0.7796404547202112,1,136.45781836557364,0.6603138706533151,90.10499022587896,0.5777818409743585,7.57215654890453
SAR,2012,thai_dof,80.1756203494509,5,41.956491020985744,79.63540126891095,0.8138371018072605,0.7928196088132564,1,136.45781836557364,0.6603138706533151,90.10499022587896,0.5875487481022051,7.572156548904531
SAR,2013,thai_dof,83.36982772349434,5,44.132004224667284,82.80808624296482,0.7238373368960961,0.8244056474334726,1,136.45781836557364,0.6603138706533151,90.10499022587896,0.6109567683410022,7.572156548904531
SAR,2014,thai_dof,85.83397242214946,5,45.38405487499373,85.25562766524303,0.7653203032683538,0.8487724340892167,1,136.45781836557364,0.6603138706533151,90.10499022587896,0.6290146907683828,7.572156548904531
SAR,2015,thai_dof,87.55802396063548,5,47.79218714253262,86.9680626358413,1.133882127504273,0.865820781958043,1,136.45781836557364,0.6603138706533151,90.10499022587896,0.6416490092642806,7.572156548904531
SAR,2016,thai_dof,90.20503646194241,5,41.266668504935055,89.59723970720756,1.0930731531190845,0.8919958636931522,1,136.45781836557364,0.6603138706533151,90.10499022587896,0.6610470366767922,7.572156548904531
SAR,2017,thai_dof,96.1528651850332,5,38.55163500623659,95.50499227560152,1.4374682284505669,0.950811189611131,1,136.45781836557364,0.6603138706533151,90.10499022587896,0.7046343429545199,7.572156548904531
SAR,2018,thai_dof,99.12535508091963,5,34.67147472786409,98.45745369211437,0.9698245108921388,0.9802047666883825,1,136.45781836557364,0.6603138706533151,90.10499022587896,0.7264175572216794,7.572156548904531
SAR,2019,thai_dof,102.90413946973413,5,38.836681247100884,102.21077683199647,1.2096015716470407,1.0175714168979069,1,136.45781836557364,0.6603138706533151,90.10499022587896,0.7541095167889287,7.572156548904531
SAR,2020,thai_dof,102.34259501790177,5,30.73796934540446,101.65301603691793,1.285029171299113,1.012018563665309,1,136.45781836557364,0.6603138706533151,90.10499022587896,0.7499943663449433,7.572156548904531
SAR,2021,thai_dof,108.94213537704383,5,17.52245451363676,108.20808904290155,1.7757065090593287,1.0772783643762633,1,136.45781836557364,0.6603138706533151,90.10499022587896,0.798357592711803,7.572156548904531
SAR,2022,thai_dof,111.95304991533791,5,28.093854926618324,111.19871619861824,0.9396314451618436,1.1070519049614946,1,136.45781836557364,0.6603138706533151,90.10499022587896,0.8204223932073508,7.572156548904531
SAR,2023,thai_dof,108.42512641965173,5,30.655010180700213,107.69456366446373,0.7877984966191534,1.0721659020396328,1,136.45781836557364,0.6603138706533151,90.10499022587896,0.7945688104816268,7.572156548904531
SCP,1971,thai_dof,139.13608873820272,NA,NA,NA,4.865921294493222,1.4552147407134746,0,305.1345736459768,0.13887878969362355,42.3767202816331,0.45598270650126715,NA
SCP,1972,thai_dof,139.13608873820272,NA,NA,NA,4.6327342861918055,1.4552147407134746,0,305.1345736459768,0.13887878969362355,42.3767202816331,0.45598270650126715,NA
SCP,1973,thai_dof,139.13608873820272,NA,NA,NA,3.811446709784304,1.4552147407134746,0,305.1345736459768,0.13887878969362355,42.3767202816331,0.45598270650126715,NA
SCP,1974,thai_dof,139.13608873820272,NA,NA,NA,4.233823177651019,1.4552147407134746,0,305.1345736459768,0.13887878969362355,42.3767202816331,0.45598270650126715,NA
SCP,1975,thai_dof,139.13608873820272,NA,NA,NA,3.438200838006252,1.4552147407134746,0,305.1345736459768,0.13887878969362355,42.3767202816331,0.45598270650126715,NA
SCP,1976,thai_dof,139.13608873820272,NA,NA,NA,4.200091723619997,1.4552147407134746,0,305.1345736459768,0.13887878969362355,42.3767202816331,0.45598270650126715,NA
SCP,1977,thai_dof,139.13608873820272,NA,NA,NA,3.471198999558339,1.4552147407134746,0,305.1345736459768,0.13887878969362355,42.3767202816331,0.45598270650126715,NA
SCP,1978,thai_dof,139.13608873820272,NA,NA,NA,3.828312436799816,1.4552147407134746,0,305.1345736459768,0.13887878969362355,42.3767202816331,0.45598270650126715,NA
SCP,1979,thai_dof,139.13608873820272,NA,NA,NA,3.789447935416246,1.4552147407134746,0,305.1345736459768,0.13887878969362355,42.3767202816331,0.45598270650126715,NA
SCP,1980,thai_dof,139.13608873820272,NA,NA,NA,3.5371953226625137,1.4552147407134746,0,305.1345736459768,0.13887878969362355,42.3767202816331,0.45598270650126715,NA
SCP,1981,thai_dof,139.13608873820272,NA,NA,NA,2.853033439815907,1.4552147407134746,0,305.1345736459768,0.13887878969362355,42.3767202816331,0.45598270650126715,NA
SCP,1982,thai_dof,139.13608873820272,NA,NA,NA,2.9596643615841542,1.4552147407134746,0,305.1345736459768,0.13887878969362355,42.3767202816331,0.45598270650126715,NA
SCP,1983,thai_dof,139.13608873820272,NA,NA,NA,2.8551398600513425,1.4552147407134746,0,305.1345736459768,0.13887878969362355,42.3767202816331,0.45598270650126715,NA
SCP,1984,thai_dof,139.13608873820272,NA,NA,NA,3.4711077781751833,1.4552147407134746,0,305.1345736459768,0.13887878969362355,42.3767202816331,0.45598270650126715,NA
SCP,1985,thai_dof,139.13608873820272,NA,NA,NA,3.231875229212385,1.4552147407134746,0,305.1345736459768,0.13887878969362355,42.3767202816331,0.45598270650126715,NA
SCP,1986,thai_dof,139.13608873820272,NA,NA,NA,2.859052541926902,1.4552147407134746,0,305.1345736459768,0.13887878969362355,42.3767202816331,0.45598270650126715,NA
SCP,1987,thai_dof,139.13608873820272,NA,NA,NA,2.2687965332710256,1.4552147407134746,0,305.1345736459768,0.13887878969362355,42.3767202816331,0.45598270650126715,NA
SCP,1988,thai_dof,139.13608873820272,NA,NA,NA,1.7674142986457215,1.4552147407134746,0,305.1345736459768,0.13887878969362355,42.3767202816331,0.45598270650126715,NA
SCP,1989,thai_dof,139.13608873820272,NA,NA,NA,1.3789408838579995,1.4552147407134746,0,305.1345736459768,0.13887878969362355,42.3767202816331,0.45598270650126715,NA
SCP,1990,thai_dof,139.13608873820272,NA,NA,NA,NA,1.4552147407134746,0,305.1345736459768,0.13887878969362355,42.3767202816331,0.45598270650126715,NA
SCP,1991,thai_dof,139.13608873820272,NA,NA,NA,1.5550115682581902,1.4552147407134746,0,305.1345736459768,0.13887878969362355,42.3767202816331,0.45598270650126715,NA
SCP,1992,thai_dof,139.13608873820272,NA,NA,NA,NA,1.4552147407134746,0,305.1345736459768,0.13887878969362355,42.3767202816331,0.45598270650126715,NA
SCP,1993,thai_dof,139.13608873820272,NA,NA,NA,NA,1.4552147407134746,0,305.1345736459768,0.13887878969362355,42.3767202816331,0.45598270650126715,NA
SCP,1994,thai_dof,139.13608873820272,NA,NA,NA,NA,1.4552147407134746,0,305.1345736459768,0.13887878969362355,42.3767202816331,0.45598270650126715,NA
SCP,1995,thai_dof,139.13608873820272,NA,NA,NA,NA,1.4552147407134746,0,305.1345736459768,0.13887878969362355,42.3767202816331,0.45598270650126715,NA
SCP,1996,thai_dof,139.13608873820272,NA,NA,NA,NA,1.4552147407134746,0,305.1345736459768,0.13887878969362355,42.3767202816331,0.45598270650126715,NA
SCP,1997,thai_dof,139.13608873820272,NA,NA,NA,NA,1.4552147407134746,0,305.1345736459768,0.13887878969362355,42.3767202816331,0.45598270650126715,NA
SCP,1998,thai_dof,139.13608873820272,NA,NA,NA,NA,1.4552147407134746,0,305.1345736459768,0.13887878969362355,42.3767202816331,0.45598270650126715,NA
SCP,1999,thai_dof,139.13608873820272,NA,NA,NA,NA,1.4552147407134746,0,305.1345736459768,0.13887878969362355,42.3767202816331,0.45598270650126715,NA
SCP,2000,thai_dof,139.13608873820272,NA,NA,NA,NA,1.4552147407134746,0,305.1345736459768,0.13887878969362355,42.3767202816331,0.45598270650126715,NA
SCP,2001,thai_dof,139.13608873820272,0.16199880620922702,31.365463064837723,20.808884578700194,NA,1.4552147407134746,1,305.1345736459768,0.13887878969362355,42.3767202816331,0.45598270650126715,1.1664762240987834
SCP,2002,thai_dof,147.22404645358117,0.18433676609645833,24.505235774938914,24.78433151313275,NA,1.5398061317495688,1,305.1345736459768,0.13887878969362355,42.3767202816331,0.48248890545059453,1.3273212310038005
SCP,2003,thai_dof,152.28437687616275,0.20460253845712995,24.256152822116835,28.176999814581066,1.085307359307359,1.5927317780761472,1,305.1345736459768,0.13887878969362355,42.3767202816331,0.49907283549207415,1.4732454027609085
SCP,2004,thai_dof,153.12036309537885,0.21085059793386396,28.694496703189778,29.10893776994927,2.5774071146245054,1.6014753001937307,1,305.1345736459768,0.13887878969362355,42.3767202816331,0.5018125650783584,1.518234702354588
SCP,2005,thai_dof,153.98662194806926,0.19738129086112366,24.3907964870773,27.582456291549125,1.75216129032258,1.610535441693616,1,305.1345736459768,0.13887878969362355,42.3767202816331,0.5046515054263487,1.4212486391662886
SCP,2006,thai_dof,156.463103782258,0.18878185495385047,23.07505685389363,26.91680087351075,1.7344225941422589,1.6364367941241953,1,305.1345736459768,0.13887878969362355,42.3767202816331,0.5127675370008697,1.3593281981382226
SCP,2007,thai_dof,159.8039377086073,0.19423266827602248,23.05739063872634,28.210782396250067,1.138623255813953,1.6713783453779953,1,305.1345736459768,0.13887878969362355,42.3767202816331,0.5237162600066914,1.3985769079966315
SCP,2008,thai_dof,162.1867459808147,0.19523607606158588,14.382467352495274,28.765371621121954,1.6259838709677412,1.6962999724946999,1,305.1345736459768,0.13887878969362355,42.3767202816331,0.5315253006006031,1.4058019694172919
SCP,2009,thai_dof,164.33500380880676,0.200058592658368,17.23925269207357,29.796765567177264,1.431698512396694,1.7187684527178961,1,305.1345736459768,0.13887878969362355,42.3767202816331,0.5385656625049363,1.4405266138890715
SCP,2010,thai_dof,165.61440679885357,0.20485836935802482,26.658952458864217,30.677964959363138,1.3683585781004493,1.7321496402107555,1,305.1345736459768,0.13887878969362355,42.3767202816331,0.5427585763880126,1.4750875191953854
SCP,2011,thai_dof,166.22478782631362,0.2174993887884531,27.70671395495782,32.492275659122924,2.0679004632803353,1.7385335732123723,1,305.1345736459768,0.13887878969362355,42.3767202816331,0.544758943046457,1.5661094776839009
SCP,2012,thai_dof,164.79042670898497,0.2142990725949785,24.73193599061588,31.786925489193397,1.8263510605983355,1.7235316893706445,1,305.1345736459768,0.13887878969362355,42.3767202816331,0.5400581937993632,1.5430655254681973
SCP,2013,thai_dof,163.90145795045572,0.23355252630026957,29.730288079620173,34.13804983588665,1.865489591411553,1.7142340265343716,1,305.1345736459768,0.13887878969362355,42.3767202816331,0.5371448275822637,1.6817004728764053
SCP,2014,thai_dof,160.70839505369867,0.24196932571970908,31.32646460094349,34.53940664865187,1.9468351281500347,1.6808380022711833,1,305.1345736459768,0.13887878969362355,42.3767202816331,0.5266803860782939,1.7423058355671919
SCP,2015,thai_dof,156.71564075973495,0.4158802602295353,22.52420843014097,53.32104477008562,1.6336057506538453,1.6390780609265934,1,305.1345736459768,0.13887878969362355,42.3767202816331,0.5135951619220953,2.9945556203866452
SCP,2016,thai_dof,133.32051837153185,0.2767913206364341,20.661081645010622,32.235207645295134,1.394336493954225,1.3943900919829813,1,305.1345736459768,0.13887878969362355,42.3767202816331,0.43692367199992543,1.9930424310800472
SCP,2017,thai_dof,126.71674260591169,0.1994096159259131,28.581703854820397,22.908579906233825,1.7570958168813389,1.3253216574334175,1,305.1345736459768,0.13887878969362355,42.3767202816331,0.41528149724826324,1.4358536416239287
SCP,2018,thai_dof,127.09167506831724,0.2013860463695405,29.63210261553581,23.18193580434865,1.2441045134099813,1.3292430501577102,1,305.1345736459768,0.13887878969362355,42.3767202816331,0.41651024185732405,1.4500849756381977
SCP,2019,thai_dof,127.19152452662567,0.20880445294739491,28.607478928224978,23.9687445744246,1.9560199988394813,1.3302873687446448,1,305.1345736459768,0.13887878969362355,42.3767202816331,0.41683747274799415,1.503501387130694
SCP,2020,thai_dof,126.71920609540015,0.18623424873813832,22.560261198889172,21.532238097881994,0.951875864518764,1.3253474228998015,1,305.1345736459768,0.13887878969362355,42.3767202816331,0.4152895707007699,1.3409840995085303
SCP,2021,thai_dof,128.34731496705365,0.16712838836255628,23.703315935146847,19.753809962977392,1.439682798305725,1.3423757011200879,1,305.1345736459768,0.13887878969362355,42.3767202816331,0.42062527832707924,1.2034119013511952
SCP,2022,thai_dof,131.2219208506588,0.1716285680375389,13.124150793573763,20.694750730729734,1.3023615838579825,1.3724410054814522,1,305.1345736459768,0.13887878969362355,42.3767202816331,0.43004605896578957,1.2358155512167386
SCP,2023,thai_dof,135.62364975643047,0.19545584429883878,17.114963230891444,24.078669019150126,1.2720672101834425,1.4184783840393331,1,305.1345736459768,0.13887878969362355,42.3767202816331,0.444471592110646,1.4073844157918443
ANC,1971,recent_2016,110.09591176147761,NA,NA,NA,NA,8.49726735318244,0,111.23695363047345,1.10514767432161,122.9332606033385,0.9897422409392264,NA
ANC,1972,recent_2016,110.09591176147761,NA,NA,NA,16.17089495242375,8.49726735318244,0,111.23695363047345,1.10514767432161,122.9332606033385,0.9897422409392264,NA
ANC,1973,recent_2016,110.09591176147761,NA,NA,NA,13.304131114186529,8.49726735318244,0,111.23695363047345,1.10514767432161,122.9332606033385,0.9897422409392264,NA
ANC,1974,recent_2016,110.09591176147761,NA,NA,NA,14.778466802422816,8.49726735318244,0,111.23695363047345,1.10514767432161,122.9332606033385,0.9897422409392264,NA
ANC,1975,recent_2016,110.09591176147761,NA,NA,NA,12.001289334130508,8.49726735318244,0,111.23695363047345,1.10514767432161,122.9332606033385,0.9897422409392264,NA
ANC,1976,recent_2016,110.09591176147761,NA,NA,NA,14.660724716209504,8.49726735318244,0,111.23695363047345,1.10514767432161,122.9332606033385,0.9897422409392264,NA
ANC,1977,recent_2016,110.09591176147761,NA,NA,NA,12.116471809773966,8.49726735318244,0,111.23695363047345,1.10514767432161,122.9332606033385,0.9897422409392264,NA
ANC,1978,recent_2016,110.09591176147761,NA,NA,NA,13.363002157293186,8.49726735318244,0,111.23695363047345,1.10514767432161,122.9332606033385,0.9897422409392264,NA
ANC,1979,recent_2016,110.09591176147761,NA,NA,NA,13.22734279709089,8.49726735318244,0,111.23695363047345,1.10514767432161,122.9332606033385,0.9897422409392264,NA
ANC,1980,recent_2016,110.09591176147761,NA,NA,NA,12.346836761060883,8.49726735318244,0,111.23695363047345,1.10514767432161,122.9332606033385,0.9897422409392264,NA
ANC,1981,recent_2016,110.09591176147761,NA,NA,NA,9.958720099386484,8.49726735318244,0,111.23695363047345,1.10514767432161,122.9332606033385,0.9897422409392264,NA
ANC,1982,recent_2016,110.09591176147761,NA,NA,NA,10.330923063785692,8.49726735318244,0,111.23695363047345,1.10514767432161,122.9332606033385,0.9897422409392264,NA
ANC,1983,recent_2016,110.09591176147761,NA,NA,NA,9.966072711957942,8.49726735318244,0,111.23695363047345,1.10514767432161,122.9332606033385,0.9897422409392264,NA
ANC,1984,recent_2016,110.09591176147761,NA,NA,NA,12.116153394921458,8.49726735318244,0,111.23695363047345,1.10514767432161,122.9332606033385,0.9897422409392264,NA
ANC,1985,recent_2016,110.09591176147761,NA,NA,NA,11.281094835657953,8.49726735318244,0,111.23695363047345,1.10514767432161,122.9332606033385,0.9897422409392264,NA
ANC,1986,recent_2016,110.09591176147761,NA,NA,NA,9.97973021175898,8.49726735318244,0,111.23695363047345,1.10514767432161,122.9332606033385,0.9897422409392264,NA
ANC,1987,recent_2016,110.09591176147761,NA,NA,NA,7.91939881320229,8.49726735318244,0,111.23695363047345,1.10514767432161,122.9332606033385,0.9897422409392264,NA
ANC,1988,recent_2016,110.09591176147761,NA,NA,NA,6.16928776726919,8.49726735318244,0,111.23695363047345,1.10514767432161,122.9332606033385,0.9897422409392264,NA
ANC,1989,recent_2016,110.09591176147761,NA,NA,NA,4.813293144166062,8.49726735318244,0,111.23695363047345,1.10514767432161,122.9332606033385,0.9897422409392264,NA
ANC,1990,recent_2016,110.09591176147761,NA,NA,NA,NA,8.49726735318244,0,111.23695363047345,1.10514767432161,122.9332606033385,0.9897422409392264,NA
ANC,1991,recent_2016,110.09591176147761,NA,NA,NA,5.427880635212803,8.49726735318244,0,111.23695363047345,1.10514767432161,122.9332606033385,0.9897422409392264,NA
ANC,1992,recent_2016,110.09591176147761,NA,NA,NA,NA,8.49726735318244,0,111.23695363047345,1.10514767432161,122.9332606033385,0.9897422409392264,NA
ANC,1993,recent_2016,110.09591176147761,NA,NA,NA,NA,8.49726735318244,0,111.23695363047345,1.10514767432161,122.9332606033385,0.9897422409392264,NA
ANC,1994,recent_2016,110.09591176147761,NA,NA,NA,NA,8.49726735318244,0,111.23695363047345,1.10514767432161,122.9332606033385,0.9897422409392264,NA
ANC,1995,recent_2016,110.09591176147761,NA,NA,NA,NA,8.49726735318244,0,111.23695363047345,1.10514767432161,122.9332606033385,0.9897422409392264,NA
ANC,1996,recent_2016,110.09591176147761,NA,NA,NA,NA,8.49726735318244,0,111.23695363047345,1.10514767432161,122.9332606033385,0.9897422409392264,NA
ANC,1997,recent_2016,110.09591176147761,NA,NA,NA,NA,8.49726735318244,0,111.23695363047345,1.10514767432161,122.9332606033385,0.9897422409392264,NA
ANC,1998,recent_2016,110.09591176147761,NA,NA,NA,NA,8.49726735318244,0,111.23695363047345,1.10514767432161,122.9332606033385,0.9897422409392264,NA
ANC,1999,recent_2016,110.09591176147761,NA,NA,NA,NA,8.49726735318244,0,111.23695363047345,1.10514767432161,122.9332606033385,0.9897422409392264,NA
ANC,2000,recent_2016,110.09591176147761,NA,NA,NA,NA,8.49726735318244,0,111.23695363047345,1.10514767432161,122.9332606033385,0.9897422409392264,NA
ANC,2001,recent_2016,110.09591176147761,NA,NA,NA,NA,8.49726735318244,0,111.23695363047345,1.10514767432161,122.9332606033385,0.9897422409392264,NA
ANC,2002,recent_2016,110.09591176147761,NA,NA,NA,NA,8.49726735318244,0,111.23695363047345,1.10514767432161,122.9332606033385,0.9897422409392264,NA
ANC,2003,recent_2016,110.09591176147761,NA,NA,NA,4.619813852813851,8.49726735318244,0,111.23695363047345,1.10514767432161,122.9332606033385,0.9897422409392264,NA
ANC,2004,recent_2016,110.09591176147761,NA,NA,NA,3.8892924901185726,8.49726735318244,0,111.23695363047345,1.10514767432161,122.9332606033385,0.9897422409392264,NA
ANC,2005,recent_2016,110.09591176147761,NA,NA,NA,3.284314516129031,8.49726735318244,0,111.23695363047345,1.10514767432161,122.9332606033385,0.9897422409392264,NA
ANC,2006,recent_2016,110.09591176147761,NA,NA,NA,3.0604728033472792,8.49726735318244,0,111.23695363047345,1.10514767432161,122.9332606033385,0.9897422409392264,NA
ANC,2007,recent_2016,110.09591176147761,NA,NA,NA,3.4611488372093016,8.49726735318244,0,111.23695363047345,1.10514767432161,122.9332606033385,0.9897422409392264,NA
ANC,2008,recent_2016,110.09591176147761,NA,NA,NA,4.5688346774193525,8.49726735318244,0,111.23695363047345,1.10514767432161,122.9332606033385,0.9897422409392264,NA
ANC,2009,recent_2016,110.09591176147761,NA,NA,NA,6.26608909090909,8.49726735318244,0,111.23695363047345,1.10514767432161,122.9332606033385,0.9897422409392264,NA
ANC,2010,recent_2016,110.09591176147761,NA,NA,NA,4.443626735838689,8.49726735318244,0,111.23695363047345,1.10514767432161,122.9332606033385,0.9897422409392264,NA
ANC,2011,recent_2016,110.09591176147761,NA,NA,NA,2.6398291142673544,8.49726735318244,0,111.23695363047345,1.10514767432161,122.9332606033385,0.9897422409392264,NA
ANC,2012,recent_2016,110.09591176147761,NA,NA,NA,1.6210895000512868,8.49726735318244,0,111.23695363047345,1.10514767432161,122.9332606033385,0.9897422409392264,NA
ANC,2013,recent_2016,110.09591176147761,NA,NA,NA,5.25953372129402,8.49726735318244,0,111.23695363047345,1.10514767432161,122.9332606033385,0.9897422409392264,NA
ANC,2014,recent_2016,110.09591176147761,NA,NA,NA,3.881145234022571,8.49726735318244,0,111.23695363047345,1.10514767432161,122.9332606033385,0.9897422409392264,NA
ANC,2015,recent_2016,110.09591176147761,NA,NA,NA,2.9353833375982896,8.49726735318244,0,111.23695363047345,1.10514767432161,122.9332606033385,0.9897422409392264,NA
ANC,2016,recent_2016,110.09591176147761,2.484099616783381,49.14907759150998,100.9138452065663,6.891503458917373,8.49726735318244,1,111.23695363047345,1.10514767432161,122.9332606033385,0.9897422409392264,2.247753557739
ANC,2017,recent_2016,125.98606597193205,1.9667496519302747,46.98819241958682,108.35924499177077,13.891529698336257,9.723678819777636,1,111.23695363047345,1.10514767432161,122.9332606033385,1.132591839852562,1.7796261057487681
ANC,2018,recent_2016,134.8426218925637,1.6863117975407604,49.16790867696611,109.86958953097076,17.190188776339156,10.40723302521499,1,111.23695363047345,1.10514767432161,122.9332606033385,1.2122106682326785,1.5258701047132868
ANC,2019,recent_2016,136.55243487508858,1.7822514270791014,47.896904105742394,113.576272682344,11.169724519839384,10.539197398859788,1,111.23695363047345,1.10514767432161,122.9332606033385,1.227581576251293,1.612681697197733
ANC,2020,recent_2016,134.10103593136427,1.4762842450790483,40.73086156450163,103.46094629775097,5.958320968763964,10.349996983686669,1,111.23695363047345,1.10514767432161,122.9332606033385,1.2055439451968881,1.3358253194400096
ANC,2021,recent_2016,144.6412421211077,1.4251706795611025,46.39345928813711,109.85973626073978,10.34666461209007,11.163496309128982,1,111.23695363047345,1.10514767432161,122.9332606033385,1.3002984835561258,1.289574880059298
ANC,2022,recent_2016,143.05779981241443,1.4723603153988476,55.14936948577471,110.24271121949076,9.670712896110878,11.041285298565237,1,111.23695363047345,1.10514767432161,122.9332606033385,1.2860636249321344,1.3322747263641934
ANC,2023,recent_2016,140.8922511704543,1.6780751025149612,49.76651823759704,114.58300824070031,11.620189588654465,10.874146978144015,1,111.23695363047345,1.10514767432161,122.9332606033385,1.2665957361480344,1.5184170781022908
CMA,1971,recent_2016,673.0617200647852,NA,NA,NA,0.04971053422961269,1.7494667464211098,0,422.113666092275,0.249037509352592,105.12213606731187,1.5945035049342664,NA
CMA,1972,recent_2016,673.0617200647852,NA,NA,NA,0.04732828222500525,1.7494667464211098,0,422.113666092275,0.249037509352592,105.12213606731187,1.5945035049342664,NA
CMA,1973,recent_2016,673.0617200647852,NA,NA,NA,0.03893796069934382,1.7494667464211098,0,422.113666092275,0.249037509352592,105.12213606731187,1.5945035049342664,NA
CMA,1974,recent_2016,673.0617200647852,NA,NA,NA,0.04325298319825541,1.7494667464211098,0,422.113666092275,0.249037509352592,105.12213606731187,1.5945035049342664,NA
CMA,1975,recent_2016,673.0617200647852,NA,NA,NA,0.03512485922027091,1.7494667464211098,0,422.113666092275,0.249037509352592,105.12213606731187,1.5945035049342664,NA
CMA,1976,recent_2016,673.0617200647852,NA,NA,NA,0.04290838070702289,1.7494667464211098,0,422.113666092275,0.249037509352592,105.12213606731187,1.5945035049342664,NA
CMA,1977,recent_2016,673.0617200647852,NA,NA,NA,0.03546197035299838,1.7494667464211098,0,422.113666092275,0.249037509352592,105.12213606731187,1.5945035049342664,NA
CMA,1978,recent_2016,673.0617200647852,NA,NA,NA,0.03911026194496009,1.7494667464211098,0,422.113666092275,0.249037509352592,105.12213606731187,1.5945035049342664,NA
CMA,1979,recent_2016,673.0617200647852,NA,NA,NA,0.03871321994419217,1.7494667464211098,0,422.113666092275,0.249037509352592,105.12213606731187,1.5945035049342664,NA
CMA,1980,recent_2016,673.0617200647852,NA,NA,NA,0.03613619261845331,1.7494667464211098,0,422.113666092275,0.249037509352592,105.12213606731187,1.5945035049342664,NA
CMA,1981,recent_2016,673.0617200647852,NA,NA,NA,0.02914675513323715,1.7494667464211098,0,422.113666092275,0.249037509352592,105.12213606731187,1.5945035049342664,NA
CMA,1982,recent_2016,673.0617200647852,NA,NA,NA,0.03023610281596567,1.7494667464211098,0,422.113666092275,0.249037509352592,105.12213606731187,1.5945035049342664,NA
CMA,1983,recent_2016,673.0617200647852,NA,NA,NA,0.02916827444456141,1.7494667464211098,0,422.113666092275,0.249037509352592,105.12213606731187,1.5945035049342664,NA
CMA,1984,recent_2016,673.0617200647852,NA,NA,NA,0.03546103843005606,1.7494667464211098,0,422.113666092275,0.249037509352592,105.12213606731187,1.5945035049342664,NA
CMA,1985,recent_2016,673.0617200647852,NA,NA,NA,0.03301702483133401,1.7494667464211098,0,422.113666092275,0.249037509352592,105.12213606731187,1.5945035049342664,NA
CMA,1986,recent_2016,673.0617200647852,NA,NA,NA,0.02920824662958724,1.7494667464211098,0,422.113666092275,0.249037509352592,105.12213606731187,1.5945035049342664,NA
CMA,1987,recent_2016,673.0617200647852,NA,NA,NA,0.02317815700283375,1.7494667464211098,0,422.113666092275,0.249037509352592,105.12213606731187,1.5945035049342664,NA
CMA,1988,recent_2016,673.0617200647852,NA,NA,NA,0.0180560070073812,1.7494667464211098,0,422.113666092275,0.249037509352592,105.12213606731187,1.5945035049342664,NA
CMA,1989,recent_2016,673.0617200647852,NA,NA,NA,0.01408734006553113,1.7494667464211098,0,422.113666092275,0.249037509352592,105.12213606731187,1.5945035049342664,NA
CMA,1990,recent_2016,673.0617200647852,NA,NA,NA,NA,1.7494667464211098,0,422.113666092275,0.249037509352592,105.12213606731187,1.5945035049342664,NA
CMA,1991,recent_2016,673.0617200647852,NA,NA,NA,0.01588608839169339,1.7494667464211098,0,422.113666092275,0.249037509352592,105.12213606731187,1.5945035049342664,NA
CMA,1992,recent_2016,673.0617200647852,NA,NA,NA,NA,1.7494667464211098,0,422.113666092275,0.249037509352592,105.12213606731187,1.5945035049342664,NA
CMA,1993,recent_2016,673.0617200647852,NA,NA,NA,NA,1.7494667464211098,0,422.113666092275,0.249037509352592,105.12213606731187,1.5945035049342664,NA
CMA,1994,recent_2016,673.0617200647852,NA,NA,NA,NA,1.7494667464211098,0,422.113666092275,0.249037509352592,105.12213606731187,1.5945035049342664,NA
CMA,1995,recent_2016,673.0617200647852,NA,NA,NA,NA,1.7494667464211098,0,422.113666092275,0.249037509352592,105.12213606731187,1.5945035049342664,NA
CMA,1996,recent_2016,673.0617200647852,NA,NA,NA,NA,1.7494667464211098,0,422.113666092275,0.249037509352592,105.12213606731187,1.5945035049342664,NA
CMA,1997,recent_2016,673.0617200647852,NA,NA,NA,NA,1.7494667464211098,0,422.113666092275,0.249037509352592,105.12213606731187,1.5945035049342664,NA
CMA,1998,recent_2016,673.0617200647852,NA,NA,NA,NA,1.7494667464211098,0,422.113666092275,0.249037509352592,105.12213606731187,1.5945035049342664,NA
CMA,1999,recent_2016,673.0617200647852,NA,NA,NA,NA,1.7494667464211098,0,422.113666092275,0.249037509352592,105.12213606731187,1.5945035049342664,NA
CMA,2000,recent_2016,673.0617200647852,NA,NA,NA,NA,1.7494667464211098,0,422.113666092275,0.249037509352592,105.12213606731187,1.5945035049342664,NA
CMA,2001,recent_2016,673.0617200647852,NA,NA,NA,NA,1.7494667464211098,0,422.113666092275,0.249037509352592,105.12213606731187,1.5945035049342664,NA
CMA,2002,recent_2016,673.0617200647852,NA,NA,NA,NA,1.7494667464211098,0,422.113666092275,0.249037509352592,105.12213606731187,1.5945035049342664,NA
CMA,2003,recent_2016,673.0617200647852,NA,NA,NA,0.00145021645021645,1.7494667464211098,0,422.113666092275,0.249037509352592,105.12213606731187,1.5945035049342664,NA
CMA,2004,recent_2016,673.0617200647852,NA,NA,NA,0.01075098814229249,1.7494667464211098,0,422.113666092275,0.249037509352592,105.12213606731187,1.5945035049342664,NA
CMA,2005,recent_2016,673.0617200647852,NA,NA,NA,0.04241935483870967,1.7494667464211098,0,422.113666092275,0.249037509352592,105.12213606731187,1.5945035049342664,NA
CMA,2006,recent_2016,673.0617200647852,NA,NA,NA,0.02696652719665271,1.7494667464211098,0,422.113666092275,0.249037509352592,105.12213606731187,1.5945035049342664,NA
CMA,2007,recent_2016,673.0617200647852,NA,NA,NA,0.01339534883720929,1.7494667464211098,0,422.113666092275,0.249037509352592,105.12213606731187,1.5945035049342664,NA
CMA,2008,recent_2016,673.0617200647852,NA,NA,NA,0.0139516129032258,1.7494667464211098,0,422.113666092275,0.249037509352592,105.12213606731187,1.5945035049342664,NA
CMA,2009,recent_2016,673.0617200647852,NA,NA,NA,0.01735537190082644,1.7494667464211098,0,422.113666092275,0.249037509352592,105.12213606731187,1.5945035049342664,NA
CMA,2010,recent_2016,673.0617200647852,NA,NA,NA,0.00935341365461847,1.7494667464211098,0,422.113666092275,0.249037509352592,105.12213606731187,1.5945035049342664,NA
CMA,2011,recent_2016,673.0617200647852,NA,NA,NA,0.00293172690763052,1.7494667464211098,0,422.113666092275,0.249037509352592,105.12213606731187,1.5945035049342664,NA
CMA,2012,recent_2016,673.0617200647852,NA,NA,NA,NA,1.7494667464211098,0,422.113666092275,0.249037509352592,105.12213606731187,1.5945035049342664,NA
CMA,2013,recent_2016,673.0617200647852,NA,NA,NA,NA,1.7494667464211098,0,422.113666092275,0.249037509352592,105.12213606731187,1.5945035049342664,NA
CMA,2014,recent_2016,673.0617200647852,NA,NA,NA,NA,1.7494667464211098,0,422.113666092275,0.249037509352592,105.12213606731187,1.5945035049342664,NA
CMA,2015,recent_2016,673.0617200647852,NA,NA,NA,NA,1.7494667464211098,0,422.113666092275,0.249037509352592,105.12213606731187,1.5945035049342664,NA
CMA,2016,recent_2016,673.0617200647852,0.057411202424553665,13.403192027840332,37.552987440619255,NA,1.7494667464211098,1,422.113666092275,0.249037509352592,105.12213606731187,1.5945035049342664,0.23053235062381627
CMA,2017,recent_2016,701.7306493773156,0.04923009116179333,11.575536812924007,33.70969031156667,NA,1.8239849324842567,1,422.113666092275,0.249037509352592,105.12213606731187,1.6624210627284348,0.1976814307602653
CMA,2018,recent_2016,723.1388413331812,0.04307708365240526,16.31774289409007,30.489302633699968,NA,1.8796305275482306,1,422.113666092275,0.249037509352592,105.12213606731187,1.7131377148426683,0.1729742791131753
CMA,2019,recent_2016,742.6345983979486,0.043107244489196006,16.54150012432501,31.332745228501864,NA,1.9303051947657215,1,422.113666092275,0.249037509352592,105.12213606731187,1.7593237510476787,0.17309538872782396
CMA,2020,recent_2016,753.2722202298235,0.031046930837307585,13.354726292694403,23.02747464106899,NA,1.9579552082801983,1,422.113666092275,0.249037509352592,105.12213606731187,1.7845245978488562,0.12466768928912936
CMA,2021,recent_2016,769.215324216385,0.028541790473532558,13.360256106330665,21.644427911917834,NA,1.9993955835500008,1,422.113666092275,0.249037509352592,105.12213606731187,1.8222942918134113,0.11460839994638138
CMA,2022,recent_2016,780.2693895477826,0.027547180630820733,8.241360528349823,21.200869061030378,NA,2.028128044680289,1,422.113666092275,0.249037509352592,105.12213606731187,1.8484817058190528,0.11061458453561272
CMA,2023,recent_2016,788.8187621258629,0.02906294573193069,11.724027411069672,22.595461120343554,NA,2.0503501419742434,1,422.113666092275,0.249037509352592,105.12213606731187,1.8687354271856844,0.11670107771108015
DMF,1971,recent_2016,179.53814931723917,NA,NA,NA,1.6747497608281134,0.41705034376882244,0,211.15828356447255,0.47959207513346375,101.26983939630577,0.8502538772646404,NA
DMF,1972,recent_2016,179.53814931723917,NA,NA,NA,1.5944916015309247,0.41705034376882244,0,211.15828356447255,0.47959207513346375,101.26983939630577,0.8502538772646404,NA
DMF,1973,recent_2016,179.53814931723917,NA,NA,NA,1.3118213549496314,0.41705034376882244,0,211.15828356447255,0.47959207513346375,101.26983939630577,0.8502538772646404,NA
DMF,1974,recent_2016,179.53814931723917,NA,NA,NA,1.457194624620011,0.41705034376882244,0,211.15828356447255,0.47959207513346375,101.26983939630577,0.8502538772646404,NA
DMF,1975,recent_2016,179.53814931723917,NA,NA,NA,1.183357823244383,0.41705034376882244,0,211.15828356447255,0.47959207513346375,101.26983939630577,0.8502538772646404,NA
DMF,1976,recent_2016,179.53814931723917,NA,NA,NA,1.4455849537782792,0.41705034376882244,0,211.15828356447255,0.47959207513346375,101.26983939630577,0.8502538772646404,NA
DMF,1977,recent_2016,179.53814931723917,NA,NA,NA,1.1947151099373816,0.41705034376882244,0,211.15828356447255,0.47959207513346375,101.26983939630577,0.8502538772646404,NA
DMF,1978,recent_2016,179.53814931723917,NA,NA,NA,1.317626190370497,0.41705034376882244,0,211.15828356447255,0.47959207513346375,101.26983939630577,0.8502538772646404,NA
DMF,1979,recent_2016,179.53814931723917,NA,NA,NA,1.3042498304876324,0.41705034376882244,0,211.15828356447255,0.47959207513346375,101.26983939630577,0.8502538772646404,NA
DMF,1980,recent_2016,179.53814931723917,NA,NA,NA,1.2174296833233784,0.41705034376882244,0,211.15828356447255,0.47959207513346375,101.26983939630577,0.8502538772646404,NA
DMF,1981,recent_2016,179.53814931723917,NA,NA,NA,0.9819552725552118,0.41705034376882244,0,211.15828356447255,0.47959207513346375,101.26983939630577,0.8502538772646404,NA
DMF,1982,recent_2016,179.53814931723917,NA,NA,NA,1.0186554368037275,0.41705034376882244,0,211.15828356447255,0.47959207513346375,101.26983939630577,0.8502538772646404,NA
DMF,1983,recent_2016,179.53814931723917,NA,NA,NA,0.9826802589600454,0.41705034376882244,0,211.15828356447255,0.47959207513346375,101.26983939630577,0.8502538772646404,NA
DMF,1984,recent_2016,179.53814931723917,NA,NA,NA,1.1946837134185362,0.41705034376882244,0,211.15828356447255,0.47959207513346375,101.26983939630577,0.8502538772646404,NA
DMF,1985,recent_2016,179.53814931723917,NA,NA,NA,1.1123448037014454,0.41705034376882244,0,211.15828356447255,0.47959207513346375,101.26983939630577,0.8502538772646404,NA
DMF,1986,recent_2016,179.53814931723917,NA,NA,NA,0.9840269233713065,0.41705034376882244,0,211.15828356447255,0.47959207513346375,101.26983939630577,0.8502538772646404,NA
DMF,1987,recent_2016,179.53814931723917,NA,NA,NA,0.7808729779011012,0.41705034376882244,0,211.15828356447255,0.47959207513346375,101.26983939630577,0.8502538772646404,NA
DMF,1988,recent_2016,179.53814931723917,NA,NA,NA,0.6083075526295348,0.41705034376882244,0,211.15828356447255,0.47959207513346375,101.26983939630577,0.8502538772646404,NA
DMF,1989,recent_2016,179.53814931723917,NA,NA,NA,0.47460301465435256,0.41705034376882244,0,211.15828356447255,0.47959207513346375,101.26983939630577,0.8502538772646404,NA
DMF,1990,recent_2016,179.53814931723917,NA,NA,NA,NA,0.41705034376882244,0,211.15828356447255,0.47959207513346375,101.26983939630577,0.8502538772646404,NA
DMF,1991,recent_2016,179.53814931723917,NA,NA,NA,0.5352029131610898,0.41705034376882244,0,211.15828356447255,0.47959207513346375,101.26983939630577,0.8502538772646404,NA
DMF,1992,recent_2016,179.53814931723917,NA,NA,NA,NA,0.41705034376882244,0,211.15828356447255,0.47959207513346375,101.26983939630577,0.8502538772646404,NA
DMF,1993,recent_2016,179.53814931723917,NA,NA,NA,NA,0.41705034376882244,0,211.15828356447255,0.47959207513346375,101.26983939630577,0.8502538772646404,NA
DMF,1994,recent_2016,179.53814931723917,NA,NA,NA,NA,0.41705034376882244,0,211.15828356447255,0.47959207513346375,101.26983939630577,0.8502538772646404,NA
DMF,1995,recent_2016,179.53814931723917,NA,NA,NA,NA,0.41705034376882244,0,211.15828356447255,0.47959207513346375,101.26983939630577,0.8502538772646404,NA
DMF,1996,recent_2016,179.53814931723917,NA,NA,NA,NA,0.41705034376882244,0,211.15828356447255,0.47959207513346375,101.26983939630577,0.8502538772646404,NA
DMF,1997,recent_2016,179.53814931723917,NA,NA,NA,NA,0.41705034376882244,0,211.15828356447255,0.47959207513346375,101.26983939630577,0.8502538772646404,NA
DMF,1998,recent_2016,179.53814931723917,NA,NA,NA,NA,0.41705034376882244,0,211.15828356447255,0.47959207513346375,101.26983939630577,0.8502538772646404,NA
DMF,1999,recent_2016,179.53814931723917,NA,NA,NA,NA,0.41705034376882244,0,211.15828356447255,0.47959207513346375,101.26983939630577,0.8502538772646404,NA
DMF,2000,recent_2016,179.53814931723917,NA,NA,NA,NA,0.41705034376882244,0,211.15828356447255,0.47959207513346375,101.26983939630577,0.8502538772646404,NA
DMF,2001,recent_2016,179.53814931723917,NA,NA,NA,NA,0.41705034376882244,0,211.15828356447255,0.47959207513346375,101.26983939630577,0.8502538772646404,NA
DMF,2002,recent_2016,179.53814931723917,NA,NA,NA,NA,0.41705034376882244,0,211.15828356447255,0.47959207513346375,101.26983939630577,0.8502538772646404,NA
DMF,2003,recent_2016,179.53814931723917,NA,NA,NA,0.218073593073593,0.41705034376882244,0,211.15828356447255,0.47959207513346375,101.26983939630577,0.8502538772646404,NA
DMF,2004,recent_2016,179.53814931723917,NA,NA,NA,0.34598023715415,0.41705034376882244,0,211.15828356447255,0.47959207513346375,101.26983939630577,0.8502538772646404,NA
DMF,2005,recent_2016,179.53814931723917,NA,NA,NA,0.4609967741935483,0.41705034376882244,0,211.15828356447255,0.47959207513346375,101.26983939630577,0.8502538772646404,NA
DMF,2006,recent_2016,179.53814931723917,NA,NA,NA,0.7168786610878658,0.41705034376882244,0,211.15828356447255,0.47959207513346375,101.26983939630577,0.8502538772646404,NA
DMF,2007,recent_2016,179.53814931723917,NA,NA,NA,0.6185069767441858,0.41705034376882244,0,211.15828356447255,0.47959207513346375,101.26983939630577,0.8502538772646404,NA
DMF,2008,recent_2016,179.53814931723917,NA,NA,NA,0.6899838709677415,0.41705034376882244,0,211.15828356447255,0.47959207513346375,101.26983939630577,0.8502538772646404,NA
DMF,2009,recent_2016,179.53814931723917,NA,NA,NA,0.5510971900826442,0.41705034376882244,0,211.15828356447255,0.47959207513346375,101.26983939630577,0.8502538772646404,NA
DMF,2010,recent_2016,179.53814931723917,NA,NA,NA,0.42898203996489354,0.41705034376882244,0,211.15828356447255,0.47959207513346375,101.26983939630577,0.8502538772646404,NA
DMF,2011,recent_2016,179.53814931723917,NA,NA,NA,0.3355715582423232,0.41705034376882244,0,211.15828356447255,0.47959207513346375,101.26983939630577,0.8502538772646404,NA
DMF,2012,recent_2016,179.53814931723917,NA,NA,NA,1.1035647590943034,0.41705034376882244,0,211.15828356447255,0.47959207513346375,101.26983939630577,0.8502538772646404,NA
DMF,2013,recent_2016,179.53814931723917,NA,NA,NA,0.45009393262987313,0.41705034376882244,0,211.15828356447255,0.47959207513346375,101.26983939630577,0.8502538772646404,NA
DMF,2014,recent_2016,179.53814931723917,NA,NA,NA,0.5441553134091036,0.41705034376882244,0,211.15828356447255,0.47959207513346375,101.26983939630577,0.8502538772646404,NA
DMF,2015,recent_2016,179.53814931723917,NA,NA,NA,0.5828982109829055,0.41705034376882244,0,211.15828356447255,0.47959207513346375,101.26983939630577,0.8502538772646404,NA
DMF,2016,recent_2016,179.53814931723917,0.20786010430010027,18.844348364606024,33.69559976489348,0.2810601831082906,0.41705034376882244,1,211.15828356447255,0.47959207513346375,101.26983939630577,0.8502538772646404,0.4334102148002669
DMF,2017,recent_2016,241.04617776576052,0.2461815129923588,19.68268820023636,52.60102248572757,0.4091229897537634,0.5599277461846847,1,211.15828356447255,0.47959207513346375,101.26983939630577,1.1415426082120161,0.5133143889499215
DMF,2018,recent_2016,286.8456049081556,0.22733958756517314,22.451693669431442,58.32999528514823,1.055181899380611,0.6663155356700304,1,211.15828356447255,0.47959207513346375,101.26983939630577,1.3584387979767492,0.47402698950333516
DMF,2019,recent_2016,314.0159854108302,0.2153726870437831,22.151293622095096,60.84345200609985,0.5974387098186917,0.7294297906184193,1,211.15828356447255,0.47959207513346375,101.26983939630577,1.4871118485624186,0.4490747412451465
DMF,2020,recent_2016,325.68201577420024,0.16936061004847502,18.274587285103465,50.739818577773065,2.9020302341101365,0.7565288890103945,1,211.15828356447255,0.47959207513346375,101.26983939630577,1.5423596473531684,0.3531347134986422
DMF,2021,recent_2016,343.0991532648084,0.15472146172112122,18.239665104340137,49.18197524234681,0.3833456358538275,0.7969872718418449,1,211.15828356447255,0.47959207513346375,101.26983939630577,1.6248434466936297,0.32261054705306463
DMF,2022,recent_2016,353.4173418342046,0.13816304225614306,15.38489319454578,45.606148044783296,1.0582687169226213,0.8209554596966421,1,211.15828356447255,0.47959207513346375,101.26983939630577,1.6737081580145368,0.2880844980970426
DMF,2023,recent_2016,360.37371550140716,0.13585662382803676,15.82098189803091,45.77907084057317,0.49158609242439266,0.8371144656812974,1,211.15828356447255,0.47959207513346375,101.26983939630577,1.7066520404413827,0.2832753727013312
LPF,1971,recent_2016,525.9973697773189,NA,NA,NA,12.837852733417394,4.742034048585055,0,343.1564375778724,0.13380658081306365,45.91658959628662,1.5328209299816924,NA
LPF,1972,recent_2016,525.9973697773189,NA,NA,NA,12.222631012649396,4.742034048585055,0,343.1564375778724,0.13380658081306365,45.91658959628662,1.5328209299816924,NA
LPF,1973,recent_2016,525.9973697773189,NA,NA,NA,10.055812373466518,4.742034048585055,0,343.1564375778724,0.13380658081306365,45.91658959628662,1.5328209299816924,NA
LPF,1974,recent_2016,525.9973697773189,NA,NA,NA,11.170176245046283,4.742034048585055,0,343.1564375778724,0.13380658081306365,45.91658959628662,1.5328209299816924,NA
LPF,1975,recent_2016,525.9973697773189,NA,NA,NA,9.071070688337873,4.742034048585055,0,343.1564375778724,0.13380658081306365,45.91658959628662,1.5328209299816924,NA
LPF,1976,recent_2016,525.9973697773189,NA,NA,NA,11.081181908079843,4.742034048585055,0,343.1564375778724,0.13380658081306365,45.91658959628662,1.5328209299816924,NA
LPF,1977,recent_2016,525.9973697773189,NA,NA,NA,9.15813036580504,4.742034048585055,0,343.1564375778724,0.13380658081306365,45.91658959628662,1.5328209299816924,NA
LPF,1978,recent_2016,525.9973697773189,NA,NA,NA,10.100309541949738,4.742034048585055,0,343.1564375778724,0.13380658081306365,45.91658959628662,1.5328209299816924,NA
LPF,1979,recent_2016,525.9973697773189,NA,NA,NA,9.997772588488406,4.742034048585055,0,343.1564375778724,0.13380658081306365,45.91658959628662,1.5328209299816924,NA
LPF,1980,recent_2016,525.9973697773189,NA,NA,NA,9.332249720739378,4.742034048585055,0,343.1564375778724,0.13380658081306365,45.91658959628662,1.5328209299816924,NA
LPF,1981,recent_2016,525.9973697773189,NA,NA,NA,7.527212407920071,4.742034048585055,0,343.1564375778724,0.13380658081306365,45.91658959628662,1.5328209299816924,NA
LPF,1982,recent_2016,525.9973697773189,NA,NA,NA,7.8085387976499065,4.742034048585055,0,343.1564375778724,0.13380658081306365,45.91658959628662,1.5328209299816924,NA
LPF,1983,recent_2016,525.9973697773189,NA,NA,NA,7.532769816505329,4.742034048585055,0,343.1564375778724,0.13380658081306365,45.91658959628662,1.5328209299816924,NA
LPF,1984,recent_2016,525.9973697773189,NA,NA,NA,9.157889694694225,4.742034048585055,0,343.1564375778724,0.13380658081306365,45.91658959628662,1.5328209299816924,NA
LPF,1985,recent_2016,525.9973697773189,NA,NA,NA,8.526717908972948,4.742034048585055,0,343.1564375778724,0.13380658081306365,45.91658959628662,1.5328209299816924,NA
LPF,1986,recent_2016,525.9973697773189,NA,NA,NA,7.543092719542827,4.742034048585055,0,343.1564375778724,0.13380658081306365,45.91658959628662,1.5328209299816924,NA
LPF,1987,recent_2016,525.9973697773189,NA,NA,NA,5.985809061314631,4.742034048585055,0,343.1564375778724,0.13380658081306365,45.91658959628662,1.5328209299816924,NA
LPF,1988,recent_2016,525.9973697773189,NA,NA,NA,4.66300277208102,4.742034048585055,0,343.1564375778724,0.13380658081306365,45.91658959628662,1.5328209299816924,NA
LPF,1989,recent_2016,525.9973697773189,NA,NA,NA,3.63808597050091,4.742034048585055,0,343.1564375778724,0.13380658081306365,45.91658959628662,1.5328209299816924,NA
LPF,1990,recent_2016,525.9973697773189,NA,NA,NA,NA,4.742034048585055,0,343.1564375778724,0.13380658081306365,45.91658959628662,1.5328209299816924,NA
LPF,1991,recent_2016,525.9973697773189,NA,NA,NA,4.102616607188298,4.742034048585055,0,343.1564375778724,0.13380658081306365,45.91658959628662,1.5328209299816924,NA
LPF,1992,recent_2016,525.9973697773189,NA,NA,NA,NA,4.742034048585055,0,343.1564375778724,0.13380658081306365,45.91658959628662,1.5328209299816924,NA
LPF,1993,recent_2016,525.9973697773189,NA,NA,NA,NA,4.742034048585055,0,343.1564375778724,0.13380658081306365,45.91658959628662,1.5328209299816924,NA
LPF,1994,recent_2016,525.9973697773189,NA,NA,NA,NA,4.742034048585055,0,343.1564375778724,0.13380658081306365,45.91658959628662,1.5328209299816924,NA
LPF,1995,recent_2016,525.9973697773189,NA,NA,NA,NA,4.742034048585055,0,343.1564375778724,0.13380658081306365,45.91658959628662,1.5328209299816924,NA
LPF,1996,recent_2016,525.9973697773189,NA,NA,NA,NA,4.742034048585055,0,343.1564375778724,0.13380658081306365,45.91658959628662,1.5328209299816924,NA
LPF,1997,recent_2016,525.9973697773189,NA,NA,NA,NA,4.742034048585055,0,343.1564375778724,0.13380658081306365,45.91658959628662,1.5328209299816924,NA
LPF,1998,recent_2016,525.9973697773189,NA,NA,NA,NA,4.742034048585055,0,343.1564375778724,0.13380658081306365,45.91658959628662,1.5328209299816924,NA
LPF,1999,recent_2016,525.9973697773189,NA,NA,NA,NA,4.742034048585055,0,343.1564375778724,0.13380658081306365,45.91658959628662,1.5328209299816924,NA
LPF,2000,recent_2016,525.9973697773189,NA,NA,NA,NA,4.742034048585055,0,343.1564375778724,0.13380658081306365,45.91658959628662,1.5328209299816924,NA
LPF,2001,recent_2016,525.9973697773189,NA,NA,NA,NA,4.742034048585055,0,343.1564375778724,0.13380658081306365,45.91658959628662,1.5328209299816924,NA
LPF,2002,recent_2016,525.9973697773189,NA,NA,NA,NA,4.742034048585055,0,343.1564375778724,0.13380658081306365,45.91658959628662,1.5328209299816924,NA
LPF,2003,recent_2016,525.9973697773189,NA,NA,NA,4.2929523809523795,4.742034048585055,0,343.1564375778724,0.13380658081306365,45.91658959628662,1.5328209299816924,NA
LPF,2004,recent_2016,525.9973697773189,NA,NA,NA,5.040936758893278,4.742034048585055,0,343.1564375778724,0.13380658081306365,45.91658959628662,1.5328209299816924,NA
LPF,2005,recent_2016,525.9973697773189,NA,NA,NA,5.613892558651024,4.742034048585055,0,343.1564375778724,0.13380658081306365,45.91658959628662,1.5328209299816924,NA
LPF,2006,recent_2016,525.9973697773189,NA,NA,NA,4.4988577405857715,4.742034048585055,0,343.1564375778724,0.13380658081306365,45.91658959628662,1.5328209299816924,NA
LPF,2007,recent_2016,525.9973697773189,NA,NA,NA,3.260753488372092,4.742034048585055,0,343.1564375778724,0.13380658081306365,45.91658959628662,1.5328209299816924,NA
LPF,2008,recent_2016,525.9973697773189,NA,NA,NA,5.151786290322578,4.742034048585055,0,343.1564375778724,0.13380658081306365,45.91658959628662,1.5328209299816924,NA
LPF,2009,recent_2016,525.9973697773189,NA,NA,NA,3.8389900826446266,4.742034048585055,0,343.1564375778724,0.13380658081306365,45.91658959628662,1.5328209299816924,NA
LPF,2010,recent_2016,525.9973697773189,NA,NA,NA,3.95987127544066,4.742034048585055,0,343.1564375778724,0.13380658081306365,45.91658959628662,1.5328209299816924,NA
LPF,2011,recent_2016,525.9973697773189,NA,NA,NA,3.256608175500181,4.742034048585055,0,343.1564375778724,0.13380658081306365,45.91658959628662,1.5328209299816924,NA
LPF,2012,recent_2016,525.9973697773189,NA,NA,NA,3.2112040456180293,4.742034048585055,0,343.1564375778724,0.13380658081306365,45.91658959628662,1.5328209299816924,NA
LPF,2013,recent_2016,525.9973697773189,NA,NA,NA,3.2479481672462156,4.742034048585055,0,343.1564375778724,0.13380658081306365,45.91658959628662,1.5328209299816924,NA
LPF,2014,recent_2016,525.9973697773189,NA,NA,NA,3.918725295144031,4.742034048585055,0,343.1564375778724,0.13380658081306365,45.91658959628662,1.5328209299816924,NA
LPF,2015,recent_2016,525.9973697773189,NA,NA,NA,4.5032520155213644,4.742034048585055,0,343.1564375778724,0.13380658081306365,45.91658959628662,1.5328209299816924,NA
LPF,2016,recent_2016,525.9973697773189,0.14082336463092116,39.53143972125755,69.0935779015212,4.291889781332916,4.742034048585055,1,343.1564375778724,0.13380658081306365,45.91658959628662,1.5328209299816924,1.0524397512829387
LPF,2017,recent_2016,476.22509016302894,0.11748470260106103,30.840471330534236,52.78759234574002,4.207916584287845,4.293321073638852,1,343.1564375778724,0.13380658081306365,45.91658959628662,1.3877783949629658,0.8780188678850905
LPF,2018,recent_2016,442.42674460330227,0.11440748797176425,37.01644916830077,47.828788521464006,3.606002657964865,3.988618208873732,1,343.1564375778724,0.13380658081306365,45.91658959628662,1.289285865438274,0.8550213844235272
LPF,2019,recent_2016,422.5245881724963,0.11107477129543941,23.911807557278788,44.419234325340156,4.604601765476088,3.8091939211152166,1,343.1564375778724,0.13380658081306365,45.91658959628662,1.2312885375394216,0.8301144130617758
LPF,2020,recent_2016,402.0633496101003,0.09612820244397913,19.29547935435541,36.85008854295781,3.391696528557638,3.6247293296284187,1,343.1564375778724,0.13380658081306365,45.91658959628662,1.1716619756517324,0.7184116196667215
LPF,2021,recent_2016,385.6157506328317,0.08423318471892483,20.858827359088863,31.151242002639712,4.970937032567688,3.4764489790998607,1,343.1564375778724,0.13380658081306365,45.91658959628662,1.1237316524051046,0.629514514212152
LPF,2022,recent_2016,378.33904232787495,0.08105900344344619,10.023925393725442,29.457750070458555,3.0040670153152296,3.41084713291889,1,343.1564375778724,0.13380658081306365,45.91658959628662,1.102526430797378,0.6057923530434635
LPF,2023,recent_2016,382.0730001175183,0.08566219783730844,11.398569275119995,31.366569921106493,2.971088139469183,3.444509953289958,1,343.1564375778724,0.13380658081306365,45.91658959628662,1.1134076423404256,0.6401942065688384
MPF,1971,recent_2016,292.9241263693146,NA,NA,NA,0.35332632132570485,0.08278268425941432,0,171.50558859563097,0.3862059828466247,66.23648440726451,1.7079567422141526,NA
MPF,1972,recent_2016,292.9241263693146,NA,NA,NA,0.3363940483114808,0.08278268425941432,0,171.50558859563097,0.3862059828466247,66.23648440726451,1.7079567422141526,NA
MPF,1973,recent_2016,292.9241263693146,NA,NA,NA,0.27675836977081736,0.08278268425941432,0,171.50558859563097,0.3862059828466247,66.23648440726451,1.7079567422141526,NA
MPF,1974,recent_2016,292.9241263693146,NA,NA,NA,0.3074281473060157,0.08278268425941432,0,171.50558859563097,0.3862059828466247,66.23648440726451,1.7079567422141526,NA
MPF,1975,recent_2016,292.9241263693146,NA,NA,NA,0.2496560837197481,0.08278268425941432,0,171.50558859563097,0.3862059828466247,66.23648440726451,1.7079567422141526,NA
MPF,1976,recent_2016,292.9241263693146,NA,NA,NA,0.3049788247945242,0.08278268425941432,0,171.50558859563097,0.3862059828466247,66.23648440726451,1.7079567422141526,NA
MPF,1977,recent_2016,292.9241263693146,NA,NA,NA,0.25205216008968545,0.08278268425941432,0,171.50558859563097,0.3862059828466247,66.23648440726451,1.7079567422141526,NA
MPF,1978,recent_2016,292.9241263693146,NA,NA,NA,0.2779830310265632,0.08278268425941432,0,171.50558859563097,0.3862059828466247,66.23648440726451,1.7079567422141526,NA
MPF,1979,recent_2016,292.9241263693146,NA,NA,NA,0.27516098552419255,0.08278268425941432,0,171.50558859563097,0.3862059828466247,66.23648440726451,1.7079567422141526,NA
MPF,1980,recent_2016,292.9241263693146,NA,NA,NA,0.2568443128295602,0.08278268425941432,0,171.50558859563097,0.3862059828466247,66.23648440726451,1.7079567422141526,NA
MPF,1981,recent_2016,292.9241263693146,NA,NA,NA,0.2071656627595255,0.08278268425941432,0,171.50558859563097,0.3862059828466247,66.23648440726451,1.7079567422141526,NA
MPF,1982,recent_2016,292.9241263693146,NA,NA,NA,0.21490839204916296,0.08278268425941432,0,171.50558859563097,0.3862059828466247,66.23648440726451,1.7079567422141526,NA
MPF,1983,recent_2016,292.9241263693146,NA,NA,NA,0.2073186150306184,0.08278268425941432,0,171.50558859563097,0.3862059828466247,66.23648440726451,1.7079567422141526,NA
MPF,1984,recent_2016,292.9241263693146,NA,NA,NA,0.25204553628428744,0.08278268425941432,0,171.50558859563097,0.3862059828466247,66.23648440726451,1.7079567422141526,NA
MPF,1985,recent_2016,292.9241263693146,NA,NA,NA,0.23467428193168277,0.08278268425941432,0,171.50558859563097,0.3862059828466247,66.23648440726451,1.7079567422141526,NA
MPF,1986,recent_2016,292.9241263693146,NA,NA,NA,0.2076027243307778,0.08278268425941432,0,171.50558859563097,0.3862059828466247,66.23648440726451,1.7079567422141526,NA
MPF,1987,recent_2016,292.9241263693146,NA,NA,NA,0.164742807049585,0.08278268425941432,0,171.50558859563097,0.3862059828466247,66.23648440726451,1.7079567422141526,NA
MPF,1988,recent_2016,292.9241263693146,NA,NA,NA,0.12833622958629903,0.08278268425941432,0,171.50558859563097,0.3862059828466247,66.23648440726451,1.7079567422141526,NA
MPF,1989,recent_2016,292.9241263693146,NA,NA,NA,0.10012823478475638,0.08278268425941432,0,171.50558859563097,0.3862059828466247,66.23648440726451,1.7079567422141526,NA
MPF,1990,recent_2016,292.9241263693146,NA,NA,NA,NA,0.08278268425941432,0,171.50558859563097,0.3862059828466247,66.23648440726451,1.7079567422141526,NA
MPF,1991,recent_2016,292.9241263693146,NA,NA,NA,0.1129131532919304,0.08278268425941432,0,171.50558859563097,0.3862059828466247,66.23648440726451,1.7079567422141526,NA
MPF,1992,recent_2016,292.9241263693146,NA,NA,NA,NA,0.08278268425941432,0,171.50558859563097,0.3862059828466247,66.23648440726451,1.7079567422141526,NA
MPF,1993,recent_2016,292.9241263693146,NA,NA,NA,NA,0.08278268425941432,0,171.50558859563097,0.3862059828466247,66.23648440726451,1.7079567422141526,NA
MPF,1994,recent_2016,292.9241263693146,NA,NA,NA,NA,0.08278268425941432,0,171.50558859563097,0.3862059828466247,66.23648440726451,1.7079567422141526,NA
MPF,1995,recent_2016,292.9241263693146,NA,NA,NA,NA,0.08278268425941432,0,171.50558859563097,0.3862059828466247,66.23648440726451,1.7079567422141526,NA
MPF,1996,recent_2016,292.9241263693146,NA,NA,NA,NA,0.08278268425941432,0,171.50558859563097,0.3862059828466247,66.23648440726451,1.7079567422141526,NA
MPF,1997,recent_2016,292.9241263693146,NA,NA,NA,NA,0.08278268425941432,0,171.50558859563097,0.3862059828466247,66.23648440726451,1.7079567422141526,NA
MPF,1998,recent_2016,292.9241263693146,NA,NA,NA,NA,0.08278268425941432,0,171.50558859563097,0.3862059828466247,66.23648440726451,1.7079567422141526,NA
MPF,1999,recent_2016,292.9241263693146,NA,NA,NA,NA,0.08278268425941432,0,171.50558859563097,0.3862059828466247,66.23648440726451,1.7079567422141526,NA
MPF,2000,recent_2016,292.9241263693146,NA,NA,NA,NA,0.08278268425941432,0,171.50558859563097,0.3862059828466247,66.23648440726451,1.7079567422141526,NA
MPF,2001,recent_2016,292.9241263693146,NA,NA,NA,NA,0.08278268425941432,0,171.50558859563097,0.3862059828466247,66.23648440726451,1.7079567422141526,NA
MPF,2002,recent_2016,292.9241263693146,NA,NA,NA,NA,0.08278268425941432,0,171.50558859563097,0.3862059828466247,66.23648440726451,1.7079567422141526,NA
MPF,2003,recent_2016,292.9241263693146,NA,NA,NA,0.17380519480519468,0.08278268425941432,0,171.50558859563097,0.3862059828466247,66.23648440726451,1.7079567422141526,NA
MPF,2004,recent_2016,292.9241263693146,NA,NA,NA,0.23283399209486164,0.08278268425941432,0,171.50558859563097,0.3862059828466247,66.23648440726451,1.7079567422141526,NA
MPF,2005,recent_2016,292.9241263693146,NA,NA,NA,0.11832661290322578,0.08278268425941432,0,171.50558859563097,0.3862059828466247,66.23648440726451,1.7079567422141526,NA
MPF,2006,recent_2016,292.9241263693146,NA,NA,NA,0.1253849372384937,0.08278268425941432,0,171.50558859563097,0.3862059828466247,66.23648440726451,1.7079567422141526,NA
MPF,2007,recent_2016,292.9241263693146,NA,NA,NA,0.17824186046511625,0.08278268425941432,0,171.50558859563097,0.3862059828466247,66.23648440726451,1.7079567422141526,NA
MPF,2008,recent_2016,292.9241263693146,NA,NA,NA,0.1372822580645161,0.08278268425941432,0,171.50558859563097,0.3862059828466247,66.23648440726451,1.7079567422141526,NA
MPF,2009,recent_2016,292.9241263693146,NA,NA,NA,0.10015289256198344,0.08278268425941432,0,171.50558859563097,0.3862059828466247,66.23648440726451,1.7079567422141526,NA
MPF,2010,recent_2016,292.9241263693146,NA,NA,NA,0.10226907630522082,0.08278268425941432,0,171.50558859563097,0.3862059828466247,66.23648440726451,1.7079567422141526,NA
MPF,2011,recent_2016,292.9241263693146,NA,NA,NA,0.09471480375575088,0.08278268425941432,0,171.50558859563097,0.3862059828466247,66.23648440726451,1.7079567422141526,NA
MPF,2012,recent_2016,292.9241263693146,NA,NA,NA,0.2653379667441039,0.08278268425941432,0,171.50558859563097,0.3862059828466247,66.23648440726451,1.7079567422141526,NA
MPF,2013,recent_2016,292.9241263693146,NA,NA,NA,0.11337955077709173,0.08278268425941432,0,171.50558859563097,0.3862059828466247,66.23648440726451,1.7079567422141526,NA
MPF,2014,recent_2016,292.9241263693146,NA,NA,NA,0.05657093837215155,0.08278268425941432,0,171.50558859563097,0.3862059828466247,66.23648440726451,1.7079567422141526,NA
MPF,2015,recent_2016,292.9241263693146,NA,NA,NA,0.14918956006837605,0.08278268425941432,0,171.50558859563097,0.3862059828466247,66.23648440726451,1.7079567422141526,NA
MPF,2016,recent_2016,292.9241263693146,0.08832552682032357,11.14403812388434,24.762979446901628,0.07872484909507042,0.08278268425941432,1,171.50558859563097,0.3862059828466247,66.23648440726451,1.7079567422141526,0.22870056587238471
MPF,2017,recent_2016,299.9107702090787,0.08853884334885986,8.64757055611315,25.41217194509209,0.11957211972120065,0.0847571652903519,1,171.50558859563097,0.3862059828466247,66.23648440726451,1.7486938627766606,0.2292529046190918
MPF,2018,recent_2016,301.89962136095266,0.08019143160304143,4.17855647388684,23.264490589943737,0.1108619298161498,0.08531923041958943,1,171.50558859563097,0.3862059828466247,66.23648440726451,1.7602902846085065,0.20763901949931243
MPF,2019,recent_2016,305.47248017107114,0.08556241972169776,7.5006349349017745,25.050014071774388,0.11601638667606914,0.0863289486918515,1,171.50558859563097,0.3862059828466247,66.23648440726451,1.7811226017322501,0.22154607520846575
MPF,2020,recent_2016,304.9908860206634,0.06342466205397201,5.882036725780606,18.74326837215018,0.057976714319166685,0.08619284636054637,1,171.50558859563097,0.3862059828466247,66.23648440726451,1.778314564079651,0.16422495992031294
MPF,2021,recent_2016,311.4996585830143,0.06370796168293058,7.195592571632754,19.226078857647433,0.05882532751091703,0.08803227717365086,1,171.50558859563097,0.3862059828466247,66.23648440726451,1.8162653539964564,0.1649585053378915
MPF,2022,recent_2016,313.43169520790156,0.06521284703009211,13.804106980092648,19.78755957130262,0.11967652359302518,0.08857828606639061,1,171.50558859563097,0.3862059828466247,66.23648440726451,1.8275305065824898,0.16885509268765087
MPF,2023,recent_2016,313.71725132201595,0.07257329733252682,16.023853781218943,21.960967471795815,0.06544736842105262,0.08865898649187647,1,171.50558859563097,0.3862059828466247,66.23648440726451,1.8291955025540654,0.18791344659553888
NTU,1971,recent_2016,100.84982610820882,NA,NA,NA,0.9771614493618556,0.33548366792201795,0,269.67567167438597,0.20648634407559807,55.68434353017529,0.3739670897342855,NA
NTU,1972,recent_2016,100.84982610820882,NA,NA,NA,0.9303334508773676,0.33548366792201795,0,269.67567167438597,0.20648634407559807,55.68434353017529,0.3739670897342855,NA
NTU,1973,recent_2016,100.84982610820882,NA,NA,NA,0.7654046511835734,0.33548366792201795,0,269.67567167438597,0.20648634407559807,55.68434353017529,0.3739670897342855,NA
NTU,1974,recent_2016,100.84982610820882,NA,NA,NA,0.8502251767403818,0.33548366792201795,0,269.67567167438597,0.20648634407559807,55.68434353017529,0.3739670897342855,NA
NTU,1975,recent_2016,100.84982610820882,NA,NA,NA,0.6904504020370188,0.33548366792201795,0,269.67567167438597,0.20648634407559807,55.68434353017529,0.3739670897342855,NA
NTU,1976,recent_2016,100.84982610820882,NA,NA,NA,0.8434513153243868,0.33548366792201795,0,269.67567167438597,0.20648634407559807,55.68434353017529,0.3739670897342855,NA
NTU,1977,recent_2016,100.84982610820882,NA,NA,NA,0.6970770055961444,0.33548366792201795,0,269.67567167438597,0.20648634407559807,55.68434353017529,0.3739670897342855,NA
NTU,1978,recent_2016,100.84982610820882,NA,NA,NA,0.768791581891571,0.33548366792201795,0,269.67567167438597,0.20648634407559807,55.68434353017529,0.3739670897342855,NA
NTU,1979,recent_2016,100.84982610820882,NA,NA,NA,0.7609869154774896,0.33548366792201795,0,269.67567167438597,0.20648634407559807,55.68434353017529,0.3739670897342855,NA
NTU,1980,recent_2016,100.84982610820882,NA,NA,NA,0.7103302127143958,0.33548366792201795,0,269.67567167438597,0.20648634407559807,55.68434353017529,0.3739670897342855,NA
NTU,1981,recent_2016,100.84982610820882,NA,NA,NA,0.5729386322551904,0.33548366792201795,0,269.67567167438597,0.20648634407559807,55.68434353017529,0.3739670897342855,NA
NTU,1982,recent_2016,100.84982610820882,NA,NA,NA,0.5943519720434376,0.33548366792201795,0,269.67567167438597,0.20648634407559807,55.68434353017529,0.3739670897342855,NA
NTU,1983,recent_2016,100.84982610820882,NA,NA,NA,0.5733616379977109,0.33548366792201795,0,269.67567167438597,0.20648634407559807,55.68434353017529,0.3739670897342855,NA
NTU,1984,recent_2016,100.84982610820882,NA,NA,NA,0.697058686759159,0.33548366792201795,0,269.67567167438597,0.20648634407559807,55.68434353017529,0.3739670897342855,NA
NTU,1985,recent_2016,100.84982610820882,NA,NA,NA,0.6490166387828434,0.33548366792201795,0,269.67567167438597,0.20648634407559807,55.68434353017529,0.3739670897342855,NA
NTU,1986,recent_2016,100.84982610820882,NA,NA,NA,0.57414737242723,0.33548366792201795,0,269.67567167438597,0.20648634407559807,55.68434353017529,0.3739670897342855,NA
NTU,1987,recent_2016,100.84982610820882,NA,NA,NA,0.4556137213454794,0.33548366792201795,0,269.67567167438597,0.20648634407559807,55.68434353017529,0.3739670897342855,NA
NTU,1988,recent_2016,100.84982610820882,NA,NA,NA,0.3549274665913786,0.33548366792201795,0,269.67567167438597,0.20648634407559807,55.68434353017529,0.3739670897342855,NA
NTU,1989,recent_2016,100.84982610820882,NA,NA,NA,0.2769152625176885,0.33548366792201795,0,269.67567167438597,0.20648634407559807,55.68434353017529,0.3739670897342855,NA
NTU,1990,recent_2016,100.84982610820882,NA,NA,NA,NA,0.33548366792201795,0,269.67567167438597,0.20648634407559807,55.68434353017529,0.3739670897342855,NA
NTU,1991,recent_2016,100.84982610820882,NA,NA,NA,0.3122733118460516,0.33548366792201795,0,269.67567167438597,0.20648634407559807,55.68434353017529,0.3739670897342855,NA
NTU,1992,recent_2016,100.84982610820882,NA,NA,NA,NA,0.33548366792201795,0,269.67567167438597,0.20648634407559807,55.68434353017529,0.3739670897342855,NA
NTU,1993,recent_2016,100.84982610820882,NA,NA,NA,NA,0.33548366792201795,0,269.67567167438597,0.20648634407559807,55.68434353017529,0.3739670897342855,NA
NTU,1994,recent_2016,100.84982610820882,NA,NA,NA,NA,0.33548366792201795,0,269.67567167438597,0.20648634407559807,55.68434353017529,0.3739670897342855,NA
NTU,1995,recent_2016,100.84982610820882,NA,NA,NA,NA,0.33548366792201795,0,269.67567167438597,0.20648634407559807,55.68434353017529,0.3739670897342855,NA
NTU,1996,recent_2016,100.84982610820882,NA,NA,NA,NA,0.33548366792201795,0,269.67567167438597,0.20648634407559807,55.68434353017529,0.3739670897342855,NA
NTU,1997,recent_2016,100.84982610820882,NA,NA,NA,NA,0.33548366792201795,0,269.67567167438597,0.20648634407559807,55.68434353017529,0.3739670897342855,NA
NTU,1998,recent_2016,100.84982610820882,NA,NA,NA,NA,0.33548366792201795,0,269.67567167438597,0.20648634407559807,55.68434353017529,0.3739670897342855,NA
NTU,1999,recent_2016,100.84982610820882,NA,NA,NA,NA,0.33548366792201795,0,269.67567167438597,0.20648634407559807,55.68434353017529,0.3739670897342855,NA
NTU,2000,recent_2016,100.84982610820882,NA,NA,NA,NA,0.33548366792201795,0,269.67567167438597,0.20648634407559807,55.68434353017529,0.3739670897342855,NA
NTU,2001,recent_2016,100.84982610820882,NA,NA,NA,NA,0.33548366792201795,0,269.67567167438597,0.20648634407559807,55.68434353017529,0.3739670897342855,NA
NTU,2002,recent_2016,100.84982610820882,NA,NA,NA,NA,0.33548366792201795,0,269.67567167438597,0.20648634407559807,55.68434353017529,0.3739670897342855,NA
NTU,2003,recent_2016,100.84982610820882,NA,NA,NA,0.3968874458874457,0.33548366792201795,0,269.67567167438597,0.20648634407559807,55.68434353017529,0.3739670897342855,NA
NTU,2004,recent_2016,100.84982610820882,NA,NA,NA,0.37725296442687734,0.33548366792201795,0,269.67567167438597,0.20648634407559807,55.68434353017529,0.3739670897342855,NA
NTU,2005,recent_2016,100.84982610820882,NA,NA,NA,0.2851290322580644,0.33548366792201795,0,269.67567167438597,0.20648634407559807,55.68434353017529,0.3739670897342855,NA
NTU,2006,recent_2016,100.84982610820882,NA,NA,NA,0.19346443514644343,0.33548366792201795,0,269.67567167438597,0.20648634407559807,55.68434353017529,0.3739670897342855,NA
NTU,2007,recent_2016,100.84982610820882,NA,NA,NA,0.41572093023255796,0.33548366792201795,0,269.67567167438597,0.20648634407559807,55.68434353017529,0.3739670897342855,NA
NTU,2008,recent_2016,100.84982610820882,NA,NA,NA,0.3748346774193546,0.33548366792201795,0,269.67567167438597,0.20648634407559807,55.68434353017529,0.3739670897342855,NA
NTU,2009,recent_2016,100.84982610820882,NA,NA,NA,0.2532024793388429,0.33548366792201795,0,269.67567167438597,0.20648634407559807,55.68434353017529,0.3739670897342855,NA
NTU,2010,recent_2016,100.84982610820882,NA,NA,NA,0.3257202375269699,0.33548366792201795,0,269.67567167438597,0.20648634407559807,55.68434353017529,0.3739670897342855,NA
NTU,2011,recent_2016,100.84982610820882,NA,NA,NA,0.1701867797868954,0.33548366792201795,0,269.67567167438597,0.20648634407559807,55.68434353017529,0.3739670897342855,NA
NTU,2012,recent_2016,100.84982610820882,NA,NA,NA,0.2339093444661894,0.33548366792201795,0,269.67567167438597,0.20648634407559807,55.68434353017529,0.3739670897342855,NA
NTU,2013,recent_2016,100.84982610820882,NA,NA,NA,0.4820664596629084,0.33548366792201795,0,269.67567167438597,0.20648634407559807,55.68434353017529,0.3739670897342855,NA
NTU,2014,recent_2016,100.84982610820882,NA,NA,NA,0.23426333990365156,0.33548366792201795,0,269.67567167438597,0.20648634407559807,55.68434353017529,0.3739670897342855,NA
NTU,2015,recent_2016,100.84982610820882,NA,NA,NA,0.23257557306410256,0.33548366792201795,0,269.67567167438597,0.20648634407559807,55.68434353017529,0.3739670897342855,NA
NTU,2016,recent_2016,100.84982610820882,0.3900696872771521,25.457488618961566,32.57351620553869,0.19938404751760563,0.33548366792201795,1,269.67567167438597,0.20648634407559807,55.68434353017529,0.3739670897342855,1.8890822491115495
NTU,2017,recent_2016,100.79343690066615,0.3025279647457655,28.925559414274268,26.312346081563103,0.5005212978763105,0.33529608546493633,1,269.67567167438597,0.20648634407559807,55.68434353017529,0.3737579896430813,1.465123352830563
NTU,2018,recent_2016,104.69966115673705,0.3233936790489951,24.08223191981668,28.92967884487634,0.515669359008297,0.3482904007922283,1,269.67567167438597,0.20648634407559807,55.68434353017529,0.38824288637780563,1.56617465671529
NTU,2019,recent_2016,106.25568475576209,0.3658459572300288,25.68713864150381,32.55571766038802,0.347744517636968,0.35346661699922527,1,269.67567167438597,0.20648634407559807,55.68434353017529,0.3940128677386153,1.7717682923190625
NTU,2020,recent_2016,104.33109391841231,0.34249001385898215,22.878071378802844,30.25599537759705,0.3415946700420802,0.3470643373099135,1,269.67567167438597,0.20648634407559807,55.68434353017529,0.38687618082355096,1.6586569702332996
NTU,2021,recent_2016,105.17740221625073,0.3335548583757042,30.29602260148667,29.83119328441244,0.4298561958845016,0.34987963826687324,1,269.67567167438597,0.20648634407559807,55.68434353017529,0.390014425710766,1.6153845905353637
NTU,2022,recent_2016,105.59400133354487,0.3722329685490253,29.875072796914882,32.81928472425672,0.262905487759869,0.351265482995777,1,269.67567167438597,0.20648634407559807,55.68434353017529,0.39155924106139633,1.8027001747522087
NTU,2023,recent_2016,103.00985014867462,0.461333393263347,32.53016871732772,38.06806711650615,0.31066452314777493,0.3426691318524929,1,269.67567167438597,0.20648634407559807,55.68434353017529,0.3819768001655397,2.2342077648217025
SAR,1971,recent_2016,258.2316254748699,NA,NA,NA,NA,1.0081536441506556,0,166.35137464127965,0.9797175400187736,162.97735954229586,1.5523263696000165,NA
SAR,1972,recent_2016,258.2316254748699,NA,NA,NA,2.401529112001412,1.0081536441506556,0,166.35137464127965,0.9797175400187736,162.97735954229586,1.5523263696000165,NA
SAR,1973,recent_2016,258.2316254748699,NA,NA,NA,1.9757878753528055,1.0081536441506556,0,166.35137464127965,0.9797175400187736,162.97735954229586,1.5523263696000165,NA
SAR,1974,recent_2016,258.2316254748699,NA,NA,NA,2.1947405113435177,1.0081536441506556,0,166.35137464127965,0.9797175400187736,162.97735954229586,1.5523263696000165,NA
SAR,1975,recent_2016,258.2316254748699,NA,NA,NA,1.78230368834018,1.0081536441506556,0,166.35137464127965,0.9797175400187736,162.97735954229586,1.5523263696000165,NA
SAR,1976,recent_2016,258.2316254748699,NA,NA,NA,2.177254710552593,1.0081536441506556,0,166.35137464127965,0.9797175400187736,162.97735954229586,1.5523263696000165,NA
SAR,1977,recent_2016,258.2316254748699,NA,NA,NA,1.7994093630269543,1.0081536441506556,0,166.35137464127965,0.9797175400187736,162.97735954229586,1.5523263696000165,NA
SAR,1978,recent_2016,258.2316254748699,NA,NA,NA,1.9845307757482682,1.0081536441506556,0,166.35137464127965,0.9797175400187736,162.97735954229586,1.5523263696000165,NA
SAR,1979,recent_2016,258.2316254748699,NA,NA,NA,1.9643840922282896,1.0081536441506556,0,166.35137464127965,0.9797175400187736,162.97735954229586,1.5523263696000165,NA
SAR,1980,recent_2016,258.2316254748699,NA,NA,NA,1.833620712400503,1.0081536441506556,0,166.35137464127965,0.9797175400187736,162.97735954229586,1.5523263696000165,NA
SAR,1981,recent_2016,258.2316254748699,NA,NA,NA,1.478963057228048,1.0081536441506556,0,166.35137464127965,0.9797175400187736,162.97735954229586,1.5523263696000165,NA
SAR,1982,recent_2016,258.2316254748699,NA,NA,NA,1.5342386778543475,1.0081536441506556,0,166.35137464127965,0.9797175400187736,162.97735954229586,1.5523263696000165,NA
SAR,1983,recent_2016,258.2316254748699,NA,NA,NA,1.4800549889480654,1.0081536441506556,0,166.35137464127965,0.9797175400187736,162.97735954229586,1.5523263696000165,NA
SAR,1984,recent_2016,258.2316254748699,NA,NA,NA,1.799362075443909,1.0081536441506556,0,166.35137464127965,0.9797175400187736,162.97735954229586,1.5523263696000165,NA
SAR,1985,recent_2016,258.2316254748699,NA,NA,NA,1.6753480708883541,1.0081536441506556,0,166.35137464127965,0.9797175400187736,162.97735954229586,1.5523263696000165,NA
SAR,1986,recent_2016,258.2316254748699,NA,NA,NA,1.482083255377712,1.0081536441506556,0,166.35137464127965,0.9797175400187736,162.97735954229586,1.5523263696000165,NA
SAR,1987,recent_2016,258.2316254748699,NA,NA,NA,1.17610477684812,1.0081536441506556,0,166.35137464127965,0.9797175400187736,162.97735954229586,1.5523263696000165,NA
SAR,1988,recent_2016,258.2316254748699,NA,NA,NA,0.9161969215062222,1.0081536441506556,0,166.35137464127965,0.9797175400187736,162.97735954229586,1.5523263696000165,NA
SAR,1989,recent_2016,258.2316254748699,NA,NA,NA,0.7148190402769926,1.0081536441506556,0,166.35137464127965,0.9797175400187736,162.97735954229586,1.5523263696000165,NA
SAR,1990,recent_2016,258.2316254748699,NA,NA,NA,NA,1.0081536441506556,0,166.35137464127965,0.9797175400187736,162.97735954229586,1.5523263696000165,NA
SAR,1991,recent_2016,258.2316254748699,NA,NA,NA,0.8060910296111039,1.0081536441506556,0,166.35137464127965,0.9797175400187736,162.97735954229586,1.5523263696000165,NA
SAR,1992,recent_2016,258.2316254748699,NA,NA,NA,NA,1.0081536441506556,0,166.35137464127965,0.9797175400187736,162.97735954229586,1.5523263696000165,NA
SAR,1993,recent_2016,258.2316254748699,NA,NA,NA,NA,1.0081536441506556,0,166.35137464127965,0.9797175400187736,162.97735954229586,1.5523263696000165,NA
SAR,1994,recent_2016,258.2316254748699,NA,NA,NA,NA,1.0081536441506556,0,166.35137464127965,0.9797175400187736,162.97735954229586,1.5523263696000165,NA
SAR,1995,recent_2016,258.2316254748699,NA,NA,NA,NA,1.0081536441506556,0,166.35137464127965,0.9797175400187736,162.97735954229586,1.5523263696000165,NA
SAR,1996,recent_2016,258.2316254748699,NA,NA,NA,NA,1.0081536441506556,0,166.35137464127965,0.9797175400187736,162.97735954229586,1.5523263696000165,NA
SAR,1997,recent_2016,258.2316254748699,NA,NA,NA,NA,1.0081536441506556,0,166.35137464127965,0.9797175400187736,162.97735954229586,1.5523263696000165,NA
SAR,1998,recent_2016,258.2316254748699,NA,NA,NA,NA,1.0081536441506556,0,166.35137464127965,0.9797175400187736,162.97735954229586,1.5523263696000165,NA
SAR,1999,recent_2016,258.2316254748699,NA,NA,NA,NA,1.0081536441506556,0,166.35137464127965,0.9797175400187736,162.97735954229586,1.5523263696000165,NA
SAR,2000,recent_2016,258.2316254748699,NA,NA,NA,NA,1.0081536441506556,0,166.35137464127965,0.9797175400187736,162.97735954229586,1.5523263696000165,NA
SAR,2001,recent_2016,258.2316254748699,NA,NA,NA,NA,1.0081536441506556,0,166.35137464127965,0.9797175400187736,162.97735954229586,1.5523263696000165,NA
SAR,2002,recent_2016,258.2316254748699,NA,NA,NA,NA,1.0081536441506556,0,166.35137464127965,0.9797175400187736,162.97735954229586,1.5523263696000165,NA
SAR,2003,recent_2016,258.2316254748699,NA,NA,NA,0.46843722943722943,1.0081536441506556,0,166.35137464127965,0.9797175400187736,162.97735954229586,1.5523263696000165,NA
SAR,2004,recent_2016,258.2316254748699,NA,NA,NA,0.6455849802371542,1.0081536441506556,0,166.35137464127965,0.9797175400187736,162.97735954229586,1.5523263696000165,NA
SAR,2005,recent_2016,258.2316254748699,NA,NA,NA,0.4824959677419353,1.0081536441506556,0,166.35137464127965,0.9797175400187736,162.97735954229586,1.5523263696000165,NA
SAR,2006,recent_2016,258.2316254748699,NA,NA,NA,0.4339037656903765,1.0081536441506556,0,166.35137464127965,0.9797175400187736,162.97735954229586,1.5523263696000165,NA
SAR,2007,recent_2016,258.2316254748699,NA,NA,NA,0.4710279069767441,1.0081536441506556,0,166.35137464127965,0.9797175400187736,162.97735954229586,1.5523263696000165,NA
SAR,2008,recent_2016,258.2316254748699,NA,NA,NA,0.7211129032258063,1.0081536441506556,0,166.35137464127965,0.9797175400187736,162.97735954229586,1.5523263696000165,NA
SAR,2009,recent_2016,258.2316254748699,NA,NA,NA,0.570784297520661,1.0081536441506556,0,166.35137464127965,0.9797175400187736,162.97735954229586,1.5523263696000165,NA
SAR,2010,recent_2016,258.2316254748699,NA,NA,NA,0.5156506024096383,1.0081536441506556,0,166.35137464127965,0.9797175400187736,162.97735954229586,1.5523263696000165,NA
SAR,2011,recent_2016,258.2316254748699,NA,NA,NA,0.8944797573037847,1.0081536441506556,0,166.35137464127965,0.9797175400187736,162.97735954229586,1.5523263696000165,NA
SAR,2012,recent_2016,258.2316254748699,NA,NA,NA,0.8138371018072605,1.0081536441506556,0,166.35137464127965,0.9797175400187736,162.97735954229586,1.5523263696000165,NA
SAR,2013,recent_2016,258.2316254748699,NA,NA,NA,0.7238373368960961,1.0081536441506556,0,166.35137464127965,0.9797175400187736,162.97735954229586,1.5523263696000165,NA
SAR,2014,recent_2016,258.2316254748699,NA,NA,NA,0.7653203032683538,1.0081536441506556,0,166.35137464127965,0.9797175400187736,162.97735954229586,1.5523263696000165,NA
SAR,2015,recent_2016,258.2316254748699,NA,NA,NA,1.133882127504273,1.0081536441506556,0,166.35137464127965,0.9797175400187736,162.97735954229586,1.5523263696000165,NA
SAR,2016,recent_2016,258.2316254748699,0.2515442039465787,33.56407067311925,57.43095007094055,1.0930731531190845,1.0081536441506556,1,166.35137464127965,0.9797175400187736,162.97735954229586,1.5523263696000165,0.25675176126963956
SAR,2017,recent_2016,309.7228292110346,0.2076928996682179,31.685998510190046,58.08650216047061,1.4374682284505669,1.2091787687567432,1,166.35137464127965,0.9797175400187736,162.97735954229586,1.8618591513230436,0.21199263173775376
SAR,2018,recent_2016,284.13434683173267,0.19800463002103985,28.740393168864134,51.04017368313718,0.9698245108921388,1.1092796115116188,1,166.35137464127965,0.9797175400187736,162.97735954229586,1.7080372641611192,0.20210379209628687
SAR,2019,recent_2016,305.4339967359759,0.19733179700226877,32.816347895532694,54.697666886684054,1.2096015716470407,1.1924348781471754,1,166.35137464127965,0.9797175400187736,162.97735954229586,1.8360773837584101,0.20141702984973348
SAR,2020,recent_2016,286.5422763020848,0.16359919120186905,26.090644976362768,43.244308933161285,1.2850291712991129,1.118680330211078,1,166.35137464127965,0.9797175400187736,162.97735954229586,1.7225122240196993,0.16698607968040882
SAR,2021,recent_2016,313.1149148225336,0.1462947204084486,14.67966220269432,42.613983090458134,1.7757065090593287,1.222421699262312,1,166.35137464127965,0.9797175400187736,162.97735954229586,1.882250239877699,0.14932336559539933
SAR,2022,recent_2016,296.95052232809826,0.1434056558208079,23.51467460915248,39.67183660705548,0.9396314451618436,1.159314823143715,1,166.35137464127965,0.9797175400187736,162.97735954229586,1.7850800630198747,0.14637449056802626
SAR,2023,recent_2016,305.922841964343,0.1544212132167635,26.084706363123072,43.77419269409509,0.7877984966191535,1.194343362816695,1,166.35137464127965,0.9797175400187736,162.97735954229586,1.8390160142892444,0.1576180959399833
SCP,1971,recent_2016,208.217244138604,NA,NA,NA,4.865921294493222,1.1326382475732866,0,138.37114676600865,1.1281130794528174,156.09830048561977,1.504773567358721,NA
SCP,1972,recent_2016,208.217244138604,NA,NA,NA,4.6327342861918055,1.1326382475732866,0,138.37114676600865,1.1281130794528174,156.09830048561977,1.504773567358721,NA
SCP,1973,recent_2016,208.217244138604,NA,NA,NA,3.8114467097843043,1.1326382475732866,0,138.37114676600865,1.1281130794528174,156.09830048561977,1.504773567358721,NA
SCP,1974,recent_2016,208.217244138604,NA,NA,NA,4.233823177651019,1.1326382475732866,0,138.37114676600865,1.1281130794528174,156.09830048561977,1.504773567358721,NA
SCP,1975,recent_2016,208.217244138604,NA,NA,NA,3.438200838006252,1.1326382475732866,0,138.37114676600865,1.1281130794528174,156.09830048561977,1.504773567358721,NA
SCP,1976,recent_2016,208.217244138604,NA,NA,NA,4.200091723619997,1.1326382475732866,0,138.37114676600865,1.1281130794528174,156.09830048561977,1.504773567358721,NA
SCP,1977,recent_2016,208.217244138604,NA,NA,NA,3.471198999558339,1.1326382475732866,0,138.37114676600865,1.1281130794528174,156.09830048561977,1.504773567358721,NA
SCP,1978,recent_2016,208.217244138604,NA,NA,NA,3.8283124367998154,1.1326382475732866,0,138.37114676600865,1.1281130794528174,156.09830048561977,1.504773567358721,NA
SCP,1979,recent_2016,208.217244138604,NA,NA,NA,3.7894479354162462,1.1326382475732866,0,138.37114676600865,1.1281130794528174,156.09830048561977,1.504773567358721,NA
SCP,1980,recent_2016,208.217244138604,NA,NA,NA,3.5371953226625137,1.1326382475732866,0,138.37114676600865,1.1281130794528174,156.09830048561977,1.504773567358721,NA
SCP,1981,recent_2016,208.217244138604,NA,NA,NA,2.853033439815907,1.1326382475732866,0,138.37114676600865,1.1281130794528174,156.09830048561977,1.504773567358721,NA
SCP,1982,recent_2016,208.217244138604,NA,NA,NA,2.9596643615841542,1.1326382475732866,0,138.37114676600865,1.1281130794528174,156.09830048561977,1.504773567358721,NA
SCP,1983,recent_2016,208.217244138604,NA,NA,NA,2.8551398600513425,1.1326382475732866,0,138.37114676600865,1.1281130794528174,156.09830048561977,1.504773567358721,NA
SCP,1984,recent_2016,208.217244138604,NA,NA,NA,3.4711077781751842,1.1326382475732866,0,138.37114676600865,1.1281130794528174,156.09830048561977,1.504773567358721,NA
SCP,1985,recent_2016,208.217244138604,NA,NA,NA,3.231875229212385,1.1326382475732866,0,138.37114676600865,1.1281130794528174,156.09830048561977,1.504773567358721,NA
SCP,1986,recent_2016,208.217244138604,NA,NA,NA,2.8590525419269026,1.1326382475732866,0,138.37114676600865,1.1281130794528174,156.09830048561977,1.504773567358721,NA
SCP,1987,recent_2016,208.217244138604,NA,NA,NA,2.2687965332710256,1.1326382475732866,0,138.37114676600865,1.1281130794528174,156.09830048561977,1.504773567358721,NA
SCP,1988,recent_2016,208.217244138604,NA,NA,NA,1.7674142986457215,1.1326382475732866,0,138.37114676600865,1.1281130794528174,156.09830048561977,1.504773567358721,NA
SCP,1989,recent_2016,208.217244138604,NA,NA,NA,1.3789408838579995,1.1326382475732866,0,138.37114676600865,1.1281130794528174,156.09830048561977,1.504773567358721,NA
SCP,1990,recent_2016,208.217244138604,NA,NA,NA,NA,1.1326382475732866,0,138.37114676600865,1.1281130794528174,156.09830048561977,1.504773567358721,NA
SCP,1991,recent_2016,208.217244138604,NA,NA,NA,1.55501156825819,1.1326382475732866,0,138.37114676600865,1.1281130794528174,156.09830048561977,1.504773567358721,NA
SCP,1992,recent_2016,208.217244138604,NA,NA,NA,NA,1.1326382475732866,0,138.37114676600865,1.1281130794528174,156.09830048561977,1.504773567358721,NA
SCP,1993,recent_2016,208.217244138604,NA,NA,NA,NA,1.1326382475732866,0,138.37114676600865,1.1281130794528174,156.09830048561977,1.504773567358721,NA
SCP,1994,recent_2016,208.217244138604,NA,NA,NA,NA,1.1326382475732866,0,138.37114676600865,1.1281130794528174,156.09830048561977,1.504773567358721,NA
SCP,1995,recent_2016,208.217244138604,NA,NA,NA,NA,1.1326382475732866,0,138.37114676600865,1.1281130794528174,156.09830048561977,1.504773567358721,NA
SCP,1996,recent_2016,208.217244138604,NA,NA,NA,NA,1.1326382475732866,0,138.37114676600865,1.1281130794528174,156.09830048561977,1.504773567358721,NA
SCP,1997,recent_2016,208.217244138604,NA,NA,NA,NA,1.1326382475732866,0,138.37114676600865,1.1281130794528174,156.09830048561977,1.504773567358721,NA
SCP,1998,recent_2016,208.217244138604,NA,NA,NA,NA,1.1326382475732866,0,138.37114676600865,1.1281130794528174,156.09830048561977,1.504773567358721,NA
SCP,1999,recent_2016,208.217244138604,NA,NA,NA,NA,1.1326382475732866,0,138.37114676600865,1.1281130794528174,156.09830048561977,1.504773567358721,NA
SCP,2000,recent_2016,208.217244138604,NA,NA,NA,NA,1.1326382475732866,0,138.37114676600865,1.1281130794528174,156.09830048561977,1.504773567358721,NA
SCP,2001,recent_2016,208.217244138604,NA,NA,NA,NA,1.1326382475732866,0,138.37114676600865,1.1281130794528174,156.09830048561977,1.504773567358721,NA
SCP,2002,recent_2016,208.217244138604,NA,NA,NA,NA,1.1326382475732866,0,138.37114676600865,1.1281130794528174,156.09830048561977,1.504773567358721,NA
SCP,2003,recent_2016,208.217244138604,NA,NA,NA,1.085307359307359,1.1326382475732866,0,138.37114676600865,1.1281130794528174,156.09830048561977,1.504773567358721,NA
SCP,2004,recent_2016,208.217244138604,NA,NA,NA,2.5774071146245054,1.1326382475732866,0,138.37114676600865,1.1281130794528174,156.09830048561977,1.504773567358721,NA
SCP,2005,recent_2016,208.217244138604,NA,NA,NA,1.75216129032258,1.1326382475732866,0,138.37114676600865,1.1281130794528174,156.09830048561977,1.504773567358721,NA
SCP,2006,recent_2016,208.217244138604,NA,NA,NA,1.7344225941422589,1.1326382475732866,0,138.37114676600865,1.1281130794528174,156.09830048561977,1.504773567358721,NA
SCP,2007,recent_2016,208.217244138604,NA,NA,NA,1.138623255813953,1.1326382475732866,0,138.37114676600865,1.1281130794528174,156.09830048561977,1.504773567358721,NA
SCP,2008,recent_2016,208.217244138604,NA,NA,NA,1.625983870967741,1.1326382475732866,0,138.37114676600865,1.1281130794528174,156.09830048561977,1.504773567358721,NA
SCP,2009,recent_2016,208.217244138604,NA,NA,NA,1.431698512396694,1.1326382475732866,0,138.37114676600865,1.1281130794528174,156.09830048561977,1.504773567358721,NA
SCP,2010,recent_2016,208.217244138604,NA,NA,NA,1.3683585781004493,1.1326382475732866,0,138.37114676600865,1.1281130794528174,156.09830048561977,1.504773567358721,NA
SCP,2011,recent_2016,208.217244138604,NA,NA,NA,2.0679004632803353,1.1326382475732866,0,138.37114676600865,1.1281130794528174,156.09830048561977,1.504773567358721,NA
SCP,2012,recent_2016,208.217244138604,NA,NA,NA,1.8263510605983355,1.1326382475732866,0,138.37114676600865,1.1281130794528174,156.09830048561977,1.504773567358721,NA
SCP,2013,recent_2016,208.217244138604,NA,NA,NA,1.865489591411553,1.1326382475732866,0,138.37114676600865,1.1281130794528174,156.09830048561977,1.504773567358721,NA
SCP,2014,recent_2016,208.217244138604,NA,NA,NA,1.946835128150035,1.1326382475732866,0,138.37114676600865,1.1281130794528174,156.09830048561977,1.504773567358721,NA
SCP,2015,recent_2016,208.217244138604,NA,NA,NA,1.6336057506538455,1.1326382475732866,0,138.37114676600865,1.1281130794528174,156.09830048561977,1.504773567358721,NA
SCP,2016,recent_2016,208.217244138604,0.1763044543993919,20.39646751342989,33.65567289231815,1.394336493954225,1.1326382475732866,1,138.37114676600865,1.1281130794528174,156.09830048561977,1.504773567358721,0.1562826081982021
SCP,2017,recent_2016,287.82870659099257,0.12234042058585182,28.212878880340085,33.14431111347385,1.7570958168813386,1.5657003010638986,1,138.37114676600865,1.1281130794528174,156.09830048561977,2.0801208439626713,0.10844694810664912
SCP,2018,recent_2016,227.08346634696926,0.11767612822680462,29.26616706975875,25.20991563173858,1.2441045134099813,1.2352647372706846,1,138.37114676600865,1.1281130794528174,156.09830048561977,1.6411186266380868,0.10431235163400687
SCP,2019,recent_2016,289.1214940083855,0.11610299379903477,28.251150059496094,31.6924820282368,1.956019998839481,1.5727326699773303,1,138.37114676600865,1.1281130794528174,156.09830048561977,2.089463741290675,0.10291786870811713
SCP,2020,recent_2016,227.12335000993326,0.09856173953890135,22.289406042882597,21.317855267190573,0.951875864518764,1.2354816922222944,1,138.37114676600865,1.1281130794528174,156.09830048561977,1.641406863484396,0.08736867015734626
SCP,2021,recent_2016,292.89616651200976,0.08408986365645532,23.4155790200061,23.622475235919467,1.439682798305725,1.5932657361378932,1,138.37114676600865,1.1281130794528174,156.09830048561977,2.1167430736648396,0.07454027897384406
SCP,2022,recent_2016,228.97561218630688,0.08216473043923678,12.974843678060811,18.061548281752337,1.3023615838579825,1.245557433038927,1,138.37114676600865,1.1281130794528174,156.09830048561977,1.6547930514264952,0.07283377166328943
SCP,2023,recent_2016,296.3286914970989,0.08911933922536086,16.92498135950343,25.26605009352807,1.2720672101834425,1.6119376242418142,1,138.37114676600865,1.1281130794528174,156.09830048561977,2.1415497263905965,0.07899858697550738
ANC,1971,per_species,112.93503026159496,NA,NA,NA,NA,4.927722091714521,0,199.88383792772663,0.7240431553443253,144.7245247155249,0.5650033110852597,NA
ANC,1972,per_species,112.93503026159496,NA,NA,NA,16.17089495242375,4.927722091714521,0,199.88383792772663,0.7240431553443253,144.7245247155249,0.5650033110852597,NA
ANC,1973,per_species,112.93503026159496,NA,NA,NA,13.304131114186527,4.927722091714521,0,199.88383792772663,0.7240431553443253,144.7245247155249,0.5650033110852597,NA
ANC,1974,per_species,112.93503026159496,NA,NA,NA,14.778466802422818,4.927722091714521,0,199.88383792772663,0.7240431553443253,144.7245247155249,0.5650033110852597,NA
ANC,1975,per_species,112.93503026159496,NA,NA,NA,12.001289334130506,4.927722091714521,0,199.88383792772663,0.7240431553443253,144.7245247155249,0.5650033110852597,NA
ANC,1976,per_species,112.93503026159496,NA,NA,NA,14.660724716209504,4.927722091714521,0,199.88383792772663,0.7240431553443253,144.7245247155249,0.5650033110852597,NA
ANC,1977,per_species,112.93503026159496,NA,NA,NA,12.116471809773966,4.927722091714521,0,199.88383792772663,0.7240431553443253,144.7245247155249,0.5650033110852597,NA
ANC,1978,per_species,112.93503026159496,NA,NA,NA,13.363002157293185,4.927722091714521,0,199.88383792772663,0.7240431553443253,144.7245247155249,0.5650033110852597,NA
ANC,1979,per_species,112.93503026159496,NA,NA,NA,13.22734279709089,4.927722091714521,0,199.88383792772663,0.7240431553443253,144.7245247155249,0.5650033110852597,NA
ANC,1980,per_species,112.93503026159496,NA,NA,NA,12.346836761060883,4.927722091714521,0,199.88383792772663,0.7240431553443253,144.7245247155249,0.5650033110852597,NA
ANC,1981,per_species,112.93503026159496,NA,NA,NA,9.958720099386484,4.927722091714521,0,199.88383792772663,0.7240431553443253,144.7245247155249,0.5650033110852597,NA
ANC,1982,per_species,112.93503026159496,NA,NA,NA,10.330923063785692,4.927722091714521,0,199.88383792772663,0.7240431553443253,144.7245247155249,0.5650033110852597,NA
ANC,1983,per_species,112.93503026159496,NA,NA,NA,9.966072711957942,4.927722091714521,0,199.88383792772663,0.7240431553443253,144.7245247155249,0.5650033110852597,NA
ANC,1984,per_species,112.93503026159496,NA,NA,NA,12.11615339492146,4.927722091714521,0,199.88383792772663,0.7240431553443253,144.7245247155249,0.5650033110852597,NA
ANC,1985,per_species,112.93503026159496,NA,NA,NA,11.281094835657951,4.927722091714521,0,199.88383792772663,0.7240431553443253,144.7245247155249,0.5650033110852597,NA
ANC,1986,per_species,112.93503026159496,NA,NA,NA,9.97973021175898,4.927722091714521,0,199.88383792772663,0.7240431553443253,144.7245247155249,0.5650033110852597,NA
ANC,1987,per_species,112.93503026159496,NA,NA,NA,7.919398813202289,4.927722091714521,0,199.88383792772663,0.7240431553443253,144.7245247155249,0.5650033110852597,NA
ANC,1988,per_species,112.93503026159496,4.999999999999995,31.330533498919095,112.17408001334222,6.169287767269189,4.927722091714521,1,199.88383792772663,0.7240431553443253,144.7245247155249,0.5650033110852597,6.905665723229162
ANC,1989,per_species,102.13867411998221,5,51.11905361535937,101.45046914719912,4.813293144166062,4.456642015445796,1,199.88383792772663,0.7240431553443253,144.7245247155249,0.5109901589788024,6.90566572322917
ANC,1990,per_species,102.05985674415183,5,67.61565188634248,101.37218283867084,NA,4.453202957403391,1,199.88383792772663,0.7240431553443253,144.7245247155249,0.5105958430768891,6.90566572322917
ANC,1991,per_species,103.42950555482467,5,62.368126541440986,102.73260302824791,5.427880635212803,4.51296518252176,1,199.88383792772663,0.7240431553443253,144.7245247155249,0.5174480669728905,6.90566572322917
ANC,1992,per_species,104.6171276802021,4.934420563134871,68.96563856645137,103.86444630431976,NA,4.564784992285617,1,199.88383792772663,0.7240431553443253,144.7245247155249,0.523389628520287,6.815091789367531
ANC,1993,per_species,107.75860502830447,4.998856733956524,64.88080634634042,107.031702691022,NA,4.7018578499543775,1,199.88383792772663,0.7240431553443253,144.7245247155249,0.5391061435755876,6.9040867206033765
ANC,1994,per_species,102.92204557679412,4.999999920706578,64.73673792767353,102.2285622336587,NA,4.490823055861768,1,199.88383792772663,0.7240431553443253,144.7245247155249,0.5149092925362397,6.905665613714397
ANC,1995,per_species,104.74144802748967,5,64.59266950900663,104.03570570206756,NA,4.570209492729451,1,199.88383792772663,0.7240431553443253,144.7245247155249,0.5240115914992675,6.90566572322917
ANC,1996,per_species,104.6526754648787,5,63.818085506410654,103.94753128427837,NA,4.566336057561436,1,199.88383792772663,0.7240431553443253,144.7245247155249,0.5235674707362717,6.90566572322917
ANC,1997,per_species,103.05756849668965,5,61.82937078212391,102.36317206229887,NA,4.496736360925361,1,199.88383792772663,0.7240431553443253,144.7245247155249,0.5155873009300176,6.90566572322917
ANC,1998,per_species,103.36521528121898,5,63.06973321247833,102.66874593909712,NA,4.510159989121665,1,199.88383792772663,0.7240431553443253,144.7245247155249,0.5171264287940751,6.90566572322917
ANC,1999,per_species,104.49438584679034,4.999999923823961,55.1026958467612,103.7903081596058,NA,4.559429367527916,1,199.88383792772663,0.7240431553443253,144.7245247155249,0.5227755626974357,6.905665618019918
ANC,2000,per_species,104.76596604740048,4.999998089977381,63.37414120640574,104.06005717255022,NA,4.571279293552808,1,199.88383792772663,0.7240431553443253,144.7245247155249,0.5241342528418002,6.905663085233623
ANC,2001,per_species,107.24158641844569,4.994377136972306,62.41354276264312,106.51492383466157,NA,4.679298649149036,1,199.88383792772663,0.7240431553443253,144.7245247155249,0.5365195482049018,6.897899800733817
ANC,2002,per_species,106.06451568575892,4.9996542744866295,63.938540378594126,105.34961148266514,NA,4.6279392309106395,1,199.88383792772663,0.7240431553443253,144.7245247155249,0.5306307742805568,6.905188230263704
ANC,2003,per_species,105.10958410997111,4.9999997366318585,68.76404994379534,104.4013611166053,4.619813852813851,4.586272465415598,1,199.88383792772663,0.7240431553443253,144.7245247155249,0.5258533416192274,6.9056653594827
ANC,2004,per_species,105.61464632688066,4.947989471847624,73.15983914756418,104.86502898530699,3.8892924901185717,4.608309969971895,1,199.88383792772663,0.7240431553443253,144.7245247155249,0.528380120283004,6.833832258927387
ANC,2005,per_species,104.64525339398881,4.987691697834984,68.23977117862994,103.93142708210831,3.284314516129031,4.566012208507643,1,199.88383792772663,0.7240431553443253,144.7245247155249,0.5235303388152178,6.88866631915475
ANC,2006,per_species,99.66083736415192,4.767227035832214,64.19268061449048,98.81332872050078,3.0604728033472792,4.348525951784375,1,199.88383792772663,0.7240431553443253,144.7245247155249,0.4985937752515387,6.584175267239583
ANC,2007,per_species,94.82933735124224,3.8826360294278945,59.621474622085394,92.87618863282,3.4611488372093016,4.137711917426867,1,199.88383792772663,0.7240431553443253,144.7245247155249,0.4744222361066048,5.362437308838962
ANC,2008,per_species,90.59999529592442,3.5801418034144303,56.565906237163844,88.07481526964324,4.5688346774193525,3.9531719900798583,1,199.88383792772663,0.7240431553443253,144.7245247155249,0.4532632364637869,4.944652507227779
ANC,2009,per_species,79.70934758275929,3.2129768882436323,53.09391784059054,76.50211008094847,6.26608909090909,3.4779776663617388,1,199.88383792772663,0.7240431553443253,144.7245247155249,0.39877835251282473,4.437548873334314
ANC,2010,per_species,75.52385472122856,2.8473658908619743,52.84723436079631,71.14370602787,4.443626735838689,3.295351021726286,1,199.88383792772663,0.7240431553443253,144.7245247155249,0.37783872625327636,3.932591406803485
ANC,2011,per_species,76.86856134184748,2.596328185061051,51.972583177497384,71.13825620014488,2.6398291142673544,3.3540249381005927,1,199.88383792772663,0.7240431553443253,144.7245247155249,0.3845661667235015,3.58587491076598
ANC,2012,per_species,74.49980828670896,1.5992758495122796,50.028439350712915,59.447660327705165,1.6210895000512866,3.250668550515759,1,199.88383792772663,0.7240431553443253,144.7245247155249,0.37271551846851353,2.208812883193032
ANC,2013,per_species,89.15659391041906,1.2543991814219515,43.84106398183823,63.72492704791077,5.25953372129402,3.8901917006329905,1,199.88383792772663,0.7240431553443253,144.7245247155249,0.44604203538785375,1.7324922860784597
ANC,2014,per_species,114.30895078840645,1.2752093967237812,50.57546824559215,82.37417773018798,3.881145234022571,4.987670705679088,1,199.88383792772663,0.7240431553443253,144.7245247155249,0.5718769059744486,1.7612339641790327
ANC,2015,per_species,135.52263423046423,1.0378634646077392,37.182032126405744,87.51907282728821,2.93538333759829,5.913292599098062,1,199.88383792772663,0.7240431553443253,144.7245247155249,0.6780069646224528,1.4334276305867069
ANC,2016,per_species,156.04331872871361,1.877120492214169,50.53532015830343,132.16399041291666,6.891503458917371,6.808676698300048,1,199.88383792772663,0.7240431553443253,144.7245247155249,0.780670014877017,2.592553328290891
ANC,2017,per_species,153.37556620663457,1.3123936691228941,48.25413214736653,112.09070295542192,13.891529698336258,6.692273993064783,1,199.88383792772663,0.7240431553443253,144.7245247155249,0.7673235004727678,1.8125903952489868
ANC,2018,per_species,173.22392328175079,0.9920483079993527,47.93250348447878,108.98965746484629,17.190188776339156,7.558322263621178,1,199.88383792772663,0.7240431553443253,144.7245247155249,0.8666229600033223,1.3701507992677249
ANC,2019,per_species,199.62125583901326,0.9479819170117736,47.63921721686679,122.26357024294373,11.169724519839384,8.710123600225524,1,199.88383792772663,0.7240431553443253,144.7245247155249,0.9986863265612885,1.3092892461098569
ANC,2020,per_species,216.15039484123278,0.7078347585680689,40.45508299887333,109.6509599185089,5.958320968763964,9.431343608132634,1,199.88383792772663,0.7240431553443253,144.7245247155249,1.0813800509443279,0.9776140459907416
ANC,2021,per_species,246.06813530502595,0.6153365302789346,46.58395740118903,113.07840093040672,10.34666461209007,10.736751773129152,1,199.88383792772663,0.7240431553443253,144.7245247155249,1.2310556864232238,0.8498616770796014
ANC,2022,per_species,265.8132547123495,0.5708551030206017,55.71576570335802,115.61758492698857,9.670712896110878,11.598295449007523,1,199.88383792772663,0.7240431553443253,144.7245247155249,1.3298386576330468,0.7884269035719651
ANC,2023,per_species,273.29202433270984,0.5833712097130181,51.91770414506078,120.79124598298252,11.620189588654467,11.924618452523159,1,199.88383792772663,0.7240431553443253,144.7245247155249,1.3672542370910745,0.805713313366785
CMA,1971,per_species,263.0151341618871,NA,NA,NA,0.04971053422961269,0.013335549399135314,0,149.10061913449,0.3161436021334629,47.137206813507184,1.764011012755388,NA
CMA,1972,per_species,263.0151341618871,NA,NA,NA,0.04732828222500525,0.013335549399135314,0,149.10061913449,0.3161436021334629,47.137206813507184,1.764011012755388,NA
CMA,1973,per_species,263.0151341618871,NA,NA,NA,0.03893796069934382,0.013335549399135314,0,149.10061913449,0.3161436021334629,47.137206813507184,1.764011012755388,NA
CMA,1974,per_species,263.0151341618871,NA,NA,NA,0.043252983198255414,0.013335549399135314,0,149.10061913449,0.3161436021334629,47.137206813507184,1.764011012755388,NA
CMA,1975,per_species,263.0151341618871,NA,NA,NA,0.03512485922027091,0.013335549399135314,0,149.10061913449,0.3161436021334629,47.137206813507184,1.764011012755388,NA
CMA,1976,per_species,263.0151341618871,NA,NA,NA,0.04290838070702289,0.013335549399135314,0,149.10061913449,0.3161436021334629,47.137206813507184,1.764011012755388,NA
CMA,1977,per_species,263.0151341618871,NA,NA,NA,0.03546197035299838,0.013335549399135314,0,149.10061913449,0.3161436021334629,47.137206813507184,1.764011012755388,NA
CMA,1978,per_species,263.0151341618871,NA,NA,NA,0.03911026194496009,0.013335549399135314,0,149.10061913449,0.3161436021334629,47.137206813507184,1.764011012755388,NA
CMA,1979,per_species,263.0151341618871,NA,NA,NA,0.03871321994419217,0.013335549399135314,0,149.10061913449,0.3161436021334629,47.137206813507184,1.764011012755388,NA
CMA,1980,per_species,263.0151341618871,NA,NA,NA,0.03613619261845331,0.013335549399135314,0,149.10061913449,0.3161436021334629,47.137206813507184,1.764011012755388,NA
CMA,1981,per_species,263.0151341618871,NA,NA,NA,0.029146755133237147,0.013335549399135314,0,149.10061913449,0.3161436021334629,47.137206813507184,1.764011012755388,NA
CMA,1982,per_species,263.0151341618871,NA,NA,NA,0.03023610281596567,0.013335549399135314,0,149.10061913449,0.3161436021334629,47.137206813507184,1.764011012755388,NA
CMA,1983,per_species,263.0151341618871,NA,NA,NA,0.02916827444456141,0.013335549399135314,0,149.10061913449,0.3161436021334629,47.137206813507184,1.764011012755388,NA
CMA,1984,per_species,263.0151341618871,NA,NA,NA,0.03546103843005606,0.013335549399135314,0,149.10061913449,0.3161436021334629,47.137206813507184,1.764011012755388,NA
CMA,1985,per_species,263.0151341618871,NA,NA,NA,0.03301702483133401,0.013335549399135314,0,149.10061913449,0.3161436021334629,47.137206813507184,1.764011012755388,NA
CMA,1986,per_species,263.0151341618871,NA,NA,NA,0.02920824662958724,0.013335549399135314,0,149.10061913449,0.3161436021334629,47.137206813507184,1.764011012755388,NA
CMA,1987,per_species,263.0151341618871,NA,NA,NA,0.02317815700283375,0.013335549399135314,0,149.10061913449,0.3161436021334629,47.137206813507184,1.764011012755388,NA
CMA,1988,per_species,263.0151341618871,NA,NA,NA,0.0180560070073812,0.013335549399135314,0,149.10061913449,0.3161436021334629,47.137206813507184,1.764011012755388,NA
CMA,1989,per_species,263.0151341618871,NA,NA,NA,0.01408734006553113,0.013335549399135314,0,149.10061913449,0.3161436021334629,47.137206813507184,1.764011012755388,NA
CMA,1990,per_species,263.0151341618871,NA,NA,NA,NA,0.013335549399135314,0,149.10061913449,0.3161436021334629,47.137206813507184,1.764011012755388,NA
CMA,1991,per_species,263.0151341618871,NA,NA,NA,0.01588608839169339,0.013335549399135314,0,149.10061913449,0.3161436021334629,47.137206813507184,1.764011012755388,NA
CMA,1992,per_species,263.0151341618871,NA,NA,NA,NA,0.013335549399135314,0,149.10061913449,0.3161436021334629,47.137206813507184,1.764011012755388,NA
CMA,1993,per_species,263.0151341618871,NA,NA,NA,NA,0.013335549399135314,0,149.10061913449,0.3161436021334629,47.137206813507184,1.764011012755388,NA
CMA,1994,per_species,263.0151341618871,NA,NA,NA,NA,0.013335549399135314,0,149.10061913449,0.3161436021334629,47.137206813507184,1.764011012755388,NA
CMA,1995,per_species,263.0151341618871,NA,NA,NA,NA,0.013335549399135314,0,149.10061913449,0.3161436021334629,47.137206813507184,1.764011012755388,NA
CMA,1996,per_species,263.0151341618871,NA,NA,NA,NA,0.013335549399135314,0,149.10061913449,0.3161436021334629,47.137206813507184,1.764011012755388,NA
CMA,1997,per_species,263.0151341618871,NA,NA,NA,NA,0.013335549399135314,0,149.10061913449,0.3161436021334629,47.137206813507184,1.764011012755388,NA
CMA,1998,per_species,263.0151341618871,NA,NA,NA,NA,0.013335549399135314,0,149.10061913449,0.3161436021334629,47.137206813507184,1.764011012755388,NA
CMA,1999,per_species,263.0151341618871,NA,NA,NA,NA,0.013335549399135314,0,149.10061913449,0.3161436021334629,47.137206813507184,1.764011012755388,NA
CMA,2000,per_species,263.0151341618871,NA,NA,NA,NA,0.013335549399135314,0,149.10061913449,0.3161436021334629,47.137206813507184,1.764011012755388,NA
CMA,2001,per_species,263.0151341618871,NA,NA,NA,NA,0.013335549399135314,0,149.10061913449,0.3161436021334629,47.137206813507184,1.764011012755388,NA
CMA,2002,per_species,263.0151341618871,NA,NA,NA,NA,0.013335549399135314,0,149.10061913449,0.3161436021334629,47.137206813507184,1.764011012755388,NA
CMA,2003,per_species,263.0151341618871,NA,NA,NA,0.0014502164502164499,0.013335549399135314,0,149.10061913449,0.3161436021334629,47.137206813507184,1.764011012755388,NA
CMA,2004,per_species,263.0151341618871,NA,NA,NA,0.01075098814229249,0.013335549399135314,0,149.10061913449,0.3161436021334629,47.137206813507184,1.764011012755388,NA
CMA,2005,per_species,263.0151341618871,0.04892197503250806,4.090365749052542,12.557545404700068,0.04241935483870967,0.013335549399135314,1,149.10061913449,0.3161436021334629,47.137206813507184,1.764011012755388,0.15474605433215505
CMA,2006,per_species,266.5953414960147,0.047501516400892285,4.355409145550073,12.367617268225832,0.02696652719665271,0.013517075195799241,1,149.10061913449,0.3161436021334629,47.137206813507184,1.78802303466992,0.15025297390278702
CMA,2007,per_species,269.6584959374845,0.050386172121415385,4.112919352486621,13.250436800413038,0.01339534883720929,0.013672385069892866,1,149.10061913449,0.3161436021334629,47.137206813507184,1.8085672447426278,0.15937748472969068
CMA,2008,per_species,271.1745096469497,0.05304752646268618,6.707844956994314,14.010247200995082,0.0139516129032258,0.013749250896556268,1,149.10061913449,0.3161436021334629,47.137206813507184,1.81873496717239,0.16779566660435433
CMA,2009,per_species,270.70117463308554,0.057396994716668814,5.385196076466728,15.099942987052545,0.01735537190082644,0.013725251583817707,1,149.10061913449,0.3161436021334629,47.137206813507184,1.8155603659090835,0.18155355455347205
CMA,2010,per_species,269.4413736700717,0.06267110081339577,8.109029810718347,16.36793235803114,0.009353413654618472,0.013661376407855365,1,149.10061913449,0.3161436021334629,47.137206813507184,1.8071110316921848,0.19823618251473774
CMA,2011,per_species,266.48304886112186,0.06536262554280459,15.459349022463707,16.86098998038876,0.00293172690763052,0.01351138166799315,1,149.10061913449,0.3161436021334629,47.137206813507184,1.7872699014130313,0.20674979693313916
CMA,2012,per_species,265.42353197190135,0.06462185071909143,13.054277238457264,16.609705163934255,NA,0.013457661413984034,1,149.10061913449,0.3161436021334629,47.137206813507184,1.780163848498088,0.2044066376260581
CMA,2013,per_species,265.3518809724832,0.07345668061114097,15.878943435733008,18.793176465866154,NA,0.013454028522495554,1,149.10061913449,0.3161436021334629,47.137206813507184,1.7796832938241094,0.23235226054054564
CMA,2014,per_species,263.939123635998,0.08168026313133137,16.15268377815131,20.701650671023238,NA,0.013382398061724834,1,149.10061913449,0.3161436021334629,47.137206813507184,1.7702080995245413,0.25836443495968425
CMA,2015,per_species,261.5503331828557,0.1380394028654761,15.360219819761012,33.72315734177253,NA,0.013261280190718771,1,149.10061913449,0.3161436021334629,47.137206813507184,1.7541867679766985,0.4366351301558256
CMA,2016,per_species,245.83380345550717,0.11906348995478133,14.897933469094205,27.594491500411454,NA,0.012464411374671735,1,149.10061913449,0.3161436021334629,47.137206813507184,1.6487778849111487,0.3766120495600528
CMA,2017,per_species,243.10628711069137,0.11123522480382775,12.46268434972313,25.59222138835213,NA,0.012326119222514238,1,149.10061913449,0.3161436021334629,47.137206813507184,1.6304847593651337,0.3518503112293533
CMA,2018,per_species,241.09548257381746,0.10688691115728144,17.48521690456615,24.440501963357974,NA,0.01222416621772257,1,149.10061913449,0.3161436021334629,47.137206813507184,1.6169985340996293,0.3380960754415589
CMA,2019,per_species,243.39772000389223,0.11739665121128162,17.759957113370284,26.960579320999646,NA,0.01234089562599458,1,149.10061913449,0.3161436021334629,47.137206813507184,1.6324393648851685,0.3713396393886901
CMA,2020,per_species,241.34373953229183,0.09397428966212384,14.326119997226412,21.647045257462096,NA,0.012236753489340852,1,149.10061913449,0.3161436021334629,47.137206813507184,1.6186635637951161,0.2972519102962955
CMA,2021,per_species,246.67910813081693,0.09436263760466979,13.779006716398587,22.212782885810636,NA,0.012507270513902768,1,149.10061913449,0.3161436021334629,47.137206813507184,1.6544472421560525,0.29848030125510416
CMA,2022,per_species,249.37573716329393,0.10013434225235152,8.372135816702322,23.76155058141114,NA,0.012643996599222274,1,149.10061913449,0.3161436021334629,47.137206813507184,1.672533210196498,0.31673689290754303
CMA,2023,per_species,251.19994751392917,0.11632941018714416,11.540960934077013,27.58629090899369,NA,0.01273648879486276,1,149.10061913449,0.3161436021334629,47.137206813507184,1.68476797059672,0.3679638284694265
DMF,1971,per_species,184.15992351801287,NA,NA,NA,1.6747497608281137,0.46702490271792335,0,181.62067555297543,0.4139380113263029,75.17970125413832,1.0139810512063467,NA
DMF,1972,per_species,184.15992351801287,NA,NA,NA,1.5944916015309247,0.46702490271792335,0,181.62067555297543,0.4139380113263029,75.17970125413832,1.0139810512063467,NA
DMF,1973,per_species,184.15992351801287,NA,NA,NA,1.3118213549496314,0.46702490271792335,0,181.62067555297543,0.4139380113263029,75.17970125413832,1.0139810512063467,NA
DMF,1974,per_species,184.15992351801287,NA,NA,NA,1.4571946246200111,0.46702490271792335,0,181.62067555297543,0.4139380113263029,75.17970125413832,1.0139810512063467,NA
DMF,1975,per_species,184.15992351801287,NA,NA,NA,1.183357823244383,0.46702490271792335,0,181.62067555297543,0.4139380113263029,75.17970125413832,1.0139810512063467,NA
DMF,1976,per_species,184.15992351801287,NA,NA,NA,1.4455849537782794,0.46702490271792335,0,181.62067555297543,0.4139380113263029,75.17970125413832,1.0139810512063467,NA
DMF,1977,per_species,184.15992351801287,NA,NA,NA,1.1947151099373816,0.46702490271792335,0,181.62067555297543,0.4139380113263029,75.17970125413832,1.0139810512063467,NA
DMF,1978,per_species,184.15992351801287,NA,NA,NA,1.317626190370497,0.46702490271792335,0,181.62067555297543,0.4139380113263029,75.17970125413832,1.0139810512063467,NA
DMF,1979,per_species,184.15992351801287,NA,NA,NA,1.3042498304876324,0.46702490271792335,0,181.62067555297543,0.4139380113263029,75.17970125413832,1.0139810512063467,NA
DMF,1980,per_species,184.15992351801287,NA,NA,NA,1.2174296833233784,0.46702490271792335,0,181.62067555297543,0.4139380113263029,75.17970125413832,1.0139810512063467,NA
DMF,1981,per_species,184.15992351801287,NA,NA,NA,0.9819552725552118,0.46702490271792335,0,181.62067555297543,0.4139380113263029,75.17970125413832,1.0139810512063467,NA
DMF,1982,per_species,184.15992351801287,NA,NA,NA,1.0186554368037275,0.46702490271792335,0,181.62067555297543,0.4139380113263029,75.17970125413832,1.0139810512063467,NA
DMF,1983,per_species,184.15992351801287,NA,NA,NA,0.9826802589600453,0.46702490271792335,0,181.62067555297543,0.4139380113263029,75.17970125413832,1.0139810512063467,NA
DMF,1984,per_species,184.15992351801287,NA,NA,NA,1.1946837134185362,0.46702490271792335,0,181.62067555297543,0.4139380113263029,75.17970125413832,1.0139810512063467,NA
DMF,1985,per_species,184.15992351801287,NA,NA,NA,1.1123448037014454,0.46702490271792335,0,181.62067555297543,0.4139380113263029,75.17970125413832,1.0139810512063467,NA
DMF,1986,per_species,184.15992351801287,NA,NA,NA,0.9840269233713063,0.46702490271792335,0,181.62067555297543,0.4139380113263029,75.17970125413832,1.0139810512063467,NA
DMF,1987,per_species,184.15992351801287,NA,NA,NA,0.7808729779011012,0.46702490271792335,0,181.62067555297543,0.4139380113263029,75.17970125413832,1.0139810512063467,NA
DMF,1988,per_species,184.15992351801287,NA,NA,NA,0.6083075526295348,0.46702490271792335,0,181.62067555297543,0.4139380113263029,75.17970125413832,1.0139810512063467,NA
DMF,1989,per_species,184.15992351801287,NA,NA,NA,0.4746030146543525,0.46702490271792335,0,181.62067555297543,0.4139380113263029,75.17970125413832,1.0139810512063467,NA
DMF,1990,per_species,184.15992351801287,NA,NA,NA,NA,0.46702490271792335,0,181.62067555297543,0.4139380113263029,75.17970125413832,1.0139810512063467,NA
DMF,1991,per_species,184.15992351801287,NA,NA,NA,0.5352029131610898,0.46702490271792335,0,181.62067555297543,0.4139380113263029,75.17970125413832,1.0139810512063467,NA
DMF,1992,per_species,184.15992351801287,NA,NA,NA,NA,0.46702490271792335,0,181.62067555297543,0.4139380113263029,75.17970125413832,1.0139810512063467,NA
DMF,1993,per_species,184.15992351801287,NA,NA,NA,NA,0.46702490271792335,0,181.62067555297543,0.4139380113263029,75.17970125413832,1.0139810512063467,NA
DMF,1994,per_species,184.15992351801287,NA,NA,NA,NA,0.46702490271792335,0,181.62067555297543,0.4139380113263029,75.17970125413832,1.0139810512063467,NA
DMF,1995,per_species,184.15992351801287,NA,NA,NA,NA,0.46702490271792335,0,181.62067555297543,0.4139380113263029,75.17970125413832,1.0139810512063467,NA
DMF,1996,per_species,184.15992351801287,NA,NA,NA,NA,0.46702490271792335,0,181.62067555297543,0.4139380113263029,75.17970125413832,1.0139810512063467,NA
DMF,1997,per_species,184.15992351801287,NA,NA,NA,NA,0.46702490271792335,0,181.62067555297543,0.4139380113263029,75.17970125413832,1.0139810512063467,NA
DMF,1998,per_species,184.15992351801287,NA,NA,NA,NA,0.46702490271792335,0,181.62067555297543,0.4139380113263029,75.17970125413832,1.0139810512063467,NA
DMF,1999,per_species,184.15992351801287,NA,NA,NA,NA,0.46702490271792335,0,181.62067555297543,0.4139380113263029,75.17970125413832,1.0139810512063467,NA
DMF,2000,per_species,184.15992351801287,NA,NA,NA,NA,0.46702490271792335,0,181.62067555297543,0.4139380113263029,75.17970125413832,1.0139810512063467,NA
DMF,2001,per_species,184.15992351801287,NA,NA,NA,NA,0.46702490271792335,0,181.62067555297543,0.4139380113263029,75.17970125413832,1.0139810512063467,NA
DMF,2002,per_species,184.15992351801287,NA,NA,NA,NA,0.46702490271792335,0,181.62067555297543,0.4139380113263029,75.17970125413832,1.0139810512063467,NA
DMF,2003,per_species,184.15992351801287,NA,NA,NA,0.218073593073593,0.46702490271792335,0,181.62067555297543,0.4139380113263029,75.17970125413832,1.0139810512063467,NA
DMF,2004,per_species,184.15992351801287,NA,NA,NA,0.34598023715415,0.46702490271792335,0,181.62067555297543,0.4139380113263029,75.17970125413832,1.0139810512063467,NA
DMF,2005,per_species,184.15992351801287,0.46028314420785676,29.64774056813523,67.93568852141479,0.46099677419354823,0.46702490271792335,1,181.62067555297543,0.4139380113263029,75.17970125413832,1.0139810512063467,1.1119615295368959
DMF,2006,per_species,189.1359114186062,0.4118260994387182,27.69552343999468,63.84481951583856,0.7168786610878658,0.47964388203115527,1,181.62067555297543,0.4139380113263029,75.17970125413832,1.0413787463500472,0.9948979996284517
DMF,2007,per_species,198.23246742434156,0.3679299044239688,23.460767143325644,61.02275329436288,0.6185069767441858,0.5027125177174161,1,181.62067555297543,0.4139380113263029,75.17970125413832,1.0914642114439266,0.8888526647868865
DMF,2008,per_species,211.22782833827222,0.3529681434405205,27.145163632350908,62.81924582948996,0.6899838709677415,0.5356684239247681,1,181.62067555297543,0.4139380113263029,75.17970125413832,1.163016422525424,0.8527077334830202
DMF,2009,per_species,220.6850020399494,0.3640930830417437,29.258004064946952,67.34721112268979,0.5510971900826442,0.559651576956325,1,181.62067555297543,0.4139380113263029,75.17970125413832,1.2150874418236575,0.8795835924203951
DMF,2010,per_species,224.32578046217105,0.3556946729296051,31.82443652608607,67.14372862579445,0.42898203996489354,0.5688844988427703,1,181.62067555297543,0.4139380113263029,75.17970125413832,1.2351334988660987,0.8592945397546851
DMF,2011,per_species,224.2093470551024,0.2812304491124662,40.976799751585176,54.963943896121194,0.3355715582423232,0.5685892266707875,1,181.62067555297543,0.4139380113263029,75.17970125413832,1.2344924187318345,0.6794023293762583
DMF,2012,per_species,234.25656142796774,0.23607608525048285,33.040376750831356,49.25933256597915,1.1035647590943034,0.5940687079033837,1,181.62067555297543,0.4139380113263029,75.17970125413832,1.2898121907912372,0.5703174842389301
DMF,2013,per_species,250.58266313708444,0.23963906750004416,39.84342639158017,53.39620065253314,0.45009393262987313,0.6354712884258359,1,181.62067555297543,0.4139380113263029,75.17970125413832,1.3797033976123168,0.5789250103710317
DMF,2014,per_species,256.04682968062497,0.2213720898885505,33.977002471667866,50.846182682755064,0.5441553134091036,0.6493282764158528,1,181.62067555297543,0.4139380113263029,75.17970125413832,1.4097889951187896,0.5347952684491332
DMF,2015,per_species,262.26218857733306,0.2051792415710958,29.299305388047927,48.64929219917391,0.5828982109829055,0.6650902691917031,1,181.62067555297543,0.4139380113263029,75.17970125413832,1.4440106434954647,0.4956762509286812
DMF,2016,per_species,265.6035940518471,0.215015981866987,20.772466250736453,51.38671240182397,0.2810601831082906,0.6735639888635265,1,181.62067555297543,0.4139380113263029,75.17970125413832,1.4624083587574555,0.5194400513691704
DMF,2017,per_species,266.6961816436629,0.2537514004712307,21.37357933681446,59.770704722933324,0.40912298975376343,0.676334763329713,1,181.62067555297543,0.4139380113263029,75.17970125413832,1.4684241253461945,0.6130178759331216
DMF,2018,per_species,259.56981300203324,0.24489280184624285,24.1295630143785,56.38156213658211,1.055181899380611,0.6582624729094598,1,181.62067555297543,0.4139380113263029,75.17970125413832,1.4291864745669964,0.5916170903502661
DMF,2019,per_species,257.9996713085364,0.23736137182797457,24.215380576050663,54.513725710766906,0.5974387098186917,0.6542806333341029,1,181.62067555297543,0.4139380113263029,75.17970125413832,1.4205413041384851,0.5734225061077204
DMF,2020,per_species,256.1721583761694,0.1946035885848012,19.439920353547265,45.30125296712161,2.902030234110136,0.6496461068141626,1,181.62067555297543,0.4139380113263029,75.17970125413832,1.4104790525429396,0.470127369944282
DMF,2021,per_species,266.9857208592808,0.1818650176133021,19.284781839557763,44.396022417857054,0.3833456358538276,0.6770690274487667,1,181.62067555297543,0.4139380113263029,75.17970125413832,1.4700183227839934,0.4393532670038844
DMF,2022,per_species,275.1040641876125,0.16743786173294062,16.72962814870671,42.41302080737122,1.0582687169226213,0.6976569405555724,1,181.62067555297543,0.4139380113263029,75.17970125413832,1.5147177674018157,0.4044998457533564
DMF,2023,per_species,282.4249011192734,0.17065240721197483,17.041968646820706,44.30834835669476,0.49158609242439266,0.7162223976349912,1,181.62067555297543,0.4139380113263029,75.17970125413832,1.5550261569030186,0.4122656111362804
LPF,1971,per_species,411.56463856189424,NA,NA,NA,12.837852733417394,4.324440513306532,0,261.4349227935159,0.18933025179420254,49.49753976029427,1.5742527209608963,NA
LPF,1972,per_species,411.56463856189424,NA,NA,NA,12.222631012649396,4.324440513306532,0,261.4349227935159,0.18933025179420254,49.49753976029427,1.5742527209608963,NA
LPF,1973,per_species,411.56463856189424,NA,NA,NA,10.055812373466518,4.324440513306532,0,261.4349227935159,0.18933025179420254,49.49753976029427,1.5742527209608963,NA
LPF,1974,per_species,411.56463856189424,NA,NA,NA,11.170176245046283,4.324440513306532,0,261.4349227935159,0.18933025179420254,49.49753976029427,1.5742527209608963,NA
LPF,1975,per_species,411.56463856189424,NA,NA,NA,9.071070688337873,4.324440513306532,0,261.4349227935159,0.18933025179420254,49.49753976029427,1.5742527209608963,NA
LPF,1976,per_species,411.56463856189424,NA,NA,NA,11.081181908079843,4.324440513306532,0,261.4349227935159,0.18933025179420254,49.49753976029427,1.5742527209608963,NA
LPF,1977,per_species,411.56463856189424,NA,NA,NA,9.15813036580504,4.324440513306532,0,261.4349227935159,0.18933025179420254,49.49753976029427,1.5742527209608963,NA
LPF,1978,per_species,411.56463856189424,NA,NA,NA,10.100309541949738,4.324440513306532,0,261.4349227935159,0.18933025179420254,49.49753976029427,1.5742527209608963,NA
LPF,1979,per_species,411.56463856189424,NA,NA,NA,9.997772588488406,4.324440513306532,0,261.4349227935159,0.18933025179420254,49.49753976029427,1.5742527209608963,NA
LPF,1980,per_species,411.56463856189424,NA,NA,NA,9.332249720739378,4.324440513306532,0,261.4349227935159,0.18933025179420254,49.49753976029427,1.5742527209608963,NA
LPF,1981,per_species,411.56463856189424,NA,NA,NA,7.527212407920071,4.324440513306532,0,261.4349227935159,0.18933025179420254,49.49753976029427,1.5742527209608963,NA
LPF,1982,per_species,411.56463856189424,NA,NA,NA,7.808538797649906,4.324440513306532,0,261.4349227935159,0.18933025179420254,49.49753976029427,1.5742527209608963,NA
LPF,1983,per_species,411.56463856189424,NA,NA,NA,7.532769816505329,4.324440513306532,0,261.4349227935159,0.18933025179420254,49.49753976029427,1.5742527209608963,NA
LPF,1984,per_species,411.56463856189424,NA,NA,NA,9.157889694694225,4.324440513306532,0,261.4349227935159,0.18933025179420254,49.49753976029427,1.5742527209608963,NA
LPF,1985,per_species,411.56463856189424,NA,NA,NA,8.526717908972948,4.324440513306532,0,261.4349227935159,0.18933025179420254,49.49753976029427,1.5742527209608963,NA
LPF,1986,per_species,411.56463856189424,NA,NA,NA,7.543092719542827,4.324440513306532,0,261.4349227935159,0.18933025179420254,49.49753976029427,1.5742527209608963,NA
LPF,1987,per_species,411.56463856189424,NA,NA,NA,5.985809061314631,4.324440513306532,0,261.4349227935159,0.18933025179420254,49.49753976029427,1.5742527209608963,NA
LPF,1988,per_species,411.56463856189424,0.14295407464045695,39.71360837854953,54.822930359477546,4.66300277208102,4.324440513306532,1,261.4349227935159,0.18933025179420254,49.49753976029427,1.5742527209608963,0.7550514156387677
LPF,1989,per_species,384.62511535536584,0.1075497309373139,33.432112573861815,39.219507081198174,3.63808597050091,4.041378377622216,1,261.4349227935159,0.18933025179420254,49.49753976029427,1.4712078678912643,0.5680535990319069
LPF,1990,per_species,377.36937834353586,0.14327333005960075,29.426674213758783,50.37232452754902,NA,3.965140041895673,1,261.4349227935159,0.18933025179420254,49.49753976029427,1.4434543568671818,0.756737651283195
LPF,1991,per_species,361.9498379016702,0.07501905132981435,27.201384433154935,26.159630721295237,4.102616607188298,3.803122027869076,1,261.4349227935159,0.18933025179420254,49.49753976029427,1.3844739411021305,0.39623383278102997
LPF,1992,per_species,375.9533651384042,0.09037405099331153,29.719423133425572,32.486358736252996,NA,3.950261540931535,1,261.4349227935159,0.18933025179420254,49.49753976029427,1.438038044501561,0.4773355031056841
LPF,1993,per_species,381.7672929480842,0.08984742437321191,28.093461956797075,32.80501932986161,NA,4.0113503289514965,1,261.4349227935159,0.18933025179420254,49.49753976029427,1.4602765723445759,0.474553979207052
LPF,1994,per_species,386.1906275912867,0.09140881811516532,26.95181353337301,33.735864166127726,NA,4.057827712435697,1,261.4349227935159,0.18933025179420254,49.49753976029427,1.4771960205802506,0.4828009113647856
LPF,1995,per_species,389.2449421942041,0.09585890116516627,25.810165109948947,35.580020585665316,NA,4.0899203670801585,1,261.4349227935159,0.18933025179420254,49.49753976029427,1.4888789073586544,0.5063052536863607
LPF,1996,per_species,389.63507910689,0.06359826986454564,22.713791906189417,24.00857322571579,NA,4.094019659664793,1,261.4349227935159,0.18933025179420254,49.49753976029427,1.4903711980921077,0.3359118221301234
LPF,1997,per_species,401.39957714976094,0.06546380011401798,21.26656123249769,25.435506211021956,NA,4.217632981093661,1,261.4349227935159,0.18933025179420254,49.49753976029427,1.5353709170170453,0.345765135226121
LPF,1998,per_species,410.3048471000929,0.07412741649004673,16.62687355689656,29.31489724692712,NA,4.311203483869874,1,261.4349227935159,0.18933025179420254,49.49753976029427,1.5694339635877799,0.3915244171893959
LPF,1999,per_species,411.1909375526071,0.0897564184072861,16.983637245977317,35.299167456222456,NA,4.32051391798466,1,261.4349227935159,0.18933025179420254,49.49753976029427,1.5728232982759158,0.47407330607075504
LPF,2000,per_species,406.99488487188995,0.07025424939432412,12.870178232203191,27.61183965629843,NA,4.27642465834402,1,261.4349227935159,0.18933025179420254,49.49753976029427,1.5567732134751517,0.3710672157700863
LPF,2001,per_species,411.82345105300413,0.07916693887960946,19.62796591933089,31.345662294631563,NA,4.327159938439401,1,261.4349227935159,0.18933025179420254,49.49753976029427,1.5752426900451502,0.41814204613038825
LPF,2002,per_species,411.32152463443606,0.08802575777986288,17.182787083450016,34.659066733261334,NA,4.32188603797327,1,261.4349227935159,0.18933025179420254,49.49753976029427,1.5733227995683736,0.4649323441218722
LPF,2003,per_species,407.9353084650229,0.09703470909388479,22.11860399285001,37.72401907477725,4.2929523809523795,4.286305988042372,1,261.4349227935159,0.18933025179420254,49.49753976029427,1.5603703747996,0.5125156079090794
LPF,2004,per_species,402.3347854947864,0.09782676202808194,20.37776766832713,37.49519468705564,5.040936758893278,4.227459512521973,1,261.4349227935159,0.18933025179420254,49.49753976029427,1.5389481297896634,0.516699054171318
LPF,2005,per_species,398.0094898860379,0.09209433666833977,12.28740293073504,35.01722968850676,5.613892558651024,4.182012256344044,1,261.4349227935159,0.18933025179420254,49.49753976029427,1.5224036851434344,0.48642166687891014
LPF,2006,per_species,397.5454718443538,0.08699360360325237,10.070364525096368,33.12231234392247,4.4988577405857715,4.177136671246706,1,261.4349227935159,0.18933025179420254,49.49753976029427,1.5206287958641986,0.459480736854522
LPF,2007,per_species,399.14179860795616,0.08807384616993019,10.183940086035784,33.65034631790483,3.260753488372092,4.193909784099937,1,261.4349227935159,0.18933025179420254,49.49753976029427,1.5267348154676437,0.46518633623148803
LPF,2008,per_species,399.9431315403742,0.08869169819900602,15.237725924506837,33.94410720272643,5.151786290322578,4.202329644002633,1,261.4349227935159,0.18933025179420254,49.49753976029427,1.5297999489389318,0.4684496923154773
LPF,2009,per_species,400.21671933728936,0.09229390641424295,13.08077325776011,35.28426044891196,3.8389900826446266,4.205204317971369,1,261.4349227935159,0.18933025179420254,49.49753976029427,1.5308464342133234,0.48747574959422874
LPF,2010,per_species,398.90179941119834,0.09291069229632498,21.165055818092064,35.392609809517715,3.95987127544066,4.191388036232464,1,261.4349227935159,0.18933025179420254,49.49753976029427,1.5258168080561112,0.490733474528501
LPF,2011,per_species,396.7033483793684,0.09452755195128315,19.95494393489311,35.78158384029286,3.256608175500181,4.168288212249077,1,261.4349227935159,0.18933025179420254,49.49753976029427,1.517407636823979,0.49927336522022026
LPF,2012,per_species,394.9967235726373,0.08976846213197831,17.153286863496096,33.91330501241123,3.2112040456180293,4.150356162787708,1,261.4349227935159,0.18933025179420254,49.49753976029427,1.5108797223873947,0.47413691832805716
LPF,2013,per_species,396.1207130723802,0.09866752058122152,19.811650572389482,37.21795776494093,3.2479481672462156,4.16216627783113,1,261.4349227935159,0.18933025179420254,49.49753976029427,1.5151790313233728,0.5211397526078968
LPF,2014,per_species,392.95451876499226,0.1006000359196646,20.243197430676222,37.60785134697892,3.918725295144031,4.128898067559925,1,261.4349227935159,0.18933025179420254,49.49753976029427,1.5030681997881052,0.5313468659462537
LPF,2015,per_species,390.79316590685886,0.1585537203794587,36.1133107571283,57.29921993156901,4.5032520155213644,4.106188045882838,1,261.4349227935159,0.18933025179420254,49.49753976029427,1.4948009306909293,0.8374452517593586
LPF,2016,per_species,369.7220498844487,0.10854562850813299,42.09649961985307,38.03036472134754,4.291889781332916,3.8847871303272874,1,261.4349227935159,0.18933025179420254,49.49753976029427,1.414202991451372,0.5733137070251165
LPF,2017,per_species,361.23327673492287,0.09915021793947165,31.900975069722,34.09801571246793,4.207916584287845,3.7955928918612494,1,261.4349227935159,0.18933025179420254,49.49753976029427,1.3817330633376352,0.5236892519809543
LPF,2018,per_species,353.41967608605324,0.10316762568323412,38.13614520140253,34.64369285016979,3.606002657964865,3.7134929055289967,1,261.4349227935159,0.18933025179420254,49.49753976029427,1.3518456995326056,0.5449083002085418
LPF,2019,per_species,351.816319799391,0.10640055027178263,24.876147556329443,35.51077182683144,4.604601765476087,3.696645931241958,1,261.4349227935159,0.18933025179420254,49.49753976029427,1.3457127916963845,0.561983884051649
LPF,2020,per_species,345.3263269385147,0.09900162751115715,19.838692930014055,32.550033472391895,3.391696528557638,3.6284535127759017,1,261.4349227935159,0.18933025179420254,49.49753976029427,1.320888285499857,0.5229044306071571
LPF,2021,per_species,337.23135194284566,0.093844556426812,21.636579115593488,30.207744244236462,4.970937032567688,3.5433970367195653,1,261.4349227935159,0.18933025179420254,49.49753976029427,1.289924652526987,0.4956659357788146
LPF,2022,per_species,336.4628430434028,0.09631446342979011,10.120926502881355,30.894562553482487,3.0040670153152296,3.5353220693676572,1,261.4349227935159,0.18933025179420254,49.49753976029427,1.2869850724156877,0.5087114315702788
LPF,2023,per_species,343.42530503975655,0.10800693858639487,11.719146924903427,35.1594128601515,2.971088139469183,3.608478871260542,1,261.4349227935159,0.18933025179420254,49.49753976029427,1.3136167936943814,0.5704684674681352
MPF,1971,per_species,416.31096129452675,NA,NA,NA,0.3533263213257048,0.2686050478191449,0,318.1959387517155,0.2240648379300328,71.29652144639778,1.3083478152729322,NA
MPF,1972,per_species,416.31096129452675,NA,NA,NA,0.3363940483114808,0.2686050478191449,0,318.1959387517155,0.2240648379300328,71.29652144639778,1.3083478152729322,NA
MPF,1973,per_species,416.31096129452675,NA,NA,NA,0.27675836977081736,0.2686050478191449,0,318.1959387517155,0.2240648379300328,71.29652144639778,1.3083478152729322,NA
MPF,1974,per_species,416.31096129452675,NA,NA,NA,0.3074281473060157,0.2686050478191449,0,318.1959387517155,0.2240648379300328,71.29652144639778,1.3083478152729322,NA
MPF,1975,per_species,416.31096129452675,NA,NA,NA,0.2496560837197481,0.2686050478191449,0,318.1959387517155,0.2240648379300328,71.29652144639778,1.3083478152729322,NA
MPF,1976,per_species,416.31096129452675,NA,NA,NA,0.3049788247945242,0.2686050478191449,0,318.1959387517155,0.2240648379300328,71.29652144639778,1.3083478152729322,NA
MPF,1977,per_species,416.31096129452675,NA,NA,NA,0.25205216008968545,0.2686050478191449,0,318.1959387517155,0.2240648379300328,71.29652144639778,1.3083478152729322,NA
MPF,1978,per_species,416.31096129452675,NA,NA,NA,0.2779830310265632,0.2686050478191449,0,318.1959387517155,0.2240648379300328,71.29652144639778,1.3083478152729322,NA
MPF,1979,per_species,416.31096129452675,NA,NA,NA,0.27516098552419255,0.2686050478191449,0,318.1959387517155,0.2240648379300328,71.29652144639778,1.3083478152729322,NA
MPF,1980,per_species,416.31096129452675,NA,NA,NA,0.2568443128295602,0.2686050478191449,0,318.1959387517155,0.2240648379300328,71.29652144639778,1.3083478152729322,NA
MPF,1981,per_species,416.31096129452675,NA,NA,NA,0.20716566275952547,0.2686050478191449,0,318.1959387517155,0.2240648379300328,71.29652144639778,1.3083478152729322,NA
MPF,1982,per_species,416.31096129452675,NA,NA,NA,0.21490839204916293,0.2686050478191449,0,318.1959387517155,0.2240648379300328,71.29652144639778,1.3083478152729322,NA
MPF,1983,per_species,416.31096129452675,NA,NA,NA,0.2073186150306184,0.2686050478191449,0,318.1959387517155,0.2240648379300328,71.29652144639778,1.3083478152729322,NA
MPF,1984,per_species,416.31096129452675,0.43246236827893814,42.967115886879206,146.1629183718122,0.25204553628428744,0.2686050478191449,1,318.1959387517155,0.2240648379300328,71.29652144639778,1.3083478152729322,1.9300769021776645
MPF,1985,per_species,325.07416275523303,0.3567771003610085,43.398493538931675,97.54549352838752,0.23467428193168277,0.20973879899805037,1,318.1959387517155,0.2240648379300328,71.29652144639778,1.0216163161305605,1.592294014790562
MPF,1986,per_species,292.0569621275357,0.430552648803463,38.30318079067256,102.17621845396218,0.2076027243307778,0.18843600474569655,1,318.1959387517155,0.2240648379300328,71.29652144639778,0.9178525762248155,1.9215538358495534
MPF,1987,per_species,252.28650083239023,0.41769022237444364,39.55654665399957,86.13913717797259,0.164742807049585,0.16277598699176946,1,318.1959387517155,0.2240648379300328,71.29652144639778,0.7928652446731772,1.8641489054381346
MPF,1988,per_species,228.28910591942423,0.5216276797120774,41.05046191810009,92.78727474667508,0.12833622958629903,0.14729279772361104,1,318.1959387517155,0.2240648379300328,71.29652144639778,0.7174482075887068,2.32802114125092
MPF,1989,per_species,195.65786993163798,0.3789900870488996,41.184644269115495,61.71980577124332,0.1001282347847564,0.12623902898391112,1,318.1959387517155,0.2240648379300328,71.29652144639778,0.6148974455777309,1.6914304383949983
MPF,1990,per_species,191.72774086634152,0.4906527607025941,32.181220700988376,74.3469129190652,NA,0.12370329823534568,1,318.1959387517155,0.2240648379300328,71.29652144639778,0.6025461595094223,2.1897802673340783
MPF,1991,per_species,177.82236940436516,0.2462054876885631,24.16172219040604,38.80767542133105,0.11291315329193038,0.11473151196559936,1,318.1959387517155,0.2240648379300328,71.29652144639778,0.5588455028746229,1.0988135843315319
MPF,1992,per_species,197.16691184589857,0.3010459684987561,41.383570860886294,51.254770383728605,NA,0.12721266723326363,1,318.1959387517155,0.2240648379300328,71.29652144639778,0.6196399382700656,1.3435663144645733
MPF,1993,per_species,206.67128119004482,0.32825883231584996,30.465999619155767,57.8314625265299,NA,0.13334491408604132,1,318.1959387517155,0.2240648379300328,71.29652144639778,0.6495094877729032,1.4650171590883578
MPF,1994,per_species,210.835786698632,0.3006573321515873,34.86560962470483,54.74742996486089,NA,0.13603186520017682,1,318.1959387517155,0.2240648379300328,71.29652144639778,0.6625973528315352,1.3418318328263157
MPF,1995,per_species,218.6038304378036,0.3590762964869523,45.245638188354306,65.94816968760543,NA,0.14104382970270463,1,318.1959387517155,0.2240648379300328,71.29652144639778,0.6870101211705834,1.6025553130254135
MPF,1996,per_species,215.94242756918442,0.26752343104493903,35.906316204078124,50.687647916610594,NA,0.13932668480080587,1,318.1959387517155,0.2240648379300328,71.29652144639778,0.6786460833420055,1.1939554350266988
MPF,1997,per_species,228.11347115369313,0.2684927837634943,36.065577236584886,53.71366466538362,NA,0.14717947765992304,1,318.1959387517155,0.2240648379300328,71.29652144639778,0.7168962371065564,1.1982816502754203
MPF,1998,per_species,239.35278084958117,0.27903512266934705,43.860885701802694,58.27921108998355,NA,0.15443111309351995,1,318.1959387517155,0.2240648379300328,71.29652144639778,0.7522182143133677,1.245332044274075
MPF,1999,per_species,244.69131922537085,0.31480855200200164,38.63561982278455,66.08412610769322,NA,0.1578755536416487,1,318.1959387517155,0.2240648379300328,71.29652144639778,0.768995733211732,1.4049886403876755
MPF,2000,per_species,243.0048480483025,0.23798505457035546,36.00934036274008,51.46491024230849,NA,0.15678743751385457,1,318.1959387517155,0.2240648379300328,71.29652144639778,0.763695630439571,1.0621258416488777
MPF,2001,per_species,257.285896392497,0.26107636023251324,26.075892853852082,59.11861219272603,NA,0.16600161160495197,1,318.1959387517155,0.2240648379300328,71.29652144639778,0.8085769334512284,1.1651821974585668
MPF,2002,per_species,264.398428971534,0.3205254500017958,29.52639515754992,72.50662041606599,NA,0.17059063839292518,1,318.1959387517155,0.2240648379300328,71.29652144639778,0.8309296152828679,1.4305031211630095
MPF,2003,per_species,258.0213685329637,0.3547566814269638,34.80198389577822,77.05961113690566,0.17380519480519468,0.16647614037749603,1,318.1959387517155,0.2240648379300328,71.29652144639778,0.8108883147446287,1.5832768974565357
MPF,2004,per_species,244.47767150198206,0.38446232168390804,36.0934244968156,78.0332148703407,0.23283399209486164,0.15773770750668545,1,318.1959387517155,0.2240648379300328,71.29652144639778,0.7683242987357707,1.7158529880710756
MPF,2005,per_species,228.45586664372362,0.332052670966954,31.87453753802762,64.55031178635564,0.11832661290322578,0.14740039222985585,1,318.1959387517155,0.2240648379300328,71.29652144639778,0.7179722894640242,1.4819490377630864
MPF,2006,per_species,216.9248079643479,0.3098679379476419,34.17254824737696,57.8009549980997,0.1253849372384937,0.13996051950023095,1,318.1959387517155,0.2240648379300328,71.29652144639778,0.6817334275709023,1.3829387101085546
MPF,2007,per_species,214.36136105936745,0.3167628948802621,31.9308252795533,58.19836643280605,0.17824186046511625,0.13830657607209482,1,318.1959387517155,0.2240648379300328,71.29652144639778,0.6736772376803686,1.4137108606892417
MPF,2008,per_species,212.64484901371537,0.32089739207281465,38.43303229639912,58.3715024794855,0.1372822580645161,0.13719907748817375,1,318.1959387517155,0.2240648379300328,71.29652144639778,0.6682827249396153,1.432163096349009
MPF,2009,per_species,210.28786998658657,0.33362473757322864,35.55781963361972,59.65392867258892,0.10015289256198344,0.1356783477376958,1,318.1959387517155,0.2240648379300328,71.29652144639778,0.6608754052975883,1.4889651614030015
MPF,2010,per_species,202.91983112821885,0.35739647405319275,39.738015234540704,60.97840131104463,0.10226907630522082,0.1309244675522422,1,318.1959387517155,0.2240648379300328,71.29652144639778,0.6377197393664875,1.595058275787094
MPF,2011,per_species,196.29244847238044,0.35055015821555546,61.1005321955328,58.043577610111186,0.09471480375575088,0.1266484609113125,1,318.1959387517155,0.2240648379300328,71.29652144639778,0.6168917467722462,1.5645032101155443
MPF,2012,per_species,190.80298031706502,0.32939062845833433,53.90006521998966,53.54657468870581,0.2653379667441039,0.12310664002873184,1,318.1959387517155,0.2240648379300328,71.29652144639778,0.5996398981884753,1.4700683583436278
MPF,2013,per_species,189.8420938187691,0.35711731182419904,59.476259488875,57.01140117679248,0.11337955077709172,0.12248667325432602,1,318.1959387517155,0.2240648379300328,71.29652144639778,0.596620103209113,1.5938123764680723
MPF,2014,per_species,184.2169282985114,0.3849508792458183,61.05712641317083,58.86024477437597,0.05657093837215155,0.1188573000356601,1,318.1959387517155,0.2240648379300328,71.29652144639778,0.5789417961184403,1.7180334174790257
MPF,2015,per_species,176.17686389749352,0.610655606971517,24.069771913612538,80.51374975586431,0.14918956006837605,0.11366982700783233,1,318.1959387517155,0.2240648379300328,71.29652144639778,0.5536741436381506,2.7253522355979936
MPF,2016,per_species,146.53030227233074,0.5393340816506198,12.926141040153626,61.0831428132473,0.07872484909507044,0.09454177888188747,1,318.1959387517155,0.2240648379300328,71.29652144639778,0.46050337049294204,2.4070447047074564
MPF,2017,per_species,131.852417194011,0.5032335611902692,9.70718299845506,52.13806204656136,0.11957211972120065,0.0850715645712036,1,318.1959387517155,0.2240648379300328,71.29652144639778,0.41437492166389295,2.2459283028933372
MPF,2018,per_species,122.52549876205796,0.45339038771553675,4.6540865750637055,44.664219388183554,0.1108619298161498,0.07905380956511424,1,318.1959387517155,0.2240648379300328,71.29652144639778,0.38506305027878795,2.023478524805904
MPF,2019,per_species,118.98480102315528,0.4770241174846017,7.8611020284968935,45.13955415165386,0.11601638667606916,0.07676934104544379,1,318.1959387517155,0.2240648379300328,71.29652144639778,0.37393563692212206,2.1289557160841044
MPF,2020,per_species,113.80003526133162,0.3557296289069072,6.299328726640248,34.06467115540132,0.05797671431916668,0.0734241150368486,1,318.1959387517155,0.2240648379300328,71.29652144639778,0.35764138193519945,1.5876191561033262
MPF,2021,per_species,118.63259558871258,0.3476309519344172,7.203298059232459,34.835333649350964,0.05882532751091702,0.07654209707073202,1,318.1959387517155,0.2240648379300328,71.29652144639778,0.3728287546789847,1.5514748103536422
MPF,2022,per_species,123.25420133414097,0.3523121433819618,14.70255887188985,36.599024647578815,0.11967652359302516,0.07952397059237054,1,318.1959387517155,0.2240648379300328,71.29652144639778,0.38735315672999443,1.5723669391266824
MPF,2023,per_species,126.81261613155188,0.3894347510382792,16.41286265665853,40.90471697715805,0.06544736842105262,0.08181987020992278,1,318.1959387517155,0.2240648379300328,71.29652144639778,0.398536249799537,1.7380449098393802
NTU,1971,per_species,59.33561912428946,0.026827040104010713,2.53125294530225,1.570637065482172,0.9771614493618557,0.6889116225762388,1,38.54610690938054,0.7760619041911694,29.914165127250254,1.53934142464202,0.034568170347145835
NTU,1972,per_species,79.37217801535539,0.06341405298810532,2.4708815633269623,4.877040796033397,0.9303334508773676,0.9215445418953206,1,38.54610690938054,0.7760619041911694,29.914165127250254,2.0591490134646895,0.08171262195146274
NTU,1973,per_species,70.62467562434048,0.08560363069972698,2.7883425679991385,5.794188966992266,0.7654046511835734,0.8199823410685206,1,38.54610690938054,0.7760619041911694,29.914165127250254,1.8322129337308857,0.11030515766515453
NTU,1974,per_species,74.25639504289528,0.09952044827874307,3.6935811063133146,7.034201489231291,0.8502251767403818,0.862148138852436,1,38.54610690938054,0.7760619041911694,29.914165127250254,1.926430475001467,0.1282377703908372
NTU,1975,per_species,71.45434190810901,0.15953051022946507,4.635281342089064,10.53637460662826,0.6904504020370188,0.8296151173702312,1,38.54610690938054,0.7760619041911694,29.914165127250254,1.8537369305827345,0.20556415585910207
NTU,1976,per_species,69.3150827232314,0.20634930358003167,4.035750243044676,12.923876808454988,0.8434513153243868,0.8047774138471904,1,38.54610690938054,0.7760619041911694,29.914165127250254,1.7982382212083512,0.26589283981809925
NTU,1977,per_species,67.61143057395388,0.34698830361532007,5.783226347494325,19.82275224160098,0.6970770055961444,0.7849972921633531,1,38.54610690938054,0.7760619041911694,29.914165127250254,1.754040446494482,0.4471142079535005
NTU,1978,per_species,61.110801993780065,0.3657701431234015,3.3965122597198665,18.720547055010716,0.7687915818915709,0.7095222461618568,1,38.54610690938054,0.7760619041911694,29.914165127250254,1.5853949177655657,0.4713156787468083
NTU,1979,per_species,62.54542644488146,0.4247698250382941,7.174110126989509,21.645703428287597,0.7609869154774896,0.7261788425365497,1,38.54610690938054,0.7760619041911694,29.914165127250254,1.6226133184324372,0.5473401319460457
NTU,1980,per_species,59.695812180846055,0.4063041765056985,6.101914392450222,19.93198263446531,0.7103302127143958,0.6930936162369661,1,38.54610690938054,0.7760619041911694,29.914165127250254,1.548685897675403,0.5235460912479123
NTU,1981,per_species,61.153325819334704,0.5029435193537708,9.192651196896284,24.170977395305563,0.5729386322551904,0.7100159657537873,1,38.54610690938054,0.7760619041911694,29.914165127250254,1.58649811154995,0.6480713930649009
NTU,1982,per_species,57.09781525047833,0.5683588521871217,18.723601189627356,24.75451162247449,0.5943519720434376,0.6629297735542315,1,38.54610690938054,0.7760619041911694,29.914165127250254,1.4812861746248895,0.7323627781722891
NTU,1983,per_species,55.79921669422617,0.6957361915062608,56.232795151712466,27.971747313898604,0.5733616379977109,0.6478524953246256,1,38.54610690938054,0.7760619041911694,29.914165127250254,1.4475966879199136,0.8964957405445304
NTU,1984,per_species,52.0049849734541,1.0469358771862658,42.73286800208528,33.75062960876025,0.697058686759159,0.6037998610087683,1,38.54610690938054,0.7760619041911694,29.914165127250254,1.3491630969559267,1.3490365543421539
NTU,1985,per_species,44.57945500303307,0.9925898680086318,52.19728842672929,28.057613471537607,0.6490166387828434,0.5175863188580442,1,38.54610690938054,0.7760619041911694,29.914165127250254,1.1565228910882375,1.2790086237297438
NTU,1986,per_species,45.799811746442906,1.3945970178125582,57.604907353280915,34.44453028198083,0.57414737242723,0.5317551765632833,1,38.54610690938054,0.7760619041911694,29.914165127250254,1.188182553795001,1.7970177511368004
NTU,1987,per_species,40.41207139427013,1.5529878101668526,60.731571299775666,31.860280459577627,0.4556137213454794,0.4692012333700719,1,38.54610690938054,0.7760619041911694,29.914165127250254,1.0484086366822039,2.0011133155484733
NTU,1988,per_species,38.47682857447233,2.293101722287499,101.45473977024234,34.59248314650624,0.3549274665913786,0.44673224609493695,1,38.54610690938054,0.7760619041911694,29.914165127250254,0.9982027151257822,2.9547922786873886
NTU,1989,per_species,33.02838604011339,1.9133252221802577,83.98005088711852,28.153766040679482,0.2769152625176885,0.38347352490427705,1,38.54610690938054,0.7760619041911694,29.914165127250254,0.8568540039013807,2.4654286105879297
NTU,1990,per_species,33.087235682722444,2.962897605659319,102.56854625944976,31.3776518410803,NA,0.3841567941340615,1,38.54610690938054,0.7760619041911694,29.914165127250254,0.8583807376581101,3.8178624535723387
NTU,1991,per_species,29.63295528327566,1.6722912378617854,18.598243671018505,24.067405024550766,0.3122733118460516,0.34405113837556217,1,38.54610690938054,0.7760619041911694,29.914165127250254,0.7687664892576794,2.154842582570379
NTU,1992,per_species,32.46639182294889,2.4344848618149166,15.730003605536265,29.620943622925118,NA,0.37694853445605625,1,38.54610690938054,0.7760619041911694,29.914165127250254,0.8422742120047383,3.136972512975232
NTU,1993,per_species,30.734329949501156,3.0035517948083443,18.519251287912635,29.209582980350095,NA,0.3568385638641953,1,38.54610690938054,0.7760619041911694,29.914165127250254,0.7973394050339667,3.8702476936278933
NTU,1994,per_species,29.006261454956935,3.291649220556585,18.721637629970747,27.927447229710854,NA,0.3367749580896328,1,38.54610690938054,0.7760619041911694,29.914165127250254,0.7525081981209885,4.241477648599724
NTU,1995,per_species,27.915091426958558,4.3333520487069865,18.924023972028852,27.548748195712513,NA,0.3241060127648978,1,38.54610690938054,0.7760619041911694,29.914165127250254,0.7242000208369984,5.58377112096916
NTU,1996,per_species,26.797064485329347,3.4509141228724465,11.777960939561407,25.947151899915298,NA,0.311125247318963,1,38.54610690938054,0.7760619041911694,29.914165127250254,0.6951950957933976,4.446699553522181
NTU,1997,per_species,26.764412232241,4.080543406056542,10.707996539842256,26.31213968613176,NA,0.3107461408566415,1,38.54610690938054,0.7760619041911694,29.914165127250254,0.694347999790548,5.258012774521362
NTU,1998,per_species,26.33746611739614,4.929177223541202,6.363602713006182,26.14698167040943,NA,0.30578911596887065,1,38.54610690938054,0.7760619041911694,29.914165127250254,0.6832717550261005,6.351525821485221
NTU,1999,per_species,25.863155601604877,4.99999733137072,5.6509123140820305,25.688890564880456,NA,0.3002821703624841,1,38.54610690938054,0.7760619041911694,29.914165127250254,0.67096673763728,6.4427815672537605
NTU,2000,per_species,25.54200973394088,4.999663936220728,4.737772684116217,25.369851179565607,NA,0.2965535310722691,1,38.54610690938054,0.7760619041911694,29.914165127250254,0.6626352641523184,6.442351968599076
NTU,2001,per_species,25.05410089824409,4.9999998400648415,4.264170522310156,24.885287667279627,NA,0.29088870322299565,1,38.54610690938054,0.7760619041911694,29.914165127250254,0.6499774661328237,6.442784799849135
NTU,2002,per_species,25.110525302840912,4.999999999999979,4.617371795375382,24.9413319142289,NA,0.29154381441417193,1,38.54610690938054,0.7760619041911694,29.914165127250254,0.6514412820437138,6.442785005934676
NTU,2003,per_species,25.020423108134505,5,10.595398117583246,24.85183682333545,0.3968874458874457,0.29049768984230473,1,38.54610690938054,0.7760619041911694,29.914165127250254,0.6491037646669724,6.442785005934703
NTU,2004,per_species,24.95649449157415,5,6.894148081238616,24.788338954405557,0.37725296442687734,0.2897554515777743,1,38.54610690938054,0.7760619041911694,29.914165127250254,0.6474452673066385,6.442785005934703
NTU,2005,per_species,25.087487617359024,5,8.21317149448886,24.918449455451697,0.2851290322580644,0.29127633714638634,1,38.54610690938054,0.7760619041911694,29.914165127250254,0.6508436163563319,6.442785005934703
NTU,2006,per_species,24.6277417060505,5,6.5150786834450445,24.461801287726768,0.19346443514644343,0.2859384927553317,1,38.54610690938054,0.7760619041911694,29.914165127250254,0.6389164478775707,6.442785005934703
NTU,2007,per_species,24.720851193380234,5,6.541531516233725,24.55428340826596,0.415720930232558,0.2870195332659094,1,38.54610690938054,0.7760619041911694,29.914165127250254,0.6413319833179882,6.442785005934703
NTU,2008,per_species,25.196514235238368,5,11.183864806159876,25.026741457758767,0.3748346774193546,0.2925421822717221,1,38.54610690938054,0.7760619041911694,29.914165127250254,0.6536720892326112,6.442785005934703
NTU,2009,per_species,24.800045848840288,5,10.630985321201107,24.6329444543352,0.2532024793388429,0.2879390166958888,1,38.54610690938054,0.7760619041911694,29.914165127250254,0.643386526871407,6.442785005934703
NTU,2010,per_species,24.964552074316842,5,10.237837932751889,24.796342245583602,0.3257202375269699,0.28984900351981585,1,38.54610690938054,0.7760619041911694,29.914165127250254,0.6476543048304962,6.442785005934703
NTU,2011,per_species,24.925903742373908,5,11.16456628971439,24.75795432405301,0.1701867797868954,0.28940028004710877,1,38.54610690938054,0.7760619041911694,29.914165127250254,0.6466516528108307,6.442785005934703
NTU,2012,per_species,25.43866828535278,5,16.818054033783767,25.26726388671833,0.2339093444661894,0.29535369316584936,1,38.54610690938054,0.7760619041911694,29.914165127250254,0.6599542813793746,6.442785005934703
NTU,2013,per_species,25.959526872046684,5,20.214220678746845,25.784612955861153,0.48206645966290834,0.3014010815539344,1,38.54610690938054,0.7760619041911694,29.914165127250254,0.6734668933772194,6.442785005934703
NTU,2014,per_species,26.548141717275318,5,21.204738063592554,26.369261745459816,0.23426333990365156,0.30823514874803437,1,38.54610690938054,0.7760619041911694,29.914165127250254,0.6887373030871398,6.442785005934703
NTU,2015,per_species,27.08441935456695,5,21.222231621787927,26.901925972454727,0.23257557306410256,0.3144615588320693,1,38.54610690938054,0.7760619041911694,29.914165127250254,0.7026499308539954,6.442785005934703
NTU,2016,per_species,27.611178306783355,5,21.47987204555026,27.425135650769775,0.1993840475176056,0.3205774529582909,1,38.54610690938054,0.7760619041911694,29.914165127250254,0.7163156157817828,6.442785005934703
NTU,2017,per_species,27.77116580596458,5,24.33776102946128,27.584045162660978,0.5005212978763105,0.32243497545960637,1,38.54610690938054,0.7760619041911694,29.914165127250254,0.7204661646182021,6.442785005934703
NTU,2018,per_species,26.950221027207725,5,20.665315889067482,26.76863186631259,0.515669359008297,0.31290345951815796,1,38.54610690938054,0.7760619041911694,29.914165127250254,0.6991684293971889,6.442785005934703
NTU,2019,per_species,26.187647278538595,5,21.62213909391252,26.01119629914492,0.347744517636968,0.3040496559127846,1,38.54610690938054,0.7760619041911694,29.914165127250254,0.679385011308771,6.442785005934703
NTU,2020,per_species,26.578022213275638,5,19.21884220654894,26.398940908261924,0.3415946700420802,0.3085820739387844,1,38.54610690938054,0.7760619041911694,29.914165127250254,0.6895124915146136,6.442785005934703
NTU,2021,per_species,27.46181957051412,5,25.55696140398437,27.276783285749406,0.4298561958845015,0.3188433348877666,1,38.54610690938054,0.7760619041911694,29.914165127250254,0.7124408084861883,6.442785005934703
NTU,2022,per_species,28.014218025544505,5,25.352094438302128,27.82545970926744,0.262905487759869,0.3252569144809356,1,38.54610690938054,0.7760619041911694,29.914165127250254,0.7267716579369263,6.442785005934703
NTU,2023,per_species,28.17429743903817,5,27.51800634464764,27.984460516157366,0.31066452314777493,0.32711550414627594,1,38.54610690938054,0.7760619041911694,29.914165127250254,0.730924591302415,6.442785005934703
SAR,1971,per_species,262.90477681359465,NA,NA,NA,NA,0.5828037614114644,0,330.05406966643875,0.2980467239173868,98.37153417968304,0.7965506290508494,NA
SAR,1972,per_species,262.90477681359465,NA,NA,NA,2.401529112001412,0.5828037614114644,0,330.05406966643875,0.2980467239173868,98.37153417968304,0.7965506290508494,NA
SAR,1973,per_species,262.90477681359465,NA,NA,NA,1.9757878753528058,0.5828037614114644,0,330.05406966643875,0.2980467239173868,98.37153417968304,0.7965506290508494,NA
SAR,1974,per_species,262.90477681359465,NA,NA,NA,2.1947405113435177,0.5828037614114644,0,330.05406966643875,0.2980467239173868,98.37153417968304,0.7965506290508494,NA
SAR,1975,per_species,262.90477681359465,NA,NA,NA,1.78230368834018,0.5828037614114644,0,330.05406966643875,0.2980467239173868,98.37153417968304,0.7965506290508494,NA
SAR,1976,per_species,262.90477681359465,NA,NA,NA,2.177254710552593,0.5828037614114644,0,330.05406966643875,0.2980467239173868,98.37153417968304,0.7965506290508494,NA
SAR,1977,per_species,262.90477681359465,NA,NA,NA,1.7994093630269543,0.5828037614114644,0,330.05406966643875,0.2980467239173868,98.37153417968304,0.7965506290508494,NA
SAR,1978,per_species,262.90477681359465,NA,NA,NA,1.984530775748268,0.5828037614114644,0,330.05406966643875,0.2980467239173868,98.37153417968304,0.7965506290508494,NA
SAR,1979,per_species,262.90477681359465,NA,NA,NA,1.9643840922282896,0.5828037614114644,0,330.05406966643875,0.2980467239173868,98.37153417968304,0.7965506290508494,NA
SAR,1980,per_species,262.90477681359465,NA,NA,NA,1.833620712400503,0.5828037614114644,0,330.05406966643875,0.2980467239173868,98.37153417968304,0.7965506290508494,NA
SAR,1981,per_species,262.90477681359465,NA,NA,NA,1.478963057228048,0.5828037614114644,0,330.05406966643875,0.2980467239173868,98.37153417968304,0.7965506290508494,NA
SAR,1982,per_species,262.90477681359465,NA,NA,NA,1.5342386778543475,0.5828037614114644,0,330.05406966643875,0.2980467239173868,98.37153417968304,0.7965506290508494,NA
SAR,1983,per_species,262.90477681359465,NA,NA,NA,1.4800549889480654,0.5828037614114644,0,330.05406966643875,0.2980467239173868,98.37153417968304,0.7965506290508494,NA
SAR,1984,per_species,262.90477681359465,NA,NA,NA,1.7993620754439088,0.5828037614114644,0,330.05406966643875,0.2980467239173868,98.37153417968304,0.7965506290508494,NA
SAR,1985,per_species,262.90477681359465,NA,NA,NA,1.6753480708883544,0.5828037614114644,0,330.05406966643875,0.2980467239173868,98.37153417968304,0.7965506290508494,NA
SAR,1986,per_species,262.90477681359465,NA,NA,NA,1.482083255377712,0.5828037614114644,0,330.05406966643875,0.2980467239173868,98.37153417968304,0.7965506290508494,NA
SAR,1987,per_species,262.90477681359465,NA,NA,NA,1.17610477684812,0.5828037614114644,0,330.05406966643875,0.2980467239173868,98.37153417968304,0.7965506290508494,NA
SAR,1988,per_species,262.90477681359465,NA,NA,NA,0.9161969215062222,0.5828037614114644,0,330.05406966643875,0.2980467239173868,98.37153417968304,0.7965506290508494,NA
SAR,1989,per_species,262.90477681359465,NA,NA,NA,0.7148190402769925,0.5828037614114644,0,330.05406966643875,0.2980467239173868,98.37153417968304,0.7965506290508494,NA
SAR,1990,per_species,262.90477681359465,NA,NA,NA,NA,0.5828037614114644,0,330.05406966643875,0.2980467239173868,98.37153417968304,0.7965506290508494,NA
SAR,1991,per_species,262.90477681359465,NA,NA,NA,0.8060910296111038,0.5828037614114644,0,330.05406966643875,0.2980467239173868,98.37153417968304,0.7965506290508494,NA
SAR,1992,per_species,262.90477681359465,NA,NA,NA,NA,0.5828037614114644,0,330.05406966643875,0.2980467239173868,98.37153417968304,0.7965506290508494,NA
SAR,1993,per_species,262.90477681359465,NA,NA,NA,NA,0.5828037614114644,0,330.05406966643875,0.2980467239173868,98.37153417968304,0.7965506290508494,NA
SAR,1994,per_species,262.90477681359465,NA,NA,NA,NA,0.5828037614114644,0,330.05406966643875,0.2980467239173868,98.37153417968304,0.7965506290508494,NA
SAR,1995,per_species,262.90477681359465,NA,NA,NA,NA,0.5828037614114644,0,330.05406966643875,0.2980467239173868,98.37153417968304,0.7965506290508494,NA
SAR,1996,per_species,262.90477681359465,NA,NA,NA,NA,0.5828037614114644,0,330.05406966643875,0.2980467239173868,98.37153417968304,0.7965506290508494,NA
SAR,1997,per_species,262.90477681359465,NA,NA,NA,NA,0.5828037614114644,0,330.05406966643875,0.2980467239173868,98.37153417968304,0.7965506290508494,NA
SAR,1998,per_species,262.90477681359465,NA,NA,NA,NA,0.5828037614114644,0,330.05406966643875,0.2980467239173868,98.37153417968304,0.7965506290508494,NA
SAR,1999,per_species,262.90477681359465,NA,NA,NA,NA,0.5828037614114644,0,330.05406966643875,0.2980467239173868,98.37153417968304,0.7965506290508494,NA
SAR,2000,per_species,262.90477681359465,NA,NA,NA,NA,0.5828037614114644,0,330.05406966643875,0.2980467239173868,98.37153417968304,0.7965506290508494,NA
SAR,2001,per_species,262.90477681359465,NA,NA,NA,NA,0.5828037614114644,0,330.05406966643875,0.2980467239173868,98.37153417968304,0.7965506290508494,NA
SAR,2002,per_species,262.90477681359465,NA,NA,NA,NA,0.5828037614114644,0,330.05406966643875,0.2980467239173868,98.37153417968304,0.7965506290508494,NA
SAR,2003,per_species,262.90477681359465,NA,NA,NA,0.4684372294372294,0.5828037614114644,0,330.05406966643875,0.2980467239173868,98.37153417968304,0.7965506290508494,NA
SAR,2004,per_species,262.90477681359465,NA,NA,NA,0.6455849802371542,0.5828037614114644,0,330.05406966643875,0.2980467239173868,98.37153417968304,0.7965506290508494,NA
SAR,2005,per_species,262.90477681359465,NA,NA,NA,0.48249596774193537,0.5828037614114644,0,330.05406966643875,0.2980467239173868,98.37153417968304,0.7965506290508494,NA
SAR,2006,per_species,262.90477681359465,NA,NA,NA,0.4339037656903765,0.5828037614114644,0,330.05406966643875,0.2980467239173868,98.37153417968304,0.7965506290508494,NA
SAR,2007,per_species,262.90477681359465,NA,NA,NA,0.4710279069767441,0.5828037614114644,0,330.05406966643875,0.2980467239173868,98.37153417968304,0.7965506290508494,NA
SAR,2008,per_species,262.90477681359465,0.2949658052691291,59.7707651884745,67.15717255776515,0.7211129032258063,0.5828037614114644,1,330.05406966643875,0.2980467239173868,98.37153417968304,0.7965506290508494,0.9896629675784939
SAR,2009,per_species,288.67295067572314,0.26505762277912925,62.64573478361786,67.21410676168844,0.570784297520661,0.6399263014944884,1,330.05406966643875,0.2980467239173868,98.37153417968304,0.8746232123950587,0.8893156727084123
SAR,2010,per_species,316.7960396884291,0.2404345998655666,56.47755679658668,67.70372760634588,0.5156506024096383,0.702269185704369,1,330.05406966643875,0.2980467239173868,98.37153417968304,0.9598307332146865,0.8067010323260951
SAR,2011,per_species,344.6265355778643,0.22240450102580045,27.668619652264844,68.72147473094049,0.8944797573037847,0.7639634534270482,1,330.05406966643875,0.2980467239173868,98.37153417968304,1.0441517534571012,0.7462068299312928
SAR,2012,per_species,368.8459976799027,0.18469783793671812,37.728048038720495,62.20386730438091,0.8138371018072605,0.8176528301797514,1,330.05406966643875,0.2980467239173868,98.37153417968304,1.1175320396826742,0.6196942395780638
SAR,2013,per_species,399.4656135946498,0.17503969766383776,39.602265585560325,64.14471142704762,0.7238373368960961,0.885529981536121,1,330.05406966643875,0.2980467239173868,98.37153417968304,1.2103035541975296,0.5872894536910113
SAR,2014,per_species,424.96562076005023,0.16781931086434554,40.711802157710935,65.65438586968553,0.7653203032683538,0.9420580533046754,1,330.05406966643875,0.2980467239173868,98.37153417968304,1.2875636443129805,0.5630637661726556
SAR,2015,per_species,444.097892505304,0.24871416540424107,43.294070637240374,97.78909639629268,1.133882127504273,0.9844702151247173,1,330.05406966643875,0.2980467239173868,98.37153417968304,1.3455307275990291,0.8344804537196664
SAR,2016,per_species,427.71598688607645,0.1579905610799317,37.5790928930255,62.50733757959012,1.0930731531190845,0.9481550278174026,1,330.05406966643875,0.2980467239173868,98.37153417968304,1.295896721765429,0.5300865548977611
SAR,2017,per_species,448.27027202396596,0.11465273469244153,35.25484347224447,48.55854630457422,1.4374682284505669,0.9937194897365531,1,330.05406966643875,0.2980467239173868,98.37153417968304,1.3581722306196666,0.3846804057615517
SAR,2018,per_species,475.1945250782843,0.09987175669719672,31.83409096915612,45.16559314669229,0.9698245108921388,1.0534048105718474,1,330.05406966643875,0.2980467239173868,98.37153417968304,1.4397475103352861,0.3350875842033392
SAR,2019,per_species,498.8708131728412,0.09390569623875322,35.95503988173071,44.71448472551492,1.2096015716470407,1.1058900865147518,1,330.05406966643875,0.2980467239173868,98.37153417968304,1.5114820843657921,0.3150703856244439
SAR,2020,per_species,512.4848054214474,0.0710126943879743,28.53862332664002,35.130798631876054,1.285029171299113,1.1360694008143157,1,330.05406966643875,0.2980467239173868,98.37153417968304,1.5527298479893852,0.23826027494822508
SAR,2021,per_species,536.1312413604477,0.061067448380866196,16.17469282563001,31.760530053179945,1.7757065090593287,1.1884885009016293,1,330.05406966643875,0.2980467239173868,98.37153417968304,1.6243739757618378,0.2048921980360133
SAR,2022,per_species,553.9972206564557,0.0570180223066572,25.913680223580418,30.704162611239838,0.9396314451618436,1.2280935627084575,1,330.05406966643875,0.2980467239173868,98.37153417968304,1.678504437822384,0.19130565019215434
SAR,2023,per_species,561.2584625741401,0.05830320808896872,28.491079098148457,31.78750808427902,0.7877984966191535,1.244190185803083,1,330.05406966643875,0.2980467239173868,98.37153417968304,1.7005045965388719,0.19561767806959462
SCP,1971,per_species,140.14507427734668,NA,NA,NA,4.865921294493222,1.6068328492354915,0,332.2112058756,0.10741067504518402,35.6830298806728,0.42185534924377444,NA
SCP,1972,per_species,140.14507427734668,NA,NA,NA,4.6327342861918055,1.6068328492354915,0,332.2112058756,0.10741067504518402,35.6830298806728,0.42185534924377444,NA
SCP,1973,per_species,140.14507427734668,NA,NA,NA,3.8114467097843034,1.6068328492354915,0,332.2112058756,0.10741067504518402,35.6830298806728,0.42185534924377444,NA
SCP,1974,per_species,140.14507427734668,NA,NA,NA,4.233823177651019,1.6068328492354915,0,332.2112058756,0.10741067504518402,35.6830298806728,0.42185534924377444,NA
SCP,1975,per_species,140.14507427734668,NA,NA,NA,3.438200838006252,1.6068328492354915,0,332.2112058756,0.10741067504518402,35.6830298806728,0.42185534924377444,NA
SCP,1976,per_species,140.14507427734668,NA,NA,NA,4.200091723619997,1.6068328492354915,0,332.2112058756,0.10741067504518402,35.6830298806728,0.42185534924377444,NA
SCP,1977,per_species,140.14507427734668,NA,NA,NA,3.4711989995583385,1.6068328492354915,0,332.2112058756,0.10741067504518402,35.6830298806728,0.42185534924377444,NA
SCP,1978,per_species,140.14507427734668,NA,NA,NA,3.8283124367998154,1.6068328492354915,0,332.2112058756,0.10741067504518402,35.6830298806728,0.42185534924377444,NA
SCP,1979,per_species,140.14507427734668,NA,NA,NA,3.7894479354162462,1.6068328492354915,0,332.2112058756,0.10741067504518402,35.6830298806728,0.42185534924377444,NA
SCP,1980,per_species,140.14507427734668,NA,NA,NA,3.537195322662514,1.6068328492354915,0,332.2112058756,0.10741067504518402,35.6830298806728,0.42185534924377444,NA
SCP,1981,per_species,140.14507427734668,NA,NA,NA,2.853033439815907,1.6068328492354915,0,332.2112058756,0.10741067504518402,35.6830298806728,0.42185534924377444,NA
SCP,1982,per_species,140.14507427734668,NA,NA,NA,2.9596643615841542,1.6068328492354915,0,332.2112058756,0.10741067504518402,35.6830298806728,0.42185534924377444,NA
SCP,1983,per_species,140.14507427734668,NA,NA,NA,2.8551398600513425,1.6068328492354915,0,332.2112058756,0.10741067504518402,35.6830298806728,0.42185534924377444,NA
SCP,1984,per_species,140.14507427734668,NA,NA,NA,3.471107778175184,1.6068328492354915,0,332.2112058756,0.10741067504518402,35.6830298806728,0.42185534924377444,NA
SCP,1985,per_species,140.14507427734668,NA,NA,NA,3.231875229212385,1.6068328492354915,0,332.2112058756,0.10741067504518402,35.6830298806728,0.42185534924377444,NA
SCP,1986,per_species,140.14507427734668,NA,NA,NA,2.859052541926902,1.6068328492354915,0,332.2112058756,0.10741067504518402,35.6830298806728,0.42185534924377444,NA
SCP,1987,per_species,140.14507427734668,NA,NA,NA,2.2687965332710256,1.6068328492354915,0,332.2112058756,0.10741067504518402,35.6830298806728,0.42185534924377444,NA
SCP,1988,per_species,140.14507427734668,0.29004610144022624,22.14405330147681,35.284455356883925,1.7674142986457215,1.6068328492354915,1,332.2112058756,0.10741067504518402,35.6830298806728,0.42185534924377444,2.700347068093685
SCP,1989,per_species,127.9639150836619,0.21453464240348286,13.645628840302019,24.707674824180867,1.3789408838579995,1.4671698119499674,1,332.2112058756,0.10741067504518402,35.6830298806728,0.38518843681504034,1.9973307337770239
SCP,1990,per_species,124.52306711264418,0.2935773335826761,12.00238892343017,31.679719077701314,NA,1.42771878181162,1,332.2112058756,0.10741067504518402,35.6830298806728,0.3748310258964388,2.7332230568253864
SCP,1991,per_species,113.4204361139729,0.1462450251062517,3.9930754299438975,15.431305286350394,1.5550115682581902,1.3004216056989595,1,332.2112058756,0.10741067504518402,35.6830298806728,0.3414106270588728,1.3615501908421244
SCP,1992,per_species,117.41149704474968,0.18214119196369172,12.657694587859218,19.55093382848874,NA,1.3461811005648388,1,332.2112058756,0.10741067504518402,35.6830298806728,0.3534242523074783,1.6957457150983466
SCP,1993,per_species,117.9583269582614,0.18078930957094652,12.314099814570822,19.508987943056415,NA,1.3524507769876886,1,332.2112058756,0.10741067504518402,35.6830298806728,0.35507028321745454,1.6831596067606371
SCP,1994,per_species,118.65534790851794,0.1830701723971142,14.45861923888979,19.84988632165055,NA,1.3604424682066114,1,332.2112058756,0.10741067504518402,35.6830298806728,0.3571684091624221,1.7043945801486007
SCP,1995,per_species,119.07908484330395,0.19055591696742358,16.603138663208753,20.660275866905963,NA,1.3653008225209489,1,332.2112058756,0.10741067504518402,35.6830298806728,0.35844391380311946,1.7740873231386283
SCP,1996,per_species,118.73414177064453,0.11863246841097475,11.202874123034809,13.282294726186484,NA,1.3613458789517694,1,332.2112058756,0.10741067504518402,35.6830298806728,0.3574055891874574,1.1044755873759298
SCP,1997,per_species,125.71236453750667,0.1232310894969082,10.085527905044602,14.575174247386084,NA,1.4413546671942081,1,332.2112058756,0.10741067504518402,35.6830298806728,0.3784109696305097,1.1472890329110126
SCP,1998,per_species,132.28354615291397,0.1423090254824535,3.5266677131149344,17.546991625353275,NA,1.5166965265665397,1,332.2112058756,0.10741067504518402,35.6830298806728,0.39819110196556384,1.324905791929796
SCP,1999,per_species,136.92640196239316,0.180223392724419,18.33133178991309,22.581403941353038,NA,1.569929173289257,1,332.2112058756,0.10741067504518402,35.6830298806728,0.41216671665695315,1.6778908860651434
SCP,2000,per_species,136.8636473581865,0.13634677626228964,27.36523390715829,17.44463996408506,NA,1.569209660598569,1,332.2112058756,0.10741067504518402,35.6830298806728,0.4119778169356411,1.2693968844803665
SCP,2001,per_species,142.03862398944582,0.1482548371939032,31.26038943040074,19.571308341300433,NA,1.6285433367053543,1,332.2112058756,0.10741067504518402,35.6830298806728,0.42755518621076766,1.3802616651607247
SCP,2002,per_species,145.8750441990234,0.16828135900526764,24.42274048075925,22.593707394852984,NA,1.6725297989339207,1,332.2112058756,0.10741067504518402,35.6830298806728,0.4391033222812112,1.566709816640454
SCP,2003,per_species,147.2212989102209,0.18620705535952364,24.176861507846873,25.012648381900455,1.085307359307359,1.6879652775231235,1,332.2112058756,0.10741067504518402,35.6830298806728,0.4431557283632072,1.733599153726505
SCP,2004,per_species,144.9952892129905,0.19113721842006193,28.599684273824753,25.22639129215459,2.5774071146245054,1.6624429712796087,1,332.2112058756,0.10741067504518402,35.6830298806728,0.4364551425375023,1.7794992754645382
SCP,2005,per_species,143.35065518878457,0.17819968681688536,24.30995943759033,23.398365708810957,1.75216129032258,1.643586425741414,1,332.2112058756,0.10741067504518402,35.6830298806728,0.4315045749614591,1.659050059427732
SCP,2006,per_species,144.23844691062843,0.16965525972029116,23.000034699623697,22.50758575314192,1.7344225941422589,1.6537653985615,1,332.2112058756,0.10741067504518402,35.6830298806728,0.43417694635093085,1.5795009169146639
SCP,2007,per_species,146.1090697065494,0.17379106346688022,22.98452146351417,23.30841684978195,1.138623255813953,1.6752130175557014,1,332.2112058756,0.10741067504518402,35.6830298806728,0.43980777024499734,1.618005504515936
SCP,2008,per_species,147.4008063054438,0.17395386162855075,14.339002919774913,23.534651203656626,1.625983870967741,1.6900234189227565,1,332.2112058756,0.10741067504518402,35.6830298806728,0.4436960695439021,1.6195211654276847
SCP,2009,per_species,148.69227885495093,0.17756950909038594,17.185945859017497,24.191817853889013,1.431698512396694,1.7048307928325033,1,332.2112058756,0.10741067504518402,35.6830298806728,0.4475835740189641,1.6531830659819284
SCP,2010,per_species,149.42413414608194,0.18091471851059548,26.567417177861987,24.728719414699178,1.3683585781004493,1.7132218770624699,1,332.2112058756,0.10741067504518402,35.6830298806728,0.4497865559719722,1.6843271717125956
SCP,2011,per_species,149.7949250183967,0.19089667488719808,27.60399044686733,26.03166872911184,2.0679004632803353,1.7174731784863997,1,332.2112058756,0.10741067504518402,35.6830298806728,0.4509026859090629,1.7772598003587106
SCP,2012,per_species,148.63117980912332,0.18695440520529516,24.650559877002372,25.344357575535795,1.8263510605983355,1.7041302619405048,1,332.2112058756,0.10741067504518402,35.6830298806728,0.4473996577489919,1.7405570268192598
SCP,2013,per_species,148.0936976758605,0.2028131016856678,29.624496745859226,27.185439132538978,1.8654895914115532,1.6979677624587557,1,332.2112058756,0.10741067504518402,35.6830298806728,0.4457817649032458,1.888202467774746
SCP,2014,per_species,145.8191388126799,0.2089541659507148,31.215312989308742,27.49676124491117,1.9468351281500351,1.6718888159262113,1,332.2112058756,0.10741067504518402,35.6830298806728,0.4389350396183909,1.9453761543050996
SCP,2015,per_species,142.9357572140718,0.35593116951912496,22.44990472281572,42.80628111009382,1.6336057506538457,1.6388294144922682,1,332.2112058756,0.10741067504518402,35.6830298806728,0.430255676768458,3.313741109711831
SCP,2016,per_species,124.25591803148775,0.23618924061733093,20.58758377099562,26.139564704586213,1.394336493954225,1.4246557849745303,1,332.2112058756,0.10741067504518402,35.6830298806728,0.3740268715619927,2.1989363768356744
SCP,2017,per_species,118.69127639390227,0.17081802042881478,28.483320277843113,18.637501979784318,1.7570958168813389,1.3608544061276302,1,332.2112058756,0.10741067504518402,35.6830298806728,0.3572765586912426,1.5903262907244315
SCP,2018,per_species,118.54216051740998,0.17182987446174192,29.523431839591513,18.71514853964887,1.2441045134099813,1.3591447185775976,1,332.2112058756,0.10741067504518402,35.6830298806728,0.3568277000318868,1.5997467140901864
SCP,2019,per_species,118.2506685098533,0.17716129807755543,28.501992599731906,19.198627118305655,1.9560199988394813,1.355802618004696,1,332.2112058756,0.10741067504518402,35.6830298806728,0.3559502702450486,1.649382596311118
SCP,2020,per_species,117.65590118402633,0.15741476993297976,22.476705461251207,17.136625918709544,0.9518758645187639,1.3489833153519362,1,332.2112058756,0.10741067504518402,35.6830298806728,0.3541599413358857,1.4655412031137567
SCP,2021,per_species,118.82795151153594,0.14081651975828446,23.614001660164302,15.60820864669678,1.439682798305725,1.3624214542013446,1,332.2112058756,0.10741067504518402,35.6830298806728,0.357687969008584,1.3110104717156628
SCP,2022,per_species,120.95588889520316,0.14370783668013232,13.072799365648391,16.191062676586476,1.3023615838579825,1.3868193126835204,1,332.2112058756,0.10741067504518402,35.6830298806728,0.3640933441013918,1.3379288103317413
SCP,2023,per_species,124.85576712216978,0.1625841596284312,17.047260021775326,18.735287546732877,1.2720672101834425,1.431533352584109,1,332.2112058756,0.10741067504518402,35.6830298806728,0.37583249726056306,1.5136685395565903
ANC,1971,dsir_group,318.73313457874366,NA,NA,NA,NA,5.050305759374441,0,599.6668839483686,0.2861687257180497,171.60590803481827,0.5315169856973235,NA
ANC,1972,dsir_group,318.73313457874366,NA,NA,NA,16.17089495242375,5.050305759374441,0,599.6668839483686,0.2861687257180497,171.60590803481827,0.5315169856973235,NA
ANC,1973,dsir_group,318.73313457874366,NA,NA,NA,13.30413111418653,5.050305759374441,0,599.6668839483686,0.2861687257180497,171.60590803481827,0.5315169856973235,NA
ANC,1974,dsir_group,318.73313457874366,NA,NA,NA,14.778466802422814,5.050305759374441,0,599.6668839483686,0.2861687257180497,171.60590803481827,0.5315169856973235,NA
ANC,1975,dsir_group,318.73313457874366,NA,NA,NA,12.001289334130506,5.050305759374441,0,599.6668839483686,0.2861687257180497,171.60590803481827,0.5315169856973235,NA
ANC,1976,dsir_group,318.73313457874366,NA,NA,NA,14.660724716209504,5.050305759374441,0,599.6668839483686,0.2861687257180497,171.60590803481827,0.5315169856973235,NA
ANC,1977,dsir_group,318.73313457874366,NA,NA,NA,12.116471809773966,5.050305759374441,0,599.6668839483686,0.2861687257180497,171.60590803481827,0.5315169856973235,NA
ANC,1978,dsir_group,318.73313457874366,NA,NA,NA,13.363002157293186,5.050305759374441,0,599.6668839483686,0.2861687257180497,171.60590803481827,0.5315169856973235,NA
ANC,1979,dsir_group,318.73313457874366,NA,NA,NA,13.22734279709089,5.050305759374441,0,599.6668839483686,0.2861687257180497,171.60590803481827,0.5315169856973235,NA
ANC,1980,dsir_group,318.73313457874366,NA,NA,NA,12.346836761060883,5.050305759374441,0,599.6668839483686,0.2861687257180497,171.60590803481827,0.5315169856973235,NA
ANC,1981,dsir_group,318.73313457874366,NA,NA,NA,9.958720099386484,5.050305759374441,0,599.6668839483686,0.2861687257180497,171.60590803481827,0.5315169856973235,NA
ANC,1982,dsir_group,318.73313457874366,NA,NA,NA,10.330923063785692,5.050305759374441,0,599.6668839483686,0.2861687257180497,171.60590803481827,0.5315169856973235,NA
ANC,1983,dsir_group,318.73313457874366,NA,NA,NA,9.966072711957942,5.050305759374441,0,599.6668839483686,0.2861687257180497,171.60590803481827,0.5315169856973235,NA
ANC,1984,dsir_group,318.73313457874366,NA,NA,NA,12.11615339492146,5.050305759374441,0,599.6668839483686,0.2861687257180497,171.60590803481827,0.5315169856973235,NA
ANC,1985,dsir_group,318.73313457874366,NA,NA,NA,11.281094835657951,5.050305759374441,0,599.6668839483686,0.2861687257180497,171.60590803481827,0.5315169856973235,NA
ANC,1986,dsir_group,318.73313457874366,NA,NA,NA,9.97973021175898,5.050305759374441,0,599.6668839483686,0.2861687257180497,171.60590803481827,0.5315169856973235,NA
ANC,1987,dsir_group,318.73313457874366,NA,NA,NA,7.919398813202289,5.050305759374441,0,599.6668839483686,0.2861687257180497,171.60590803481827,0.5315169856973235,NA
ANC,1988,dsir_group,318.73313457874366,NA,NA,NA,6.169287767269189,5.050305759374441,0,599.6668839483686,0.2861687257180497,171.60590803481827,0.5315169856973235,NA
ANC,1989,dsir_group,318.73313457874366,NA,NA,NA,4.813293144166062,5.050305759374441,0,599.6668839483686,0.2861687257180497,171.60590803481827,0.5315169856973235,NA
ANC,1990,dsir_group,318.73313457874366,NA,NA,NA,NA,5.050305759374441,0,599.6668839483686,0.2861687257180497,171.60590803481827,0.5315169856973235,NA
ANC,1991,dsir_group,318.73313457874366,NA,NA,NA,5.427880635212803,5.050305759374441,0,599.6668839483686,0.2861687257180497,171.60590803481827,0.5315169856973235,NA
ANC,1992,dsir_group,318.73313457874366,NA,NA,NA,NA,5.050305759374441,0,599.6668839483686,0.2861687257180497,171.60590803481827,0.5315169856973235,NA
ANC,1993,dsir_group,318.73313457874366,NA,NA,NA,NA,5.050305759374441,0,599.6668839483686,0.2861687257180497,171.60590803481827,0.5315169856973235,NA
ANC,1994,dsir_group,318.73313457874366,NA,NA,NA,NA,5.050305759374441,0,599.6668839483686,0.2861687257180497,171.60590803481827,0.5315169856973235,NA
ANC,1995,dsir_group,318.73313457874366,NA,NA,NA,NA,5.050305759374441,0,599.6668839483686,0.2861687257180497,171.60590803481827,0.5315169856973235,NA
ANC,1996,dsir_group,318.73313457874366,NA,NA,NA,NA,5.050305759374441,0,599.6668839483686,0.2861687257180497,171.60590803481827,0.5315169856973235,NA
ANC,1997,dsir_group,318.73313457874366,NA,NA,NA,NA,5.050305759374441,0,599.6668839483686,0.2861687257180497,171.60590803481827,0.5315169856973235,NA
ANC,1998,dsir_group,318.73313457874366,NA,NA,NA,NA,5.050305759374441,0,599.6668839483686,0.2861687257180497,171.60590803481827,0.5315169856973235,NA
ANC,1999,dsir_group,318.73313457874366,NA,NA,NA,NA,5.050305759374441,0,599.6668839483686,0.2861687257180497,171.60590803481827,0.5315169856973235,NA
ANC,2000,dsir_group,318.73313457874366,NA,NA,NA,NA,5.050305759374441,0,599.6668839483686,0.2861687257180497,171.60590803481827,0.5315169856973235,NA
ANC,2001,dsir_group,318.73313457874366,0.5245116289969953,59.07378840254825,130.09273500813865,NA,5.050305759374441,1,599.6668839483686,0.2861687257180497,171.60590803481827,0.5315169856973235,1.8328754397633762
ANC,2002,dsir_group,313.87573052671564,0.6090732614829131,60.516048655113245,143.17295600818792,NA,4.973340508516579,1,599.6668839483686,0.2861687257180497,171.60590803481827,0.5234168151158741,2.128371155704163
ANC,2003,dsir_group,294.5510242565424,0.791595798086103,65.09730700298701,161.08373183466148,4.619813852813851,4.667141796219336,1,599.6668839483686,0.2861687257180497,171.60590803481827,0.4911910798160788,2.7661855644771958
ANC,2004,dsir_group,252.95200975350332,0.5730928558654611,69.21864450729872,110.3429654721024,3.889292490118572,4.00800812062372,1,599.6668839483686,0.2861687257180497,171.60590803481827,0.4218208750965186,2.0026397169273698
ANC,2005,dsir_group,247.6085612480264,0.6420948175389922,64.5718748182197,117.31966031890266,3.284314516129031,3.9233415270554146,1,599.6668839483686,0.2861687257180497,171.60590803481827,0.4129101804283485,2.2437630664492034
ANC,2006,dsir_group,230.94070133661515,0.5936775261273626,60.70978522322353,103.39388970450676,3.0604728033472792,3.659240372281214,1,599.6668839483686,0.2861687257180497,171.60590803481827,0.3851149821981818,2.0745716522227124
ANC,2007,dsir_group,221.09098467079033,0.5056133670222076,56.38354556889612,87.74315899302329,3.461148837209301,3.503172253190407,1,599.6668839483686,0.2861687257180497,171.60590803481827,0.36868966852908003,1.7668365603317804
ANC,2008,dsir_group,221.92697039964298,0.4945254443712699,53.47939635857474,86.58253247217995,4.5688346774193525,3.516418392619116,1,599.6668839483686,0.2861687257180497,171.60590803481827,0.37008375206317196,1.7280904582791676
ANC,2009,dsir_group,216.415914457402,0.47116989043847557,50.20688425750259,81.31362439574623,6.26608909090909,3.429096070130996,1,599.6668839483686,0.2861687257180497,171.60590803481827,0.3608935564899986,1.6464758308449818
ANC,2010,dsir_group,217.98774453397397,0.44255795848718993,49.99311436581805,77.95435582002438,4.443626735838689,3.4540016153262294,1,599.6668839483686,0.2861687257180497,171.60590803481827,0.3635147285417594,1.5464930955565848
ANC,2011,dsir_group,227.0981963460837,0.42764197139583704,49.151555037471255,79.01999294437842,2.6398291142673544,3.598356130955775,1,599.6668839483686,0.2861687257180497,171.60590803481827,0.37870724968303715,1.494370044535108
ANC,2012,dsir_group,233.2267288307318,0.27834612420149885,47.28348759595372,56.66599091663749,1.6210895000512866,3.695462329044148,1,599.6668839483686,0.2861687257180497,171.60590803481827,0.38892714450913823,0.972664373100441
ANC,2013,dsir_group,271.3132968755511,0.2325511060759995,41.43733386245384,56.29500046434118,5.25953372129402,4.298941519263191,1,599.6668839483686,0.2861687257180497,171.60590803481827,0.45244001984760457,0.8126363406500351
ANC,2014,dsir_group,325.0347031862027,0.25032311530077056,47.80050220407145,71.97920113513827,3.881145234022571,5.150153703559489,1,599.6668839483686,0.2861687257180497,171.60590803481827,0.5420254342645812,0.8747395952253835
ANC,2015,dsir_group,375.6185524346476,0.2156455347840751,35.153258184059965,72.86212709517663,2.93538333759829,5.951651500543746,1,599.6668839483686,0.2861687257180497,171.60590803481827,0.6263786820467284,0.753560803134518
ANC,2016,dsir_group,430.48032682083976,0.42032659661225047,50.086899276701985,147.72695846375188,6.891503458917371,6.8209327427286155,1,599.6668839483686,0.2861687257180497,171.60590803481827,0.7178657657171946,1.4688068920095099
ANC,2017,dsir_group,433.69321985215686,0.30695435233044055,47.840635655870976,114.63197798841533,13.891529698336257,6.87184082356483,1,599.6668839483686,0.2861687257180497,171.60590803481827,0.7232235620493225,1.072634165596663
ANC,2018,dsir_group,473.54152764144425,0.24181543451680643,47.91563930383419,101.71620625128836,17.190188776339156,7.503234665298737,1,599.6668839483686,0.2861687257180497,171.60590803481827,0.78967430137799,0.8450099985945259
ANC,2019,dsir_group,529.4493604803263,0.24168609991265022,47.487002058204745,113.67137707043793,11.169724519839384,8.38909063554018,1,599.6668839483686,0.2861687257180497,171.60590803481827,0.8829057842819146,0.8445580463281429
ANC,2020,dsir_group,579.2508277640186,0.18730498925100747,40.37138740689973,98.94136844190527,5.958320968763964,9.17819164124686,1,599.6668839483686,0.2861687257180497,171.60590803481827,0.9659543377651185,0.6545264119306713
ANC,2021,dsir_group,647.4812227882427,0.16914003981909076,46.40023632532494,100.75413429148858,10.34666461209007,10.259297806787682,1,599.6668839483686,0.2861687257180497,171.60590803481827,1.079734832987694,0.5910500506115316
ANC,2022,dsir_group,713.3516473743812,0.16368330945120846,55.464190470807395,107.70835673118539,9.670712896110878,11.30301039443404,1,599.6668839483686,0.2861687257180497,171.60590803481827,1.1895798592002969,0.5719818231027765
ANC,2023,dsir_group,765.7380341890433,0.17451818605280778,51.413918652641755,122.62407868069364,11.620189588654467,12.133069281761749,1,599.6668839483686,0.2861687257180497,171.60590803481827,1.2769390051143352,0.609843670425235
CMA,1971,dsir_group,319.3270198572586,NA,NA,NA,0.04971053422961269,0.007482518887233095,0,191.2188081806086,0.29297946584705015,56.02318428066425,1.6699561245860826,NA
CMA,1972,dsir_group,319.3270198572586,NA,NA,NA,0.04732828222500525,0.007482518887233095,0,191.2188081806086,0.29297946584705015,56.02318428066425,1.6699561245860826,NA
CMA,1973,dsir_group,319.3270198572586,NA,NA,NA,0.03893796069934382,0.007482518887233095,0,191.2188081806086,0.29297946584705015,56.02318428066425,1.6699561245860826,NA
CMA,1974,dsir_group,319.3270198572586,NA,NA,NA,0.04325298319825541,0.007482518887233095,0,191.2188081806086,0.29297946584705015,56.02318428066425,1.6699561245860826,NA
CMA,1975,dsir_group,319.3270198572586,NA,NA,NA,0.03512485922027091,0.007482518887233095,0,191.2188081806086,0.29297946584705015,56.02318428066425,1.6699561245860826,NA
CMA,1976,dsir_group,319.3270198572586,NA,NA,NA,0.04290838070702289,0.007482518887233095,0,191.2188081806086,0.29297946584705015,56.02318428066425,1.6699561245860826,NA
CMA,1977,dsir_group,319.3270198572586,NA,NA,NA,0.03546197035299838,0.007482518887233095,0,191.2188081806086,0.29297946584705015,56.02318428066425,1.6699561245860826,NA
CMA,1978,dsir_group,319.3270198572586,NA,NA,NA,0.03911026194496009,0.007482518887233095,0,191.2188081806086,0.29297946584705015,56.02318428066425,1.6699561245860826,NA
CMA,1979,dsir_group,319.3270198572586,NA,NA,NA,0.03871321994419217,0.007482518887233095,0,191.2188081806086,0.29297946584705015,56.02318428066425,1.6699561245860826,NA
CMA,1980,dsir_group,319.3270198572586,NA,NA,NA,0.03613619261845331,0.007482518887233095,0,191.2188081806086,0.29297946584705015,56.02318428066425,1.6699561245860826,NA
CMA,1981,dsir_group,319.3270198572586,NA,NA,NA,0.02914675513323715,0.007482518887233095,0,191.2188081806086,0.29297946584705015,56.02318428066425,1.6699561245860826,NA
CMA,1982,dsir_group,319.3270198572586,NA,NA,NA,0.03023610281596567,0.007482518887233095,0,191.2188081806086,0.29297946584705015,56.02318428066425,1.6699561245860826,NA
CMA,1983,dsir_group,319.3270198572586,NA,NA,NA,0.029168274444561406,0.007482518887233095,0,191.2188081806086,0.29297946584705015,56.02318428066425,1.6699561245860826,NA
CMA,1984,dsir_group,319.3270198572586,NA,NA,NA,0.03546103843005606,0.007482518887233095,0,191.2188081806086,0.29297946584705015,56.02318428066425,1.6699561245860826,NA
CMA,1985,dsir_group,319.3270198572586,NA,NA,NA,0.03301702483133401,0.007482518887233095,0,191.2188081806086,0.29297946584705015,56.02318428066425,1.6699561245860826,NA
CMA,1986,dsir_group,319.3270198572586,NA,NA,NA,0.02920824662958724,0.007482518887233095,0,191.2188081806086,0.29297946584705015,56.02318428066425,1.6699561245860826,NA
CMA,1987,dsir_group,319.3270198572586,NA,NA,NA,0.02317815700283375,0.007482518887233095,0,191.2188081806086,0.29297946584705015,56.02318428066425,1.6699561245860826,NA
CMA,1988,dsir_group,319.3270198572586,NA,NA,NA,0.0180560070073812,0.007482518887233095,0,191.2188081806086,0.29297946584705015,56.02318428066425,1.6699561245860826,NA
CMA,1989,dsir_group,319.3270198572586,NA,NA,NA,0.01408734006553113,0.007482518887233095,0,191.2188081806086,0.29297946584705015,56.02318428066425,1.6699561245860826,NA
CMA,1990,dsir_group,319.3270198572586,NA,NA,NA,NA,0.007482518887233095,0,191.2188081806086,0.29297946584705015,56.02318428066425,1.6699561245860826,NA
CMA,1991,dsir_group,319.3270198572586,NA,NA,NA,0.01588608839169339,0.007482518887233095,0,191.2188081806086,0.29297946584705015,56.02318428066425,1.6699561245860826,NA
CMA,1992,dsir_group,319.3270198572586,NA,NA,NA,NA,0.007482518887233095,0,191.2188081806086,0.29297946584705015,56.02318428066425,1.6699561245860826,NA
CMA,1993,dsir_group,319.3270198572586,NA,NA,NA,NA,0.007482518887233095,0,191.2188081806086,0.29297946584705015,56.02318428066425,1.6699561245860826,NA
CMA,1994,dsir_group,319.3270198572586,NA,NA,NA,NA,0.007482518887233095,0,191.2188081806086,0.29297946584705015,56.02318428066425,1.6699561245860826,NA
CMA,1995,dsir_group,319.3270198572586,NA,NA,NA,NA,0.007482518887233095,0,191.2188081806086,0.29297946584705015,56.02318428066425,1.6699561245860826,NA
CMA,1996,dsir_group,319.3270198572586,NA,NA,NA,NA,0.007482518887233095,0,191.2188081806086,0.29297946584705015,56.02318428066425,1.6699561245860826,NA
CMA,1997,dsir_group,319.3270198572586,NA,NA,NA,NA,0.007482518887233095,0,191.2188081806086,0.29297946584705015,56.02318428066425,1.6699561245860826,NA
CMA,1998,dsir_group,319.3270198572586,NA,NA,NA,NA,0.007482518887233095,0,191.2188081806086,0.29297946584705015,56.02318428066425,1.6699561245860826,NA
CMA,1999,dsir_group,319.3270198572586,NA,NA,NA,NA,0.007482518887233095,0,191.2188081806086,0.29297946584705015,56.02318428066425,1.6699561245860826,NA
CMA,2000,dsir_group,319.3270198572586,NA,NA,NA,NA,0.007482518887233095,0,191.2188081806086,0.29297946584705015,56.02318428066425,1.6699561245860826,NA
CMA,2001,dsir_group,319.3270198572586,NA,NA,NA,NA,0.007482518887233095,0,191.2188081806086,0.29297946584705015,56.02318428066425,1.6699561245860826,NA
CMA,2002,dsir_group,319.3270198572586,NA,NA,NA,NA,0.007482518887233095,0,191.2188081806086,0.29297946584705015,56.02318428066425,1.6699561245860826,NA
CMA,2003,dsir_group,319.3270198572586,NA,NA,NA,0.0014502164502164499,0.007482518887233095,0,191.2188081806086,0.29297946584705015,56.02318428066425,1.6699561245860826,NA
CMA,2004,dsir_group,319.3270198572586,NA,NA,NA,0.01075098814229249,0.007482518887233095,0,191.2188081806086,0.29297946584705015,56.02318428066425,1.6699561245860826,NA
CMA,2005,dsir_group,319.3270198572586,NA,NA,NA,0.04241935483870967,0.007482518887233095,0,191.2188081806086,0.29297946584705015,56.02318428066425,1.6699561245860826,NA
CMA,2006,dsir_group,319.3270198572586,NA,NA,NA,0.026966527196652705,0.007482518887233095,0,191.2188081806086,0.29297946584705015,56.02318428066425,1.6699561245860826,NA
CMA,2007,dsir_group,319.3270198572586,NA,NA,NA,0.01339534883720929,0.007482518887233095,0,191.2188081806086,0.29297946584705015,56.02318428066425,1.6699561245860826,NA
CMA,2008,dsir_group,319.3270198572586,NA,NA,NA,0.0139516129032258,0.007482518887233095,0,191.2188081806086,0.29297946584705015,56.02318428066425,1.6699561245860826,NA
CMA,2009,dsir_group,319.3270198572586,0.05982330033641947,5.421575219718612,18.543014202998435,0.01735537190082644,0.007482518887233095,1,191.2188081806086,0.29297946584705015,56.02318428066425,1.6699561245860826,0.20418939656218163
CMA,2010,dsir_group,329.80708332716,0.06258678490995617,8.16594429234029,20.008888016053323,0.00935341365461847,0.007728089314965741,1,191.2188081806086,0.29297946584705015,56.02318428066425,1.724762780738875,0.21362174556844057
CMA,2011,dsir_group,333.4861667255095,0.06382390207669175,15.574835872289679,20.61938472252691,0.00293172690763052,0.007814298152001084,1,191.2188081806086,0.29297946584705015,56.02318428066425,1.7440029560822679,0.2178442843841179
CMA,2012,dsir_group,335.88627299521323,0.061291801167898896,13.152114506432845,19.9688599604886,NA,0.007870537804074536,1,191.2188081806086,0.29297946584705015,56.02318428066425,1.7565545784490215,0.20920169606663241
CMA,2013,dsir_group,338.10573876345717,0.06740180629272974,15.996519591811477,22.03789789223564,NA,0.00792254466067526,1,191.2188081806086,0.29297946584705015,56.02318428066425,1.7681615212459227,0.23005641742796007
CMA,2014,dsir_group,338.08779801216656,0.07206950059099171,16.282377061481583,23.50852067020882,NA,0.00792212427028536,1,191.2188081806086,0.29297946584705015,56.02318428066425,1.7680676980939989,0.24598823123193067
CMA,2015,dsir_group,336.85921486435274,0.1185094979818313,15.483084292288396,37.64624757287146,NA,0.007893335924682277,1,191.2188081806086,0.29297946584705015,56.02318428066425,1.76164268603842,0.4044976245662867
CMA,2016,dsir_group,320.5980296595709,0.09661387085741602,15.00473832842373,29.524992200924217,NA,0.00751230138060278,1,191.2188081806086,0.29297946584705015,56.02318428066425,1.6766030115445651,0.32976328418815964
CMA,2017,dsir_group,319.2114288746523,0.08663528795365849,12.530715203588306,26.490884117464276,NA,0.007479810341896304,1,191.2188081806086,0.29297946584705015,56.02318428066425,1.6693516287014667,0.2957043003105427
CMA,2018,dsir_group,319.01920131034814,0.0813766894249639,17.577732347043113,24.9325066271754,NA,0.007475306036619551,1,191.2188081806086,0.29297946584705015,56.02318428066425,1.6683463532992553,0.27775560717093595
CMA,2019,dsir_group,322.8330397410127,0.0868420818880038,17.85614241060825,26.852649522483233,NA,0.007564672473894604,1,191.2188081806086,0.29297946584705015,56.02318428066425,1.6882912450541623,0.29641013112277187
CMA,2020,dsir_group,322.28338030582483,0.06766417096567867,14.417242695008088,21.085622825705983,NA,0.007551792771114746,1,191.2188081806086,0.29297946584705015,56.02318428066425,1.6854167399758297,0.23095192275694412
CMA,2021,dsir_group,328.98518635394316,0.06595825090891871,13.846852996186106,20.999141643940394,NA,0.007708830501138451,1,191.2188081806086,0.29297946584705015,56.02318428066425,1.7204645792123778,0.22512926193725877
CMA,2022,dsir_group,333.08709470220583,0.06796311532820898,8.41351045457868,21.885509506301034,NA,0.0078049470361666925,1,191.2188081806086,0.29297946584705015,56.02318428066425,1.7419159646032354,0.2319722821929408
CMA,2023,dsir_group,336.35302927744414,0.07659674941970707,11.588791844088455,24.801564257714,NA,0.007881474907671623,1,191.2188081806086,0.29297946584705015,56.02318428066425,1.7589955322792015,0.2614406753669705
DMF,1971,dsir_group,345.2481315538584,NA,NA,NA,1.6747497608281137,1.0166657425088228,0,257.12016694084105,0.20636288772729572,53.060060142836306,1.3427501065417948,NA
DMF,1972,dsir_group,345.2481315538584,NA,NA,NA,1.5944916015309247,1.0166657425088228,0,257.12016694084105,0.20636288772729572,53.060060142836306,1.3427501065417948,NA
DMF,1973,dsir_group,345.2481315538584,NA,NA,NA,1.3118213549496314,1.0166657425088228,0,257.12016694084105,0.20636288772729572,53.060060142836306,1.3427501065417948,NA
DMF,1974,dsir_group,345.2481315538584,NA,NA,NA,1.457194624620011,1.0166657425088228,0,257.12016694084105,0.20636288772729572,53.060060142836306,1.3427501065417948,NA
DMF,1975,dsir_group,345.2481315538584,NA,NA,NA,1.183357823244383,1.0166657425088228,0,257.12016694084105,0.20636288772729572,53.060060142836306,1.3427501065417948,NA
DMF,1976,dsir_group,345.2481315538584,NA,NA,NA,1.4455849537782792,1.0166657425088228,0,257.12016694084105,0.20636288772729572,53.060060142836306,1.3427501065417948,NA
DMF,1977,dsir_group,345.2481315538584,0.18681530116690848,26.79928346075031,58.83133537446131,1.1947151099373816,1.0166657425088228,1,257.12016694084105,0.20636288772729572,53.060060142836306,1.3427501065417948,0.9052756686259451
DMF,1978,dsir_group,332.9530738380042,0.18346151210150818,21.213679289981247,55.80829178096731,1.317626190370497,0.9804600028119294,1,257.12016694084105,0.20636288772729572,53.060060142836306,1.2949317737282389,0.8890237683819814
DMF,1979,dsir_group,324.67031285507744,0.1858122630078114,21.786546379687135,55.05451290838987,1.3042498304876324,0.9560694310025157,1,257.12016694084105,0.20636288772729572,53.060060142836306,1.2627181940566277,0.9004151136582197
DMF,1980,dsir_group,317.0483382282842,0.1649790993052136,20.907050750482522,48.21942970044386,1.2174296833233784,0.9336247027473438,1,257.12016694084105,0.20636288772729572,53.060060142836306,1.2330745658749964,0.799461090713317
DMF,1981,dsir_group,314.6018163421732,0.1704587712409058,20.782686986984647,49.305071096612025,0.9819552725552118,0.9264203335919988,1,257.12016694084105,0.20636288772729572,53.060060142836306,1.223559474487109,0.8260146633834836
DMF,1982,dsir_group,310.3354961886109,0.1885549439223988,18.601427060633824,53.329603309810345,1.0186554368037275,0.9138571329537206,1,257.12016694084105,0.20636288772729572,53.060060142836306,1.2069667653102207,0.9137056861288463
DMF,1983,dsir_group,307.99054490064117,0.2015098384313756,18.822843281348902,56.209649730648245,0.9826802589600454,0.9069518627308206,1,257.12016694084105,0.20636288772729572,53.060060142836306,1.197846705550345,0.9764829357188812
DMF,1984,dsir_group,301.2998643483662,0.19563175133549127,19.625718621052386,53.53646780413942,1.1946837134185362,0.8872495527401673,1,257.12016694084105,0.20636288772729572,53.060060142836306,1.1718250961531547,0.9479987098940705
DMF,1985,dsir_group,299.33502666896715,0.2073950849770112,20.181609248776432,56.06589902367597,1.1123448037014454,0.8814636180002888,1,257.12016694084105,0.20636288772729572,53.060060142836306,1.1641833864312907,1.00500185503839
DMF,1986,dsir_group,293.92842663630427,0.25571230831949077,28.567775271168713,66.32062430290587,0.9840269233713064,0.8655425903848275,1,257.12016694084105,0.20636288772729572,53.060060142836306,1.1431558641758823,1.2391390289973518
DMF,1987,dsir_group,279.34459745787683,0.2728882976116891,41.486557968047094,66.71368901552623,0.7808729779011012,0.8225970154049531,1,257.12016694084105,0.20636288772729572,53.060060142836306,1.086435967981264,1.3223709971160382
DMF,1988,dsir_group,264.68307730065567,0.2651574614003067,38.86372250207531,61.648618144849664,0.6083075526295348,0.7794226607462834,1,257.12016694084105,0.20636288772729572,53.060060142836306,1.0294139135401026,1.2849086593065455
DMF,1989,dsir_group,255.5492972940217,0.25708846242448136,36.299781556054185,57.933076099802335,0.4746030146543525,0.7525260597695794,1,257.12016694084105,0.20636288772729572,53.060060142836306,0.9938905233863636,1.245807641363395
DMF,1990,dsir_group,250.12150009149775,0.2676465360360032,33.145554847705434,58.73398181356204,NA,0.7365426120149013,1,257.12016694084105,0.20636288772729572,53.060060142836306,0.9727805604180649,1.2969702982141467
DMF,1991,dsir_group,243.63107817377792,0.24809204528444262,42.500540378600135,53.52864266718631,0.5352029131610898,0.7174300114963239,1,257.12016694084105,0.20636288772729572,53.060060142836306,0.9475378033253739,1.202212510285721
DMF,1992,dsir_group,242.5372511382694,0.22923428293807113,35.343146945557066,49.68564200457635,NA,0.7142089760334338,1,257.12016694084105,0.20636288772729572,53.060060142836306,0.9432836561360551,1.1108309515468668
DMF,1993,dsir_group,244.78453412660153,0.2456286422934557,47.58939161828267,53.31097459392846,NA,0.7208266385756675,1,257.12016694084105,0.20636288772729572,53.060060142836306,0.95202386121242,1.190275271869857
DMF,1994,dsir_group,243.44921745446322,0.27729020162609874,47.45847111902108,58.95499163872337,NA,0.7168944790883622,1,257.12016694084105,0.20636288772729572,53.060060142836306,0.9468305047829124,1.34370188690387
DMF,1995,dsir_group,236.84503970239197,0.28364532082922445,47.329562198951386,58.49274722370166,NA,0.6974468972933472,1,257.12016694084105,0.20636288772729572,53.060060142836306,0.9211453248507184,1.3744977304449038
DMF,1996,dsir_group,230.07460411965232,0.2741598593254517,38.755351582914074,55.16946535680044,NA,0.6775097295298185,1,257.12016694084105,0.20636288772729572,53.060060142836306,0.8948135296310248,1.3285327722674065
DMF,1997,dsir_group,225.60194153462177,0.27984821573255303,35.12258598759734,55.06977994679013,NA,0.6643389042235788,1,257.12016694084105,0.20636288772729572,53.060060142836306,0.8774183068515544,1.3560975949433633
DMF,1998,dsir_group,220.6843406337964,0.3243215416564249,37.4627372783487,61.125650795400304,NA,0.6498578515711049,1,257.12016694084105,0.20636288772729572,53.060060142836306,0.8582926157035831,1.571607885643707
DMF,1999,dsir_group,208.97625794742146,0.3065401863698236,33.92659147621822,55.17204319536135,NA,0.615380600313798,1,257.12016694084105,0.20636288772729572,53.060060142836306,0.8127571650009986,1.4854424152801646
DMF,2000,dsir_group,203.89630192384791,0.2872884171785115,32.425498820324876,50.91386498963428,NA,0.6004214541502138,1,257.12016694084105,0.20636288772729572,53.060060142836306,0.7930000371023443,1.3921515653442358
DMF,2001,dsir_group,202.39496076383497,0.2929664097901421,31.971200292200262,51.39876695963933,NA,0.5960003958280907,1,257.12016694084105,0.20636288772729572,53.060060142836306,0.7871609729096146,1.4196661668026818
DMF,2002,dsir_group,198.7525740237215,0.2986146681121431,29.72800896940147,51.308928813528595,NA,0.5852745164352747,1,257.12016694084105,0.20636288772729572,53.060060142836306,0.7729948855760158,1.4470366808723678
DMF,2003,dsir_group,194.74580333790732,0.3166808177285887,34.01906974761843,52.86116550074239,0.218073593073593,0.5734756213159238,1,257.12016694084105,0.20636288772729572,53.060060142836306,0.7574116245137434,1.5345822168716492
DMF,2004,dsir_group,187.5240892007893,0.2992816944694141,30.503439807143362,48.50300334537192,0.34598023715415,0.5522095558564089,1,257.12016694084105,0.20636288772729572,53.060060142836306,0.7293247022662963,1.4502689789111145
DMF,2005,dsir_group,184.88801905292613,0.2896860853231731,32.57943564243958,46.499614980399386,0.46099677419354823,0.5444470164847379,1,257.12016694084105,0.20636288772729572,53.060060142836306,0.7190724136993334,1.403770263701617
DMF,2006,dsir_group,181.91634984901975,0.27904539285993213,30.25096986151851,44.29561928118205,0.7168786610878658,0.5356962253824586,1,257.12016694084105,0.20636288772729572,53.060060142836306,0.707514902519784,1.352207249729345
DMF,2007,dsir_group,180.83405290213653,0.2654147613455793,25.54266529532654,42.15462235437869,0.6185069767441858,0.5325091430247184,1,257.12016694084105,0.20636288772729572,53.060060142836306,0.7033055985209568,1.2861554917583795
DMF,2008,dsir_group,183.33985638371192,0.2711496547359724,29.224576962431172,43.54278031686906,0.6899838709677415,0.5398880810242123,1,257.12016694084105,0.20636288772729572,53.060060142836306,0.7130512497912903,1.3139458248630977
DMF,2009,dsir_group,184.46828878819142,0.29770158493582066,31.9018929025056,47.49636249157612,0.5510971900826442,0.5432110202772295,1,257.12016694084105,0.20636288772729572,53.060060142836306,0.7174399852915249,1.4426120326888774
DMF,2010,dsir_group,186.87161818127896,0.311416752600997,34.597202337910524,50.005241839183284,0.42898203996489354,0.5502881988007444,1,257.12016694084105,0.20636288772729572,53.060060142836306,0.7267870910502128,1.5090734386917855
DMF,2011,dsir_group,185.79275147035796,0.26122003967564034,45.07127044507891,42.71162699807669,0.3355715582423232,0.5471112175936631,1,257.12016694084105,0.20636288772729572,53.060060142836306,0.7225911280351093,1.2658285729207144
DMF,2012,dsir_group,191.27008466075904,0.23380870378819818,36.401405349353695,39.87728503776189,1.1035647590943034,0.5632405359187895,1,257.12016694084105,0.20636288772729572,53.060060142836306,0.7438937479562504,1.1329978290339275
DMF,2013,dsir_group,204.33095971889045,0.2517384562430971,44.04102980932101,45.47425390581058,0.45009393262987313,0.6017014080429265,1,257.12016694084105,0.20636288772729572,53.060060142836306,0.7946905221398036,1.219882407227041
DMF,2014,dsir_group,212.6699645031385,0.2473848588773997,37.60377638055158,46.60872338028409,0.5441553134091036,0.6262576031846795,1,257.12016694084105,0.20636288772729572,53.060060142836306,0.827122847007447,1.1987856033702806
DMF,2015,dsir_group,221.67499488431747,0.24307610789046485,32.713649228342604,47.83484219168406,0.5828982109829055,0.6527750700789721,1,257.12016694084105,0.20636288772729572,53.060060142836306,0.8621454999884202,1.177906117555812
DMF,2016,dsir_group,228.02930290081707,0.26953659882520853,21.833117668516135,53.8757246815036,0.2810601831082906,0.6714868506428491,1,257.12016694084105,0.20636288772729572,53.060060142836306,0.8868588785308417,1.3061292260137178
DMF,2017,dsir_group,228.56929627556232,0.3335053780677608,22.210783828148728,64.82041341474768,0.4091229897537634,0.6730769903571885,1,257.12016694084105,0.20636288772729572,53.060060142836306,0.8889590380833574,1.6161112191281277
DMF,2018,dsir_group,218.7006262003263,0.3415012547417726,24.859676316730752,63.26952781494898,1.055181899380611,0.6440163297115876,1,257.12016694084105,0.20636288772729572,53.060060142836306,0.8505774899043433,1.6548578986404738
DMF,2019,dsir_group,209.65750115022183,0.34754997263689713,25.29061802401262,61.55193863746112,0.5974387098186917,0.6173866839484493,1,257.12016694084105,0.20636288772729572,53.060060142836306,0.8154066779151572,1.6841689727475475
DMF,2020,dsir_group,199.6043977875025,0.3065279763731237,20.071719812630572,52.69597472803949,2.9020302341101365,0.5877829153522895,1,257.12016694084105,0.20636288772729572,53.060060142836306,0.7763078258790492,1.4853832476806297
DMF,2021,dsir_group,200.35704251509853,0.2992775084053596,19.64360068108855,51.82161794005039,0.3833456358538275,0.5899992578633493,1,257.12016694084105,0.20636288772729572,53.060060142836306,0.7792350358935372,1.4502486939456316
DMF,2022,dsir_group,203.50045755709104,0.28865731728156874,17.562161055269485,51.02388890833301,1.0582687169226213,0.5992557956852843,1,257.12016694084105,0.20636288772729572,53.060060142836306,0.7914605064950546,1.3987850260315382
DMF,2023,dsir_group,209.31928093387495,0.30800448792696145,17.703146530543897,55.48802540573489,0.49158609242439266,0.6163907135840735,1,257.12016694084105,0.20636288772729572,53.060060142836306,0.8140912610018479,1.4925381754396798
LPF,1971,dsir_group,412.94283143308957,NA,NA,NA,12.837852733417394,3.4525159184226135,0,317.3379326864037,0.18460622000390822,58.582556217091664,1.3012715748708288,NA
LPF,1972,dsir_group,412.94283143308957,NA,NA,NA,12.222631012649396,3.4525159184226135,0,317.3379326864037,0.18460622000390822,58.582556217091664,1.3012715748708288,NA
LPF,1973,dsir_group,412.94283143308957,NA,NA,NA,10.055812373466518,3.4525159184226135,0,317.3379326864037,0.18460622000390822,58.582556217091664,1.3012715748708288,NA
LPF,1974,dsir_group,412.94283143308957,NA,NA,NA,11.170176245046283,3.4525159184226135,0,317.3379326864037,0.18460622000390822,58.582556217091664,1.3012715748708288,NA
LPF,1975,dsir_group,412.94283143308957,NA,NA,NA,9.071070688337873,3.4525159184226135,0,317.3379326864037,0.18460622000390822,58.582556217091664,1.3012715748708288,NA
LPF,1976,dsir_group,412.94283143308957,NA,NA,NA,11.081181908079843,3.4525159184226135,0,317.3379326864037,0.18460622000390822,58.582556217091664,1.3012715748708288,NA
LPF,1977,dsir_group,412.94283143308957,NA,NA,NA,9.15813036580504,3.4525159184226135,0,317.3379326864037,0.18460622000390822,58.582556217091664,1.3012715748708288,NA
LPF,1978,dsir_group,412.94283143308957,NA,NA,NA,10.100309541949738,3.4525159184226135,0,317.3379326864037,0.18460622000390822,58.582556217091664,1.3012715748708288,NA
LPF,1979,dsir_group,412.94283143308957,NA,NA,NA,9.997772588488406,3.4525159184226135,0,317.3379326864037,0.18460622000390822,58.582556217091664,1.3012715748708288,NA
LPF,1980,dsir_group,412.94283143308957,NA,NA,NA,9.332249720739378,3.4525159184226135,0,317.3379326864037,0.18460622000390822,58.582556217091664,1.3012715748708288,NA
LPF,1981,dsir_group,412.94283143308957,NA,NA,NA,7.527212407920071,3.4525159184226135,0,317.3379326864037,0.18460622000390822,58.582556217091664,1.3012715748708288,NA
LPF,1982,dsir_group,412.94283143308957,NA,NA,NA,7.808538797649906,3.4525159184226135,0,317.3379326864037,0.18460622000390822,58.582556217091664,1.3012715748708288,NA
LPF,1983,dsir_group,412.94283143308957,NA,NA,NA,7.532769816505329,3.4525159184226135,0,317.3379326864037,0.18460622000390822,58.582556217091664,1.3012715748708288,NA
LPF,1984,dsir_group,412.94283143308957,NA,NA,NA,9.157889694694225,3.4525159184226135,0,317.3379326864037,0.18460622000390822,58.582556217091664,1.3012715748708288,NA
LPF,1985,dsir_group,412.94283143308957,NA,NA,NA,8.526717908972948,3.4525159184226135,0,317.3379326864037,0.18460622000390822,58.582556217091664,1.3012715748708288,NA
LPF,1986,dsir_group,412.94283143308957,NA,NA,NA,7.543092719542827,3.4525159184226135,0,317.3379326864037,0.18460622000390822,58.582556217091664,1.3012715748708288,NA
LPF,1987,dsir_group,412.94283143308957,NA,NA,NA,5.985809061314631,3.4525159184226135,0,317.3379326864037,0.18460622000390822,58.582556217091664,1.3012715748708288,NA
LPF,1988,dsir_group,412.94283143308957,NA,NA,NA,4.66300277208102,3.4525159184226135,0,317.3379326864037,0.18460622000390822,58.582556217091664,1.3012715748708288,NA
LPF,1989,dsir_group,412.94283143308957,NA,NA,NA,3.63808597050091,3.4525159184226135,0,317.3379326864037,0.18460622000390822,58.582556217091664,1.3012715748708288,NA
LPF,1990,dsir_group,412.94283143308957,NA,NA,NA,NA,3.4525159184226135,0,317.3379326864037,0.18460622000390822,58.582556217091664,1.3012715748708288,NA
LPF,1991,dsir_group,412.94283143308957,NA,NA,NA,4.102616607188298,3.4525159184226135,0,317.3379326864037,0.18460622000390822,58.582556217091664,1.3012715748708288,NA
LPF,1992,dsir_group,412.94283143308957,NA,NA,NA,NA,3.4525159184226135,0,317.3379326864037,0.18460622000390822,58.582556217091664,1.3012715748708288,NA
LPF,1993,dsir_group,412.94283143308957,NA,NA,NA,NA,3.4525159184226135,0,317.3379326864037,0.18460622000390822,58.582556217091664,1.3012715748708288,NA
LPF,1994,dsir_group,412.94283143308957,NA,NA,NA,NA,3.4525159184226135,0,317.3379326864037,0.18460622000390822,58.582556217091664,1.3012715748708288,NA
LPF,1995,dsir_group,412.94283143308957,NA,NA,NA,NA,3.4525159184226135,0,317.3379326864037,0.18460622000390822,58.582556217091664,1.3012715748708288,NA
LPF,1996,dsir_group,412.94283143308957,NA,NA,NA,NA,3.4525159184226135,0,317.3379326864037,0.18460622000390822,58.582556217091664,1.3012715748708288,NA
LPF,1997,dsir_group,412.94283143308957,NA,NA,NA,NA,3.4525159184226135,0,317.3379326864037,0.18460622000390822,58.582556217091664,1.3012715748708288,NA
LPF,1998,dsir_group,412.94283143308957,NA,NA,NA,NA,3.4525159184226135,0,317.3379326864037,0.18460622000390822,58.582556217091664,1.3012715748708288,NA
LPF,1999,dsir_group,412.94283143308957,NA,NA,NA,NA,3.4525159184226135,0,317.3379326864037,0.18460622000390822,58.582556217091664,1.3012715748708288,NA
LPF,2000,dsir_group,412.94283143308957,NA,NA,NA,NA,3.4525159184226135,0,317.3379326864037,0.18460622000390822,58.582556217091664,1.3012715748708288,NA
LPF,2001,dsir_group,412.94283143308957,NA,NA,NA,NA,3.4525159184226135,0,317.3379326864037,0.18460622000390822,58.582556217091664,1.3012715748708288,NA
LPF,2002,dsir_group,412.94283143308957,NA,NA,NA,NA,3.4525159184226135,0,317.3379326864037,0.18460622000390822,58.582556217091664,1.3012715748708288,NA
LPF,2003,dsir_group,412.94283143308957,NA,NA,NA,4.2929523809523795,3.4525159184226135,0,317.3379326864037,0.18460622000390822,58.582556217091664,1.3012715748708288,NA
LPF,2004,dsir_group,412.94283143308957,NA,NA,NA,5.040936758893278,3.4525159184226135,0,317.3379326864037,0.18460622000390822,58.582556217091664,1.3012715748708288,NA
LPF,2005,dsir_group,412.94283143308957,NA,NA,NA,5.613892558651024,3.4525159184226135,0,317.3379326864037,0.18460622000390822,58.582556217091664,1.3012715748708288,NA
LPF,2006,dsir_group,412.94283143308957,NA,NA,NA,4.4988577405857715,3.4525159184226135,0,317.3379326864037,0.18460622000390822,58.582556217091664,1.3012715748708288,NA
LPF,2007,dsir_group,412.94283143308957,NA,NA,NA,3.260753488372092,3.4525159184226135,0,317.3379326864037,0.18460622000390822,58.582556217091664,1.3012715748708288,NA
LPF,2008,dsir_group,412.94283143308957,NA,NA,NA,5.151786290322578,3.4525159184226135,0,317.3379326864037,0.18460622000390822,58.582556217091664,1.3012715748708288,NA
LPF,2009,dsir_group,412.94283143308957,0.08113651018537649,12.563731668001074,32.181538700389254,3.838990082644627,3.4525159184226135,1,317.3379326864037,0.18460622000390822,58.582556217091664,1.3012715748708288,0.43951124823236604
LPF,2010,dsir_group,432.2574279402965,0.08120268625272065,20.138731835907038,33.71314244803208,3.9598712754406598,3.6140006248349263,1,317.3379326864037,0.18460622000390822,58.582556217091664,1.3621360178439725,0.439869719725595
LPF,2011,dsir_group,446.62967547221496,0.08129971560114413,18.895703382386863,34.874034424575115,3.256608175500181,3.7341635374958733,1,317.3379326864037,0.18460622000390822,58.582556217091664,1.4074260574249677,0.4403953214546236
LPF,2012,dsir_group,458.2326410008448,0.07682594606546722,16.338154188598097,33.88583530264767,3.2112040456180293,3.8311731478806323,1,317.3379326864037,0.18460622000390822,58.582556217091664,1.443989494485283,0.4161612001147132
LPF,2013,dsir_group,469.63245361026435,0.08478948751128357,19.01979891213768,38.17845892038063,3.2479481672462156,3.9264842454591196,1,317.3379326864037,0.18460622000390822,58.582556217091664,1.4799127530535705,0.45929919105373873
LPF,2014,dsir_group,474.02510930046066,0.08663216939961682,19.26548726193327,39.33728676941686,3.9187252951440303,3.9632101855654556,1,317.3379326864037,0.18460622000390822,58.582556217091664,1.4937549548130973,0.4692808801230141
LPF,2015,dsir_group,477.2232954713104,0.1369865974460991,34.37752732924832,61.09321343475534,4.5032520155213644,3.9899494526611403,1,317.3379326864037,0.18460622000390822,58.582556217091664,1.5038331265077816,0.7420475726289125
LPF,2016,dsir_group,458.4221135893139,0.09459477909875957,40.3384344433379,41.37648956105716,4.291889781332916,3.8327572827244905,1,317.3379326864037,0.18460622000390822,58.582556217091664,1.4445865633161823,0.5124138238503391
LPF,2017,dsir_group,452.2156447210534,0.0846095603307182,31.119328095982905,36.687812964660125,4.207916584287845,3.78086648590281,1,317.3379326864037,0.18460622000390822,58.582556217091664,1.425028646568821,0.4583245371089174
LPF,2018,dsir_group,447.1019415293157,0.08719848980758105,37.27736117574365,37.33517491508057,3.606002657964865,3.7381120406681223,1,317.3379326864037,0.18460622000390822,58.582556217091664,1.4089142692284002,0.4723486012862135
LPF,2019,dsir_group,447.7208941391396,0.08946713959656094,24.174792487410233,38.316709521281005,4.604601765476088,3.7432869549068566,1,317.3379326864037,0.18460622000390822,58.582556217091664,1.410864721872319,0.48463773102914337
LPF,2020,dsir_group,442.95952787883726,0.08200468206398881,19.41618454307346,34.87524668745604,3.391696528557638,3.7034783142044985,1,317.3379326864037,0.18460622000390822,58.582556217091664,1.395860633895835,0.44421407936445867
LPF,2021,dsir_group,436.8850112738968,0.076143650833842,21.061206095159392,32.03106420642497,4.970937032567688,3.6526907385914376,1,317.3379326864037,0.18460622000390822,58.582556217091664,1.3767185270776647,0.4124652508037378
LPF,2022,dsir_group,438.4964514352122,0.0775205991923551,10.013460823447776,32.70834416798841,3.0040670153152296,3.6661636030778344,1,317.3379326864037,0.18460622000390822,58.582556217091664,1.3817965212136756,0.4199240913481352
LPF,2023,dsir_group,447.50303332669193,0.08667204335639678,11.468437228630997,37.15269739577021,2.971088139469183,3.7414654729347254,1,317.3379326864037,0.18460622000390822,58.582556217091664,1.4101781956489854,0.46949687477790225
MPF,1971,dsir_group,678.8984064384638,NA,NA,NA,0.35332632132570485,0.09004704901319933,0,402.218117033323,0.5054609294501969,203.3055432773715,1.6878861933069473,NA
MPF,1972,dsir_group,678.8984064384638,NA,NA,NA,0.3363940483114808,0.09004704901319933,0,402.218117033323,0.5054609294501969,203.3055432773715,1.6878861933069473,NA
MPF,1973,dsir_group,678.8984064384638,NA,NA,NA,0.27675836977081736,0.09004704901319933,0,402.218117033323,0.5054609294501969,203.3055432773715,1.6878861933069473,NA
MPF,1974,dsir_group,678.8984064384638,NA,NA,NA,0.3074281473060157,0.09004704901319933,0,402.218117033323,0.5054609294501969,203.3055432773715,1.6878861933069473,NA
MPF,1975,dsir_group,678.8984064384638,NA,NA,NA,0.24965608371974812,0.09004704901319933,0,402.218117033323,0.5054609294501969,203.3055432773715,1.6878861933069473,NA
MPF,1976,dsir_group,678.8984064384638,NA,NA,NA,0.3049788247945242,0.09004704901319933,0,402.218117033323,0.5054609294501969,203.3055432773715,1.6878861933069473,NA
MPF,1977,dsir_group,678.8984064384638,NA,NA,NA,0.25205216008968545,0.09004704901319933,0,402.218117033323,0.5054609294501969,203.3055432773715,1.6878861933069473,NA
MPF,1978,dsir_group,678.8984064384638,NA,NA,NA,0.2779830310265632,0.09004704901319933,0,402.218117033323,0.5054609294501969,203.3055432773715,1.6878861933069473,NA
MPF,1979,dsir_group,678.8984064384638,NA,NA,NA,0.27516098552419255,0.09004704901319933,0,402.218117033323,0.5054609294501969,203.3055432773715,1.6878861933069473,NA
MPF,1980,dsir_group,678.8984064384638,NA,NA,NA,0.2568443128295602,0.09004704901319933,0,402.218117033323,0.5054609294501969,203.3055432773715,1.6878861933069473,NA
MPF,1981,dsir_group,678.8984064384638,NA,NA,NA,0.20716566275952547,0.09004704901319933,0,402.218117033323,0.5054609294501969,203.3055432773715,1.6878861933069473,NA
MPF,1982,dsir_group,678.8984064384638,NA,NA,NA,0.21490839204916296,0.09004704901319933,0,402.218117033323,0.5054609294501969,203.3055432773715,1.6878861933069473,NA
MPF,1983,dsir_group,678.8984064384638,NA,NA,NA,0.2073186150306184,0.09004704901319933,0,402.218117033323,0.5054609294501969,203.3055432773715,1.6878861933069473,NA
MPF,1984,dsir_group,678.8984064384638,NA,NA,NA,0.25204553628428744,0.09004704901319933,0,402.218117033323,0.5054609294501969,203.3055432773715,1.6878861933069473,NA
MPF,1985,dsir_group,678.8984064384638,NA,NA,NA,0.2346742819316828,0.09004704901319933,0,402.218117033323,0.5054609294501969,203.3055432773715,1.6878861933069473,NA
MPF,1986,dsir_group,678.8984064384638,NA,NA,NA,0.2076027243307778,0.09004704901319933,0,402.218117033323,0.5054609294501969,203.3055432773715,1.6878861933069473,NA
MPF,1987,dsir_group,678.8984064384638,NA,NA,NA,0.164742807049585,0.09004704901319933,0,402.218117033323,0.5054609294501969,203.3055432773715,1.6878861933069473,NA
MPF,1988,dsir_group,678.8984064384638,NA,NA,NA,0.12833622958629903,0.09004704901319933,0,402.218117033323,0.5054609294501969,203.3055432773715,1.6878861933069473,NA
MPF,1989,dsir_group,678.8984064384638,NA,NA,NA,0.1001282347847564,0.09004704901319933,0,402.218117033323,0.5054609294501969,203.3055432773715,1.6878861933069473,NA
MPF,1990,dsir_group,678.8984064384638,NA,NA,NA,NA,0.09004704901319933,0,402.218117033323,0.5054609294501969,203.3055432773715,1.6878861933069473,NA
MPF,1991,dsir_group,678.8984064384638,NA,NA,NA,0.11291315329193037,0.09004704901319933,0,402.218117033323,0.5054609294501969,203.3055432773715,1.6878861933069473,NA
MPF,1992,dsir_group,678.8984064384638,NA,NA,NA,NA,0.09004704901319933,0,402.218117033323,0.5054609294501969,203.3055432773715,1.6878861933069473,NA
MPF,1993,dsir_group,678.8984064384638,NA,NA,NA,NA,0.09004704901319933,0,402.218117033323,0.5054609294501969,203.3055432773715,1.6878861933069473,NA
MPF,1994,dsir_group,678.8984064384638,NA,NA,NA,NA,0.09004704901319933,0,402.218117033323,0.5054609294501969,203.3055432773715,1.6878861933069473,NA
MPF,1995,dsir_group,678.8984064384638,NA,NA,NA,NA,0.09004704901319933,0,402.218117033323,0.5054609294501969,203.3055432773715,1.6878861933069473,NA
MPF,1996,dsir_group,678.8984064384638,NA,NA,NA,NA,0.09004704901319933,0,402.218117033323,0.5054609294501969,203.3055432773715,1.6878861933069473,NA
MPF,1997,dsir_group,678.8984064384638,NA,NA,NA,NA,0.09004704901319933,0,402.218117033323,0.5054609294501969,203.3055432773715,1.6878861933069473,NA
MPF,1998,dsir_group,678.8984064384638,NA,NA,NA,NA,0.09004704901319933,0,402.218117033323,0.5054609294501969,203.3055432773715,1.6878861933069473,NA
MPF,1999,dsir_group,678.8984064384638,NA,NA,NA,NA,0.09004704901319933,0,402.218117033323,0.5054609294501969,203.3055432773715,1.6878861933069473,NA
MPF,2000,dsir_group,678.8984064384638,NA,NA,NA,NA,0.09004704901319933,0,402.218117033323,0.5054609294501969,203.3055432773715,1.6878861933069473,NA
MPF,2001,dsir_group,678.8984064384638,NA,NA,NA,NA,0.09004704901319933,0,402.218117033323,0.5054609294501969,203.3055432773715,1.6878861933069473,NA
MPF,2002,dsir_group,678.8984064384638,NA,NA,NA,NA,0.09004704901319933,0,402.218117033323,0.5054609294501969,203.3055432773715,1.6878861933069473,NA
MPF,2003,dsir_group,678.8984064384638,NA,NA,NA,0.17380519480519468,0.09004704901319933,0,402.218117033323,0.5054609294501969,203.3055432773715,1.6878861933069473,NA
MPF,2004,dsir_group,678.8984064384638,NA,NA,NA,0.23283399209486166,0.09004704901319933,0,402.218117033323,0.5054609294501969,203.3055432773715,1.6878861933069473,NA
MPF,2005,dsir_group,678.8984064384638,NA,NA,NA,0.11832661290322578,0.09004704901319933,0,402.218117033323,0.5054609294501969,203.3055432773715,1.6878861933069473,NA
MPF,2006,dsir_group,678.8984064384638,NA,NA,NA,0.1253849372384937,0.09004704901319933,0,402.218117033323,0.5054609294501969,203.3055432773715,1.6878861933069473,NA
MPF,2007,dsir_group,678.8984064384638,NA,NA,NA,0.17824186046511625,0.09004704901319933,0,402.218117033323,0.5054609294501969,203.3055432773715,1.6878861933069473,NA
MPF,2008,dsir_group,678.8984064384638,NA,NA,NA,0.1372822580645161,0.09004704901319933,0,402.218117033323,0.5054609294501969,203.3055432773715,1.6878861933069473,NA
MPF,2009,dsir_group,678.8984064384638,0.10183302092454483,37.884911902710314,65.73070521482698,0.10015289256198344,0.09004704901319933,1,402.218117033323,0.5054609294501969,203.3055432773715,1.6878861933069473,0.2014656623120431
MPF,2010,dsir_group,712.8085402530955,0.09580250817131741,42.67081144301534,65.11973046863433,0.10226907630522082,0.09454478748583643,1,402.218117033323,0.5054609294501969,203.3055432773715,1.77219401629798,0.18953494244456107
MPF,2011,dsir_group,725.6804760555586,0.08449504802770758,66.65162293391569,58.79738532102781,0.09471480375575088,0.09625208245531461,1,402.218117033323,0.5054609294501969,203.3055432773715,1.804196393260519,0.16716435060493212
MPF,2012,dsir_group,733.9401951327947,0.07061335117093392,58.33185889080986,50.038493587247096,0.2653379667441039,0.09734762682768243,1,402.218117033323,0.5054609294501969,203.3055432773715,1.8247318160260522,0.1397009087284786
MPF,2013,dsir_group,745.5744900138181,0.06767217685921167,64.22307683669786,48.78532771122679,0.11337955077709173,0.09889076481629765,1,402.218117033323,0.5054609294501969,203.3055432773715,1.8536571537677622,0.1338821121799077
MPF,2014,dsir_group,748.4300341010651,0.0644199093677651,65.71413448767798,46.693647871966284,0.05657093837215155,0.0992695156219338,1,402.218117033323,0.5054609294501969,203.3055432773715,1.860756645228537,0.12744785128661934
MPF,2015,dsir_group,751.7048352997152,0.08997406637313343,25.298625959867895,64.68052739839302,0.14918956006837605,0.09970387543372114,1,402.218117033323,0.5054609294501969,203.3055432773715,1.868898499262374,0.17800399819428295
MPF,2016,dsir_group,735.8901735835165,0.0721747325813773,13.709705946799703,51.24127206165234,0.07872484909507042,0.09760626612254832,1,402.218117033323,0.5054609294501969,203.3055432773715,1.8295798782294768,0.14278993365497833
MPF,2017,dsir_group,747.5632290833328,0.062296405052449266,10.130173388834042,45.14957308810336,0.11957211972120066,0.09915454520341994,1,402.218117033323,0.5054609294501969,203.3055432773715,1.8586015831340552,0.12324672674544933
MPF,2018,dsir_group,755.0672188807428,0.05003346492771854,4.875594551751327,36.8490983243844,0.11086192981614981,0.100149851910099,1,402.218117033323,0.5054609294501969,203.3055432773715,1.8772581017731405,0.09898582068873503
MPF,2019,dsir_group,764.7497990323569,0.047651618475827995,7.908929996339749,35.586944290430175,0.11601638667606917,0.10143412030904929,1,402.218117033323,0.5054609294501969,203.3055432773715,1.901331060552399,0.09427359405930723
MPF,2020,dsir_group,766.8800529481838,0.03070472202613672,6.43462488773351,23.189010968537886,0.05797671431916667,0.1017166708010667,1,402.218117033323,0.5054609294501969,203.3055432773715,1.9066273260004578,0.06074598497560445
MPF,2021,dsir_group,779.754292579445,0.027694983171618226,7.08753147651517,21.298983156097123,0.05882532751091703,0.10342427134348883,1,402.218117033323,0.5054609294501969,203.3055432773715,1.938635430772612,0.054791540864974043
MPF,2022,dsir_group,782.3892975639733,0.0251937938961575,14.986350897816443,19.46512495919844,0.11967652359302516,0.1037737705038074,1,402.218117033323,0.5054609294501969,203.3055432773715,1.9451866150006214,0.04984320731487882
MPF,2023,dsir_group,784.3858304940139,0.024812751021064727,16.294888635972306,19.223292667220484,0.06544736842105262,0.10403858464522066,1,402.218117033323,0.5054609294501969,203.3055432773715,1.950150421565991,0.049089355032948256
NTU,1971,dsir_group,191.58275438108825,NA,NA,NA,0.9771614493618556,0.2100256099930635,0,231.77958792102473,0.17248277314054425,39.977986081990935,0.8265730218071105,NA
NTU,1972,dsir_group,191.58275438108825,NA,NA,NA,0.9303334508773676,0.2100256099930635,0,231.77958792102473,0.17248277314054425,39.977986081990935,0.8265730218071105,NA
NTU,1973,dsir_group,191.58275438108825,NA,NA,NA,0.7654046511835734,0.2100256099930635,0,231.77958792102473,0.17248277314054425,39.977986081990935,0.8265730218071105,NA
NTU,1974,dsir_group,191.58275438108825,NA,NA,NA,0.8502251767403818,0.2100256099930635,0,231.77958792102473,0.17248277314054425,39.977986081990935,0.8265730218071105,NA
NTU,1975,dsir_group,191.58275438108825,NA,NA,NA,0.6904504020370188,0.2100256099930635,0,231.77958792102473,0.17248277314054425,39.977986081990935,0.8265730218071105,NA
NTU,1976,dsir_group,191.58275438108825,NA,NA,NA,0.8434513153243868,0.2100256099930635,0,231.77958792102473,0.17248277314054425,39.977986081990935,0.8265730218071105,NA
NTU,1977,dsir_group,191.58275438108825,NA,NA,NA,0.6970770055961444,0.2100256099930635,0,231.77958792102473,0.17248277314054425,39.977986081990935,0.8265730218071105,NA
NTU,1978,dsir_group,191.58275438108825,NA,NA,NA,0.7687915818915709,0.2100256099930635,0,231.77958792102473,0.17248277314054425,39.977986081990935,0.8265730218071105,NA
NTU,1979,dsir_group,191.58275438108825,NA,NA,NA,0.7609869154774896,0.2100256099930635,0,231.77958792102473,0.17248277314054425,39.977986081990935,0.8265730218071105,NA
NTU,1980,dsir_group,191.58275438108825,NA,NA,NA,0.7103302127143959,0.2100256099930635,0,231.77958792102473,0.17248277314054425,39.977986081990935,0.8265730218071105,NA
NTU,1981,dsir_group,191.58275438108825,NA,NA,NA,0.5729386322551904,0.2100256099930635,0,231.77958792102473,0.17248277314054425,39.977986081990935,0.8265730218071105,NA
NTU,1982,dsir_group,191.58275438108825,NA,NA,NA,0.5943519720434376,0.2100256099930635,0,231.77958792102473,0.17248277314054425,39.977986081990935,0.8265730218071105,NA
NTU,1983,dsir_group,191.58275438108825,NA,NA,NA,0.5733616379977109,0.2100256099930635,0,231.77958792102473,0.17248277314054425,39.977986081990935,0.8265730218071105,NA
NTU,1984,dsir_group,191.58275438108825,NA,NA,NA,0.697058686759159,0.2100256099930635,0,231.77958792102473,0.17248277314054425,39.977986081990935,0.8265730218071105,NA
NTU,1985,dsir_group,191.58275438108825,NA,NA,NA,0.6490166387828435,0.2100256099930635,0,231.77958792102473,0.17248277314054425,39.977986081990935,0.8265730218071105,NA
NTU,1986,dsir_group,191.58275438108825,NA,NA,NA,0.57414737242723,0.2100256099930635,0,231.77958792102473,0.17248277314054425,39.977986081990935,0.8265730218071105,NA
NTU,1987,dsir_group,191.58275438108825,NA,NA,NA,0.4556137213454794,0.2100256099930635,0,231.77958792102473,0.17248277314054425,39.977986081990935,0.8265730218071105,NA
NTU,1988,dsir_group,191.58275438108825,NA,NA,NA,0.3549274665913786,0.2100256099930635,0,231.77958792102473,0.17248277314054425,39.977986081990935,0.8265730218071105,NA
NTU,1989,dsir_group,191.58275438108825,NA,NA,NA,0.2769152625176885,0.2100256099930635,0,231.77958792102473,0.17248277314054425,39.977986081990935,0.8265730218071105,NA
NTU,1990,dsir_group,191.58275438108825,NA,NA,NA,NA,0.2100256099930635,0,231.77958792102473,0.17248277314054425,39.977986081990935,0.8265730218071105,NA
NTU,1991,dsir_group,191.58275438108825,NA,NA,NA,0.3122733118460516,0.2100256099930635,0,231.77958792102473,0.17248277314054425,39.977986081990935,0.8265730218071105,NA
NTU,1992,dsir_group,191.58275438108825,NA,NA,NA,NA,0.2100256099930635,0,231.77958792102473,0.17248277314054425,39.977986081990935,0.8265730218071105,NA
NTU,1993,dsir_group,191.58275438108825,NA,NA,NA,NA,0.2100256099930635,0,231.77958792102473,0.17248277314054425,39.977986081990935,0.8265730218071105,NA
NTU,1994,dsir_group,191.58275438108825,NA,NA,NA,NA,0.2100256099930635,0,231.77958792102473,0.17248277314054425,39.977986081990935,0.8265730218071105,NA
NTU,1995,dsir_group,191.58275438108825,NA,NA,NA,NA,0.2100256099930635,0,231.77958792102473,0.17248277314054425,39.977986081990935,0.8265730218071105,NA
NTU,1996,dsir_group,191.58275438108825,NA,NA,NA,NA,0.2100256099930635,0,231.77958792102473,0.17248277314054425,39.977986081990935,0.8265730218071105,NA
NTU,1997,dsir_group,191.58275438108825,NA,NA,NA,NA,0.2100256099930635,0,231.77958792102473,0.17248277314054425,39.977986081990935,0.8265730218071105,NA
NTU,1998,dsir_group,191.58275438108825,NA,NA,NA,NA,0.2100256099930635,0,231.77958792102473,0.17248277314054425,39.977986081990935,0.8265730218071105,NA
NTU,1999,dsir_group,191.58275438108825,NA,NA,NA,NA,0.2100256099930635,0,231.77958792102473,0.17248277314054425,39.977986081990935,0.8265730218071105,NA
NTU,2000,dsir_group,191.58275438108825,NA,NA,NA,NA,0.2100256099930635,0,231.77958792102473,0.17248277314054425,39.977986081990935,0.8265730218071105,NA
NTU,2001,dsir_group,191.58275438108825,NA,NA,NA,NA,0.2100256099930635,0,231.77958792102473,0.17248277314054425,39.977986081990935,0.8265730218071105,NA
NTU,2002,dsir_group,191.58275438108825,NA,NA,NA,NA,0.2100256099930635,0,231.77958792102473,0.17248277314054425,39.977986081990935,0.8265730218071105,NA
NTU,2003,dsir_group,191.58275438108825,NA,NA,NA,0.3968874458874457,0.2100256099930635,0,231.77958792102473,0.17248277314054425,39.977986081990935,0.8265730218071105,NA
NTU,2004,dsir_group,191.58275438108825,NA,NA,NA,0.3772529644268774,0.2100256099930635,0,231.77958792102473,0.17248277314054425,39.977986081990935,0.8265730218071105,NA
NTU,2005,dsir_group,191.58275438108825,NA,NA,NA,0.2851290322580644,0.2100256099930635,0,231.77958792102473,0.17248277314054425,39.977986081990935,0.8265730218071105,NA
NTU,2006,dsir_group,191.58275438108825,NA,NA,NA,0.1934644351464434,0.2100256099930635,0,231.77958792102473,0.17248277314054425,39.977986081990935,0.8265730218071105,NA
NTU,2007,dsir_group,191.58275438108825,NA,NA,NA,0.415720930232558,0.2100256099930635,0,231.77958792102473,0.17248277314054425,39.977986081990935,0.8265730218071105,NA
NTU,2008,dsir_group,191.58275438108825,NA,NA,NA,0.3748346774193546,0.2100256099930635,0,231.77958792102473,0.17248277314054425,39.977986081990935,0.8265730218071105,NA
NTU,2009,dsir_group,191.58275438108825,0.07414704463889166,11.697448969455454,13.691433247405653,0.2532024793388429,0.2100256099930635,1,231.77958792102473,0.17248277314054425,39.977986081990935,0.8265730218071105,0.4298808703549448
NTU,2010,dsir_group,215.8771818269614,0.07973228782220865,11.392305485964915,16.54406971130126,0.32572023752696994,0.2366587584736525,1,231.77958792102473,0.17248277314054425,39.977986081990935,0.9313899630390152,0.46226232550911234
NTU,2011,dsir_group,238.1459736966134,0.0839267997519908,12.600646338795185,19.171093537625424,0.1701867797868954,0.2610712720704082,1,231.77958792102473,0.17248277314054425,39.977986081990935,1.027467413471103,0.48658076527796007
NTU,2012,dsir_group,258.43925997509587,0.08377711836392265,19.02629351562445,20.76916015379426,0.23390934446618938,0.283318106568487,1,231.77958792102473,0.17248277314054425,39.977986081990935,1.1150216561052606,0.4857129604221895
NTU,2013,dsir_group,276.78653720130234,0.09319632595081373,22.738076886398513,24.629953274693204,0.48206645966290834,0.30343159801292485,1,231.77958792102473,0.17248277314054425,39.977986081990935,1.194179952100066,0.5403225160049723
NTU,2014,dsir_group,290.3293220724007,0.10088767495286444,23.766549696920283,27.861577389434263,0.23426333990365156,0.3182780890906105,1,231.77958792102473,0.17248277314054425,39.977986081990935,1.2526095359671012,0.5849144996680803
NTU,2015,dsir_group,299.58122172710176,0.1776063843136697,23.677001770716934,48.7502764166145,0.2325755730641026,0.3284206297115058,1,231.77958792102473,0.17248277314054425,39.977986081990935,1.2925263368281568,1.0297050602784
NTU,2016,dsir_group,287.10971540098984,0.1305817780393852,24.539438554652424,35.14661538123773,0.19938404751760558,0.31474854460063134,1,231.77958792102473,0.17248277314054425,39.977986081990935,1.2387187240095447,0.7570714203034246
NTU,2017,dsir_group,289.2372725587839,0.09876677784125487,27.866676909014902,27.20161665427529,0.5005212978763105,0.3170809126225044,1,231.77958792102473,0.17248277314054425,39.977986081990935,1.2478979497423948,0.5726182159697576
NTU,2018,dsir_group,298.23947756754467,0.09724135610284357,23.29359381861379,27.63576817384183,0.515669359008297,0.32694972155760665,1,231.77958792102473,0.17248277314054425,39.977986081990935,1.286737457092922,0.5637743081948731
NTU,2019,dsir_group,305.50873855416535,0.10357424438020146,24.748920231758433,30.05928559457463,0.347744517636968,0.3349187633319873,1,231.77958792102473,0.17248277314054425,39.977986081990935,1.3181002748967812,0.6004903706865032
NTU,2020,dsir_group,310.16638676642515,0.08989186536837579,22.033506420137527,26.664998616667976,0.3415946700420802,0.34002478349582266,1,231.77958792102473,0.17248277314054425,39.977986081990935,1.3381954362267203,0.5211643095228364
NTU,2021,dsir_group,318.2581875653955,0.083168450950863,29.20222802454969,25.3982362196443,0.4298561958845015,0.3488955474862263,1,231.77958792102473,0.17248277314054425,39.977986081990935,1.3731070558026748,0.4821841012672889
NTU,2022,dsir_group,326.3692097977581,0.08763120926940626,28.831151017035495,27.382813015407713,0.262905487759869,0.35778738327553056,1,231.77958792102473,0.17248277314054425,39.977986081990935,1.4081016051722524,0.5080577478772426
NTU,2023,dsir_group,331.03719919188603,0.10262095932141335,31.37334127967942,32.28639532569869,0.31066452314777493,0.3629047401227587,1,231.77958792102473,0.17248277314054425,39.977986081990935,1.428241382949916,0.5949635285478315
SAR,1971,dsir_group,271.8407194678667,NA,NA,NA,NA,0.5381007069762336,0,364.4038917688782,0.28604280612712923,104.23511176521663,0.7459874211230451,NA
SAR,1972,dsir_group,271.8407194678667,NA,NA,NA,2.401529112001412,0.5381007069762336,0,364.4038917688782,0.28604280612712923,104.23511176521663,0.7459874211230451,NA
SAR,1973,dsir_group,271.8407194678667,NA,NA,NA,1.9757878753528055,0.5381007069762336,0,364.4038917688782,0.28604280612712923,104.23511176521663,0.7459874211230451,NA
SAR,1974,dsir_group,271.8407194678667,NA,NA,NA,2.1947405113435177,0.5381007069762336,0,364.4038917688782,0.28604280612712923,104.23511176521663,0.7459874211230451,NA
SAR,1975,dsir_group,271.8407194678667,NA,NA,NA,1.78230368834018,0.5381007069762336,0,364.4038917688782,0.28604280612712923,104.23511176521663,0.7459874211230451,NA
SAR,1976,dsir_group,271.8407194678667,NA,NA,NA,2.177254710552593,0.5381007069762336,0,364.4038917688782,0.28604280612712923,104.23511176521663,0.7459874211230451,NA
SAR,1977,dsir_group,271.8407194678667,NA,NA,NA,1.7994093630269543,0.5381007069762336,0,364.4038917688782,0.28604280612712923,104.23511176521663,0.7459874211230451,NA
SAR,1978,dsir_group,271.8407194678667,NA,NA,NA,1.984530775748268,0.5381007069762336,0,364.4038917688782,0.28604280612712923,104.23511176521663,0.7459874211230451,NA
SAR,1979,dsir_group,271.8407194678667,NA,NA,NA,1.9643840922282896,0.5381007069762336,0,364.4038917688782,0.28604280612712923,104.23511176521663,0.7459874211230451,NA
SAR,1980,dsir_group,271.8407194678667,NA,NA,NA,1.833620712400503,0.5381007069762336,0,364.4038917688782,0.28604280612712923,104.23511176521663,0.7459874211230451,NA
SAR,1981,dsir_group,271.8407194678667,NA,NA,NA,1.478963057228048,0.5381007069762336,0,364.4038917688782,0.28604280612712923,104.23511176521663,0.7459874211230451,NA
SAR,1982,dsir_group,271.8407194678667,NA,NA,NA,1.5342386778543475,0.5381007069762336,0,364.4038917688782,0.28604280612712923,104.23511176521663,0.7459874211230451,NA
SAR,1983,dsir_group,271.8407194678667,NA,NA,NA,1.4800549889480654,0.5381007069762336,0,364.4038917688782,0.28604280612712923,104.23511176521663,0.7459874211230451,NA
SAR,1984,dsir_group,271.8407194678667,NA,NA,NA,1.7993620754439088,0.5381007069762336,0,364.4038917688782,0.28604280612712923,104.23511176521663,0.7459874211230451,NA
SAR,1985,dsir_group,271.8407194678667,NA,NA,NA,1.6753480708883544,0.5381007069762336,0,364.4038917688782,0.28604280612712923,104.23511176521663,0.7459874211230451,NA
SAR,1986,dsir_group,271.8407194678667,NA,NA,NA,1.482083255377712,0.5381007069762336,0,364.4038917688782,0.28604280612712923,104.23511176521663,0.7459874211230451,NA
SAR,1987,dsir_group,271.8407194678667,NA,NA,NA,1.17610477684812,0.5381007069762336,0,364.4038917688782,0.28604280612712923,104.23511176521663,0.7459874211230451,NA
SAR,1988,dsir_group,271.8407194678667,NA,NA,NA,0.9161969215062222,0.5381007069762336,0,364.4038917688782,0.28604280612712923,104.23511176521663,0.7459874211230451,NA
SAR,1989,dsir_group,271.8407194678667,NA,NA,NA,0.7148190402769925,0.5381007069762336,0,364.4038917688782,0.28604280612712923,104.23511176521663,0.7459874211230451,NA
SAR,1990,dsir_group,271.8407194678667,NA,NA,NA,NA,0.5381007069762336,0,364.4038917688782,0.28604280612712923,104.23511176521663,0.7459874211230451,NA
SAR,1991,dsir_group,271.8407194678667,NA,NA,NA,0.8060910296111038,0.5381007069762336,0,364.4038917688782,0.28604280612712923,104.23511176521663,0.7459874211230451,NA
SAR,1992,dsir_group,271.8407194678667,NA,NA,NA,NA,0.5381007069762336,0,364.4038917688782,0.28604280612712923,104.23511176521663,0.7459874211230451,NA
SAR,1993,dsir_group,271.8407194678667,NA,NA,NA,NA,0.5381007069762336,0,364.4038917688782,0.28604280612712923,104.23511176521663,0.7459874211230451,NA
SAR,1994,dsir_group,271.8407194678667,NA,NA,NA,NA,0.5381007069762336,0,364.4038917688782,0.28604280612712923,104.23511176521663,0.7459874211230451,NA
SAR,1995,dsir_group,271.8407194678667,NA,NA,NA,NA,0.5381007069762336,0,364.4038917688782,0.28604280612712923,104.23511176521663,0.7459874211230451,NA
SAR,1996,dsir_group,271.8407194678667,NA,NA,NA,NA,0.5381007069762336,0,364.4038917688782,0.28604280612712923,104.23511176521663,0.7459874211230451,NA
SAR,1997,dsir_group,271.8407194678667,NA,NA,NA,NA,0.5381007069762336,0,364.4038917688782,0.28604280612712923,104.23511176521663,0.7459874211230451,NA
SAR,1998,dsir_group,271.8407194678667,NA,NA,NA,NA,0.5381007069762336,0,364.4038917688782,0.28604280612712923,104.23511176521663,0.7459874211230451,NA
SAR,1999,dsir_group,271.8407194678667,NA,NA,NA,NA,0.5381007069762336,0,364.4038917688782,0.28604280612712923,104.23511176521663,0.7459874211230451,NA
SAR,2000,dsir_group,271.8407194678667,NA,NA,NA,NA,0.5381007069762336,0,364.4038917688782,0.28604280612712923,104.23511176521663,0.7459874211230451,NA
SAR,2001,dsir_group,271.8407194678667,NA,NA,NA,NA,0.5381007069762336,0,364.4038917688782,0.28604280612712923,104.23511176521663,0.7459874211230451,NA
SAR,2002,dsir_group,271.8407194678667,NA,NA,NA,NA,0.5381007069762336,0,364.4038917688782,0.28604280612712923,104.23511176521663,0.7459874211230451,NA
SAR,2003,dsir_group,271.8407194678667,NA,NA,NA,0.4684372294372294,0.5381007069762336,0,364.4038917688782,0.28604280612712923,104.23511176521663,0.7459874211230451,NA
SAR,2004,dsir_group,271.8407194678667,NA,NA,NA,0.6455849802371542,0.5381007069762336,0,364.4038917688782,0.28604280612712923,104.23511176521663,0.7459874211230451,NA
SAR,2005,dsir_group,271.8407194678667,NA,NA,NA,0.48249596774193537,0.5381007069762336,0,364.4038917688782,0.28604280612712923,104.23511176521663,0.7459874211230451,NA
SAR,2006,dsir_group,271.8407194678667,NA,NA,NA,0.4339037656903765,0.5381007069762336,0,364.4038917688782,0.28604280612712923,104.23511176521663,0.7459874211230451,NA
SAR,2007,dsir_group,271.8407194678667,NA,NA,NA,0.4710279069767441,0.5381007069762336,0,364.4038917688782,0.28604280612712923,104.23511176521663,0.7459874211230451,NA
SAR,2008,dsir_group,271.8407194678667,NA,NA,NA,0.7211129032258063,0.5381007069762336,0,364.4038917688782,0.28604280612712923,104.23511176521663,0.7459874211230451,NA
SAR,2009,dsir_group,271.8407194678667,0.18441666408954926,61.42308706039345,45.780902637791996,0.570784297520661,0.5381007069762336,1,364.4038917688782,0.28604280612712923,104.23511176521663,0.7459874211230451,0.6447170148638064
SAR,2010,dsir_group,322.26358489809877,0.17424487765880414,55.386233602426394,51.5327983186874,0.5156506024096383,0.6379112857184025,1,364.4038917688782,0.28604280612712923,104.23511176521663,0.8843582414385772,0.6091566504258196
SAR,2011,dsir_group,371.17305901638997,0.16631966688187472,27.174293488117016,56.87280458635911,0.8944797573037847,0.7347261508806442,1,364.4038917688782,0.28604280612712923,104.23511176521663,1.018576001520327,0.5814502700968308
SAR,2012,dsir_group,413.58319765510083,0.14219807032048948,37.032758436657524,54.82069128627401,0.8138371018072605,0.8186757726632925,1,364.4038917688782,0.28604280612712923,104.23511176521663,1.1349582345224085,0.4971216449935496
SAR,2013,dsir_group,457.2599694465175,0.13995754669874927,38.85473918985004,59.720372779532426,0.7238373368960961,0.9051326575089754,1,364.4038917688782,0.28604280612712923,104.23511176521663,1.2548163720944367,0.48928881866914126
SAR,2014,dsir_group,491.01911570559577,0.14013354699956615,39.93959410120346,64.2046073314488,0.7653203032683538,0.9719578943774034,1,364.4038917688782,0.28604280612712923,104.23511176521663,1.3474584843814532,0.48990411224425273
SAR,2015,dsir_group,513.369728421512,0.2148761659469054,42.54197380945188,99.26449116157754,1.133882127504273,1.0162002747217806,1,364.4038917688782,0.28604280612712923,104.23511176521663,1.4087932099998395,0.7512028316887842
SAR,2016,dsir_group,496.01464888787734,0.14192310757522453,36.95497932106418,65.62870383727513,1.0930731531190845,0.9818464053494569,1,364.4038917688782,0.28604280612712923,104.23511176521663,1.3611672654760578,0.4961603806674587
SAR,2017,dsir_group,514.389243706864,0.10603960780167387,34.69387677492553,51.75320357070535,1.4374682284505669,1.018218375236284,1,364.4038917688782,0.28604280612712923,104.23511176521663,1.4115909717921273,0.370712374268016
SAR,2018,dsir_group,538.9301187286949,0.0949500777738237,31.35450120693092,48.817188268715384,0.9698245108921388,1.06679631538047,1,364.4038917688782,0.28604280612712923,104.23511176521663,1.478936232301573,0.3319435963427934
SAR,2019,dsir_group,559.8746578710251,0.09151131350771813,35.467497819795476,48.96048346770331,1.2096015716470407,1.1082554144508412,1,364.4038917688782,0.28604280612712923,104.23511176521663,1.5364123998602173,0.31992174439460197
SAR,2020,dsir_group,570.7961501709451,0.07138778696167503,28.174102275130792,39.327424721248946,1.285029171299113,1.1298741871620324,1,364.4038917688782,0.28604280612712923,104.23511176521663,1.566383244153085,0.2495702930908437
SAR,2021,dsir_group,592.6492523086253,0.06232322018145808,15.950577372495536,35.80837349360858,1.7757065090593287,1.1731317599529236,1,364.4038917688782,0.28604280612712923,104.23511176521663,1.6263526973650182,0.21788074668012825
SAR,2022,dsir_group,609.7404656669258,0.059413772710336765,25.54834038784293,35.17179128291483,0.9396314451618436,1.206963313993783,1,364.4038917688782,0.28604280612712923,104.23511176521663,1.673254538273843,0.20770937579157586
SAR,2023,dsir_group,616.4221466626406,0.06210878274608689,28.132111461458386,37.12054142199174,0.7877984966191535,1.2201895049581897,1,364.4038917688782,0.28604280612712923,104.23511176521663,1.6915904593401103,0.21713107764186587
SCP,1971,dsir_group,103.86556455407943,NA,NA,NA,4.865921294493222,1.445785654203602,0,143.98777956051947,0.22675783848215156,32.650357660987915,0.7213498594887611,NA
SCP,1972,dsir_group,103.86556455407943,NA,NA,NA,4.6327342861918055,1.445785654203602,0,143.98777956051947,0.22675783848215156,32.650357660987915,0.7213498594887611,NA
SCP,1973,dsir_group,103.86556455407943,NA,NA,NA,3.811446709784304,1.445785654203602,0,143.98777956051947,0.22675783848215156,32.650357660987915,0.7213498594887611,NA
SCP,1974,dsir_group,103.86556455407943,NA,NA,NA,4.233823177651019,1.445785654203602,0,143.98777956051947,0.22675783848215156,32.650357660987915,0.7213498594887611,NA
SCP,1975,dsir_group,103.86556455407943,NA,NA,NA,3.438200838006252,1.445785654203602,0,143.98777956051947,0.22675783848215156,32.650357660987915,0.7213498594887611,NA
SCP,1976,dsir_group,103.86556455407943,NA,NA,NA,4.200091723619997,1.445785654203602,0,143.98777956051947,0.22675783848215156,32.650357660987915,0.7213498594887611,NA
SCP,1977,dsir_group,103.86556455407943,NA,NA,NA,3.471198999558339,1.445785654203602,0,143.98777956051947,0.22675783848215156,32.650357660987915,0.7213498594887611,NA
SCP,1978,dsir_group,103.86556455407943,NA,NA,NA,3.828312436799816,1.445785654203602,0,143.98777956051947,0.22675783848215156,32.650357660987915,0.7213498594887611,NA
SCP,1979,dsir_group,103.86556455407943,NA,NA,NA,3.789447935416246,1.445785654203602,0,143.98777956051947,0.22675783848215156,32.650357660987915,0.7213498594887611,NA
SCP,1980,dsir_group,103.86556455407943,NA,NA,NA,3.5371953226625137,1.445785654203602,0,143.98777956051947,0.22675783848215156,32.650357660987915,0.7213498594887611,NA
SCP,1981,dsir_group,103.86556455407943,NA,NA,NA,2.853033439815907,1.445785654203602,0,143.98777956051947,0.22675783848215156,32.650357660987915,0.7213498594887611,NA
SCP,1982,dsir_group,103.86556455407943,NA,NA,NA,2.9596643615841542,1.445785654203602,0,143.98777956051947,0.22675783848215156,32.650357660987915,0.7213498594887611,NA
SCP,1983,dsir_group,103.86556455407943,NA,NA,NA,2.8551398600513425,1.445785654203602,0,143.98777956051947,0.22675783848215156,32.650357660987915,0.7213498594887611,NA
SCP,1984,dsir_group,103.86556455407943,NA,NA,NA,3.4711077781751842,1.445785654203602,0,143.98777956051947,0.22675783848215156,32.650357660987915,0.7213498594887611,NA
SCP,1985,dsir_group,103.86556455407943,NA,NA,NA,3.231875229212385,1.445785654203602,0,143.98777956051947,0.22675783848215156,32.650357660987915,0.7213498594887611,NA
SCP,1986,dsir_group,103.86556455407943,NA,NA,NA,2.859052541926902,1.445785654203602,0,143.98777956051947,0.22675783848215156,32.650357660987915,0.7213498594887611,NA
SCP,1987,dsir_group,103.86556455407943,NA,NA,NA,2.2687965332710256,1.445785654203602,0,143.98777956051947,0.22675783848215156,32.650357660987915,0.7213498594887611,NA
SCP,1988,dsir_group,103.86556455407943,NA,NA,NA,1.7674142986457215,1.445785654203602,0,143.98777956051947,0.22675783848215156,32.650357660987915,0.7213498594887611,NA
SCP,1989,dsir_group,103.86556455407943,NA,NA,NA,1.3789408838579995,1.445785654203602,0,143.98777956051947,0.22675783848215156,32.650357660987915,0.7213498594887611,NA
SCP,1990,dsir_group,103.86556455407943,NA,NA,NA,NA,1.445785654203602,0,143.98777956051947,0.22675783848215156,32.650357660987915,0.7213498594887611,NA
SCP,1991,dsir_group,103.86556455407943,NA,NA,NA,1.5550115682581902,1.445785654203602,0,143.98777956051947,0.22675783848215156,32.650357660987915,0.7213498594887611,NA
SCP,1992,dsir_group,103.86556455407943,NA,NA,NA,NA,1.445785654203602,0,143.98777956051947,0.22675783848215156,32.650357660987915,0.7213498594887611,NA
SCP,1993,dsir_group,103.86556455407943,NA,NA,NA,NA,1.445785654203602,0,143.98777956051947,0.22675783848215156,32.650357660987915,0.7213498594887611,NA
SCP,1994,dsir_group,103.86556455407943,NA,NA,NA,NA,1.445785654203602,0,143.98777956051947,0.22675783848215156,32.650357660987915,0.7213498594887611,NA
SCP,1995,dsir_group,103.86556455407943,NA,NA,NA,NA,1.445785654203602,0,143.98777956051947,0.22675783848215156,32.650357660987915,0.7213498594887611,NA
SCP,1996,dsir_group,103.86556455407943,NA,NA,NA,NA,1.445785654203602,0,143.98777956051947,0.22675783848215156,32.650357660987915,0.7213498594887611,NA
SCP,1997,dsir_group,103.86556455407943,NA,NA,NA,NA,1.445785654203602,0,143.98777956051947,0.22675783848215156,32.650357660987915,0.7213498594887611,NA
SCP,1998,dsir_group,103.86556455407943,NA,NA,NA,NA,1.445785654203602,0,143.98777956051947,0.22675783848215156,32.650357660987915,0.7213498594887611,NA
SCP,1999,dsir_group,103.86556455407943,NA,NA,NA,NA,1.445785654203602,0,143.98777956051947,0.22675783848215156,32.650357660987915,0.7213498594887611,NA
SCP,2000,dsir_group,103.86556455407943,NA,NA,NA,NA,1.445785654203602,0,143.98777956051947,0.22675783848215156,32.650357660987915,0.7213498594887611,NA
SCP,2001,dsir_group,103.86556455407943,NA,NA,NA,NA,1.445785654203602,0,143.98777956051947,0.22675783848215156,32.650357660987915,0.7213498594887611,NA
SCP,2002,dsir_group,103.86556455407943,NA,NA,NA,NA,1.445785654203602,0,143.98777956051947,0.22675783848215156,32.650357660987915,0.7213498594887611,NA
SCP,2003,dsir_group,103.86556455407943,NA,NA,NA,1.085307359307359,1.445785654203602,0,143.98777956051947,0.22675783848215156,32.650357660987915,0.7213498594887611,NA
SCP,2004,dsir_group,103.86556455407943,NA,NA,NA,2.5774071146245054,1.445785654203602,0,143.98777956051947,0.22675783848215156,32.650357660987915,0.7213498594887611,NA
SCP,2005,dsir_group,103.86556455407943,NA,NA,NA,1.75216129032258,1.445785654203602,0,143.98777956051947,0.22675783848215156,32.650357660987915,0.7213498594887611,NA
SCP,2006,dsir_group,103.86556455407943,NA,NA,NA,1.7344225941422589,1.445785654203602,0,143.98777956051947,0.22675783848215156,32.650357660987915,0.7213498594887611,NA
SCP,2007,dsir_group,103.86556455407943,NA,NA,NA,1.138623255813953,1.445785654203602,0,143.98777956051947,0.22675783848215156,32.650357660987915,0.7213498594887611,NA
SCP,2008,dsir_group,103.86556455407943,NA,NA,NA,1.6259838709677412,1.445785654203602,0,143.98777956051947,0.22675783848215156,32.650357660987915,0.7213498594887611,NA
SCP,2009,dsir_group,103.86556455407943,0.1895770141783304,17.19592896661854,17.936648216511173,1.431698512396694,1.445785654203602,1,143.98777956051947,0.22675783848215156,32.650357660987915,0.7213498594887611,0.8360329038559444
SCP,2010,dsir_group,115.70400337534808,0.2044126964582924,26.601300826065128,21.390673236988555,1.3683585781004493,1.610574100590427,1,143.98777956051947,0.22675783848215156,32.650357660987915,0.8035682175841635,0.9014581274304307
SCP,2011,dsir_group,125.1000224394308,0.22779912124814938,27.657161251843412,25.484851107760683,2.0679004632803353,1.7413646049100882,1,143.98777956051947,0.22675783848215156,32.650357660987915,0.8688238878414681,1.004592047503045
SCP,2012,dsir_group,130.5927557917754,0.23664790772227207,24.67061149967056,27.519924433939185,1.8263510605983355,1.8178222366312415,1,143.98777956051947,0.22675783848215156,32.650357660987915,0.9069711067867811,1.0436151151656836
SCP,2013,dsir_group,134.16816944297145,0.27319177853477505,29.66534778812534,32.07332482773358,1.865489591411553,1.8675912027648773,1,143.98777956051947,0.22675783848215156,32.650357660987915,0.9318024755467478,1.2047732522211283
SCP,2014,dsir_group,133.16326365685504,0.29948438179564185,31.257496031112577,34.46261288010372,1.946835128150035,1.8536031367910306,1,143.98777956051947,0.22675783848215156,32.650357660987915,0.9248233708672841,1.320723392850716
SCP,2015,dsir_group,129.56759012584345,0.544154069982115,22.471808704287636,54.375307090919556,1.6336057506538457,1.803552157617568,1,143.98777956051947,0.22675783848215156,32.650357660987915,0.8998512965566284,2.399714486716393
SCP,2016,dsir_group,105.70638272755521,0.384296178234643,20.61903264791859,33.727765055523996,1.394336493954225,1.4714094354696523,1,143.98777956051947,0.22675783848215156,32.650357660987915,0.7341344039764554,1.6947426417847582
SCP,2017,dsir_group,100.01043401631469,0.2933290040603973,28.521288316897778,25.424978894045,1.7570958168813389,1.392123090961283,1,143.98777956051947,0.22675783848215156,32.650357660987915,0.6945758474890525,1.2935782331665049
SCP,2018,dsir_group,100.66545212244473,0.31297965102854075,29.577081999668565,27.052351123463133,1.2441045134099813,1.4012407979236645,1,143.98777956051947,0.22675783848215156,32.650357660987915,0.6991249703946859,1.3802374071102985
SCP,2019,dsir_group,99.77092291760412,0.3431092644979348,28.553755155510565,28.977399253987574,1.9560199988394813,1.3887891495147127,1,143.98777956051947,0.22675783848215156,32.650357660987915,0.692912434806104,1.513108727771461
SCP,2020,dsir_group,96.99198533682713,0.3229896666339451,22.520925437999836,26.77159826043001,0.951875864518764,1.350106953875919,1,143.98777956051947,0.22675783848215156,32.650357660987915,0.6736126192991291,1.424381484653145
SCP,2021,dsir_group,95.87017813728355,0.3054175045053622,23.66177357535302,25.231527037575773,1.439682798305725,1.3344916461187655,1,143.98777956051947,0.22675783848215156,32.650357660987915,0.6658216303487642,1.3468884098990124
SCP,2022,dsir_group,95.21989876816632,0.33161902040699065,13.104822498835116,26.87479538813323,1.3023615838579825,1.3254399013260556,1,143.98777956051947,0.22675783848215156,32.650357660987915,0.6613054181319913,1.462436856104945
SCP,2023,dsir_group,94.72930746577583,0.39994045656848076,17.091420923152562,31.226572666143554,1.2720672101834425,1.3186109790540939,1,143.98777956051947,0.22675783848215156,32.650357660987915,0.6578982449407117,1.7637337665836
ANC,1971,dsir_channel,186.76172745106422,NA,NA,NA,NA,5.157614490340589,0,332.7276019166731,0.45929069401458367,152.81869120211695,0.5613051829040503,NA
ANC,1972,dsir_channel,186.76172745106422,NA,NA,NA,16.17089495242375,5.157614490340589,0,332.7276019166731,0.45929069401458367,152.81869120211695,0.5613051829040503,NA
ANC,1973,dsir_channel,186.76172745106422,NA,NA,NA,13.304131114186529,5.157614490340589,0,332.7276019166731,0.45929069401458367,152.81869120211695,0.5613051829040503,NA
ANC,1974,dsir_channel,186.76172745106422,NA,NA,NA,14.778466802422816,5.157614490340589,0,332.7276019166731,0.45929069401458367,152.81869120211695,0.5613051829040503,NA
ANC,1975,dsir_channel,186.76172745106422,NA,NA,NA,12.001289334130506,5.157614490340589,0,332.7276019166731,0.45929069401458367,152.81869120211695,0.5613051829040503,NA
ANC,1976,dsir_channel,186.76172745106422,NA,NA,NA,14.660724716209504,5.157614490340589,0,332.7276019166731,0.45929069401458367,152.81869120211695,0.5613051829040503,NA
ANC,1977,dsir_channel,186.76172745106422,NA,NA,NA,12.116471809773966,5.157614490340589,0,332.7276019166731,0.45929069401458367,152.81869120211695,0.5613051829040503,NA
ANC,1978,dsir_channel,186.76172745106422,NA,NA,NA,13.363002157293186,5.157614490340589,0,332.7276019166731,0.45929069401458367,152.81869120211695,0.5613051829040503,NA
ANC,1979,dsir_channel,186.76172745106422,NA,NA,NA,13.22734279709089,5.157614490340589,0,332.7276019166731,0.45929069401458367,152.81869120211695,0.5613051829040503,NA
ANC,1980,dsir_channel,186.76172745106422,NA,NA,NA,12.346836761060883,5.157614490340589,0,332.7276019166731,0.45929069401458367,152.81869120211695,0.5613051829040503,NA
ANC,1981,dsir_channel,186.76172745106422,NA,NA,NA,9.958720099386484,5.157614490340589,0,332.7276019166731,0.45929069401458367,152.81869120211695,0.5613051829040503,NA
ANC,1982,dsir_channel,186.76172745106422,NA,NA,NA,10.330923063785692,5.157614490340589,0,332.7276019166731,0.45929069401458367,152.81869120211695,0.5613051829040503,NA
ANC,1983,dsir_channel,186.76172745106422,NA,NA,NA,9.966072711957942,5.157614490340589,0,332.7276019166731,0.45929069401458367,152.81869120211695,0.5613051829040503,NA
ANC,1984,dsir_channel,186.76172745106422,NA,NA,NA,12.11615339492146,5.157614490340589,0,332.7276019166731,0.45929069401458367,152.81869120211695,0.5613051829040503,NA
ANC,1985,dsir_channel,186.76172745106422,NA,NA,NA,11.281094835657951,5.157614490340589,0,332.7276019166731,0.45929069401458367,152.81869120211695,0.5613051829040503,NA
ANC,1986,dsir_channel,186.76172745106422,NA,NA,NA,9.97973021175898,5.157614490340589,0,332.7276019166731,0.45929069401458367,152.81869120211695,0.5613051829040503,NA
ANC,1987,dsir_channel,186.76172745106422,NA,NA,NA,7.919398813202289,5.157614490340589,0,332.7276019166731,0.45929069401458367,152.81869120211695,0.5613051829040503,NA
ANC,1988,dsir_channel,186.76172745106422,NA,NA,NA,6.169287767269189,5.157614490340589,0,332.7276019166731,0.45929069401458367,152.81869120211695,0.5613051829040503,NA
ANC,1989,dsir_channel,186.76172745106422,NA,NA,NA,4.813293144166062,5.157614490340589,0,332.7276019166731,0.45929069401458367,152.81869120211695,0.5613051829040503,NA
ANC,1990,dsir_channel,186.76172745106422,NA,NA,NA,NA,5.157614490340589,0,332.7276019166731,0.45929069401458367,152.81869120211695,0.5613051829040503,NA
ANC,1991,dsir_channel,186.76172745106422,NA,NA,NA,5.427880635212803,5.157614490340589,0,332.7276019166731,0.45929069401458367,152.81869120211695,0.5613051829040503,NA
ANC,1992,dsir_channel,186.76172745106422,NA,NA,NA,NA,5.157614490340589,0,332.7276019166731,0.45929069401458367,152.81869120211695,0.5613051829040503,NA
ANC,1993,dsir_channel,186.76172745106422,NA,NA,NA,NA,5.157614490340589,0,332.7276019166731,0.45929069401458367,152.81869120211695,0.5613051829040503,NA
ANC,1994,dsir_channel,186.76172745106422,NA,NA,NA,NA,5.157614490340589,0,332.7276019166731,0.45929069401458367,152.81869120211695,0.5613051829040503,NA
ANC,1995,dsir_channel,186.76172745106422,NA,NA,NA,NA,5.157614490340589,0,332.7276019166731,0.45929069401458367,152.81869120211695,0.5613051829040503,NA
ANC,1996,dsir_channel,186.76172745106422,NA,NA,NA,NA,5.157614490340589,0,332.7276019166731,0.45929069401458367,152.81869120211695,0.5613051829040503,NA
ANC,1997,dsir_channel,186.76172745106422,NA,NA,NA,NA,5.157614490340589,0,332.7276019166731,0.45929069401458367,152.81869120211695,0.5613051829040503,NA
ANC,1998,dsir_channel,186.76172745106422,NA,NA,NA,NA,5.157614490340589,0,332.7276019166731,0.45929069401458367,152.81869120211695,0.5613051829040503,NA
ANC,1999,dsir_channel,186.76172745106422,NA,NA,NA,NA,5.157614490340589,0,332.7276019166731,0.45929069401458367,152.81869120211695,0.5613051829040503,NA
ANC,2000,dsir_channel,186.76172745106422,NA,NA,NA,NA,5.157614490340589,0,332.7276019166731,0.45929069401458367,152.81869120211695,0.5613051829040503,NA
ANC,2001,dsir_channel,186.76172745106422,NA,NA,NA,NA,5.157614490340589,0,332.7276019166731,0.45929069401458367,152.81869120211695,0.5613051829040503,NA
ANC,2002,dsir_channel,186.76172745106422,NA,NA,NA,NA,5.157614490340589,0,332.7276019166731,0.45929069401458367,152.81869120211695,0.5613051829040503,NA
ANC,2003,dsir_channel,186.76172745106422,NA,NA,NA,4.619813852813851,5.157614490340589,0,332.7276019166731,0.45929069401458367,152.81869120211695,0.5613051829040503,NA
ANC,2004,dsir_channel,186.76172745106422,NA,NA,NA,3.8892924901185726,5.157614490340589,0,332.7276019166731,0.45929069401458367,152.81869120211695,0.5613051829040503,NA
ANC,2005,dsir_channel,186.76172745106422,NA,NA,NA,3.284314516129031,5.157614490340589,0,332.7276019166731,0.45929069401458367,152.81869120211695,0.5613051829040503,NA
ANC,2006,dsir_channel,186.76172745106422,NA,NA,NA,3.0604728033472792,5.157614490340589,0,332.7276019166731,0.45929069401458367,152.81869120211695,0.5613051829040503,NA
ANC,2007,dsir_channel,186.76172745106422,NA,NA,NA,3.4611488372093016,5.157614490340589,0,332.7276019166731,0.45929069401458367,152.81869120211695,0.5613051829040503,NA
ANC,2008,dsir_channel,186.76172745106422,1.3762195424157944,48.48910996663027,139.59852038871324,4.5688346774193525,5.157614490340589,1,332.7276019166731,0.45929069401458367,152.81869120211695,0.5613051829040503,2.996401974502222
ANC,2009,dsir_channel,148.18621585486284,1.2556478739008767,45.52957052674751,105.96926479754373,6.26608909090909,4.092312619897134,1,332.7276019166731,0.45929069401458367,152.81869120211695,0.4453679676745723,2.733884858248416
ANC,2010,dsir_channel,129.7878041298673,1.1325252309389278,45.35050509872227,87.9677658235592,4.443626735838689,3.5842218230985603,1,332.7276019166731,0.45929069401458367,152.81869120211695,0.39007224943835833,2.4658135810236277
ANC,2011,dsir_channel,123.38591885799738,1.0513359414813102,44.57637291613043,80.26617209500745,2.6398291142673544,3.40742726944813,1,332.7276019166731,0.45929069401458367,152.81869120211695,0.37083162967915606,2.2890425501369456
ANC,2012,dsir_channel,116.05731874576067,0.6630778184792954,42.859857305794804,56.257275884099826,1.6210895000512866,3.205040545740577,1,332.7276019166731,0.45929069401458367,152.81869120211695,0.34880580413892315,1.4436996593234719
ANC,2013,dsir_channel,136.05136505360147,0.5235542148604067,37.5619590632629,55.45300651413596,5.25953372129402,3.7571964096066397,1,332.7276019166731,0.45929069401458367,152.81869120211695,0.4088971406937066,1.139919057109793
ANC,2014,dsir_channel,171.19750145552126,0.5476081073042103,43.328502354110434,72.18859978102469,3.8811452340225707,4.727792606482819,1,332.7276019166731,0.45929069401458367,152.81869120211695,0.5145275007824426,1.1922908834003554
ANC,2015,dsir_channel,204.3891332554118,0.4479374938895875,31.87307010035579,73.79579602669466,2.93538333759829,5.644413176797582,1,332.7276019166731,0.45929069401458367,152.81869120211695,0.6142836725238027,0.9752810142401107
ANC,2016,dsir_channel,242.63230033504638,0.8414170721764407,50.19705055719241,138.03371177747857,6.891503458917372,6.700537016400221,1,332.7276019166731,0.45929069401458367,152.81869120211695,0.7292220391015537,1.831992424714191
ANC,2017,dsir_channel,241.1193580763263,0.5942746912790451,47.950601155093466,108.03045070874704,13.891529698336257,6.658755581718066,1,332.7276019166731,0.45929069401458367,152.81869120211695,0.7246749493800975,1.2938966519974282
ANC,2018,dsir_channel,272.2864784758954,0.45614654994998993,48.7956505097497,99.73283034437046,17.190188776339156,7.519467216745787,1,332.7276019166731,0.45929069401458367,152.81869120211695,0.8183465300365603,0.9931543484212334
ANC,2019,dsir_channel,316.01037248909535,0.4436345386279088,48.01979129207746,113.22654980070533,11.169724519839384,8.726946888380787,1,332.7276019166731,0.45929069401458367,152.81869120211695,0.9497570104455465,0.9659123174261882
ANC,2020,dsir_channel,351.60943851092634,0.3358140888861998,40.75555822065021,100.29449162884288,5.958320968763964,9.71005119600664,1,332.7276019166731,0.45929069401458367,152.81869120211695,1.0567486330724734,0.7311580514530016
ANC,2021,dsir_channel,401.59488272843,0.29687577019881406,46.70213567728177,103.15513691406018,10.34666461209007,11.090449926093665,1,332.7276019166731,0.45929069401458367,152.81869120211695,1.2069779615969574,0.6463788055531285
ANC,2022,dsir_channel,443.01824907452567,0.28016716867041414,55.66974199081094,108.24822699281145,9.670712896110878,12.234398193338569,1,332.7276019166731,0.45929069401458367,152.81869120211695,1.3314742946558227,0.6099996632231309
ANC,2023,dsir_channel,467.6069982913029,0.29168993797684184,51.13373490284261,118.3045161206549,11.620189588654467,12.91344143731922,1,332.7276019166731,0.45929069401458367,152.81869120211695,1.4053748339412142,0.6350878469302927
CMA,1971,dsir_channel,269.30586542463516,NA,NA,NA,0.04971053422961269,0.009574899505126674,0,158.60959204445905,0.330125237970911,52.361029318146144,1.6979166389202198,NA
CMA,1972,dsir_channel,269.30586542463516,NA,NA,NA,0.04732828222500525,0.009574899505126674,0,158.60959204445905,0.330125237970911,52.361029318146144,1.6979166389202198,NA
CMA,1973,dsir_channel,269.30586542463516,NA,NA,NA,0.03893796069934382,0.009574899505126674,0,158.60959204445905,0.330125237970911,52.361029318146144,1.6979166389202198,NA
CMA,1974,dsir_channel,269.30586542463516,NA,NA,NA,0.04325298319825541,0.009574899505126674,0,158.60959204445905,0.330125237970911,52.361029318146144,1.6979166389202198,NA
CMA,1975,dsir_channel,269.30586542463516,NA,NA,NA,0.03512485922027091,0.009574899505126674,0,158.60959204445905,0.330125237970911,52.361029318146144,1.6979166389202198,NA
CMA,1976,dsir_channel,269.30586542463516,NA,NA,NA,0.04290838070702289,0.009574899505126674,0,158.60959204445905,0.330125237970911,52.361029318146144,1.6979166389202198,NA
CMA,1977,dsir_channel,269.30586542463516,NA,NA,NA,0.03546197035299838,0.009574899505126674,0,158.60959204445905,0.330125237970911,52.361029318146144,1.6979166389202198,NA
CMA,1978,dsir_channel,269.30586542463516,NA,NA,NA,0.03911026194496009,0.009574899505126674,0,158.60959204445905,0.330125237970911,52.361029318146144,1.6979166389202198,NA
CMA,1979,dsir_channel,269.30586542463516,NA,NA,NA,0.03871321994419217,0.009574899505126674,0,158.60959204445905,0.330125237970911,52.361029318146144,1.6979166389202198,NA
CMA,1980,dsir_channel,269.30586542463516,NA,NA,NA,0.03613619261845331,0.009574899505126674,0,158.60959204445905,0.330125237970911,52.361029318146144,1.6979166389202198,NA
CMA,1981,dsir_channel,269.30586542463516,NA,NA,NA,0.02914675513323715,0.009574899505126674,0,158.60959204445905,0.330125237970911,52.361029318146144,1.6979166389202198,NA
CMA,1982,dsir_channel,269.30586542463516,NA,NA,NA,0.03023610281596567,0.009574899505126674,0,158.60959204445905,0.330125237970911,52.361029318146144,1.6979166389202198,NA
CMA,1983,dsir_channel,269.30586542463516,NA,NA,NA,0.02916827444456141,0.009574899505126674,0,158.60959204445905,0.330125237970911,52.361029318146144,1.6979166389202198,NA
CMA,1984,dsir_channel,269.30586542463516,NA,NA,NA,0.03546103843005606,0.009574899505126674,0,158.60959204445905,0.330125237970911,52.361029318146144,1.6979166389202198,NA
CMA,1985,dsir_channel,269.30586542463516,NA,NA,NA,0.03301702483133401,0.009574899505126674,0,158.60959204445905,0.330125237970911,52.361029318146144,1.6979166389202198,NA
CMA,1986,dsir_channel,269.30586542463516,NA,NA,NA,0.02920824662958724,0.009574899505126674,0,158.60959204445905,0.330125237970911,52.361029318146144,1.6979166389202198,NA
CMA,1987,dsir_channel,269.30586542463516,NA,NA,NA,0.02317815700283375,0.009574899505126674,0,158.60959204445905,0.330125237970911,52.361029318146144,1.6979166389202198,NA
CMA,1988,dsir_channel,269.30586542463516,NA,NA,NA,0.0180560070073812,0.009574899505126674,0,158.60959204445905,0.330125237970911,52.361029318146144,1.6979166389202198,NA
CMA,1989,dsir_channel,269.30586542463516,NA,NA,NA,0.01408734006553113,0.009574899505126674,0,158.60959204445905,0.330125237970911,52.361029318146144,1.6979166389202198,NA
CMA,1990,dsir_channel,269.30586542463516,NA,NA,NA,NA,0.009574899505126674,0,158.60959204445905,0.330125237970911,52.361029318146144,1.6979166389202198,NA
CMA,1991,dsir_channel,269.30586542463516,NA,NA,NA,0.01588608839169339,0.009574899505126674,0,158.60959204445905,0.330125237970911,52.361029318146144,1.6979166389202198,NA
CMA,1992,dsir_channel,269.30586542463516,NA,NA,NA,NA,0.009574899505126674,0,158.60959204445905,0.330125237970911,52.361029318146144,1.6979166389202198,NA
CMA,1993,dsir_channel,269.30586542463516,NA,NA,NA,NA,0.009574899505126674,0,158.60959204445905,0.330125237970911,52.361029318146144,1.6979166389202198,NA
CMA,1994,dsir_channel,269.30586542463516,NA,NA,NA,NA,0.009574899505126674,0,158.60959204445905,0.330125237970911,52.361029318146144,1.6979166389202198,NA
CMA,1995,dsir_channel,269.30586542463516,NA,NA,NA,NA,0.009574899505126674,0,158.60959204445905,0.330125237970911,52.361029318146144,1.6979166389202198,NA
CMA,1996,dsir_channel,269.30586542463516,NA,NA,NA,NA,0.009574899505126674,0,158.60959204445905,0.330125237970911,52.361029318146144,1.6979166389202198,NA
CMA,1997,dsir_channel,269.30586542463516,0.031573500069608684,6.982276012928165,8.37009680994602,NA,0.009574899505126674,1,158.60959204445905,0.330125237970911,52.361029318146144,1.6979166389202198,0.09564097632665935
CMA,1998,dsir_channel,284.0029374774878,0.033792774413367255,6.430033424311279,9.43689966472742,NA,0.010097439137539738,1,158.60959204445905,0.330125237970911,52.361029318146144,1.7905785760919202,0.10236349883781048
CMA,1999,dsir_channel,289.79912039595257,0.040508061449301636,11.358979670641732,11.50461267819662,NA,0.010303516598459959,1,158.60959204445905,0.330125237970911,52.361029318146144,1.827122285988356,0.12270513365861173
CMA,2000,dsir_channel,291.1035281871476,0.032446451075812455,7.90947006757974,9.293687466841734,NA,0.01034989350709024,1,158.60959204445905,0.330125237970911,52.361029318146144,1.835346301789553,0.09828527886944372
CMA,2001,dsir_channel,294.47650185314507,0.03944879476028529,4.231254795456559,11.390593354482727,NA,0.010469816197353377,1,158.60959204445905,0.330125237970911,52.361029318146144,1.8566121888176967,0.11949645232443974
CMA,2002,dsir_channel,295.5121680723445,0.046332425824098245,4.261437489224821,13.379451016521378,NA,0.010506638269364517,1,158.60959204445905,0.330125237970911,52.361029318146144,1.8631418457309377,0.14034802703627533
CMA,2003,dsir_channel,294.0190833009881,0.0523356654431657,3.5665176384114585,14.99195560579452,0.00145021645021645,0.010453553140246255,1,158.60959204445905,0.330125237970911,52.361029318146144,1.853728261394009,0.15853276097532798
CMA,2004,dsir_channel,290.2577064144759,0.05567532987602597,5.306334019776641,15.718565316660094,0.01075098814229249,0.010319821163660921,1,158.60959204445905,0.330125237970911,52.361029318146144,1.8300135740410657,0.16864911697824148
CMA,2005,dsir_channel,288.6183467836207,0.0513847584049536,4.080571599665787,14.455994475872785,0.04241935483870967,0.010261535378858386,1,158.60959204445905,0.330125237970911,52.361029318146144,1.8196777575893366,0.15565231765007126
CMA,2006,dsir_channel,287.8813396340599,0.049186954143170425,4.305948395780494,13.817402620238685,0.02696652719665271,0.010235331830040474,1,158.60959204445905,0.330125237970911,52.361029318146144,1.815031083071983,0.148994831311578
CMA,2007,dsir_channel,289.2323835453082,0.05137003528918349,4.078207657941061,14.482704524118825,0.01339534883720929,0.010283366839069405,1,158.60959204445905,0.330125237970911,52.361029318146144,1.8235491297665967,0.15560771907329898
CMA,2008,dsir_channel,290.06726023325734,0.053220222515308,6.6500248945371405,15.033843572831788,0.0139516129032258,0.010313050041006657,1,158.60959204445905,0.330125237970911,52.361029318146144,1.8288128510660948,0.1612122200726668
CMA,2009,dsir_channel,289.45070024027706,0.05667134829291243,5.357189429456501,15.947412865946031,0.01735537190082644,0.01029112886984182,1,158.60959204445905,0.330125237970911,52.361029318146144,1.824925570448114,0.17166620959136128
CMA,2010,dsir_channel,288.31750804762754,0.0606669292884936,8.058452158510917,16.971333627826795,0.00935341365461847,0.010250839359817578,1,158.60959204445905,0.330125237970911,52.361029318146144,1.8177810328571473,0.183769437506136
CMA,2011,dsir_channel,285.7006617036671,0.062592208006504,15.414175174707609,17.334474696530716,0.00293172690763052,0.010157800016896945,1,158.60959204445905,0.330125237970911,52.361029318146144,1.8012823689981108,0.1896014021564123
CMA,2012,dsir_channel,285.0245819119475,0.06101623345190177,12.950245854977666,16.871184432082913,NA,0.010133762679080503,1,158.60959204445905,0.330125237970911,52.361029318146144,1.7970198286119652,0.1848275334140864
CMA,2013,dsir_channel,285.38241064975693,0.06832180506197982,15.750674136237587,18.84669087155523,NA,0.010146484920384715,1,158.60959204445905,0.330125237970911,52.361029318146144,1.7992758632766852,0.2069572307828219
CMA,2014,dsir_channel,284.3815325998467,0.07465968064759476,16.066326907875723,20.458615303315902,NA,0.01011089970678505,1,158.60959204445905,0.330125237970911,52.361029318146144,1.792965538428049,0.226155628410856
CMA,2015,dsir_channel,282.53581126213095,0.12430733826051465,15.279834883314377,33.026066941400124,NA,0.010045276938802517,1,158.60959204445905,0.330125237970911,52.361029318146144,1.7813286549714773,0.376546001222324
CMA,2016,dsir_channel,267.6268166224013,0.10528823299727375,14.809354702014472,26.745270732232907,NA,0.009515202611706837,1,158.60959204445905,0.330125237970911,52.361029318146144,1.6873305906201699,0.3189342131017297
CMA,2017,dsir_channel,266.1481498993312,0.09738782976886462,12.38278708605218,24.69745786364527,NA,0.009462630101811267,1,158.60959204445905,0.330125237970911,52.361029318146144,1.6780079090344584,0.295002679490521
CMA,2018,dsir_channel,265.00317039501743,0.09248715807077534,17.362481624181218,23.410136700347092,NA,0.009421921505762133,1,158.60959204445905,0.330125237970911,52.361029318146144,1.670789054931405,0.2801577929613635
CMA,2019,dsir_channel,268.02659162878786,0.10044157643733342,17.6340420053437,25.613170186709365,NA,0.009529416210451808,1,158.60959204445905,0.330125237970911,52.361029318146144,1.68985108765464,0.3042529467140705
CMA,2020,dsir_channel,266.5563075132534,0.0789822346629423,14.140711899518772,20.243261462673175,NA,0.009477141735746144,1,158.60959204445905,0.330125237970911,52.361029318146144,1.6805812566401175,0.239249307773015
CMA,2021,dsir_channel,272.3881608739393,0.07860540772083802,13.53089442287455,20.591287778140252,NA,0.009684487423405625,1,158.60959204445905,0.330125237970911,52.361029318146144,1.717349861145772,0.23810784114531813
CMA,2022,dsir_channel,275.24251150457854,0.08233726609714687,8.175796361443904,21.754811039932985,NA,0.009785970992646392,1,158.60959204445905,0.330125237970911,52.361029318146144,1.7353459394021185,0.24941221278090234
CMA,2023,dsir_channel,277.36375473128726,0.09429322190196032,11.19316993844066,24.958331578851745,NA,0.009861389664607515,1,158.60959204445905,0.330125237970911,52.361029318146144,1.748719930214188,0.2856286374271966
DMF,1971,dsir_channel,296.41457281449277,NA,NA,NA,1.6747497608281134,0.8732500161868436,0,316.6940246892705,0.19072642080809726,60.40191782029578,0.935965157869097,NA
DMF,1972,dsir_channel,296.41457281449277,NA,NA,NA,1.5944916015309247,0.8732500161868436,0,316.6940246892705,0.19072642080809726,60.40191782029578,0.935965157869097,NA
DMF,1973,dsir_channel,296.41457281449277,NA,NA,NA,1.3118213549496314,0.8732500161868436,0,316.6940246892705,0.19072642080809726,60.40191782029578,0.935965157869097,NA
DMF,1974,dsir_channel,296.41457281449277,NA,NA,NA,1.457194624620011,0.8732500161868436,0,316.6940246892705,0.19072642080809726,60.40191782029578,0.935965157869097,NA
DMF,1975,dsir_channel,296.41457281449277,NA,NA,NA,1.183357823244383,0.8732500161868436,0,316.6940246892705,0.19072642080809726,60.40191782029578,0.935965157869097,NA
DMF,1976,dsir_channel,296.41457281449277,NA,NA,NA,1.4455849537782792,0.8732500161868436,0,316.6940246892705,0.19072642080809726,60.40191782029578,0.935965157869097,NA
DMF,1977,dsir_channel,296.41457281449277,NA,NA,NA,1.1947151099373816,0.8732500161868436,0,316.6940246892705,0.19072642080809726,60.40191782029578,0.935965157869097,NA
DMF,1978,dsir_channel,296.41457281449277,NA,NA,NA,1.317626190370497,0.8732500161868436,0,316.6940246892705,0.19072642080809726,60.40191782029578,0.935965157869097,NA
DMF,1979,dsir_channel,296.41457281449277,NA,NA,NA,1.3042498304876324,0.8732500161868436,0,316.6940246892705,0.19072642080809726,60.40191782029578,0.935965157869097,NA
DMF,1980,dsir_channel,296.41457281449277,0.22566321513302956,20.91483532601663,59.87965451448303,1.2174296833233784,0.8732500161868436,1,316.6940246892705,0.19072642080809726,60.40191782029578,0.935965157869097,1.1831775281940857
DMF,1981,dsir_channel,291.7588167316953,0.23082170593978013,20.79056515673505,60.13703622132936,0.9819552725552118,0.8595339595299083,1,316.6940246892705,0.19072642080809726,60.40191782029578,0.9212640403239662,1.2102240736328054
DMF,1982,dsir_channel,285.80532492408327,0.25331925317548,18.60913575241832,63.95750659341334,1.0186554368037275,0.8419947178927601,1,316.6940246892705,0.19072642080809726,60.40191782029578,0.9024651639844036,1.3281812352068496
DMF,1983,dsir_channel,281.4750080396482,0.26746069128500327,18.8302484753767,66.05643841394544,0.9826802589600454,0.8292374190409467,1,316.6940246892705,0.19072642080809726,60.40191782029578,0.8887916603915149,1.4023263801196875
DMF,1984,dsir_channel,273.2604393903171,0.2567897011933802,19.632870417459724,61.88505416853663,1.1946837134185362,0.8050369482682573,1,316.6940246892705,0.19072642080809726,60.40191782029578,0.8628531582129818,1.3463771831158813
DMF,1985,dsir_channel,270.4860852532783,0.2694196835772864,20.188548575840134,63.88269370802598,1.1123448037014454,0.7968635822556713,1,316.6940246892705,0.19072642080809726,60.40191782029578,0.85409279672602,1.4125975962625952
DMF,1986,dsir_channel,264.55194950579346,0.32811540053549315,28.577716667862397,74.00049929890565,0.9840269233713064,0.7793813643999752,1,316.6940246892705,0.19072642080809726,60.40191782029578,0.8353550395065487,1.7203458186091176
DMF,1987,dsir_channel,248.9735432802631,0.3461500900543504,41.49937771309011,72.84808911299433,0.7808729779011012,0.7334867130019707,1,316.6940246892705,0.19072642080809726,60.40191782029578,0.7861643222493621,1.8149037169980522
DMF,1988,dsir_channel,233.29044612709237,0.3324415286998068,38.87591529988475,65.98139654542398,0.6083075526295348,0.6872836376510256,1,316.6940246892705,0.19072642080809726,60.40191782029578,0.7366430306223462,1.743028193426325
DMF,1989,dsir_channel,223.4018531827242,0.31887256237040607,36.311500477317324,60.995813112217434,0.4746030146543525,0.658151419667469,1,316.6940246892705,0.19072642080809726,60.40191782029578,0.7054185926050186,1.6718845822165629
DMF,1990,dsir_channel,217.5422255045807,0.32863435498175253,33.156056008985956,60.9322288751421,NA,0.6408887057725282,1,316.6940246892705,0.19072642080809726,60.40191782029578,0.6869161036998591,1.7230667549327827
DMF,1991,dsir_channel,210.86449620316904,0.30204120207483687,42.51200022593182,54.97077090349166,0.5352029131610898,0.6212158294858466,1,316.6940246892705,0.19072642080809726,60.40191782029578,0.6658303591615351,1.5836358738086997
DMF,1992,dsir_channel,212.2514031956366,0.27581113307373695,35.353205110399934,51.16187226673309,NA,0.62530171683653335,1,316.6940246892705,0.19072642080809726,60.40191782029578,0.6702096871069497,1.4461086822955125
DMF,1993,dsir_channel,217.00916426862437,0.2925836659331873,47.60267873537249,55.0481071189894,NA,0.6393182845597399,1,316.6940246892705,0.19072642080809726,60.40191782029578,0.6852328978468932,1.5340489518627076
DMF,1994,dsir_channel,218.4861737016527,0.32720216706888383,47.47270457808418,60.9711933301597,NA,0.6436696175561352,1,316.6940246892705,0.19072642080809726,60.40191782029578,0.6898967352352919,1.715557633192855
DMF,1995,dsir_channel,214.72369146439007,0.329983650372923,47.34471056113506,60.351209628466435,NA,0.6325851838746356,1,316.6940246892705,0.19072642080809726,60.40191782029578,0.6780162387814854,1.7301412618912502
DMF,1996,dsir_channel,212.2324466399248,0.3157333270303342,38.76742033196509,57.46110795495536,NA,0.6252458700121852,1,316.6940246892705,0.19072642080809726,60.40191782029578,0.6701498294707647,1.6554252194981147
DMF,1997,dsir_channel,211.69140076228481,0.3191107137485476,35.13360064446651,57.835132496770846,NA,0.6236519257033045,1,316.6940246892705,0.19072642080809726,60.40191782029578,0.6684414111380512,1.673133236583024
DMF,1998,dsir_channel,208.2131571686322,0.3668100490142203,37.47620963751783,63.933670228850204,NA,0.6134048712295024,1,316.6940246892705,0.19072642080809726,60.40191782029578,0.6574584328609417,1.9232261972938332
DMF,1999,dsir_channel,197.26183578475192,0.3428655455435763,33.93953025811346,57.258476619089635,NA,0.5811418097850645,1,316.6940246892705,0.19072642080809726,60.40191782029578,0.6228783002088485,1.7976824820120567
DMF,2000,dsir_channel,192.8666975782933,0.3178479178165299,32.43690857326425,52.515007259344145,NA,0.5681935445446258,1,316.6940246892705,0.19072642080809726,60.40191782029578,0.6090001153874867,1.6665122559833394
DMF,2001,dsir_channel,192.38138151894623,0.31922456442989944,31.986253577305803,52.57545811378442,NA,0.566763782665321,1,316.6940246892705,0.19072642080809726,60.40191782029578,0.6074676707516169,1.6737301684651904
DMF,2002,dsir_channel,191.26618866673599,0.3219415582113152,29.743123430622934,52.64782700020769,NA,0.5634783767994848,1,316.6940246892705,0.19072642080809726,60.40191782029578,0.6039463133363502,1.6879756713687946
DMF,2003,dsir_channel,189.67951584910122,0.3377862094930153,34.03462014400314,54.37205457577615,0.218073593073593,0.5588039707791373,1,316.6940246892705,0.19072642080809726,60.40191782029578,0.59893620043892,1.7710509538313248
DMF,2004,dsir_channel,185.03037292125302,0.31595777085290955,30.516614877008067,50.1265342210531,0.34598023715415,0.5451073967596839,1,316.6940246892705,0.19072642080809726,60.40191782029578,0.5842559647369368,1.656602003614465
DMF,2005,dsir_channel,185.34819675312326,0.3028726270248443,32.59368668486614,48.43274789974528,0.46099677419354823,0.5460437193692302,1,316.6940246892705,0.19072642080809726,60.40191782029578,0.5852595322408771,1.5879951280037123
DMF,2006,dsir_channel,185.60484555893802,0.28880810591581163,30.2647642580382,46.557871121359206,0.7168786610878658,0.5467998177341118,1,316.6940246892705,0.19072642080809726,60.40191782029578,0.5860699321404855,1.5142532675449354
DMF,2007,dsir_channel,187.94526279400148,0.2718362526223146,25.554201649421977,44.73491508354193,0.6185069767441858,0.5536947870637141,1,316.6940246892705,0.19072642080809726,60.40191782029578,0.5934600849460517,1.4252679386031546
DMF,2008,dsir_channel,194.00813798967752,0.2748486469552418,29.23914190673826,46.62265914083823,0.6899838709677415,0.5715562768430185,1,316.6940246892705,0.19072642080809726,60.40191782029578,0.6126043526714208,1.4410622597054112
DMF,2009,dsir_channel,199.3861794427207,0.2986590971998426,31.91616661278889,51.479068610770724,0.5510971900826442,0.5874002171099588,1,316.6940246892705,0.19072642080809726,60.40191782029578,0.6295861743471531,1.565903118899
DMF,2010,dsir_channel,201.04873741189124,0.3093504504019835,34.61307094798343,53.49434012573223,0.42898203996489354,0.5922981840341369,1,316.6940246892705,0.19072642080809726,60.40191782029578,0.6348359038638429,1.6219590819734508
DMF,2011,dsir_channel,197.77382809340193,0.2567732691283391,45.090432288162006,44.78715306088294,0.3355715582423232,0.582650161036391,1,316.6940246892705,0.19072642080809726,60.40191782029578,0.6244949783547414,1.3462910279572435
DMF,2012,dsir_channel,200.78134515793323,0.22751767531128753,36.41599758214627,40.85732865278864,1.1035647590943034,0.5915104350112735,1,316.6940246892705,0.19072642080809726,60.40191782029578,0.6339915802166874,1.1929006707477012
DMF,2013,dsir_channel,211.04002097472232,0.2424236301806726,44.05835663060137,45.43192024961544,0.4500939326298731,0.6217329329741964,1,316.6940246892705,0.19072642080809726,60.40191782029578,0.6663846000308584,1.2710542627158687
DMF,2014,dsir_channel,215.8814767906184,0.23584165174849847,37.617677750326656,45.355458202030015,0.5441553134091036,0.6359960689916183,1,316.6940246892705,0.19072642080809726,60.40191782029578,0.6816720871271064,1.2365442121193828
DMF,2015,dsir_channel,221.34866983105292,0.22943549314271205,32.724315218435365,45.38040652181606,0.5828982109829055,0.6521026536501395,1,316.6940246892705,0.19072642080809726,60.40191782029578,0.6989354158109954,1.2029560045776908
DMF,2016,dsir_channel,224.56536108010852,0.2521166408731643,21.840604852460125,50.04347340044743,0.2810601831082906,0.6615791637239673,1,316.6940246892705,0.19072642080809726,60.40191782029578,0.7090925106668636,1.3218758041227854
DMF,2017,dsir_channel,225.95668161510704,0.3093572776385347,22.21882850365272,60.12289040484634,0.40912298975376343,0.6656780535598221,1,316.6940246892705,0.19072642080809726,60.40191782029578,0.7134857749109984,1.6219948779398528
DMF,2018,dsir_channel,218.31038279809644,0.31359081899907526,24.869260126970644,58.76522462604709,1.055181899380611,0.6431517300315158,1,316.6940246892705,0.19072642080809726,60.40191782029578,0.6893416540217177,1.6441918097681925
DMF,2019,dsir_channel,210.56814984748274,0.31629109216628404,25.299591047779803,57.09613130185481,0.5974387098186917,0.6203427804402387,1,316.6940246892705,0.19072642080809726,60.40191782029578,0.6648946094075665,1.658349644617543
DMF,2020,dsir_channel,200.58335107060498,0.2759737804058533,20.076392081148686,48.374119770681844,2.9020302341101365,0.5909271359571056,1,316.6940246892705,0.19072642080809726,60.40191782029578,0.6333663897429407,1.446961460486532
DMF,2021,dsir_channel,200.68092609781206,0.26724919141145964,19.651096797165618,47.063230008268214,0.3833456358538275,0.5912145961628538,1,316.6940246892705,0.19072642080809726,60.40191782029578,0.633674494789453,1.401217462578806
DMF,2022,dsir_channel,202.2136094378336,0.25563255446502264,17.5659065891154,45.6140364674432,1.0582687169226213,0.5957299468717434,1,316.6940246892705,0.19072642080809726,60.40191782029578,0.6385141293279492,1.3403101331316432
DMF,2023,dsir_channel,205.6746422054125,0.2703962140927034,17.708054581607055,48.72903422294973,0.49158609242439266,0.6059262975154176,1,316.6940246892705,0.19072642080809726,60.40191782029578,0.6494427623230767,1.4177176551997865
LPF,1971,dsir_channel,406.2859000730142,NA,NA,NA,12.837852733417394,4.1730171297768415,0,264.3456642341205,0.19119248972547145,50.540905693055,1.5369493623061012,NA
LPF,1972,dsir_channel,406.2859000730142,NA,NA,NA,12.222631012649396,4.1730171297768415,0,264.3456642341205,0.19119248972547145,50.540905693055,1.5369493623061012,NA
LPF,1973,dsir_channel,406.2859000730142,NA,NA,NA,10.055812373466518,4.1730171297768415,0,264.3456642341205,0.19119248972547145,50.540905693055,1.5369493623061012,NA
LPF,1974,dsir_channel,406.2859000730142,NA,NA,NA,11.170176245046283,4.1730171297768415,0,264.3456642341205,0.19119248972547145,50.540905693055,1.5369493623061012,NA
LPF,1975,dsir_channel,406.2859000730142,NA,NA,NA,9.071070688337873,4.1730171297768415,0,264.3456642341205,0.19119248972547145,50.540905693055,1.5369493623061012,NA
LPF,1976,dsir_channel,406.2859000730142,NA,NA,NA,11.081181908079843,4.1730171297768415,0,264.3456642341205,0.19119248972547145,50.540905693055,1.5369493623061012,NA
LPF,1977,dsir_channel,406.2859000730142,NA,NA,NA,9.15813036580504,4.1730171297768415,0,264.3456642341205,0.19119248972547145,50.540905693055,1.5369493623061012,NA
LPF,1978,dsir_channel,406.2859000730142,NA,NA,NA,10.100309541949738,4.1730171297768415,0,264.3456642341205,0.19119248972547145,50.540905693055,1.5369493623061012,NA
LPF,1979,dsir_channel,406.2859000730142,NA,NA,NA,9.997772588488406,4.1730171297768415,0,264.3456642341205,0.19119248972547145,50.540905693055,1.5369493623061012,NA
LPF,1980,dsir_channel,406.2859000730142,NA,NA,NA,9.332249720739378,4.1730171297768415,0,264.3456642341205,0.19119248972547145,50.540905693055,1.5369493623061012,NA
LPF,1981,dsir_channel,406.2859000730142,NA,NA,NA,7.527212407920071,4.1730171297768415,0,264.3456642341205,0.19119248972547145,50.540905693055,1.5369493623061012,NA
LPF,1982,dsir_channel,406.2859000730142,NA,NA,NA,7.808538797649906,4.1730171297768415,0,264.3456642341205,0.19119248972547145,50.540905693055,1.5369493623061012,NA
LPF,1983,dsir_channel,406.2859000730142,NA,NA,NA,7.532769816505329,4.1730171297768415,0,264.3456642341205,0.19119248972547145,50.540905693055,1.5369493623061012,NA
LPF,1984,dsir_channel,406.2859000730142,NA,NA,NA,9.157889694694225,4.1730171297768415,0,264.3456642341205,0.19119248972547145,50.540905693055,1.5369493623061012,NA
LPF,1985,dsir_channel,406.2859000730142,NA,NA,NA,8.526717908972948,4.1730171297768415,0,264.3456642341205,0.19119248972547145,50.540905693055,1.5369493623061012,NA
LPF,1986,dsir_channel,406.2859000730142,NA,NA,NA,7.543092719542827,4.1730171297768415,0,264.3456642341205,0.19119248972547145,50.540905693055,1.5369493623061012,NA
LPF,1987,dsir_channel,406.2859000730142,NA,NA,NA,5.985809061314631,4.1730171297768415,0,264.3456642341205,0.19119248972547145,50.540905693055,1.5369493623061012,NA
LPF,1988,dsir_channel,406.2859000730142,NA,NA,NA,4.66300277208102,4.1730171297768415,0,264.3456642341205,0.19119248972547145,50.540905693055,1.5369493623061012,NA
LPF,1989,dsir_channel,406.2859000730142,NA,NA,NA,3.63808597050091,4.1730171297768415,0,264.3456642341205,0.19119248972547145,50.540905693055,1.5369493623061012,NA
LPF,1990,dsir_channel,406.2859000730142,NA,NA,NA,NA,4.1730171297768415,0,264.3456642341205,0.19119248972547145,50.540905693055,1.5369493623061012,NA
LPF,1991,dsir_channel,406.2859000730142,0.07169943354002495,26.57215528777794,28.11066781190852,4.102616607188298,4.1730171297768415,1,264.3456642341205,0.19119248972547145,50.540905693055,1.5369493623061012,0.3750117676848938
LPF,1992,dsir_channel,411.79565241964673,0.08627679558230028,29.03322252159191,34.038913186451346,NA,4.229608537254171,1,264.3456642341205,0.19119248972547145,50.540905693055,1.5577923459146872,0.4512561958170166
LPF,1993,dsir_channel,410.5678201052322,0.08592662473483159,27.45305790638358,33.805512831649395,NA,4.21699730639525,1,264.3456642341205,0.19119248972547145,50.540905693055,1.553147547529316,0.44942468638915417
LPF,1994,dsir_channel,409.7426112163289,0.08759948377138915,26.356105144159475,34.3660440342383,NA,4.208521474897236,1,264.3456642341205,0.19119248972547145,50.540905693055,1.5500258436372012,0.45817429281438343
LPF,1995,dsir_channel,408.8658638855616,0.09187728385668059,25.25915238193537,35.89143678694098,NA,4.199516285130325,1,264.3456642341205,0.19119248972547145,50.540905693055,1.5467091736501695,0.4805486030785252
LPF,1996,dsir_channel,406.1755416275603,0.061155320238356126,22.23143251393894,24.095502007134403,NA,4.171883623339103,1,264.3456642341205,0.19119248972547145,50.540905693055,1.5365318845094682,0.31986256534536234
LPF,1997,dsir_channel,415.69705569078224,0.0630170940910908,20.813913007238103,25.387690258603566,NA,4.2696803750356205,1,264.3456642341205,0.19119248972547145,50.540905693055,1.5725510645130756,0.3296002587840949
LPF,1998,dsir_channel,422.8956804276962,0.07149837020473182,16.269245180329605,29.180734463923635,NA,4.343618418006294,1,264.3456642341205,0.19119248972547145,50.540905693055,1.5997829268466999,0.37396013989563376
LPF,1999,dsir_channel,422.46910314372883,0.08654101559993155,16.602320506320662,35.023562024228056,NA,4.339236985343113,1,264.3456642341205,0.19119248972547145,50.540905693055,1.5981692166873018,0.45263815395779217
LPF,2000,dsir_channel,417.40112233659005,0.06784477122100441,12.620916783569673,27.379214184495254,NA,4.287183072771278,1,264.3456642341205,0.19119248972547145,50.540905693055,1.5789974219774394,0.35485060798371854
LPF,2001,dsir_channel,421.5409085096058,0.07634967281114236,19.325719542259375,30.986552893697116,NA,4.329703373403181,1,264.3456642341205,0.19119248972547145,50.540905693055,1.5946579253755557,0.39933405815663026
LPF,2002,dsir_channel,420.62708914552053,0.08497548900043306,16.905237233120392,34.26647064403667,NA,4.320317411795445,1,264.3456642341205,0.19119248972547145,50.540905693055,1.5912010146419038,0.44444993170206243
LPF,2003,dsir_channel,416.97819416642807,0.09376029525278273,21.763173129751085,37.319136614050834,4.2929523809523795,4.28283912064684,1,264.3456642341205,0.19119248972547145,50.540905693055,1.5773975161443428,0.49039737589803245
LPF,2004,dsir_channel,411.2065747771272,0.09464517450817045,20.049938586318483,37.13373816610947,5.040936758893278,4.223558041550135,1,264.3456642341205,0.19119248972547145,50.540905693055,1.5555639089769138,0.4950255872710748
LPF,2005,dsir_channel,406.7167765149706,0.08919853802963917,12.128805310792709,34.707599122771114,5.613892558651024,4.177442719670013,1,264.3456642341205,0.19119248972547145,50.540905693055,1.5385793358606317,0.4665378758219904
LPF,2006,dsir_channel,406.09218059698543,0.08437622318809535,9.94841314042463,32.85878237664932,4.4988577405857715,4.1710274109810515,1,264.3456642341205,0.19119248972547145,50.540905693055,1.5362165359267088,0.44131557316529046
LPF,2007,dsir_channel,407.5180349589467,0.0855271392891046,10.049046969922893,33.40497541349736,3.260753488372092,4.18567255292657,1,264.3456642341205,0.19119248972547145,50.540905693055,1.5416104369997312,0.4473352452908108
LPF,2008,dsir_channel,408.174804171309,0.08621706000186968,14.964258881522824,33.717247113875395,5.151786290322578,4.192418317849755,1,264.3456642341205,0.19119248972547145,50.540905693055,1.5440949461149653,0.4509437589607553
LPF,2009,dsir_channel,408.26832236705866,0.08979121913525034,12.870944578523375,35.06126023726346,3.8389900826446266,4.193378855817574,1,264.3456642341205,0.19119248972547145,50.540905693055,1.5444487184986382,0.46963779416325047
LPF,2010,dsir_channel,406.8065064494271,0.09053316853994708,20.76690502038638,35.211529410821846,3.95987127544066,4.178364347896524,1,264.3456642341205,0.19119248972547145,50.540905693055,1.5389187775333992,0.4735184351118677
LPF,2011,dsir_channel,404.45384463066324,0.0922663290882264,19.57877486306664,35.64764708875374,3.256608175500181,4.154199841895925,1,264.3456642341205,0.19119248972547145,50.540905693055,1.5300188327373303,0.48258343840131657
LPF,2012,dsir_channel,402.58150103045773,0.08779515486980571,16.861840248415536,33.83758503434815,3.2112040456180293,4.134968748926462,1,264.3456642341205,0.19119248972547145,50.540905693055,1.5229358960618595,0.4591977174201173
LPF,2013,dsir_channel,403.52379047398136,0.09657865172309332,19.478993975435916,37.149011947127065,3.2479481672462156,4.144647130549663,1,264.3456642341205,0.19119248972547145,50.540905693055,1.526500506989955,0.5051383130256225
LPF,2014,dsir_channel,400.2356344001245,0.09861680489384383,19.85957663782724,37.58618817965777,3.918725295144031,4.110874037220264,1,264.3456642341205,0.19119248972547145,50.540905693055,1.5140616569585634,0.5157985286736171
LPF,2015,dsir_channel,397.96255394223635,0.15594675210293385,35.43146209019493,57.46390313866212,4.5032520155213644,4.087526922081827,1,264.3456642341205,0.19119248972547145,50.540905693055,1.5054627625357104,0.8156531269970589
LPF,2016,dsir_channel,376.6386349768414,0.10681372089077712,41.35448055661161,38.156105658010226,4.291889781332916,3.8685060820758737,1,264.3456642341205,0.19119248972547145,50.540905693055,1.4247959620145971,0.5586711122604674
LPF,2017,dsir_channel,367.9726480385876,0.09708621783904015,31.497795506869494,34.0456529231294,4.207916584287845,3.7794965645581438,1,264.3456642341205,0.19119248972547145,50.540905693055,1.3920131775366997,0.5077930518005379
LPF,2018,dsir_channel,360.18355359651446,0.1010569401829029,37.65150460171557,34.62027975820329,3.606002657964865,3.6994937278208138,1,264.3456642341205,0.19119248972547145,50.540905693055,1.3625476121958033,0.5285612438438771
LPF,2019,dsir_channel,358.5957411426082,0.1043448309137247,24.526090952589737,35.53160938650911,4.604601765476088,3.683185092527703,1,264.3456642341205,0.19119248972547145,50.540905693055,1.3565410356986758,0.5457580005550995
LPF,2020,dsir_channel,352.1030708370665,0.09709944022953287,19.593236457331102,32.5815889899016,3.391696528557638,3.616498002480646,1,264.3456642341205,0.19119248972547145,50.540905693055,1.3319797465080523,0.5078622092790127
LPF,2021,dsir_channel,344.0195715350499,0.09202984962570682,21.337149421268403,30.246914929450444,4.970937032567688,3.533471293825996,1,264.3456642341205,0.19119248972547145,50.540905693055,1.301400469463972,0.4813465725450314
LPF,2022,dsir_channel,343.3408366753864,0.09455675865860957,10.020760469310122,30.977550862343616,3.0040670153152296,3.526499916784746,1,264.3456642341205,0.19119248972547145,50.540905693055,1.2988328659376196,0.4945631431149899
LPF,2023,dsir_channel,350.40100339889943,0.10618604318871938,11.57188688343903,35.30033201821355,2.971088139469183,3.5990158388755833,1,264.3456642341205,0.19119248972547145,50.540905693055,1.3255409518976,0.5553881501370126
MPF,1971,dsir_channel,234.88063173700672,NA,NA,NA,0.35332632132570485,0.1499503198167853,0,320.63520437695377,0.20527429413891227,65.81816525456505,0.7325478566628949,NA
MPF,1972,dsir_channel,234.88063173700672,NA,NA,NA,0.3363940483114808,0.1499503198167853,0,320.63520437695377,0.20527429413891227,65.81816525456505,0.7325478566628949,NA
MPF,1973,dsir_channel,234.88063173700672,NA,NA,NA,0.27675836977081736,0.1499503198167853,0,320.63520437695377,0.20527429413891227,65.81816525456505,0.7325478566628949,NA
MPF,1974,dsir_channel,234.88063173700672,NA,NA,NA,0.3074281473060157,0.1499503198167853,0,320.63520437695377,0.20527429413891227,65.81816525456505,0.7325478566628949,NA
MPF,1975,dsir_channel,234.88063173700672,NA,NA,NA,0.24965608371974812,0.1499503198167853,0,320.63520437695377,0.20527429413891227,65.81816525456505,0.7325478566628949,NA
MPF,1976,dsir_channel,234.88063173700672,NA,NA,NA,0.3049788247945242,0.1499503198167853,0,320.63520437695377,0.20527429413891227,65.81816525456505,0.7325478566628949,NA
MPF,1977,dsir_channel,234.88063173700672,NA,NA,NA,0.25205216008968545,0.1499503198167853,0,320.63520437695377,0.20527429413891227,65.81816525456505,0.7325478566628949,NA
MPF,1978,dsir_channel,234.88063173700672,NA,NA,NA,0.2779830310265632,0.1499503198167853,0,320.63520437695377,0.20527429413891227,65.81816525456505,0.7325478566628949,NA
MPF,1979,dsir_channel,234.88063173700672,NA,NA,NA,0.27516098552419255,0.1499503198167853,0,320.63520437695377,0.20527429413891227,65.81816525456505,0.7325478566628949,NA
MPF,1980,dsir_channel,234.88063173700672,NA,NA,NA,0.2568443128295602,0.1499503198167853,0,320.63520437695377,0.20527429413891227,65.81816525456505,0.7325478566628949,NA
MPF,1981,dsir_channel,234.88063173700672,NA,NA,NA,0.20716566275952547,0.1499503198167853,0,320.63520437695377,0.20527429413891227,65.81816525456505,0.7325478566628949,NA
MPF,1982,dsir_channel,234.88063173700672,NA,NA,NA,0.21490839204916296,0.1499503198167853,0,320.63520437695377,0.20527429413891227,65.81816525456505,0.7325478566628949,NA
MPF,1983,dsir_channel,234.88063173700672,NA,NA,NA,0.2073186150306184,0.1499503198167853,0,320.63520437695377,0.20527429413891227,65.81816525456505,0.7325478566628949,NA
MPF,1984,dsir_channel,234.88063173700672,NA,NA,NA,0.25204553628428744,0.1499503198167853,0,320.63520437695377,0.20527429413891227,65.81816525456505,0.7325478566628949,NA
MPF,1985,dsir_channel,234.88063173700672,NA,NA,NA,0.23467428193168277,0.1499503198167853,0,320.63520437695377,0.20527429413891227,65.81816525456505,0.7325478566628949,NA
MPF,1986,dsir_channel,234.88063173700672,NA,NA,NA,0.2076027243307778,0.1499503198167853,0,320.63520437695377,0.20527429413891227,65.81816525456505,0.7325478566628949,NA
MPF,1987,dsir_channel,234.88063173700672,NA,NA,NA,0.164742807049585,0.1499503198167853,0,320.63520437695377,0.20527429413891227,65.81816525456505,0.7325478566628949,NA
MPF,1988,dsir_channel,234.88063173700672,NA,NA,NA,0.12833622958629903,0.1499503198167853,0,320.63520437695377,0.20527429413891227,65.81816525456505,0.7325478566628949,NA
MPF,1989,dsir_channel,234.88063173700672,NA,NA,NA,0.1001282347847564,0.1499503198167853,0,320.63520437695377,0.20527429413891227,65.81816525456505,0.7325478566628949,NA
MPF,1990,dsir_channel,234.88063173700672,NA,NA,NA,NA,0.1499503198167853,0,320.63520437695377,0.20527429413891227,65.81816525456505,0.7325478566628949,NA
MPF,1991,dsir_channel,234.88063173700672,0.21227069188527015,24.46736873892892,44.92191976146166,0.11291315329193038,0.1499503198167853,1,320.63520437695377,0.20527429413891227,65.81816525456505,0.7325478566628949,1.0340831655308156
MPF,1992,dsir_channel,250.8170980169838,0.2633821234105982,42.715858309882485,58.07715072869651,NA,0.16012433117634123,1,320.63520437695377,0.20527429413891227,65.81816525456505,0.7822506530571468,1.2830740668988172
MPF,1993,dsir_channel,255.05336396827394,0.2825838839029897,31.22943441631306,62.78561819734167,NA,0.16282880889137125,1,320.63520437695377,0.20527429413891227,65.81816525456505,0.7954627579460092,1.3766160302164325
MPF,1994,dsir_channel,254.70525707871855,0.2667171175305043,36.467646142892725,59.629124759107846,NA,0.1626065737115983,1,320.63520437695377,0.20527429413891227,65.81816525456505,0.7943770790036989,1.2993205927187976
MPF,1995,dsir_channel,257.3258099628468,0.31262948940267954,46.71492795413303,69.08660222324376,NA,0.16427956283873849,1,320.63520437695377,0.20527429413891227,65.81816525456505,0.8025500832413976,1.5229841160292499
MPF,1996,dsir_channel,251.3573288428777,0.22747489416824873,36.96892945753517,51.140554066019305,NA,0.16046922034203617,1,320.63520437695377,0.20527429413891227,65.81816525456505,0.7839355298845172,1.108150901809035
MPF,1997,dsir_channel,262.6733851844924,0.23177067949248542,36.993871415453114,54.339773014190584,NA,0.1676935123364047,1,320.63520437695377,0.20527429413891227,65.81816525456505,0.8192281496191581,1.1290779513563576
MPF,1998,dsir_channel,270.6298748581788,0.24646897169369542,44.70922435482375,59.11757752090463,NA,0.17277302086107565,1,320.63520437695377,0.20527429413891227,65.81816525456505,0.844042922186466,1.200681131203433
MPF,1999,dsir_channel,271.544577041207,0.28579632220874895,39.433079938130334,67.50173298303952,NA,0.17335697656601332,1,320.63520437695377,0.20527429413891227,65.81816525456505,0.8468957036981082,1.3922655216407476
MPF,2000,dsir_channel,264.26120575255874,0.21752522611392688,36.931097978941565,51.66113395626663,NA,0.16870719405308113,1,320.63520437695377,0.20527429413891227,65.81816525456505,0.8241802588897285,1.0596807896790243
MPF,2001,dsir_channel,273.7195015914381,0.2410419054323265,26.482369470925903,58.62833696347485,NA,0.17474547177514446,1,320.63520437695377,0.20527429413891227,65.81816525456505,0.8536788782233675,1.1742430119828338
MPF,2002,dsir_channel,275.89600016799153,0.29516289257029893,30.14147660723318,70.5161707604039,NA,0.17613497185959756,1,320.63520437695377,0.20527429413891227,65.81816525456505,0.8604669618362781,1.4378950555326604
MPF,2003,dsir_channel,265.5864533060656,0.32902569177483176,36.01937222645055,74.46392718148984,0.17380519480519468,0.16955324633510702,1,320.63520437695377,0.20527429413891227,65.81816525456505,0.8283134530475005,1.6028587171863566
MPF,2004,dsir_channel,248.43555168374482,0.35763399107066984,37.090080102707226,74.69736853642459,0.23283399209486164,0.1586039264001503,1,320.63520437695377,0.20527429413891227,65.81816525456505,0.7748230646303964,1.742224921882588
MPF,2005,dsir_channel,229.30588027362128,0.31246178352134013,32.99787161641081,61.53570299298831,0.11832661290322578,0.1463913385646839,1,320.63520437695377,0.20527429413891227,65.81816525456505,0.7151612709502683,1.5221671317008278
MPF,2006,dsir_channel,219.20696872834762,0.2935545929507306,35.14711953742358,55.76438590590722,0.1253849372384937,0.13994408489026944,1,320.63520437695377,0.20527429413891227,65.81816525456505,0.6836646935083199,1.4300601747634203
MPF,2007,dsir_channel,217.40166123404006,0.3017965513243599,32.779069414396716,56.63563340479487,0.17824186046511625,0.13879155718231362,1,320.63520437695377,0.20527429413891227,65.81816525456505,0.678034284028439,1.4702111269720384
MPF,2008,dsir_channel,216.36473244386843,0.30733249286700826,39.58712720493133,57.248800714768336,0.1372822580645161,0.1381295706976742,1,320.63520437695377,0.20527429413891227,65.81816525456505,0.6748003010595802,1.4971796354541678
MPF,2009,dsir_channel,213.94225112074764,0.3212433594688351,36.73604881367166,58.78133226218482,0.10015289256198344,0.13658303258397023,1,320.63520437695377,0.20527429413891227,65.81816525456505,0.6672450442130089,1.5649468474189212
MPF,2010,dsir_channel,206.68603042843503,0.3468069496437476,41.23175690785928,60.57103801622391,0.10226907630522082,0.1319505833035555,1,320.63520437695377,0.20527429413891227,65.81816525456505,0.6446142769321277,1.6894806585429445
MPF,2011,dsir_channel,200.06365164475346,0.3408846642508294,64.03140971343778,57.79020166558581,0.09471480375575088,0.12772278551019456,1,320.63520437695377,0.20527429413891227,65.81816525456505,0.6239603415773062,1.6606300641820624
MPF,2012,dsir_channel,194.605487712298,0.3208733452380743,56.175964957552516,53.41626099984926,0.2653379667441039,0.12423823499093097,1,320.63520437695377,0.20527429413891227,65.81816525456505,0.6069373701195664,1.563144311780872
MPF,2013,dsir_channel,194.05592393870887,0.3487932039629449,61.90645941423301,57.14189795333508,0.11337955077709172,0.12388738757111614,1,320.63520437695377,0.20527429413891227,65.81816525456505,0.605223385609796,1.699156757187099
MPF,2014,dsir_channel,189.41062950591285,0.3793848918630305,63.3741997277518,59.80030964418554,0.05657093837215155,0.1209217816772218,1,320.63520437695377,0.20527429413891227,65.81816525456505,0.5907355989619681,1.84818510010949
MPF,2015,dsir_channel,182.06869428957853,0.5977991898759267,24.582902436479728,81.92712606096806,0.14918956006837605,0.11623461132340503,1,320.63520437695377,0.20527429413891227,65.81816525456505,0.5678375044417457,2.9121970307270275
MPF,2016,dsir_channel,153.04392100790324,0.5543951879798934,13.301269668972852,65.13249740236068,0.07872484909507042,0.09770488409979092,1,320.63520437695377,0.20527429413891227,65.81816525456505,0.4773147767890691,2.700753108446816
MPF,2017,dsir_channel,135.933751882289,0.5370279040107313,9.884403660006024,56.48281027101618,0.11957211972120065,0.08678156822852785,1,320.63520437695377,0.20527429413891227,65.81816525456505,0.42395142525422413,2.6161478535998097
MPF,2018,dsir_channel,123.38086695927701,0.48137237410151457,4.7674542355810265,47.13953907171399,0.1108619298161498,0.07876767157426243,1,320.63520437695377,0.20527429413891227,65.81816525456505,0.3848013732585168,2.3450202380224114
MPF,2019,dsir_channel,117.55989024526562,0.5133866954178794,7.818785353274656,47.20437255105244,0.11601638667606916,0.07505149747571267,1,320.63520437695377,0.20527429413891227,65.81816525456505,0.3666468579883596,2.50097898312812
MPF,2020,dsir_channel,110.01540124717393,0.37231994967706417,6.335708235344396,34.200078623265725,0.05797671431916668,0.0702350146105577,1,320.63520437695377,0.20527429413891227,65.81816525456505,0.34311703688605155,1.813768018245429
MPF,2021,dsir_channel,113.76248064010227,0.3735326590089585,7.077657781852139,35.45993508758987,0.05882532751091702,0.0726271903689132,1,320.63520437695377,0.20527429413891227,65.81816525456505,0.35480346227470944,1.819675768833399
MPF,2022,dsir_channel,117.05081816280557,0.38090119319317495,14.772867222003955,37.07638560402507,0.11967652359302516,0.07472650038672256,1,320.63520437695377,0.20527429413891227,65.81816525456505,0.3650591593342169,1.8555718083990256
MPF,2023,dsir_channel,119.4794879181106,0.4218880292888141,16.186066916129494,41.123947646411594,0.06544736842105262,0.07627698926204675,1,320.63520437695377,0.20527429413891227,65.81816525456505,0.37263371671953066,2.0552404335796473
NTU,1971,dsir_channel,163.56356567764485,NA,NA,NA,0.9771614493618556,0.3048135687381911,0,588.4836996687893,0.08101913978836642,47.67844312664068,0.2779406902344139,NA
NTU,1972,dsir_channel,163.56356567764485,NA,NA,NA,0.9303334508773676,0.3048135687381911,0,588.4836996687893,0.08101913978836642,47.67844312664068,0.2779406902344139,NA
NTU,1973,dsir_channel,163.56356567764485,NA,NA,NA,0.7654046511835734,0.3048135687381911,0,588.4836996687893,0.08101913978836642,47.67844312664068,0.2779406902344139,NA
NTU,1974,dsir_channel,163.56356567764485,NA,NA,NA,0.8502251767403818,0.3048135687381911,0,588.4836996687893,0.08101913978836642,47.67844312664068,0.2779406902344139,NA
NTU,1975,dsir_channel,163.56356567764485,NA,NA,NA,0.6904504020370188,0.3048135687381911,0,588.4836996687893,0.08101913978836642,47.67844312664068,0.2779406902344139,NA
NTU,1976,dsir_channel,163.56356567764485,NA,NA,NA,0.8434513153243867,0.3048135687381911,0,588.4836996687893,0.08101913978836642,47.67844312664068,0.2779406902344139,NA
NTU,1977,dsir_channel,163.56356567764485,NA,NA,NA,0.6970770055961444,0.3048135687381911,0,588.4836996687893,0.08101913978836642,47.67844312664068,0.2779406902344139,NA
NTU,1978,dsir_channel,163.56356567764485,NA,NA,NA,0.7687915818915709,0.3048135687381911,0,588.4836996687893,0.08101913978836642,47.67844312664068,0.2779406902344139,NA
NTU,1979,dsir_channel,163.56356567764485,NA,NA,NA,0.7609869154774896,0.3048135687381911,0,588.4836996687893,0.08101913978836642,47.67844312664068,0.2779406902344139,NA
NTU,1980,dsir_channel,163.56356567764485,NA,NA,NA,0.7103302127143958,0.3048135687381911,0,588.4836996687893,0.08101913978836642,47.67844312664068,0.2779406902344139,NA
NTU,1981,dsir_channel,163.56356567764485,NA,NA,NA,0.5729386322551904,0.3048135687381911,0,588.4836996687893,0.08101913978836642,47.67844312664068,0.2779406902344139,NA
NTU,1982,dsir_channel,163.56356567764485,NA,NA,NA,0.5943519720434376,0.3048135687381911,0,588.4836996687893,0.08101913978836642,47.67844312664068,0.2779406902344139,NA
NTU,1983,dsir_channel,163.56356567764485,NA,NA,NA,0.5733616379977109,0.3048135687381911,0,588.4836996687893,0.08101913978836642,47.67844312664068,0.2779406902344139,NA
NTU,1984,dsir_channel,163.56356567764485,NA,NA,NA,0.697058686759159,0.3048135687381911,0,588.4836996687893,0.08101913978836642,47.67844312664068,0.2779406902344139,NA
NTU,1985,dsir_channel,163.56356567764485,NA,NA,NA,0.6490166387828434,0.3048135687381911,0,588.4836996687893,0.08101913978836642,47.67844312664068,0.2779406902344139,NA
NTU,1986,dsir_channel,163.56356567764485,NA,NA,NA,0.57414737242723,0.3048135687381911,0,588.4836996687893,0.08101913978836642,47.67844312664068,0.2779406902344139,NA
NTU,1987,dsir_channel,163.56356567764485,NA,NA,NA,0.4556137213454794,0.3048135687381911,0,588.4836996687893,0.08101913978836642,47.67844312664068,0.2779406902344139,NA
NTU,1988,dsir_channel,163.56356567764485,NA,NA,NA,0.3549274665913786,0.3048135687381911,0,588.4836996687893,0.08101913978836642,47.67844312664068,0.2779406902344139,NA
NTU,1989,dsir_channel,163.56356567764485,NA,NA,NA,0.2769152625176885,0.3048135687381911,0,588.4836996687893,0.08101913978836642,47.67844312664068,0.2779406902344139,NA
NTU,1990,dsir_channel,163.56356567764485,NA,NA,NA,NA,0.3048135687381911,0,588.4836996687893,0.08101913978836642,47.67844312664068,0.2779406902344139,NA
NTU,1991,dsir_channel,163.56356567764485,0.16892930330175027,18.645799838007264,25.42291245028663,0.3122733118460516,0.3048135687381911,1,588.4836996687893,0.08101913978836642,47.67844312664068,0.2779406902344139,2.085054269188957
NTU,1992,dsir_channel,160.33066003645487,0.19403555086632718,15.752088311868635,28.27773927986843,NA,0.29878879481129433,1,588.4836996687893,0.08101913978836642,47.67844312664068,0.27244707054195766,2.394934720032523
NTU,1993,dsir_channel,153.9140768213199,0.2134768639036828,18.556186970958496,29.586772375964618,NA,0.2868309873325461,1,588.4836996687893,0.08101913978836642,47.67844312664068,0.26154348354584145,2.634894229453866
NTU,1994,dsir_channel,145.51070882513227,0.17451621010535145,18.761156155708825,23.30161347865089,NA,0.27117065015582764,1,588.4836996687893,0.08101913978836642,47.67844312664068,0.2472637881168649,2.15401213295047
NTU,1995,dsir_channel,142.4009775097224,0.20852846177885453,18.96612534045916,26.803006795247885,NA,0.2653754212725498,1,588.4836996687893,0.08101913978836642,47.67844312664068,0.241979476389692,2.573817277294732
NTU,1996,dsir_channel,135.35847381128627,0.15387857979567077,11.795629294654189,19.30535106749961,NA,0.25225116174519946,1,588.4836996687893,0.08101913978836642,47.67844312664068,0.23001227372562535,1.899286763567518
NTU,1997,dsir_channel,134.94837754979497,0.1450738708386501,10.724440589147177,18.223645422310558,NA,0.2514869151082821,1,588.4836996687893,0.08101913978836642,47.67844312664068,0.22931540436166148,1.7906123320687406
NTU,1998,dsir_channel,135.65240236439834,0.1417406947068116,6.352073587659281,17.926971709770083,NA,0.2527989207210873,1,588.4836996687893,0.08101913978836642,47.67844312664068,0.23051174134601568,1.749471730717687
NTU,1999,dsir_channel,136.73221080113237,0.1504354095511813,5.647298399407017,19.09693700435829,NA,0.2548112286687092,1,588.4836996687893,0.08101913978836642,47.67844312664068,0.2323466408297937,1.8567885310081063
NTU,2000,dsir_channel,136.69340819321448,0.10759437145626016,4.742938369500665,13.94385212195574,NA,0.25473891695707096,1,588.4836996687893,0.08101913978836642,47.67844312664068,0.2322807042406584,1.328011772740516
NTU,2001,dsir_channel,141.48453514142716,0.10868852612197166,4.2646041920711575,14.571524942574204,NA,0.2636675588420285,1,588.4836996687893,0.08101913978836642,47.67844312664068,0.2404221819925642,1.3415166639127698
NTU,2002,dsir_channel,146.54319888359805,0.13260581882854705,4.610220669520496,18.199162942142223,NA,0.2730947765840073,1,588.4836996687893,0.08101913978836642,47.67844312664068,0.2490182803127352,1.636722127326116
NTU,2003,dsir_channel,148.4793663177473,0.14241282313205428,10.603832551914563,19.708682442056215,0.3968874458874457,0.2767029768750234,1,588.4836996687893,0.08101913978836642,47.67844312664068,0.2523083755783117,1.7577676522369523
NTU,2004,dsir_channel,149.1275427236919,0.1513016769947102,6.892950326660612,20.939245599849542,0.37725296442687734,0.2779109045858758,1,588.4836996687893,0.08101913978836642,47.67844312664068,0.25340981034415044,1.867480664321194
NTU,2005,dsir_channel,148.77462021120203,0.1272240171589507,8.22774220843163,17.773152427148297,0.2851290322580644,0.2772532057268763,1,588.4836996687893,0.08101913978836642,47.67844312664068,0.25281009532623494,1.5702958275202383
NTU,2006,dsir_channel,150.838341603681,0.11710274346718208,6.52737189360895,16.668572127073563,0.19346443514644343,0.28109911285122086,1,588.4836996687893,0.08101913978836642,47.67844312664068,0.25631694078965295,1.445371350190476
NTU,2007,dsir_channel,154.59104237357997,0.1180883491777287,6.553748022902486,17.218730513400995,0.415720930232558,0.2880925658817928,1,588.4836996687893,0.08101913978836642,47.67844312664068,0.2626938392016414,1.4575364473899917
NTU,2008,dsir_channel,158.62299617503655,0.11689960449603287,11.211634421536125,17.500160095291292,0.3748346774193546,0.29560642889962174,1,588.4836996687893,0.08101913978836642,47.67844312664068,0.2695452673783706,1.4428640541159947
NTU,2009,dsir_channel,162.13905853884202,0.11797734488109768,10.657262168556496,18.043452774466488,0.2532024793388429,0.3021588876490831,1,588.4836996687893,0.08101913978836642,47.67844312664068,0.2755200503091202,1.4561663477206914
NTU,2010,dsir_channel,165.8533285592525,0.12303731410839802,10.266283128912285,19.20072911247784,0.3257202375269699,0.30908072195544617,1,588.4836996687893,0.08101913978836642,47.67844312664068,0.28183164402446176,1.518620346127953
NTU,2011,dsir_channel,168.64991120618376,0.12412241887929731,11.199950202050813,19.686216564629436,0.1701867797868954,0.3142923736662093,1,588.4836996687893,0.08101913978836642,47.67844312664068,0.2865838277272648,1.5320135365979302
NTU,2012,dsir_channel,171.75134802483979,0.1189949770552694,16.872463363050123,19.26839554532546,0.2339093444661894,0.3200721451024331,1,588.4836996687893,0.08101913978836642,47.67844312664068,0.2918540447619959,1.4687267399543034
NTU,2013,dsir_channel,175.75514214084293,0.1274094570213844,20.276406562366944,21.025038624854346,0.48206645966290834,0.32753353033169075,1,588.4836996687893,0.08101913978836642,47.67844312664068,0.2986576216805351,1.5725846676994613
NTU,2014,dsir_channel,178.49331276085695,0.13343217436967691,21.267859139826513,22.296167255548518,0.23426333990365156,0.3326363266362507,1,588.4836996687893,0.08101913978836642,47.67844312664068,0.3033105468534076,1.6469216375071476
NTU,2015,dsir_channel,180.2443530422088,0.22448984935219407,21.282715277842733,36.242870083508365,0.23257557306410256,0.335899527917978,1,588.4836996687893,0.08101913978836642,47.67844312664068,0.30628605880443927,2.770824893211575
NTU,2016,dsir_channel,168.2750168178115,0.16397737241378962,21.55525742063072,25.449707056335072,0.19938404751760563,0.3135937284884386,1,588.4836996687893,0.08101913978836642,47.67844312664068,0.2859467762871259,2.0239337623445763
NTU,2017,dsir_channel,165.5466309832804,0.12301346680593195,24.42471081349641,19.161732095543,0.5005212978763105,0.30850916690118885,1,588.4836996687893,0.08101913978836642,47.67844312664068,0.2813104782281199,1.5183260045374551
NTU,2018,dsir_channel,167.8809312484822,0.11482791493792899,20.730074643925434,18.21179931998714,0.515669359008297,0.3128593190355888,1,588.4836996687893,0.08101913978836642,47.67844312664068,0.28527711361074065,1.417293681935848
NTU,2019,dsir_channel,170.94319671937723,0.11791543318246767,21.699180585957155,19.013804931478063,0.34774451763696806,0.3185660915844757,1,588.4836996687893,0.08101913978836642,47.67844312664068,0.29048076746320683,1.4554021863288062
NTU,2020,dsir_channel,174.12320109817776,0.0961999749339224,19.288193376669177,15.97016834237582,0.3415946700420802,0.32449227984828266,1,588.4836996687893,0.08101913978836642,47.67844312664068,0.29588449297096564,1.1873734426854012
NTU,2021,dsir_channel,181.2562829761711,0.08647048017742609,25.64677798115048,15.014795071175868,0.4298561958845015,0.3377853389371139,1,588.4836996687893,0.08101913978836642,47.67844312664068,0.3080056135423731,1.0672845997044569
NTU,2022,dsir_channel,189.9088828061615,0.08747861062614248,25.437815727358508,15.907058734575765,0.262905487759869,0.35391013923793857,1,588.4836996687893,0.08101913978836642,47.67844312664068,0.3227088242427889,1.079727714397476
NTU,2023,dsir_channel,198.2744530684721,0.09819748280020235,27.61299884416466,18.54463460408828,0.31066452314777493,0.3695000373648261,1,588.4836996687893,0.08101913978836642,47.67844312664068,0.336924290647413,1.2120282078618487
SAR,1971,dsir_channel,942.7741576145798,NA,NA,NA,NA,1.1541233975628358,0,773.1254275741301,0.13684828474130745,105.80088865340964,1.2194323508059541,NA
SAR,1972,dsir_channel,942.7741576145798,NA,NA,NA,2.401529112001412,1.1541233975628358,0,773.1254275741301,0.13684828474130745,105.80088865340964,1.2194323508059541,NA
SAR,1973,dsir_channel,942.7741576145798,NA,NA,NA,1.9757878753528055,1.1541233975628358,0,773.1254275741301,0.13684828474130745,105.80088865340964,1.2194323508059541,NA
SAR,1974,dsir_channel,942.7741576145798,NA,NA,NA,2.1947405113435177,1.1541233975628358,0,773.1254275741301,0.13684828474130745,105.80088865340964,1.2194323508059541,NA
SAR,1975,dsir_channel,942.7741576145798,NA,NA,NA,1.78230368834018,1.1541233975628358,0,773.1254275741301,0.13684828474130745,105.80088865340964,1.2194323508059541,NA
SAR,1976,dsir_channel,942.7741576145798,NA,NA,NA,2.177254710552593,1.1541233975628358,0,773.1254275741301,0.13684828474130745,105.80088865340964,1.2194323508059541,NA
SAR,1977,dsir_channel,942.7741576145798,NA,NA,NA,1.7994093630269543,1.1541233975628358,0,773.1254275741301,0.13684828474130745,105.80088865340964,1.2194323508059541,NA
SAR,1978,dsir_channel,942.7741576145798,NA,NA,NA,1.984530775748268,1.1541233975628358,0,773.1254275741301,0.13684828474130745,105.80088865340964,1.2194323508059541,NA
SAR,1979,dsir_channel,942.7741576145798,NA,NA,NA,1.9643840922282896,1.1541233975628358,0,773.1254275741301,0.13684828474130745,105.80088865340964,1.2194323508059541,NA
SAR,1980,dsir_channel,942.7741576145798,NA,NA,NA,1.833620712400503,1.1541233975628358,0,773.1254275741301,0.13684828474130745,105.80088865340964,1.2194323508059541,NA
SAR,1981,dsir_channel,942.7741576145798,NA,NA,NA,1.478963057228048,1.1541233975628358,0,773.1254275741301,0.13684828474130745,105.80088865340964,1.2194323508059541,NA
SAR,1982,dsir_channel,942.7741576145798,NA,NA,NA,1.5342386778543475,1.1541233975628358,0,773.1254275741301,0.13684828474130745,105.80088865340964,1.2194323508059541,NA
SAR,1983,dsir_channel,942.7741576145798,NA,NA,NA,1.4800549889480654,1.1541233975628358,0,773.1254275741301,0.13684828474130745,105.80088865340964,1.2194323508059541,NA
SAR,1984,dsir_channel,942.7741576145798,NA,NA,NA,1.7993620754439088,1.1541233975628358,0,773.1254275741301,0.13684828474130745,105.80088865340964,1.2194323508059541,NA
SAR,1985,dsir_channel,942.7741576145798,NA,NA,NA,1.6753480708883544,1.1541233975628358,0,773.1254275741301,0.13684828474130745,105.80088865340964,1.2194323508059541,NA
SAR,1986,dsir_channel,942.7741576145798,NA,NA,NA,1.482083255377712,1.1541233975628358,0,773.1254275741301,0.13684828474130745,105.80088865340964,1.2194323508059541,NA
SAR,1987,dsir_channel,942.7741576145798,NA,NA,NA,1.17610477684812,1.1541233975628358,0,773.1254275741301,0.13684828474130745,105.80088865340964,1.2194323508059541,NA
SAR,1988,dsir_channel,942.7741576145798,NA,NA,NA,0.9161969215062223,1.1541233975628358,0,773.1254275741301,0.13684828474130745,105.80088865340964,1.2194323508059541,NA
SAR,1989,dsir_channel,942.7741576145798,NA,NA,NA,0.7148190402769925,1.1541233975628358,0,773.1254275741301,0.13684828474130745,105.80088865340964,1.2194323508059541,NA
SAR,1990,dsir_channel,942.7741576145798,0.7313724664948156,67.35568977530416,489.06594227124714,NA,1.1541233975628358,1,773.1254275741301,0.13684828474130745,105.80088865340964,1.2194323508059541,5.344403606354095
SAR,1991,dsir_channel,546.2662743274717,0.3271582277332721,58.678860592240795,152.42486610941398,0.8060910296111038,0.6687271637737812,1,773.1254275741301,0.13684828474130745,105.80088865340964,0.7065687595368783,2.390663707270566
SAR,1992,dsir_channel,487.5490629720422,0.3864545433871607,81.05037072307191,156.2781913513106,NA,0.5968468444867017,1,773.1254275741301,0.13684828474130745,105.80088865340964,0.6306209129634327,2.823963370221987
SAR,1993,dsir_channel,416.03704325561694,0.35714194628951734,76.15240238240064,124.94708441842229,NA,0.5093034020884404,1,773.1254275741301,0.13684828474130745,105.80088865340964,0.5381236063610465,2.6097656025769287
SAR,1994,dsir_channel,373.18458076631407,0.3328599177423479,97.54586542972434,105.65952346491211,NA,0.45684435958856423,1,773.1254275741301,0.13684828474130745,105.80088865340964,0.48269603799899824,2.43232802202507
SAR,1995,dsir_channel,343.99132651352085,0.32490598019860073,119.1666261524807,95.42481461609901,NA,0.4211066195242853,1,773.1254275741301,0.13684828474130745,105.80088865340964,0.44493598870868556,2.3742057184917593
SAR,1996,dsir_channel,320.4137760888932,0.1834241426031893,132.06330797383154,53.69653684066655,NA,0.3922435006293731,1,773.1254275741301,0.13684828474130745,105.80088865340964,0.4144395781862585,1.3403466689401844
SAR,1997,dsir_channel,335.7102255336245,0.17782248701423242,123.71925716762159,54.69021551153409,NA,0.4109690777585445,1,773.1254275741301,0.13684828474130745,105.80088865340964,0.4342247888379475,1.2994133419383442
SAR,1998,dsir_channel,352.38230808084796,0.1922529677129905,101.4163673471357,61.63232854754332,NA,0.4313786746895159,1,773.1254275741301,0.13684828474130745,105.80088865340964,0.4557893137553806,1.4048620929112692
SAR,1999,dsir_channel,362.50876667498295,0.2288736796948383,101.9825311551087,74.15877873431197,NA,0.4437752626777923,1,773.1254275741301,0.13684828474130745,105.80088865340964,0.4688873936179318,1.672462903919417
SAR,2000,dsir_channel,361.8067220719189,0.15998080397542758,103.54318335582839,53.48945264269971,NA,0.44291583510865,1,773.1254275741301,0.13684828474130745,105.80088865340964,0.46797933319458385,1.1690376995067853
SAR,2001,dsir_channel,382.80454929827215,0.1625406075126783,93.3067162391857,57.42773599424926,NA,0.46862091357753133,1,773.1254275741301,0.13684828474130745,105.80088865340964,0.4951389976907304,1.1877431114313095
SAR,2002,dsir_channel,402.8044267894049,0.17495139778615076,89.08773462980598,64.65098811739543,NA,0.49310432391973863,1,773.1254275741301,0.13684828474130745,105.80088865340964,0.5210078629198657,1.2784332526846933
SAR,2003,dsir_channel,417.95920331312,0.18119850897447254,82.6131842447277,69.26849068239547,0.4684372294372294,0.5116564681735759,1,773.1254275741301,0.13684828474130745,105.80088865340964,0.5406098265640662,1.3240831576150405
SAR,2004,dsir_channel,423.78757738477054,0.175793599921227,83.47198032008384,68.31833256567991,0.6455849802371542,0.5187914355796198,1,773.1254275741301,0.13684828474130745,105.80088865340964,0.5481485439102781,1.2845875288356023
SAR,2005,dsir_channel,437.7088333398062,0.15113429980290238,92.95053058422027,61.39644238311635,0.48249596774193537,0.5358335310713122,1,773.1254275741301,0.13684828474130745,105.80088865340964,0.5661550089139152,1.1043930882188304
SAR,2006,dsir_channel,458.73189343488514,0.13411569695724346,76.44412267314524,57.575952326393526,0.4339037656903765,0.5615694990633616,1,773.1254275741301,0.13684828474130745,105.80088865340964,0.5933473108940014,0.9800319909801605
SAR,2007,dsir_channel,487.68284035387984,0.12536601231722244,67.80471313515447,57.46173934036916,0.4710279069767441,0.597010611816551,1,773.1254275741301,0.13684828474130745,105.80088865340964,0.630793947476419,0.9160948750962379
SAR,2008,dsir_channel,520.3888077457227,0.12052452700705008,66.9180721187054,59.08736765009822,0.7211129032258063,0.6370485380812678,1,773.1254275741301,0.13684828474130745,105.80088865340964,0.6730975197369587,0.8807163877492864
SAR,2009,dsir_channel,554.3481125775021,0.11499236417587788,70.09354957321108,60.21720000440396,0.570784297520661,0.6786207724862631,1,773.1254275741301,0.13684828474130745,105.80088865340964,0.7170222227936607,0.8402908695074612
SAR,2010,dsir_channel,589.8938244654496,0.1106172794408744,63.12725218532083,61.77289913432118,0.5156506024096383,0.7221350515334397,1,773.1254275741301,0.13684828474130745,105.80088865340964,0.7629988659361335,0.8083205401513136
SAR,2011,dsir_channel,625.2205125452134,0.10854641594010772,30.674249113254245,64.31189978721302,0.8944797573037848,0.7653812064497133,1,773.1254275741301,0.13684828474130745,105.80088865340964,0.8086922124744953,0.7931879902280072
SAR,2012,dsir_channel,657.5188285576917,0.09554257616714779,41.93373872870363,59.913336440943496,0.8138371018072605,0.8049200948577244,1,773.1254275741301,0.13684828474130745,105.80088865340964,0.8504685075755659,0.6981642214058997
SAR,2013,dsir_channel,696.7858816665923,0.09615904629121452,44.13569427447967,63.881650343116505,0.7238373368960961,0.8529899580166718,1,773.1254275741301,0.13684828474130745,105.80088865340964,0.9012585239279068,0.7026689919642746
SAR,2014,dsir_channel,733.249245015638,0.09768301935131873,45.399975650264174,68.23885882503214,0.7653203032683538,0.8976276058086398,1,773.1254275741301,0.13684828474130745,105.80088865340964,0.9484221044396207,0.7138052152862188
SAR,2015,dsir_channel,765.0490579789077,0.15369924661394307,47.897812922222926,108.99662554907427,1.133882127504273,0.9365562377430285,1,773.1254275741301,0.13684828474130745,105.80088865340964,0.9895536101812562,1.1231360839084685
SAR,2016,dsir_channel,756.6131275337057,0.10331334740486398,41.431811235347986,74.26586194168623,1.0930731531190845,0.9262291571496711,1,773.1254275741301,0.13684828474130745,105.80088865340964,0.9786421459552355,0.7549480623755235
SAR,2017,dsir_channel,781.4438199541643,0.07852079925112854,38.73044611079293,59.012424873281724,1.4374682284505669,0.9566263449264845,1,773.1254275741301,0.13684828474130745,105.80088865340964,1.010759434476415,0.5737799300850656
SAR,2018,dsir_channel,818.0361837405832,0.07202667263293705,34.79197220452986,56.848544026967254,0.9698245108921388,1.001421912217906,1,773.1254275741301,0.13684828474130745,105.80088865340964,1.0580898707566397,0.5263249939090826
SAR,2019,dsir_channel,856.2503631689501,0.07138026011951659,38.9639708820361,58.98900410392888,1.2096015716470407,1.0482028705637891,1,773.1254275741301,0.13684828474130745,105.80088865340964,1.107518046399851,0.5216014234628589
SAR,2020,dsir_channel,887.6953412847702,0.05642717760975913,30.756123788952678,48.70313059959027,1.285029171299113,1.0866971214787104,1,773.1254275741301,0.13684828474130745,105.80088865340964,1.1481905905877798,0.4123338317058692
SAR,2021,dsir_channel,933.1320262072957,0.05062215852557017,17.54125145991724,46.0614561717587,1.7757065090593287,1.1423197122691289,1,773.1254275741301,0.13684828474130745,105.80088865340964,1.2069607245168812,0.36991445396092676
SAR,2022,dsir_channel,978.1917270036539,0.049443473593343334,28.153476114862816,47.188990014956616,0.9396314451618437,1.1974808073800092,1,773.1254275741301,0.13684828474130745,105.80088865340964,1.2652432478814848,0.361301376095501
SAR,2023,dsir_channel,1014.5067146711652,0.05291271728809921,30.67616666809686,52.28484227761666,0.7877984966191535,1.2419368169245715,1,773.1254275741301,0.13684828474130745,105.80088865340964,1.312214911692179,0.38665239676276036
SCP,1971,dsir_channel,100.56061061121927,NA,NA,NA,4.865921294493222,0.8931535485611832,0,239.24009926061294,0.13275247983733923,31.759716453377568,0.42033342621913455,NA
SCP,1972,dsir_channel,100.56061061121927,NA,NA,NA,4.6327342861918055,0.8931535485611832,0,239.24009926061294,0.13275247983733923,31.759716453377568,0.42033342621913455,NA
SCP,1973,dsir_channel,100.56061061121927,NA,NA,NA,3.811446709784304,0.8931535485611832,0,239.24009926061294,0.13275247983733923,31.759716453377568,0.42033342621913455,NA
SCP,1974,dsir_channel,100.56061061121927,NA,NA,NA,4.233823177651019,0.8931535485611832,0,239.24009926061294,0.13275247983733923,31.759716453377568,0.42033342621913455,NA
SCP,1975,dsir_channel,100.56061061121927,NA,NA,NA,3.438200838006252,0.8931535485611832,0,239.24009926061294,0.13275247983733923,31.759716453377568,0.42033342621913455,NA
SCP,1976,dsir_channel,100.56061061121927,NA,NA,NA,4.200091723619997,0.8931535485611832,0,239.24009926061294,0.13275247983733923,31.759716453377568,0.42033342621913455,NA
SCP,1977,dsir_channel,100.56061061121927,NA,NA,NA,3.471198999558339,0.8931535485611832,0,239.24009926061294,0.13275247983733923,31.759716453377568,0.42033342621913455,NA
SCP,1978,dsir_channel,100.56061061121927,NA,NA,NA,3.828312436799816,0.8931535485611832,0,239.24009926061294,0.13275247983733923,31.759716453377568,0.42033342621913455,NA
SCP,1979,dsir_channel,100.56061061121927,NA,NA,NA,3.789447935416246,0.8931535485611832,0,239.24009926061294,0.13275247983733923,31.759716453377568,0.42033342621913455,NA
SCP,1980,dsir_channel,100.56061061121927,NA,NA,NA,3.5371953226625137,0.8931535485611832,0,239.24009926061294,0.13275247983733923,31.759716453377568,0.42033342621913455,NA
SCP,1981,dsir_channel,100.56061061121927,NA,NA,NA,2.853033439815907,0.8931535485611832,0,239.24009926061294,0.13275247983733923,31.759716453377568,0.42033342621913455,NA
SCP,1982,dsir_channel,100.56061061121927,NA,NA,NA,2.9596643615841542,0.8931535485611832,0,239.24009926061294,0.13275247983733923,31.759716453377568,0.42033342621913455,NA
SCP,1983,dsir_channel,100.56061061121927,NA,NA,NA,2.8551398600513425,0.8931535485611832,0,239.24009926061294,0.13275247983733923,31.759716453377568,0.42033342621913455,NA
SCP,1984,dsir_channel,100.56061061121927,NA,NA,NA,3.4711077781751833,0.8931535485611832,0,239.24009926061294,0.13275247983733923,31.759716453377568,0.42033342621913455,NA
SCP,1985,dsir_channel,100.56061061121927,NA,NA,NA,3.231875229212385,0.8931535485611832,0,239.24009926061294,0.13275247983733923,31.759716453377568,0.42033342621913455,NA
SCP,1986,dsir_channel,100.56061061121927,NA,NA,NA,2.859052541926902,0.8931535485611832,0,239.24009926061294,0.13275247983733923,31.759716453377568,0.42033342621913455,NA
SCP,1987,dsir_channel,100.56061061121927,NA,NA,NA,2.2687965332710256,0.8931535485611832,0,239.24009926061294,0.13275247983733923,31.759716453377568,0.42033342621913455,NA
SCP,1988,dsir_channel,100.56061061121927,NA,NA,NA,1.7674142986457215,0.8931535485611832,0,239.24009926061294,0.13275247983733923,31.759716453377568,0.42033342621913455,NA
SCP,1989,dsir_channel,100.56061061121927,NA,NA,NA,1.3789408838579995,0.8931535485611832,0,239.24009926061294,0.13275247983733923,31.759716453377568,0.42033342621913455,NA
SCP,1990,dsir_channel,100.56061061121927,NA,NA,NA,NA,0.8931535485611832,0,239.24009926061294,0.13275247983733923,31.759716453377568,0.42033342621913455,NA
SCP,1991,dsir_channel,100.56061061121927,NA,NA,NA,1.5550115682581902,0.8931535485611832,0,239.24009926061294,0.13275247983733923,31.759716453377568,0.42033342621913455,NA
SCP,1992,dsir_channel,100.56061061121927,NA,NA,NA,NA,0.8931535485611832,0,239.24009926061294,0.13275247983733923,31.759716453377568,0.42033342621913455,NA
SCP,1993,dsir_channel,100.56061061121927,NA,NA,NA,NA,0.8931535485611832,0,239.24009926061294,0.13275247983733923,31.759716453377568,0.42033342621913455,NA
SCP,1994,dsir_channel,100.56061061121927,NA,NA,NA,NA,0.8931535485611832,0,239.24009926061294,0.13275247983733923,31.759716453377568,0.42033342621913455,NA
SCP,1995,dsir_channel,100.56061061121927,0.15234150132671953,16.647718204278988,14.20971857194199,NA,0.8931535485611832,1,239.24009926061294,0.13275247983733923,31.759716453377568,0.42033342621913455,1.1475604938859343
SCP,1996,dsir_channel,106.88048389274331,0.09630172719436736,11.234302829309733,9.81270266430251,NA,0.9492850419316149,1,239.24009926061294,0.13275247983733923,31.759716453377568,0.4467498727139154,0.7254231884207757
SCP,1997,dsir_channel,118.5307797875852,0.10097094468540568,10.113802302833019,11.383779379176305,NA,1.0527599816423023,1,239.24009926061294,0.13275247983733923,31.759716453377568,0.49544695957706203,0.7605955444984888
SCP,1998,dsir_channel,130.5720683031414,0.1179089163262077,3.533376609264184,14.522616891286289,NA,1.1597076175163248,1,239.24009926061294,0.13275247983733923,31.759716453377568,0.5457783570006988,0.8881861677512973
SCP,1999,dsir_channel,141.25379771939276,0.15034627187057215,18.38232263362854,19.71761916892817,NA,1.2545799982119814,1,239.24009926061294,0.13275247983733923,31.759716453377568,0.5904269315885874,1.1325307975774952
SCP,2000,dsir_channel,147.7363074744104,0.1149794043673964,27.440277931057246,16.046452557832094,NA,1.312155987021963,1,239.24009926061294,0.13275247983733923,31.759716453377568,0.617523182489052,0.8661186932875373
SCP,2001,dsir_channel,158.69666221813878,0.1257847977332922,31.349554683858102,18.757216625818895,NA,1.4095030464058511,1,239.24009926061294,0.13275247983733923,31.759716453377568,0.6633363834432485,0.947513732981979
SCP,2002,dsir_channel,168.1686310923677,0.14425909580333052,24.49225855860631,22.59119721039488,NA,1.4936306442839684,1,239.24009926061294,0.13275247983733923,31.759716453377568,0.702928278378515,1.0866772204940371
SCP,2003,dsir_channel,174.6895519167533,0.1612849275817254,24.244471040286594,26.02008753090646,1.085307359307359,1.5515477903592203,1,239.24009926061294,0.13275247983733923,31.759716453377568,0.7301850837574583,1.2149296779943155
SCP,2004,dsir_channel,176.97304441176254,0.16740431827626878,28.68045927938594,27.27905926438139,2.5774071146245054,1.5718291849592927,1,239.24009926061294,0.13275247983733923,31.759716453377568,0.7397298569876423,1.2610259219367368
SCP,2005,dsir_channel,179.2148402782533,0.1577217184165587,24.37858525084675,26.14969869719735,1.75216129032258,1.5917402408005012,1,239.24009926061294,0.13275247983733923,31.759716453377568,0.7491003424264092,1.188088679095216
SCP,2006,dsir_channel,182.83336154884265,0.1518429638474652,23.064354568198784,25.75698191607895,1.7344225941422589,1.6238790185359104,1,239.24009926061294,0.13275247983733923,31.759716453377568,0.7642254041605108,1.143805102801224
SCP,2007,dsir_channel,187.0531894358116,0.15731086319412135,23.047852629953848,27.227760776551168,1.138623255813953,1.661358447396332,1,239.24009926061294,0.13275247983733923,31.759716453377568,0.7818638681973115,1.1849937823148264
SCP,2008,dsir_channel,190.0288489977436,0.15915589429346166,14.376826399168046,27.960200250368484,1.6259838709677412,1.6877874923364498,1,239.24009926061294,0.13275247983733923,31.759716453377568,0.7943018314448126,1.1988920620426402
SCP,2009,dsir_channel,192.47312380290245,0.16412250608202328,17.23229391807046,29.133106919888423,1.431698512396694,1.7094969141728638,1,239.24009926061294,0.13275247983733923,31.759716453377568,0.8045186588609231,1.2363046346337299
SCP,2010,dsir_channel,193.80854507976898,0.16913340219752904,26.643501435366677,30.157336094584238,1.3683585781004493,1.7213577834039455,1,239.24009926061294,0.13275247983733923,31.759716453377568,0.810100587981475,1.2740507929099865
SCP,2011,dsir_channel,194.27874624835792,0.18082621322834935,27.686206307378118,32.1375153827399,2.0679004632803353,1.7255339895716515,1,239.24009926061294,0.13275247983733923,31.759716453377568,0.8120659824535644,1.3621305865616564
SCP,2012,dsir_channel,192.52993883758512,0.17933239293670056,24.720306495778726,31.60801936486584,1.8263510605983355,1.7100015307372423,1,239.24009926061294,0.13275247983733923,31.759716453377568,0.8047561400977988,1.3508779132143927
SCP,2013,dsir_channel,191.27794835293687,0.19668683720373537,29.71207710362765,34.153090850217744,1.865489591411553,1.6988816724017395,1,239.24009926061294,0.13275247983733923,31.759716453377568,0.7995229434534336,1.4816057481166038
SCP,2014,dsir_channel,187.54684032111646,0.20508014979124312,31.30748524451441,34.77455530937756,1.9468351281500347,1.6657429279328018,1,239.24009926061294,0.13275247983733923,31.759716453377568,0.7839272801705991,1.5448310272058685
SCP,2015,dsir_channel,182.95936927452672,0.35487340733221995,22.512837665361207,54.65687722615837,1.6336057506538453,1.6249981868330874,1,239.24009926061294,0.13275247983733923,31.759716453377568,0.7647521040159009,2.6731960696104817
SCP,2016,dsir_channel,158.07863388302482,0.23761708207718613,20.64778796386286,33.43290930690899,1.394336493954225,1.404013877264342,1,239.24009926061294,0.13275247983733923,31.759716453377568,0.660753086006807,1.789925750301138
SCP,2017,dsir_channel,151.42983762436654,0.17199060382042752,28.56477276408984,23.927870122469024,1.7570958168813389,1.3449609743833164,1,239.24009926061294,0.13275247983733923,31.759716453377568,0.632961773934931,1.295573566920682
SCP,2018,dsir_channel,152.3482444686631,0.17471630045545705,29.61095130617185,24.422153621338534,1.2441045134099813,1.3531180283930386,1,239.24009926061294,0.13275247983733923,31.759716453377568,0.6368006238899969,1.316105738058798
SCP,2019,dsir_channel,152.85012602465702,0.1822591302387746,28.58701341494278,25.46706916674732,1.9560199988394813,1.3575756116353122,1,239.24009926061294,0.13275247983733923,31.759716453377568,0.6388984392543318,1.3729244866995747
SCP,2020,dsir_channel,152.58365485742664,0.16347220116243655,22.54337716315596,23.01112494149182,0.951875864518764,1.3552088830807174,1,239.24009926061294,0.13275247983733923,31.759716453377568,0.6377846160781422,1.2314060073509587
SCP,2021,dsir_channel,154.5359156973966,0.14749313056717384,23.685162777042645,21.191762674815024,1.439682798305725,1.372548363085244,1,239.24009926061294,0.13275247983733923,31.759716453377568,0.6459448736854728,1.1110386092063684
SCP,2022,dsir_channel,157.72309795878695,0.15234978933376198,13.112760481262288,22.288187183437998,1.3023615838579825,1.4008560983840832,1,239.24009926061294,0.13275247983733923,31.759716453377568,0.6592669809377292,1.147622925917732
SCP,2023,dsir_channel,162.1486956918784,0.17454916975797463,17.09953997449432,25.970455252408456,1.2720672101834425,1.440163122235567,1,239.24009926061294,0.13275247983733923,31.759716453377568,0.6777655426201941,1.3148467732719464
