"group_key","start_year","end_year","n_years","n_usable","frac_usable","beta","p_slope","ec","ic","rho_ce","s_drift","dsi_base","dsi","dsi_r","valid","species","fleet"
"ANC | AFN",1999,2023,25,3,NA,NA,NA,NA,NA,NA,NA,NA,NA,NA,FALSE,"ANC","AFN"
"ANC | AFN",2000,2023,24,3,NA,NA,NA,NA,NA,NA,NA,NA,NA,NA,FALSE,"ANC","AFN"
"ANC | AFN",2001,2023,23,3,NA,NA,NA,NA,NA,NA,NA,NA,NA,NA,FALSE,"ANC","AFN"
"ANC | AFN",2002,2023,22,3,NA,NA,NA,NA,NA,NA,NA,NA,NA,NA,FALSE,"ANC","AFN"
"ANC | AFN",2003,2023,21,3,NA,NA,NA,NA,NA,NA,NA,NA,NA,NA,FALSE,"ANC","AFN"
"ANC | AFN",2004,2023,20,3,NA,NA,NA,NA,NA,NA,NA,NA,NA,NA,FALSE,"ANC","AFN"
"ANC | AFN",2005,2023,19,3,NA,NA,NA,NA,NA,NA,NA,NA,NA,NA,FALSE,"ANC","AFN"
"ANC | AFN",2006,2023,18,3,NA,NA,NA,NA,NA,NA,NA,NA,NA,NA,FALSE,"ANC","AFN"
"ANC | AFN",2007,2023,17,3,NA,NA,NA,NA,NA,NA,NA,NA,NA,NA,FALSE,"ANC","AFN"
"ANC | AFN",2008,2023,16,3,NA,NA,NA,NA,NA,NA,NA,NA,NA,NA,FALSE,"ANC","AFN"
"ANC | AFN",2009,2023,15,3,NA,NA,NA,NA,NA,NA,NA,NA,NA,NA,FALSE,"ANC","AFN"
"ANC | AFN",2010,2023,14,3,NA,NA,NA,NA,NA,NA,NA,NA,NA,NA,FALSE,"ANC","AFN"
"ANC | AFN",2011,2023,13,3,NA,NA,NA,NA,NA,NA,NA,NA,NA,NA,FALSE,"ANC","AFN"
"ANC | AFN",2012,2023,12,3,NA,NA,NA,NA,NA,NA,NA,NA,NA,NA,FALSE,"ANC","AFN"
"ANC | AFN",2013,2023,11,3,NA,NA,NA,NA,NA,NA,NA,NA,NA,NA,FALSE,"ANC","AFN"
"ANC | AFN",2014,2023,10,3,NA,NA,NA,NA,NA,NA,NA,NA,NA,NA,FALSE,"ANC","AFN"
"ANC | AFN",2015,2023,9,3,NA,NA,NA,NA,NA,NA,NA,NA,NA,NA,FALSE,"ANC","AFN"
"ANC | AFN",2016,2023,8,3,NA,NA,NA,NA,NA,NA,NA,NA,NA,NA,FALSE,"ANC","AFN"
"ANC | APS",1972,2023,52,41,0.788461538461538,2.63035187160086e-05,0.00221117076181141,2.76802613509767,258.939734031906,0.875693673695893,0,59.3784683684795,52.1371917381771,13.2421268732517,TRUE,"ANC","APS"
"ANC | APS",1973,2023,51,40,0.784313725490196,2.80052766147049e-05,0.00142017778564023,2.71098813221531,258.939734031906,0.868959276018099,0,59.3447963800905,51.9266968325792,12.7585516826923,TRUE,"ANC","APS"
"ANC | APS",1974,2023,50,39,0.78,2.88006154104228e-05,0.00143832840407198,2.65553618358729,258.939734031906,0.86093637454982,0,59.3046818727491,51.701517530089,12.2787494205518,TRUE,"ANC","APS"
"ANC | APS",1975,2023,49,38,0.775510204081633,2.82163411542379e-05,0.00244040014834495,2.59501063644543,258.939734031906,0.853265306122449,0,59.2663265306122,51.4681256713212,11.7878461642867,TRUE,"ANC","APS"
"ANC | APS",1976,2023,48,37,0.770833333333333,2.71181986319375e-05,0.00450579599385153,2.53716098973645,258.939734031906,0.844984802431611,0,59.2249240121581,51.221555902407,11.2847420193789,TRUE,"ANC","APS"
"ANC | APS",1977,2023,47,36,0.765957446808511,2.523740778853e-05,0.00953988740626445,2.47764370995175,258.939734031906,0.835568917668825,0,59.1778445883441,50.9586995066297,8.20491281268171,TRUE,"ANC","APS"
"ANC | APS",1978,2023,46,35,0.760869565217391,2.16715719252725e-05,0.0268963413493631,2.37999130161161,258.939734031906,0.824606845513413,0,59.1230342275671,50.6768864807718,7.68017882345105,TRUE,"ANC","APS"
"ANC | APS",1979,2023,45,35,0.777777777777778,2.16715719252725e-05,0.0268963413493631,2.37999130161161,258.939734031906,0.812648221343873,0,59.0632411067194,50.6256352343309,7.76328618675025,TRUE,"ANC","APS"
"ANC | APS",1980,2023,44,35,0.795454545454545,2.16715719252725e-05,0.0268963413493631,2.37999130161161,258.939734031906,0.799577167019027,0,58.9978858350951,50.5696164300815,7.84959599894432,TRUE,"ANC","APS"
"ANC | APS",1981,2023,43,34,0.790697674418605,2.01030567547971e-05,0.0486439368355921,2.31017020188292,258.939734031906,0.785261250377529,0,58.9263062518877,50.2606729795512,7.30649922779476,TRUE,"ANC","APS"
"ANC | APS",1982,2023,42,33,0.785714285714286,1.81547794141884e-05,0.0883846706043888,2.15725195450122,258.939734031906,0.769548658941739,0,58.8477432947087,49.9314185530862,6.7550960506143,TRUE,"ANC","APS"
"ANC | APS",1983,2023,41,32,0.780487804878049,1.70323119658211e-05,0.128194863062001,1.96303221124142,258.939734031906,0.75226480836237,0,58.7613240418118,49.5798671602787,6.19640166965568,TRUE,"ANC","APS"
"ANC | APS",1984,2023,40,31,0.775,1.41920944615488e-05,0.212018866429261,1.92351890929012,258.939734031906,0.739399624765478,0.000962351660388495,58.6969981238274,49.2297403619198,5.63469981636294,TRUE,"ANC","APS"
"ANC | APS",1985,2023,39,30,0.769230769230769,1.2047112872718e-05,0.285992517361763,1.89915339356028,258.939734031906,0.731376518218623,0.0028056888583252,58.6568825910931,48.8807354925776,5.0710629693069,TRUE,"ANC","APS"
"ANC | APS",1986,2023,38,29,0.763157894736842,1.11730257971983e-05,0.323446788722842,1.88570266262671,258.939734031906,0.726228252544042,0.0184041108213239,58.6311412627202,48.5223238036305,4.50596688676733,TRUE,"ANC","APS"
"ANC | APS",1987,2023,37,28,0.756756756756757,8.95756206247948e-06,0.438617036074425,1.84971163763674,258.939734031906,0.716453295400664,0.00394293349144678,58.5822664770033,48.1211474632527,2.045205169526,TRUE,"ANC","APS"
"ANC | APS",1988,2023,36,27,0.75,5.63843430875563e-06,0.639581975983667,1.78425627094166,258.939734031906,0.697297297297297,2.50652983594922e-05,58.4864864864865,36.8248248248248,1.05474835191845,TRUE,"ANC","APS"
"ANC | APS",1989,2023,35,27,0.771428571428571,5.63843430875563e-06,0.639581975983667,1.78425627094166,258.939734031906,0.686274509803922,2.50652983594922e-05,58.4313725490196,36.7901234567901,1.069693566844,TRUE,"ANC","APS"
"ANC | APS",1990,2023,34,27,0.794117647058823,5.63843430875563e-06,0.639581975983667,1.78425627094166,258.939734031906,0.680366692131398,2.50652983594922e-05,58.401833460657,36.7715247715248,1.08602100698672,TRUE,"ANC","APS"
"ANC | APS",1991,2023,33,27,0.818181818181818,5.63843430875563e-06,0.639581975983667,1.78425627094166,258.939734031906,0.674465240641711,2.50652983594922e-05,58.3723262032086,36.7529461279461,1.10335378376398,TRUE,"ANC","APS"
"ANC | APS",1992,2023,32,27,0.84375,5.63843430875563e-06,0.639581975983667,1.78425627094166,258.939734031906,0.681818181818182,2.50652983594922e-05,58.4090909090909,36.7760942760943,1.12305975312395,TRUE,"ANC","APS"
"ANC | APS",1993,2023,31,26,0.838709677419355,-3.89159800208487e-06,0.710251178768641,1.74203321456286,83.798107255211,0.775806451612903,0.000295871776664794,58.8790322580645,36.2332506203474,6.82466392012481,TRUE,"ANC","APS"
"ANC | APS",1994,2023,30,25,0.833333333333333,-1.12813583045932e-05,0.221536670614571,1.70494992669244,40.0939680005888,0.853170189098999,8.04779503552793e-06,59.265850945495,47.412680756396,8.70496818687431,TRUE,"ANC","APS"
"ANC | APS",1995,2023,29,24,0.827586206896552,-1.55484784550313e-05,0.0544890509226492,1.6800710811502,24.8786144184143,0.903940886699507,0,84.9841205220339,84.9841205220339,14.1670726775416,TRUE,"ANC","APS"
"ANC | APS",1996,2023,28,23,0.821428571428571,-1.0254165167196e-05,0.191143887603642,1.73129773417067,16.9295817456177,0.907498631636563,0,61.0873128275454,61.0873128275454,9.11443163305938,TRUE,"ANC","APS"
"ANC | APS",1997,2023,27,22,0.814814814814815,-3.10663959738633e-06,0.698729472832025,1.80246264365725,12.0105824829755,0.911477411477411,0.000160122227878061,59.5573870573871,46.0216172716173,9.87511186534477,TRUE,"ANC","APS"
"ANC | APS",1998,2023,26,21,0.807692307692308,1.09945119019097e-05,0.221679108850991,1.361874087806,8.6995432208272,0.92957264957265,1.45565661708365e-05,59.6478632478632,45.445991045991,11.5920967287972,TRUE,"ANC","APS"
"ANC | APS",1999,2023,25,20,0.8,2.33541517886983e-05,0.0061581919232744,1.2878809410849,6.36993373499172,0.936923076923077,0,59.6846153846154,44.7634615384615,10.7425598371944,TRUE,"ANC","APS"
"ANC | APS",2000,2023,24,19,0.791666666666667,2.55707011221013e-05,0.00088704569499964,1.29934476321386,5.039949980034,0.935652173913043,0,58.8449275362319,43.3594202898551,6.29683274068218,TRUE,"ANC","APS"
"ANC | APS",2001,2023,23,18,0.782608695652174,2.75786583674066e-05,0.000101532290257291,1.31277416319481,5.039949980034,0.926877470355731,0.000163515445066909,57.967720685112,41.8655760503587,8.59941333960077,TRUE,"ANC","APS"
"ANC | APS",2002,2023,22,17,0.772727272727273,2.76737087001608e-05,7.71484990528358e-05,1.31405341497052,5.039949980034,0.933370976849238,0.0003270308901347,57.1668548842462,40.3530740359385,7.51903452907933,TRUE,"ANC","APS"
"ANC | APS",2003,2023,21,16,0.761904761904762,2.89539911851855e-05,4.1950202579784e-05,1.33266593705548,5.039949980034,0.928571428571429,6.60002487726968e-05,56.3095238095238,38.7127976190476,6.59663888550225,TRUE,"ANC","APS"
"ANC | APS",2004,2023,20,15,0.75,3.677559160726e-05,1.62149908524902e-07,1.15086406966868,5.039949980034,0.921804511278196,0.000132000497545299,55.4423558897243,36.9615705931496,15.7842836011021,TRUE,"ANC","APS"
"ANC | APS",2005,2023,19,14,0.736842105263158,3.69172100516239e-05,6.34713554375938e-07,1.17581243908003,5.039949980034,0.914035087719298,0.00362628195725219,54.5701754385965,54.5701754385965,22.1505162881127,TRUE,"ANC","APS"
"ANC | APS",2006,2023,18,13,0.722222222222222,3.87601121753932e-05,1.95372931402992e-06,1.15296956566474,5.039949980034,0.898864809081527,0.00725256391450507,53.6609907120743,53.6609907120743,20.7896777335996,TRUE,"ANC","APS"
"ANC | APS",2007,2023,17,12,0.705882352941177,4.07802123500837e-05,6.50449787861957e-06,1.01744766799706,5.039949980034,0.879901960784314,0.00551715879956851,52.7328431372549,52.7328431372549,19.3553931222505,TRUE,"ANC","APS"
"ANC | APS",2008,2023,16,11,0.6875,4.2723859272627e-05,1.4021901886307e-05,1.05595440346358,5.039949980034,0.858823529411765,0.011034317599137,51.7941176470588,51.7941176470588,32.2713819461018,TRUE,"ANC","APS"
"ANC | APS",2009,2023,15,10,0.666666666666667,4.39093559536479e-05,6.65678363808438e-05,1.07481550451755,5.039949980034,0.828571428571429,0.0396822835963147,50.8095238095238,50.8095238095238,30.7311042384665,TRUE,"ANC","APS"
"ANC | APS",2010,2023,14,9,0.642857142857143,4.38510113139655e-05,0.000461256284794697,1.08933445627137,5.039949980034,0.789010989010989,NA,49.7783882783883,49.7783882783883,12.9877887617255,TRUE,"ANC","APS"
"ANC | APS",2011,2023,13,8,0.615384615384615,3.72532688110485e-05,0.00356352795784274,1.16535073036506,3.55877564366276,0.736263736263736,NA,48.6813186813187,48.6813186813187,10.1988415326933,TRUE,"ANC","APS"
"ANC | APS",2012,2023,12,7,NA,NA,NA,NA,NA,NA,NA,NA,NA,NA,FALSE,"ANC","APS"
"ANC | APS",2013,2023,11,6,NA,NA,NA,NA,NA,NA,NA,NA,NA,NA,FALSE,"ANC","APS"
"ANC | APS",2014,2023,10,5,NA,NA,NA,NA,NA,NA,NA,NA,NA,NA,FALSE,"ANC","APS"
"ANC | APS",2015,2023,9,4,NA,NA,NA,NA,NA,NA,NA,NA,NA,NA,FALSE,"ANC","APS"
"ANC | APS",2016,2023,8,3,NA,NA,NA,NA,NA,NA,NA,NA,NA,NA,FALSE,"ANC","APS"
"ANC | GN",1980,2022,43,27,0.771428571428571,-2.30194572718802e-05,0.0926767716787696,1.44764282548377,258.939734031906,0.0781512605042017,0,74.1723212587363,60.4367062108222,22.8920526243329,TRUE,"ANC","GN"
"ANC | GN",1982,2022,41,26,0.764705882352941,-2.19380592133708e-05,0.110966829903792,1.45691853222383,258.939734031906,0.0765469824293354,0,70.963539678983,57.3167051253325,20.7968068537597,TRUE,"ANC","GN"
"ANC | GN",1983,2022,40,25,0.757575757575758,-2.14139547231913e-05,0.125311557471605,1.46395600751862,258.939734031906,0.111965240641711,0,68.6303036456777,54.9042429165422,19.1455116797236,TRUE,"ANC","GN"
"ANC | GN",1985,2022,38,24,0.75,-1.88670886024053e-05,0.180479872387828,1.4845060993587,258.939734031906,0.113269794721408,0,58.9823713057372,46.6943772837086,15.5797897539402,TRUE,"ANC","GN"
"ANC | GN",1986,2022,37,23,0.741935483870968,-1.68342397274795e-05,0.253263538488991,1.51600787401575,258.939734031906,0.0834677419354839,0,55.4173387096774,43.3700911640954,13.7818983884694,TRUE,"ANC","GN"
"ANC | GN",1987,2022,36,22,0.733333333333333,-1.39205874111332e-05,0.380615060622843,1.5612995880608,258.939734031906,0.161735261401557,0,55.8086763070078,43.1248862372333,12.9780959292778,TRUE,"ANC","GN"
"ANC | GN",1988,2022,35,21,0.724137931034483,-9.98611743655817e-06,0.559132426449512,1.60906357407975,258.939734031906,0.105911330049261,0.00546287880957601,55.5295566502463,42.3082336382829,8.23394513086848,TRUE,"ANC","GN"
"ANC | GN",1989,2022,34,21,0.75,-9.98611743655817e-06,0.559132426449512,1.60906357407975,258.939734031906,0.0147783251231527,0.00546287880957601,55.0738916256158,41.9610602861834,8.3182330904056,TRUE,"ANC","GN"
"ANC | GN",1990,2022,33,21,0.777777777777778,-9.98611743655817e-06,0.559132426449512,1.60906357407975,258.939734031906,-0.0421245421245421,0.00546287880957601,54.7893772893773,41.7442874585732,8.43752071753367,TRUE,"ANC","GN"
"ANC | GN",1991,2022,32,21,0.807692307692308,-9.98611743655817e-06,0.559132426449512,1.60906357407975,258.939734031906,-0.0851282051282051,0.00546287880957601,54.574358974359,41.580463980464,8.57846385565904,TRUE,"ANC","GN"
"ANC | GN",1992,2022,31,21,0.84,-9.98611743655817e-06,0.559132426449512,1.60906357407975,258.939734031906,-0.0276923076923077,0.00546287880957601,54.8615384615385,41.7992673992674,8.81257461546767,TRUE,"ANC","GN"
"ANC | GN",1993,2022,30,20,0.833333333333333,-1.4208896159456e-05,0.320130107604236,1.59582580315543,83.798107255211,0.0217391304347826,0.0623341568904643,55.1086956521739,41.3315217391304,11.856980298913,TRUE,"ANC","GN"
"ANC | GN",1994,2022,29,19,0.826086956521739,-1.23893555055225e-05,0.319966174890653,1.60409108833802,40.0939680005888,-0.0276679841897233,0.0371154871210652,54.0283267457181,39.8103460231607,16.4551987399309,TRUE,"ANC","GN"
"ANC | GN",1995,2022,28,18,0.818181818181818,-1.58985099342344e-05,0.14777993083643,1.58518315904644,24.8786144184143,0.0197628458498024,0.290297963124919,62.570659666207,62.570659666207,24.7152350051336,TRUE,"ANC","GN"
"ANC | GN",1996,2022,27,17,0.80952380952381,-1.36343066140751e-05,0.169891609989071,1.60241374922726,16.9295817456177,-0.0428571428571429,0.502613545790752,57.5546825376269,57.5546825376269,30.586202719996,TRUE,"ANC","GN"
"ANC | GN",1997,2022,26,16,0.8,-1.20677905648553e-05,0.178993387475793,1.61695962912884,12.0105824829755,-0.0932330827067669,0.579740356049016,54.8766584448691,54.8766584448691,28.2203216052739,TRUE,"ANC","GN"
"ANC | GN",1998,2022,25,15,0.789473684210526,-1.11254469790378e-05,0.171019846652265,1.62770831010783,8.6995432208272,-0.147368421052632,0.397730583521594,55.1680180639239,55.1680180639239,27.4840356296267,TRUE,"ANC","GN"
"ANC | GN",1999,2022,24,14,0.777777777777778,-1.11593875380691e-05,0.130292702264318,1.62723791380752,6.36993373499172,-0.188854489164087,0.666578258810951,61.2545046579239,61.2545046579239,29.645707378179,TRUE,"ANC","GN"
"ANC | GN",2000,2022,23,13,0.764705882352941,-1.23256995211128e-05,0.0686523523739852,1.60812106828785,5.039949980034,-0.156862745098039,0.687954075979251,71.368191275729,43.9188869389102,12.7899561986281,TRUE,"ANC","GN"
"ANC | GN",2002,2022,21,12,0.75,-1.5411603947543e-05,0.0147488246548926,1.55619382244407,5.039949980034,-0.0294117647058823,0.597511943144027,80.6052301951977,47.0197176138653,12.3639984479764,TRUE,"ANC","GN"
"ANC | GN",2003,2022,20,11,0.733333333333333,-1.59451276666006e-05,0.0153389792899052,1.53137810891493,5.039949980034,-0.025,0.51057968384813,79.6906786242666,43.4676428859636,9.69558605926017,TRUE,"ANC","GN"
"ANC | GN",2004,2022,19,10,0.714285714285714,-1.60168052352083e-05,0.0225267450421422,1.51140914392602,5.039949980034,-0.0241758241758242,0.49796015176996,77.6036071634127,38.8018035817063,7.10604288076339,TRUE,"ANC","GN"
"ANC | GN",2005,2022,18,9,0.692307692307692,-1.6235909001644e-05,0.0244769377823947,1.52096451506752,5.039949980034,-0.0879120879120879,NA,76.1103087818538,33.8268039030462,4.69691211914662,TRUE,"ANC","GN"
"ANC | GN",2006,2022,17,8,0.666666666666667,-1.53226795748098e-05,0.0416274877084437,1.47000524625573,5.039949980034,-0.0629370629370629,NA,72.4005043363371,72.4005043363371,6.92329822716223,TRUE,"ANC","GN"
"ANC | GN",2007,2022,16,7,NA,NA,NA,NA,NA,NA,NA,NA,NA,NA,FALSE,"ANC","GN"
"ANC | GN",2008,2022,15,6,NA,NA,NA,NA,NA,NA,NA,NA,NA,NA,FALSE,"ANC","GN"
"ANC | GN",2010,2022,13,5,NA,NA,NA,NA,NA,NA,NA,NA,NA,NA,FALSE,"ANC","GN"
"ANC | GN",2013,2022,10,4,NA,NA,NA,NA,NA,NA,NA,NA,NA,NA,FALSE,"ANC","GN"
"ANC | OBT",1975,2023,49,31,0.738095238095238,-4.11182173510557e-06,4.22677656312609e-05,1.25684187963413,258.939734031906,-0.0117546929117468,0,89.9338296764558,75.4283732770274,32.8090102461195,TRUE,"ANC","OBT"
"ANC | OBT",1978,2023,46,30,0.731707317073171,-3.98342231455938e-06,5.38476323063465e-05,1.26525489191936,258.939734031906,-0.00636193371266035,9.53464210823187e-09,89.9587669957831,74.9656391631526,30.9527826983677,TRUE,"ANC","OBT"
"ANC | OBT",1979,2023,45,30,0.75,-3.98342231455938e-06,5.38476323063465e-05,1.26525489191936,258.939734031906,0.0637199744592549,9.53464210823187e-09,90.3091765366427,75.2576471138689,31.4798335034248,TRUE,"ANC","OBT"
"ANC | OBT",1982,2023,42,30,0.769230769230769,-3.98342231455938e-06,5.38476323063465e-05,1.26525489191936,258.939734031906,0.138713115579829,9.53464210823187e-09,90.6841422422455,75.5701185352046,32.0396408030835,TRUE,"ANC","OBT"
"ANC | OBT",1986,2023,38,29,0.763157894736842,-3.96466528175025e-06,0.000118322947101503,1.28843010375052,258.939734031906,0.18914186658966,2.37523940522091e-08,90.9250028172055,75.2482781935494,30.8671523614897,TRUE,"ANC","OBT"
"ANC | OBT",1987,2023,37,28,0.756756756756757,-4.055879155418e-06,0.000288310763651531,1.32409637030708,258.939734031906,0.259338330177587,0,91.2462372672489,74.9522663266687,38.0365044677336,TRUE,"ANC","OBT"
"ANC | OBT",1988,2023,36,27,0.75,-4.23663898186025e-06,0.000698310052471206,1.09231271899638,258.939734031906,0.30057283176001,0,91.3806598996176,74.4583154737625,28.0891525941125,TRUE,"ANC","OBT"
"ANC | OBT",1989,2023,35,27,0.771428571428571,-4.23663898186025e-06,0.000698310052471206,1.09231271899638,258.939734031906,0.339263205457523,0,91.5741117681052,74.6159429221598,28.5743944266947,TRUE,"ANC","OBT"
"ANC | OBT",1990,2023,34,27,0.794117647058823,-4.23663898186025e-06,0.000698310052471206,1.09231271899638,258.939734031906,0.373319075263412,0,91.7443911171346,74.754689058406,29.0791890890441,TRUE,"ANC","OBT"
"ANC | OBT",1991,2023,33,27,0.818181818181818,-4.23663898186025e-06,0.000698310052471206,1.09231271899638,258.939734031906,0.389102462396346,0,91.8233080527993,74.8189917467253,29.5836494027532,TRUE,"ANC","OBT"
"ANC | OBT",1992,2023,32,27,0.84375,-4.23663898186025e-06,0.000698310052471206,1.09231271899638,258.939734031906,0.39395051074411,0,91.8475482945381,74.8387430548088,30.1010059370296,TRUE,"ANC","OBT"
"ANC | OBT",1993,2023,31,26,0.838709677419355,-3.6057666022523e-06,0.000671675703345515,1.10680900210276,83.798107255211,0.421859254392964,3.09530578880645e-07,91.9917530238794,74.3010312885179,37.2769186636357,TRUE,"ANC","OBT"
"ANC | OBT",1994,2023,30,25,0.833333333333333,-3.04206225311809e-06,0.00146013982964184,1.12589910616213,40.0939680005888,0.462394314963449,6.1906115704646e-07,92.0564471046299,92.0564471046299,33.8031273768201,TRUE,"ANC","OBT"
"ANC | OBT",1995,2023,29,24,0.827586206896552,-2.45179785438473e-06,0.00873047955252818,1.1557023144435,24.8786144184143,0.501108662657821,0,90.9777093915967,90.9777093915967,43.4524223717132,TRUE,"ANC","OBT"
"ANC | OBT",1996,2023,28,23,0.821428571428571,-1.92316899249558e-06,0.0326181030436384,1.18235451409289,16.9295817456177,0.530249130188124,0,86.9430776183039,86.9430776183039,40.4133870781814,TRUE,"ANC","OBT"
"ANC | OBT",1997,2023,27,22,0.814814814814815,-1.44609977676814e-06,0.0932121317161129,1.20787061986124,12.0105824829755,0.58564888226322,0.000160122227878061,76.6161213609963,76.6161213609963,17.2227975290835,TRUE,"ANC","OBT"
"ANC | OBT",1998,2023,26,21,0.807692307692308,-9.56899262825207e-07,0.254663387373356,1.23734022319674,8.6995432208272,0.647058861370104,0.00109174246280618,58.2352943068505,58.2352943068505,17.4756672467304,TRUE,"ANC","OBT"
"ANC | OBT",1999,2023,25,20,0.8,-1.03592206243662e-07,0.91233854231253,1.10529895110736,6.36993373499172,0.727062910160289,0,58.6353145508014,58.6353145508014,9.86832343889988,TRUE,"ANC","OBT"
"ANC | OBT",2000,2023,24,19,0.791666666666667,1.05426882950541e-06,0.313367865543236,0.968067287213604,5.039949980034,0.747988710876451,0,57.267955965321,42.197441237605,14.4837456979227,TRUE,"ANC","OBT"
"ANC | OBT",2001,2023,23,18,0.782608695652174,2.47851700254459e-06,0.0286799399137204,0.735281981622211,5.039949980034,0.767976302170045,0.00294327801122113,51.8788544766278,37.4680615664534,17.0009066793678,TRUE,"ANC","OBT"
"ANC | OBT",2002,2023,22,17,0.772727272727273,3.43955651662269e-06,0.0030405700415118,0.724757025288411,5.039949980034,0.734820701428672,0.0003270308901347,50.6692440129116,35.7665251855846,9.18955834597806,TRUE,"ANC","OBT"
"ANC | OBT",2003,2023,21,16,0.761904761904762,4.43249153243407e-06,0.000251259095846794,0.743335117726346,5.039949980034,0.69762913715111,6.60002487726968e-05,50.0215147069491,34.3897913610275,10.2655515800748,TRUE,"ANC","OBT"
"ANC | OBT",2004,2023,20,15,0.75,5.79366171777168e-06,5.64192595795445e-06,0.635212953997362,5.039949980034,0.649868417526011,0.000132000497545299,46.7869345009106,46.7869345009106,19.6260331349146,TRUE,"ANC","OBT"
"ANC | OBT",2005,2023,19,14,0.736842105263158,6.54248398602837e-06,2.51543998545223e-06,0.595478711212984,5.039949980034,0.593242707395426,0.00362628195725219,44.8757877612368,44.8757877612368,18.1767617416269,TRUE,"ANC","OBT"
"ANC | OBT",2006,2023,18,13,0.722222222222222,7.09019966042721e-06,4.80448615932428e-06,0.532505595608251,5.039949980034,0.521424953327838,0.00725256391450507,42.4239033454709,42.4239033454709,26.7131734229048,TRUE,"ANC","OBT"
"ANC | OBT",2007,2023,17,12,0.705882352941177,7.50546667375185e-06,1.48824728297079e-05,0.53116260013585,5.039949980034,0.431637113625295,0.00551715879956851,41.1147709041768,41.1147709041768,25.7873693816134,TRUE,"ANC","OBT"
"ANC | OBT",2008,2023,16,11,0.6875,7.81116586068474e-06,3.63662910776145e-05,0.541239108856424,5.039949980034,0.332597588203472,0.011034317599137,39.9877701181458,39.9877701181458,13.4040274237895,TRUE,"ANC","OBT"
"ANC | OBT",2009,2023,15,10,0.666666666666667,7.76054721330175e-06,0.000173617591449181,0.552538238515525,5.039949980034,0.200178810943182,0.0396822835963147,38.7183254916931,38.7183254916931,11.5694289615704,TRUE,"ANC","OBT"
"ANC | OBT",2010,2023,14,9,0.642857142857143,8.06193429907493e-06,0.00100138035457232,0.571267333866227,5.039949980034,0.0154015494738195,NA,37.335687758027,37.335687758027,4.32360303120595,TRUE,"ANC","OBT"
"ANC | OBT",2011,2023,13,8,0.615384615384615,1.18539422378839e-05,0.0068739645978339,0.285095611377803,3.55877564366276,-0.231086876109906,NA,29.5464778470065,29.5464778470065,0,TRUE,"ANC","OBT"
"ANC | OBT",2012,2023,12,7,NA,NA,NA,NA,NA,NA,NA,NA,NA,NA,FALSE,"ANC","OBT"
"ANC | OBT",2013,2023,11,6,NA,NA,NA,NA,NA,NA,NA,NA,NA,NA,FALSE,"ANC","OBT"
"ANC | OBT",2014,2023,10,5,NA,NA,NA,NA,NA,NA,NA,NA,NA,NA,FALSE,"ANC","OBT"
"ANC | OBT",2015,2023,9,4,NA,NA,NA,NA,NA,NA,NA,NA,NA,NA,FALSE,"ANC","OBT"
"ANC | OBT",2016,2023,8,3,NA,NA,NA,NA,NA,NA,NA,NA,NA,NA,FALSE,"ANC","OBT"
"ANC | PS",1974,2023,50,39,0.78,-1.93291353603193e-05,0.0571399946348602,1.14717597793892,258.939734031906,0.413437066691142,0,82.0676862723552,61.0246897922641,20.6027056052582,TRUE,"ANC","PS"
"ANC | PS",1975,2023,49,38,0.775510204081633,-2.30822227763988e-05,0.0267190786781833,1.13668110874065,258.939734031906,0.405857742699167,0,87.3534499448138,64.3656999593365,30.5343254145462,TRUE,"ANC","PS"
"ANC | PS",1976,2023,48,37,0.770833333333333,-2.39477692954706e-05,0.0208752811942224,1.13400272887407,258.939734031906,0.415807189509416,0,88.4258617385582,64.5269801875965,30.2522425566078,TRUE,"ANC","PS"
"ANC | PS",1977,2023,47,36,0.765957446808511,-2.32071787600599e-05,0.0234195570101263,1.13630007666693,258.939734031906,0.407887131211457,0,87.9410131792852,63.5129539628171,24.5372728742263,TRUE,"ANC","PS"
"ANC | PS",1978,2023,46,35,0.760869565217391,-1.91572465957071e-05,0.0635983694746508,1.14830836179558,258.939734031906,0.39986430946317,0,80.869606889252,57.7640049208943,25.7477798331954,TRUE,"ANC","PS"
"ANC | PS",1979,2023,45,35,0.777777777777778,-1.91572465957071e-05,0.0635983694746508,1.14830836179558,258.939734031906,0.41072605442886,0,80.9239156140804,57.8027968672003,26.070241036023,TRUE,"ANC","PS"
"ANC | PS",1980,2023,44,35,0.795454545454545,-1.91572465957071e-05,0.0635983694746508,1.14830836179558,258.939734031906,0.441922756011791,0,81.0798991219951,57.9142136585679,26.4401486568314,TRUE,"ANC","PS"
"ANC | PS",1981,2023,43,34,0.790697674418605,-1.86862413975044e-05,0.0697591700413574,1.15022105840946,258.939734031906,0.43679203035574,0,79.9761053945412,68.2149134247557,30.5259404644406,TRUE,"ANC","PS"
"ANC | PS",1982,2023,42,33,0.785714285714286,-1.74035971257208e-05,0.0933539387699493,1.15622657188536,258.939734031906,0.468190297097648,0,76.0040122007471,64.4882527763915,28.2481049948524,TRUE,"ANC","PS"
"ANC | PS",1983,2023,41,32,0.780487804878049,-1.67092956230501e-05,0.111705393514111,1.16104354597279,258.939734031906,0.508450957361539,0,72.9938109218382,61.588527965301,26.367647213239,TRUE,"ANC","PS"
"ANC | PS",1984,2023,40,31,0.775,-1.55646409048935e-05,0.134113759236791,1.16518514122234,258.939734031906,0.545505733004832,0.000962351660388495,69.2576207985858,58.0870367988139,24.2651796235744,TRUE,"ANC","PS"
"ANC | PS",1985,2023,39,30,0.769230769230769,-1.20659186248792e-05,0.261257714514694,1.18034058916867,258.939734031906,0.51933590859992,0.0028056888583252,57.5966795429996,47.9972329524997,15.6216635113777,TRUE,"ANC","PS"
"ANC | PS",1986,2023,38,29,0.763157894736842,-1.08878406484712e-05,0.313885658150296,1.1863065542749,258.939734031906,0.499835844304387,0.0206209005920515,57.4991792215219,47.5855276316044,14.8949491336286,TRUE,"ANC","PS"
"ANC | PS",1987,2023,37,28,0.756756756756757,-7.52718680069932e-06,0.517848138387874,1.20617639005389,258.939734031906,0.466682488815146,0.035724811521136,57.3334124440757,47.0953030790622,14.1289805704623,TRUE,"ANC","PS"
"ANC | PS",1988,2023,36,27,0.75,-3.40582252546356e-06,0.782616649154232,1.22450250164962,258.939734031906,0.429196718653938,0.0653987533195308,57.1459835932697,35.9808044846513,13.0898570706311,TRUE,"ANC","PS"
"ANC | PS",1989,2023,35,27,0.771428571428571,-3.40582252546356e-06,0.782616649154232,1.22450250164962,258.939734031906,0.379938372997357,0.0653987533195308,56.8996918649868,35.8257319149917,13.2305859888859,TRUE,"ANC","PS"
"ANC | PS",1990,2023,34,27,0.794117647058823,-3.40582252546356e-06,0.782616649154232,1.22450250164962,258.939734031906,0.442763279128769,0.0653987533195308,57.2138163956438,36.0235140268869,13.51352133327,TRUE,"ANC","PS"
"ANC | PS",1991,2023,33,27,0.818181818181818,-3.40582252546356e-06,0.782616649154232,1.22450250164962,258.939734031906,0.496489496154211,0.0653987533195308,57.4824474807711,36.1926521175225,13.8006298692885,TRUE,"ANC","PS"
"ANC | PS",1992,2023,32,27,0.84375,-3.40582252546356e-06,0.782616649154232,1.22450250164962,258.939734031906,0.481114810492558,0.0653987533195308,57.4055740524628,36.1442503293284,14.0194943647349,TRUE,"ANC","PS"
"ANC | PS",1993,2023,31,26,0.838709677419355,3.5958426972588e-07,0.972416461015759,1.23026580875752,83.798107255211,0.540943973015443,0.302869331359895,57.7047198650772,46.6076583525624,19.8419050131848,TRUE,"ANC","PS"
"ANC | PS",1994,2023,30,25,0.833333333333333,2.89173813111999e-06,0.749053437660183,1.23551164324004,40.0939680005888,0.511684893783625,0.416872890027537,57.5584244689181,46.0467395751345,19.162811141588,TRUE,"ANC","PS"
"ANC | PS",1995,2023,29,24,0.827586206896552,5.01181315004304e-06,0.531974421900791,1.24116157249996,24.8786144184143,0.483982316050382,0.602114456563707,57.4199115802519,45.4574300010328,8.74161564052727,TRUE,"ANC","PS"
"ANC | PS",1996,2023,28,23,0.821428571428571,7.61528446125798e-06,0.287768092322128,1.24944649091212,16.9295817456177,0.517524721637435,0.356534390158689,57.5876236081872,32.5495263872362,9.28805306281747,TRUE,"ANC","PS"
"ANC | PS",1997,2023,27,22,0.814814814814815,3.51837735559384e-06,0.603306419836499,1.20823330742172,12.0105824829755,0.623091136417205,0.443318744974547,58.115455682086,44.907397572521,12.1559253043414,TRUE,"ANC","PS"
"ANC | PS",1998,2023,26,21,0.807692307692308,-4.15418247488846e-07,0.948412289571566,1.12478765205744,8.6995432208272,0.72357184231562,0.661873246999505,58.6178592115781,58.6178592115781,21.9309756882788,TRUE,"ANC","PS"
"ANC | PS",1999,2023,25,20,0.8,-2.97789711958662e-06,0.621259398863822,1.11352426593235,6.36993373499172,0.703212169192068,0.734116642207385,58.5160608459603,58.5160608459603,24.0051167859144,TRUE,"ANC","PS"
"ANC | PS",2000,2023,24,19,0.791666666666667,-2.76967949831229e-06,0.627342882209693,1.11472745140582,5.039949980034,0.759295516971096,0.486223497301053,57.9631442515221,57.9631442515221,22.7900832534501,TRUE,"ANC","PS"
"ANC | PS",2001,2023,23,18,0.782608695652174,-4.97746940413813e-06,0.383413916749548,1.04170877271135,5.039949980034,0.758092437277252,0.641366650437657,57.1237955197196,57.1237955197196,21.4114154980222,TRUE,"ANC","PS"
"ANC | PS",2002,2023,22,17,0.772727272727273,-6.34962221682248e-06,0.277353131454593,1.02563972750209,5.039949980034,0.726913330314143,0.0991845142078572,56.1345666515707,56.1345666515707,20.5326436308419,TRUE,"ANC","PS"
"ANC | PS",2003,2023,21,16,0.761904761904762,-6.68563825355934e-06,0.269052369238826,1.0193562107957,5.039949980034,0.753491433049616,0.00792002985271749,55.4341238319147,55.4341238319147,19.0895077101979,TRUE,"ANC","PS"
"ANC | PS",2004,2023,20,15,0.75,-6.67669503668402e-06,0.287999980562966,1.01846918286169,5.039949980034,0.759684145487582,0.000132000497545299,54.6317540607712,54.6317540607712,26.3142948726048,TRUE,"ANC","PS"
"ANC | PS",2005,2023,19,14,0.736842105263158,-6.74041033352878e-06,0.292860772576298,1.01934551685288,5.039949980034,0.772268613177478,0.00362628195725219,53.8613430658874,53.8613430658874,24.7843172603933,TRUE,"ANC","PS"
"ANC | PS",2006,2023,18,13,0.722222222222222,-6.27046924198703e-06,0.328915990688246,1.01415673918048,5.039949980034,0.78575126630195,0.00725256391450507,53.0954229981764,53.0954229981764,23.1441587427949,TRUE,"ANC","PS"
"ANC | PS",2007,2023,17,12,0.705882352941177,-5.42943675119385e-06,0.402629985694417,1.00403909940814,5.039949980034,0.841201874849296,0.00551715879956851,52.5393427075798,52.5393427075798,21.4535649389284,TRUE,"ANC","PS"
"ANC | PS",2008,2023,16,11,0.6875,-4.93001188399886e-06,0.466156715858567,0.994056691430452,5.039949980034,0.874172422092311,0.011034317599137,51.7519959390706,51.7519959390706,19.4952121065931,TRUE,"ANC","PS"
"ANC | PS",2009,2023,15,10,0.666666666666667,-3.96001789096708e-06,0.563834992799006,0.98163068932212,5.039949980034,0.847185324884537,0.0396822835963147,50.5352070775317,50.5352070775317,17.1819704063608,TRUE,"ANC","PS"
"ANC | PS",2010,2023,14,9,0.642857142857143,-2.61737743234612e-06,0.695281512712473,0.967489539375664,5.039949980034,0.864686991887296,NA,49.5065590802831,49.5065590802831,13.8784260419947,TRUE,"ANC","PS"
"ANC | PS",2011,2023,13,8,0.615384615384615,-6.26850332740493e-07,0.907317586150585,0.951672829829783,3.55877564366276,0.869326819651553,NA,48.3800906948534,48.3800906948534,3.78114831422217,TRUE,"ANC","PS"
"ANC | PS",2012,2023,12,7,NA,NA,NA,NA,NA,NA,NA,NA,NA,NA,FALSE,"ANC","PS"
"ANC | PS",2013,2023,11,6,NA,NA,NA,NA,NA,NA,NA,NA,NA,NA,FALSE,"ANC","PS"
"ANC | PS",2014,2023,10,5,NA,NA,NA,NA,NA,NA,NA,NA,NA,NA,FALSE,"ANC","PS"
"ANC | PS",2015,2023,9,4,NA,NA,NA,NA,NA,NA,NA,NA,NA,NA,FALSE,"ANC","PS"
"ANC | PS",2016,2023,8,3,NA,NA,NA,NA,NA,NA,NA,NA,NA,NA,FALSE,"ANC","PS"
"ANC | PT",1975,2023,49,37,0.770833333333333,5.93722656835099e-07,0.961839058276853,0.859974195838396,258.939734031906,0.304231009420802,0,53.7206389638719,46.4610931579433,18.2724454228552,TRUE,"ANC","PT"
"ANC | PT",1976,2023,48,36,0.765957446808511,-2.48975060359278e-06,0.844506762371344,0.853691728313758,258.939734031906,0.290306727304683,0,53.5253682027986,46.0912892857432,20.6527164287251,TRUE,"ANC","PT"
"ANC | PT",1977,2023,47,35,0.760869565217391,-1.48252911068681e-06,0.905965415223831,0.855342870133036,258.939734031906,0.292762650853061,0,53.570670656926,45.9177177059366,17.8358815422007,TRUE,"ANC","PT"
"ANC | PT",1978,2023,46,34,0.755555555555556,4.72198269581587e-06,0.704261170482587,0.862740214954772,258.939734031906,0.320827431907635,0,53.8589414586336,45.9385088911875,19.9924390694448,TRUE,"ANC","PT"
"ANC | PT",1979,2023,45,34,0.772727272727273,4.72198269581587e-06,0.704261170482587,0.862740214954772,258.939734031906,0.334543148310166,0,53.9275200406463,45.9970023876101,20.2595887789064,TRUE,"ANC","PT"
"ANC | PT",1980,2023,44,34,0.790697674418605,4.72198269581587e-06,0.704261170482587,0.862740214954772,258.939734031906,0.33593838510747,0,53.9344962246328,46.0029526621868,20.5151772151185,TRUE,"ANC","PT"
"ANC | PT",1981,2023,43,33,0.785714285714286,4.25955195637883e-06,0.73157674321566,0.861715205261212,258.939734031906,0.335156598468043,0,53.9100870975644,45.741892082782,20.0723244124776,TRUE,"ANC","PT"
"ANC | PT",1982,2023,42,32,0.780487804878049,3.43802803040589e-06,0.781472060562896,0.859895250085205,258.939734031906,0.338255150806503,0,53.8891807557366,45.4689962626528,19.6106533255924,TRUE,"ANC","PT"
"ANC | PT",1983,2023,41,31,0.775,2.39312751235945e-06,0.848933683614832,0.856436313232679,258.939734031906,0.336694967301308,0,53.8122011011601,45.1328138267795,19.1075044963094,TRUE,"ANC","PT"
"ANC | PT",1984,2023,40,30,0.769230769230769,1.62881168045995e-06,0.89539593867843,0.855011411402181,258.939734031906,0.332709145625749,0,53.7637739561724,44.803144963477,18.5921563612541,TRUE,"ANC","PT"
"ANC | PT",1985,2023,39,29,0.763157894736842,7.46543203107373e-07,0.951071473605568,0.853379436636257,258.939734031906,0.319527275195122,0.00384575125183648,53.6652251087008,44.4126000899593,14.9261190423618,TRUE,"ANC","PT"
"ANC | PT",1986,2023,38,28,0.756756756756757,-2.5514808436183e-07,0.983310185398569,0.850689841152713,258.939734031906,0.309525221336808,0.00586863919541909,53.5614229297383,43.9968831208565,14.3360464407185,TRUE,"ANC","PT"
"ANC | PT",1987,2023,37,27,0.75,2.25436476940091e-06,0.855562718903827,0.857210800964225,258.939734031906,0.328592574205107,0.0172338774629542,53.78717889031,43.8265902069193,13.8082465868975,TRUE,"ANC","PT"
"ANC | PT",1988,2023,36,26,0.742857142857143,6.98037006347158e-06,0.588159071749659,0.868030048310188,258.939734031906,0.372154913721657,0.0865340946742576,54.221375534812,43.7941879319636,13.3005799258647,TRUE,"ANC","PT"
"ANC | PT",1989,2023,35,26,0.764705882352941,6.98037006347158e-06,0.588159071749659,0.868030048310188,258.939734031906,0.411032165612456,0.0865340946742576,54.415761794266,43.9511922184456,13.5551718391114,TRUE,"ANC","PT"
"ANC | PT",1990,2023,34,26,0.787878787878788,6.98037006347158e-06,0.588159071749659,0.868030048310188,258.939734031906,0.459764353573132,0.0865340946742576,54.6594227340694,44.1479952852099,13.8362999489242,TRUE,"ANC","PT"
"ANC | PT",1991,2023,33,26,0.8125,6.98037006347158e-06,0.588159071749659,0.868030048310188,258.939734031906,0.509394191489611,0.0865340946742576,54.9075719236518,44.3484234767957,14.1343870767217,TRUE,"ANC","PT"
"ANC | PT",1992,2023,32,26,0.838709677419355,6.98037006347158e-06,0.588159071749659,0.868030048310188,258.939734031906,0.512350037889575,0.0865340946742576,54.9223511556516,44.3603605487956,14.3887092742469,TRUE,"ANC","PT"
"ANC | PT",1993,2023,31,25,0.833333333333333,5.32425054441149e-06,0.622457181132057,0.866355459793206,83.798107255211,0.50639671022,0.170154205978552,54.8590927469641,43.8872741975713,17.1226200281824,TRUE,"ANC","PT"
"ANC | PT",1994,2023,30,24,0.827586206896552,3.5167449572658e-06,0.708666972946199,0.863859242399951,40.0939680005888,0.500800595004468,0.250004425155251,54.7811878230214,31.9556928967625,9.55917898847412,TRUE,"ANC","PT"
"ANC | PT",1995,2023,29,23,0.821428571428571,1.93851983816745e-06,0.817115941948319,0.861050266824348,24.8786144184143,0.495689069921826,0.292715554542236,54.6994506860961,42.8082657543361,12.2153987472266,TRUE,"ANC","PT"
"ANC | PT",1996,2023,28,22,0.814814814814815,5.93253262823629e-06,0.435505504254598,0.869240360367117,16.9295817456177,0.595634261251919,0.530721263007968,55.3629785136019,42.7804833968742,14.9861329717535,TRUE,"ANC","PT"
"ANC | PT",1997,2023,27,21,0.807692307692308,7.65769421953243e-06,0.262094986417986,0.873507193687876,12.0105824829755,0.682735042735043,0.51933852642965,55.8838190874327,42.5781478761392,14.2545166586981,TRUE,"ANC","PT"
"ANC | PT",1998,2023,26,20,0.8,8.13755349555655e-06,0.187189268506869,0.875002123310552,8.6995432208272,0.712307692307692,0.315982791941029,56.0615809277495,56.0615809277495,17.8219765769316,TRUE,"ANC","PT"
"ANC | PT",1999,2023,25,19,0.791666666666667,7.07863606326873e-06,0.218095630322844,0.87051819011966,6.36993373499172,0.711304347826087,0.303010365205611,55.1335522081903,55.1335522081903,16.5101412015546,TRUE,"ANC","PT"
"ANC | PT",2000,2023,24,18,0.782608695652174,5.93764035454482e-06,0.282821819852897,0.864139796776908,5.039949980034,0.686758893280632,0.518878196344567,54.0499237352747,54.0499237352747,24.5248265064525,TRUE,"ANC","PT"
"ANC | PT",2001,2023,23,17,0.772727272727273,4.75489359818546e-06,0.391769945215225,0.854685417518411,5.039949980034,0.64652738565782,0.112472961295831,52.8263452786573,52.8263452786573,23.2676038977359,TRUE,"ANC","PT"
"ANC | PT",2002,2023,22,16,0.761904761904762,7.02289328865915e-06,0.230083434778362,0.8714732916219,5.039949980034,0.654545454545455,0.216220179412221,52.3688597718319,52.3688597718319,12.1617325237978,TRUE,"ANC","PT"
"ANC | PT",2003,2023,21,15,0.75,8.9878994879026e-06,0.160611637794998,0.891059707660225,5.039949980034,0.661654135338346,0.00198000746317949,51.9627981632296,51.9627981632296,10.6372178073311,TRUE,"ANC","PT"
"ANC | PT",2004,2023,20,14,0.736842105263158,1.16739958509337e-05,0.129639943352723,0.773282277650729,5.039949980034,0.663157894736842,0.0507679474015389,48.7814350266988,31.3594939457349,7.88500960016874,TRUE,"ANC","PT"
"ANC | PT",2005,2023,19,13,0.722222222222222,1.14898345673262e-05,0.19879434125155,0.712559330771651,5.039949980034,0.671826625386997,0.00725256391450507,46.7769864090347,28.7858377901752,6.56339812336144,TRUE,"ANC","PT"
"ANC | PT",2006,2023,18,12,0.705882352941177,9.23524170816729e-06,0.360150392164085,0.669928313536707,5.039949980034,0.676470588235294,0.00551715879956851,45.1142525452439,45.1142525452439,9.13406967330963,TRUE,"ANC","PT"
"ANC | PT",2007,2023,17,11,0.6875,7.13665996429126e-06,0.495446130529405,0.679560165102147,5.039949980034,0.682352941176471,0.011034317599137,44.5029680079253,44.5029680079253,7.77261806431807,TRUE,"ANC","PT"
"ANC | PT",2008,2023,16,10,0.666666666666667,6.13035679165798e-06,0.578031497040531,0.686641831788572,5.039949980034,0.646428571428571,0.0396822835963147,43.631646159581,43.631646159581,6.30477287005945,TRUE,"ANC","PT"
"ANC | PT",2009,2023,15,9,0.642857142857143,4.26624149006379e-06,0.704454111740766,0.695359202841615,5.039949980034,0.595604395604396,NA,42.7185393681876,42.7185393681876,10.7779552897991,TRUE,"ANC","PT"
"ANC | PT",2010,2023,14,8,0.615384615384615,-6.30710915475104e-07,0.955999120669917,0.714494989940817,5.039949980034,0.60989010989011,NA,42.3393503482669,42.3393503482669,24.2229937088642,TRUE,"ANC","PT"
"ANC | PT",2011,2023,13,7,NA,NA,NA,NA,NA,NA,NA,NA,NA,NA,FALSE,"ANC","PT"
"ANC | PT",2013,2023,11,6,NA,NA,NA,NA,NA,NA,NA,NA,NA,NA,FALSE,"ANC","PT"
"ANC | PT",2014,2023,10,5,NA,NA,NA,NA,NA,NA,NA,NA,NA,NA,FALSE,"ANC","PT"
"ANC | PT",2015,2023,9,4,NA,NA,NA,NA,NA,NA,NA,NA,NA,NA,FALSE,"ANC","PT"
"ANC | PT",2016,2023,8,3,NA,NA,NA,NA,NA,NA,NA,NA,NA,NA,FALSE,"ANC","PT"
"CMA | AFN",2008,2023,16,3,NA,NA,NA,NA,NA,NA,NA,NA,NA,NA,FALSE,"CMA","AFN"
"CMA | AFN",2009,2023,15,3,NA,NA,NA,NA,NA,NA,NA,NA,NA,NA,FALSE,"CMA","AFN"
"CMA | AFN",2016,2023,8,3,NA,NA,NA,NA,NA,NA,NA,NA,NA,NA,FALSE,"CMA","AFN"
"CMA | APS",1972,2023,52,35,0.875,-1.86384135200098e-05,9.77076718952684e-05,2.37167505614737,12.8909601968301,0.341760870960899,0.000133652407994642,91.6917055122228,78.5928904390481,32.9348224126297,TRUE,"CMA","APS"
"CMA | APS",1973,2023,51,34,0.871794871794872,-1.66466218182674e-05,0.000305863698394827,2.31450476088118,8.62281799121555,0.290283400809717,0.000460392261933318,91.3978908568295,91.3978908568295,51.9074481902732,TRUE,"CMA","APS"
"CMA | APS",1974,2023,50,33,0.868421052631579,-1.51635936368161e-05,0.000931699461912731,2.25885473442845,8.62281799121555,0.232957654010286,0.00270266286094462,91.0017408642167,91.0017408642167,42.6491340942939,TRUE,"CMA","APS"
"CMA | APS",1978,2023,46,32,0.864864864864865,-1.3793640916158e-05,0.00301092006089734,2.1980058592031,8.62281799121555,0.16927453769559,0.00311093105687819,90.3194616778209,90.3194616778209,33.6170468187489,TRUE,"CMA","APS"
"CMA | APS",1979,2023,45,31,0.861111111111111,-1.18937583379739e-05,0.0114773177775726,2.07713624447477,8.62281799121555,0.0980694980694981,0.0255667966382593,88.4818168792723,74.2105560922929,33.2715976929199,TRUE,"CMA","APS"
"CMA | APS",1982,2023,42,30,0.857142857142857,-8.93468905723236e-06,0.0493213464119724,1.9571100473173,5.22905074046558,0.0184873949579832,0.0507850027383639,81.4612013526947,81.4612013526947,42.2046605103485,TRUE,"CMA","APS"
"CMA | APS",1983,2023,41,29,0.852941176470588,-7.13287415915375e-06,0.126453281025209,1.75415790783924,5.22905074046558,-0.0707410236822002,0.0988803043175857,67.5169707021775,67.5169707021775,28.3715784139709,TRUE,"CMA","APS"
"CMA | APS",1984,2023,40,28,0.848484848484849,-5.82543698381018e-06,0.22152813566684,1.71664425591467,5.22905074046558,-0.0952540106951872,0.072612471458587,54.5237299465241,54.5237299465241,17.4116827774498,TRUE,"CMA","APS"
"CMA | APS",1985,2023,39,27,0.84375,-4.92304151955011e-06,0.298906521975036,1.69507805896027,5.22905074046558,-0.100806451612903,0.0704897880320368,54.4959677419355,44.4041218637993,13.5600267292278,TRUE,"CMA","APS"
"CMA | APS",1986,2023,38,26,0.838709677419355,-4.39625395300784e-06,0.335957864858296,1.68513450979156,5.22905074046558,-0.0967741935483871,0.0949265972229895,54.5161290322581,23.0645161290323,6.05096854238374,TRUE,"CMA","APS"
"CMA | APS",1987,2023,37,25,0.833333333333333,-2.16368006369939e-06,0.614879768275634,1.65121520163619,5.22905074046558,-0.0941045606229143,0.0441186434447699,54.5294771968854,32.7176863181313,11.8295427684134,TRUE,"CMA","APS"
"CMA | APS",1988,2023,36,24,0.827586206896552,1.875267875917e-06,0.622879150187209,1.58580799329013,4.82234679398493,-0.126600985221675,0.0322714164514782,54.3669950738916,31.7140804597701,13.5081205564115,TRUE,"CMA","APS"
"CMA | APS",1989,2023,35,23,0.821428571428571,4.59446814506963e-06,0.105937377020083,1.55822282398522,3.48603382697706,-0.151067323481117,0.00909666593106678,54.2446633825944,42.4523452559435,18.5872141159228,TRUE,"CMA","APS"
"CMA | APS",1990,2023,34,22,0.814814814814815,4.62755850803583e-06,0.0212115302843255,1.55775177073775,2.15743706038501,-0.152014652014652,0.0437466210800342,54.2399267399267,54.2399267399267,29.7472506835158,TRUE,"CMA","APS"
"CMA | APS",1991,2023,33,21,0.807692307692308,3.92565647748705e-06,0.0362382225647448,1.5847783455518,1.97574278271481,-0.181538461538462,0.00771580081364823,53.7402104540779,53.7402104540779,27.7889402885233,TRUE,"CMA","APS"
"CMA | APS",1992,2023,32,20,0.8,3.92980468594467e-06,0.0415126863654847,1.58914519694629,1.97574278271481,-0.179230769230769,0.00740268020921505,53.7517489156164,53.7517489156164,27.0279663950638,TRUE,"CMA","APS"
"CMA | APS",1993,2023,31,19,0.791666666666667,4.44777923394637e-06,0.0323338327847728,1.54007864521431,1.97574278271481,-0.168695652173913,0,52.9710911675673,52.9710911675673,26.211800236658,TRUE,"CMA","APS"
"CMA | APS",1994,2023,30,18,0.782608695652174,5.01622559061023e-06,0.023830632272334,1.49710330814936,1.97574278271481,-0.184782608695652,0.000163515445066909,52.0573230516253,52.0573230516253,15.5672881852746,TRUE,"CMA","APS"
"CMA | APS",1995,2023,29,17,0.772727272727273,5.36060902075377e-06,0.020706023567556,1.46929171889555,1.97574278271481,-0.173348390739695,0.00294327801122113,51.2811608080718,51.2811608080718,13.9088743665663,TRUE,"CMA","APS"
"CMA | APS",1998,2023,26,16,0.761904761904762,6.58970154744193e-06,0.0155218850491244,1.32338497380345,1.97574278271481,-0.175324675324675,0.0010560039803624,50.4379460518135,50.4379460518135,12.470177845828,TRUE,"CMA","APS"
"CMA | APS",1999,2023,25,15,0.75,7.33950884342362e-06,0.0194944163674806,1.26209653805116,1.97574278271481,-0.0947368421052632,0.000132000497545299,50.0075518845773,50.0075518845773,14.4364963062906,TRUE,"CMA","APS"
"CMA | APS",2000,2023,24,14,0.736842105263158,7.16967672657758e-06,0.0272862193668082,1.27523655037723,1.97574278271481,-0.0403508771929825,0.00362628195725219,49.4461483758053,49.4461483758053,20.3332756741087,TRUE,"CMA","APS"
"CMA | APS",2003,2023,21,13,0.722222222222222,6.93310069305015e-06,0.0385842835362799,1.29134514205542,1.97574278271481,0.0381836945304438,0.00725256391450507,49.0054879010891,49.0054879010891,18.8861983794485,TRUE,"CMA","APS"
"CMA | APS",2004,2023,20,12,0.705882352941177,6.71254573783261e-06,0.0867877184689865,1.12324049462614,1.97574278271481,0.0196078431372549,0.00551715879956851,48.0792753107898,48.0792753107898,17.2462755186481,TRUE,"CMA","APS"
"CMA | APS",2005,2023,19,11,0.6875,5.25923940272733e-06,0.13153288061678,1.15106694515622,1.79706669914217,0.0823529411764706,0.011034317599137,44.8246438314857,44.8246438314857,8.16902807576357,TRUE,"CMA","APS"
"CMA | APS",2006,2023,18,10,0.666666666666667,2.94043022921848e-06,0.386331178482797,1.13958657091329,1.65544366773566,-0.114285714285714,0.0396822835963147,40.6395964716863,40.6395964716863,12.2417289251653,TRUE,"CMA","APS"
"CMA | APS",2007,2023,17,9,0.642857142857143,3.51730311664809e-08,0.991159269519542,1.0192192403992,1.44128776217003,-0.2,NA,35.380501481601,35.380501481601,20.7100273851955,TRUE,"CMA","APS"
"CMA | APS",2008,2023,16,8,0.615384615384615,-4.32644182304943e-07,0.907308406355159,1.07336638627375,1.44128776217003,-0.153846153846154,NA,34.7779373790369,34.7779373790369,7.33967590298728,TRUE,"CMA","APS"
"CMA | APS",2010,2023,14,7,NA,NA,NA,NA,NA,NA,NA,NA,NA,NA,FALSE,"CMA","APS"
"CMA | APS",2011,2023,13,6,NA,NA,NA,NA,NA,NA,NA,NA,NA,NA,FALSE,"CMA","APS"
"CMA | APS",2012,2023,12,5,NA,NA,NA,NA,NA,NA,NA,NA,NA,NA,FALSE,"CMA","APS"
"CMA | APS",2015,2023,9,4,NA,NA,NA,NA,NA,NA,NA,NA,NA,NA,FALSE,"CMA","APS"
"CMA | APS",2016,2023,8,3,NA,NA,NA,NA,NA,NA,NA,NA,NA,NA,FALSE,"CMA","APS"
"CMA | GN",1972,2023,52,47,0.903846153846154,1.41664030157483e-05,0.000582406667369463,1.42633199925634,12.8909601968301,0.363193955387848,3.0832948404862e-06,56.8159697769392,26.5947092572907,7.49337105920499,TRUE,"CMA","GN"
"CMA | GN",1973,2023,51,46,0.901960784313726,1.49499950695061e-05,9.98312929352164e-05,1.42032048864015,8.62281799121555,0.363085137765727,7.40705089764205e-06,56.8154256888286,25.9374769449,7.08018115116194,TRUE,"CMA","GN"
"CMA | GN",1974,2023,50,45,0.9,1.51743401541755e-05,3.91328975163032e-05,1.41792091686428,8.62281799121555,0.37691181071634,2.6572858011359e-05,56.8845590535817,31.6025328075454,8.50977210533886,TRUE,"CMA","GN"
"CMA | GN",1975,2023,49,44,0.897959183673469,1.60703630514195e-05,6.36657801257979e-06,1.40842004454004,8.62281799121555,0.367917549036785,5.69150278656179e-05,56.8395877451839,37.4624555593258,11.8322676472106,TRUE,"CMA","GN"
"CMA | GN",1976,2023,48,43,0.895833333333333,1.62335698114443e-05,3.34156835474432e-06,1.40592851037268,8.62281799121555,0.373056151248738,0.00045938611335599,56.8652807562437,30.416312962642,9.42117343829686,TRUE,"CMA","GN"
"CMA | GN",1977,2023,47,42,0.893617021276596,1.63648109555106e-05,1.91997159566838e-06,1.40370363463143,8.62281799121555,0.378537770098338,0.000687168933030981,56.8926888504917,29.8009322550195,10.4373897663111,TRUE,"CMA","GN"
"CMA | GN",1978,2023,46,41,0.891304347826087,1.59884085684709e-05,5.59210670302677e-06,1.42474843532756,8.62281799121555,0.394215054614022,0.00133341478398914,56.9710752730701,29.1803068471823,6.73909396291741,TRUE,"CMA","GN"
"CMA | GN",1979,2023,45,40,0.888888888888889,1.50803107169355e-05,3.67676396982887e-05,1.4474747867737,8.62281799121555,0.358839224148026,0.00237739824963248,56.7941961207401,28.3970980603701,5.03362046403511,TRUE,"CMA","GN"
"CMA | GN",1980,2023,44,39,0.886363636363636,1.33944707756525e-05,0.000244896681422546,1.47676019163066,8.39383206778187,0.331160365264266,0.00532904671234313,56.6558018263213,27.6015444794899,7.51175040932714,TRUE,"CMA","GN"
"CMA | GN",1981,2023,43,38,0.883720930232558,1.27022326154539e-05,0.000140110209367399,1.48414091449036,6.48676198852094,0.313587798011087,0.0145103480532493,56.5679389900554,34.2384893887178,9.04116220744494,TRUE,"CMA","GN"
"CMA | GN",1982,2023,42,37,0.880952380952381,1.21636157835747e-05,8.06681353023108e-05,1.49113317686706,5.22905074046558,0.350877193270461,0.008400129965514,56.7543859663523,33.7458511151284,8.55312045368142,TRUE,"CMA","GN"
"CMA | GN",1983,2023,41,36,0.878048780487805,1.18163871119912e-05,5.77029140837886e-05,1.49722545575411,5.22905074046558,0.388954223113839,0.009733022805196,56.9447711155692,41.1267791390222,5.16878057737833,TRUE,"CMA","GN"
"CMA | GN",1984,2023,40,35,0.875,1.12826983233852e-05,0.000103454576455765,1.51289512208346,5.22905074046558,0.404427975490649,0.0025681788685998,57.0221398774532,32.5840799299733,3.6707425899359,TRUE,"CMA","GN"
"CMA | GN",1985,2023,39,34,0.871794871794872,1.07321389340295e-05,0.000467562154871411,1.55289090304949,5.22905074046558,0.504782631346398,0.00760051282584311,57.523913156732,32.1457161758208,1.83778957547418,TRUE,"CMA","GN"
"CMA | GN",1986,2023,38,33,0.868421052631579,9.7633593653804e-06,0.00131347921267338,1.57901686347003,5.22905074046558,0.485856541735048,0.00373318825947779,57.4292827086752,22.6236568246296,2.63798006682283,TRUE,"CMA","GN"
"CMA | GN",1987,2023,37,32,0.864864864864865,8.01238231365385e-06,0.00629430689886002,1.6146545670447,5.22905074046558,0.494220853218366,0.00317878529255853,57.4711042660918,21.5516640997844,3.88064274917178,TRUE,"CMA","GN"
"CMA | GN",1988,2023,36,31,0.861111111111111,5.70952358805094e-06,0.0289986350232232,1.65080437439208,4.82234679398493,0.469914409879689,0.000815014270612949,57.3495720493984,29.5997791222702,3.81606338202528,TRUE,"CMA","GN"
"CMA | GN",1989,2023,35,30,0.857142857142857,1.95353161159739e-06,0.388075608535425,1.70632671947426,3.48603382697706,0.450591779240712,0.00253794911387633,57.2529588962036,38.1686392641357,9.21857111239274,TRUE,"CMA","GN"
"CMA | GN",1990,2023,34,29,0.852941176470588,5.46170086103521e-07,0.754482155445584,1.72922636817515,2.15743706038501,0.434563375093615,0.000603469025362788,57.1728168754681,37.4580524356515,6.12739484406482,TRUE,"CMA","GN"
"CMA | GN",1991,2023,33,28,0.848484848484849,-5.67298549374158e-07,0.734970513802909,1.76710157886245,1.97574278271481,0.447397010001918,0.000630869358630611,56.8848878117798,36.5688564504299,10.7435165029934,TRUE,"CMA","GN"
"CMA | GN",1992,2023,32,27,0.84375,-5.7615037844253e-07,0.737144093553821,1.75470590701379,1.97574278271481,0.449637981908606,2.50652983594922e-05,56.8960926713133,46.3597792136627,12.8419633924162,TRUE,"CMA","GN"
"CMA | GN",1993,2023,31,26,0.838709677419355,-5.72275640457543e-07,0.744252566890408,1.7486255381953,1.97574278271481,0.462546630034902,2.36697421346973e-05,56.9606359119448,46.00666746734,11.9394246630065,TRUE,"CMA","GN"
"CMA | GN",1994,2023,30,25,0.833333333333333,-6.05294044101893e-07,0.736689400420923,1.76294228348937,1.97574278271481,0.453220605763682,6.1906115704646e-07,56.9140057905887,45.5312046324709,10.9835489878282,TRUE,"CMA","GN"
"CMA | GN",1995,2023,29,24,0.827586206896552,-5.78205887895338e-07,0.753748682393591,1.75294063242466,1.97574278271481,0.450548100473768,0,56.9006432641391,56.9006432641391,19.6651991430958,TRUE,"CMA","GN"
"CMA | GN",1996,2023,28,23,0.821428571428571,-6.86914642830952e-07,0.718113496377437,1.77673130091654,1.97574278271481,0.44642124408752,0,56.8800089822078,56.8800089822078,18.6912903767201,TRUE,"CMA","GN"
"CMA | GN",1997,2023,27,22,0.814814814814815,-8.06627799530911e-07,0.680312793762378,1.79867308280194,1.97574278271481,0.450923528379849,0.000160122227878061,56.9025204036695,56.9025204036695,10.3303559299499,TRUE,"CMA","GN"
"CMA | GN",1998,2023,26,21,0.807692307692308,-9.26583846452882e-07,0.64415756890964,1.8179402034584,1.97574278271481,0.460933499641436,0.000160122227878631,56.9525702599774,56.9525702599774,16.6838158235357,TRUE,"CMA","GN"
"CMA | GN",1999,2023,25,20,0.8,-9.95770042255554e-07,0.62606697983134,1.82821026055982,1.97574278271481,0.453548767766656,0,56.9156466006035,56.9156466006035,15.5657178996826,TRUE,"CMA","GN"
"CMA | GN",2000,2023,24,19,0.791666666666667,-9.61629667376708e-07,0.643102539831444,1.82340020131474,1.97574278271481,0.46,0,56.1145694284369,56.1145694284369,14.1835219230069,TRUE,"CMA","GN"
"CMA | GN",2001,2023,23,18,0.782608695652174,-7.20920828653261e-07,0.734665442662872,1.79153563084459,1.97574278271481,0.462450592885375,0.00294327801122113,55.2934890595305,55.2934890595305,12.7540746071291,TRUE,"CMA","GN"
"CMA | GN",2002,2023,22,17,0.772727272727273,-3.5829017830481e-07,0.869675593414215,1.75131557572744,1.97574278271481,0.42970073404856,0.0170056062870583,54.296406432013,54.296406432013,11.2444288060761,TRUE,"CMA","GN"
"CMA | GN",2003,2023,21,16,0.761904761904762,-2.70993225325655e-07,0.901107134839567,1.74312081825269,1.97574278271481,0.448051948051948,0.00792002985271749,53.5548291686966,53.5548291686966,16.7133765924958,TRUE,"CMA","GN"
"CMA | GN",2004,2023,20,15,0.75,-2.54888999929546e-07,0.905580717049331,1.74171345820942,1.97574278271481,0.494736842105263,0.397730583521594,52.9549203056299,35.3032802037533,10.3778181491843,TRUE,"CMA","GN"
"CMA | GN",2005,2023,19,14,0.736842105263158,-7.64845232783368e-07,0.67672239241129,1.76920371189488,1.79706669914217,0.568421052631579,0.603433868003424,49.7549843887612,31.9853471070608,4.21293291533323,TRUE,"CMA","GN"
"CMA | GN",2006,2023,18,13,0.722222222222222,-4.60879633670493e-07,0.766730687423613,1.74777599146854,1.65544366773566,0.570691434468524,0.629410060521668,46.5644822154575,28.6550659787431,2.85489839304086,TRUE,"CMA","GN"
"CMA | GN",2007,2023,17,12,0.705882352941177,5.22384306176106e-09,0.996804733532516,1.70750778519657,1.44128776217003,0.588235294117647,0.597511943144027,41.8216779521892,41.8216779521892,2.58043281000152,TRUE,"CMA","GN"
"CMA | GN",2008,2023,16,11,0.6875,7.49848579302203e-08,0.95705120390212,1.66074494639791,1.44128776217003,0.608823529411765,0.536108668040535,41.0912857953265,41.0912857953265,1.27009982950574,TRUE,"CMA","GN"
"CMA | GN",2009,2023,15,10,0.666666666666667,4.45106856272615e-07,0.736163994389915,1.60949507884046,1.3818750687074,0.607142857142857,0.49796015176996,39.0349247878389,39.0349247878389,0,TRUE,"CMA","GN"
"CMA | GN",2010,2023,14,9,0.642857142857143,7.82355571023488e-07,0.536482565507247,1.55699946060227,1.34243606315198,0.569230769230769,NA,37.1765547378142,16.5229132168063,0,TRUE,"CMA","GN"
"CMA | GN",2011,2023,13,8,0.615384615384615,8.52742341254654e-07,0.527761896939806,1.52811942369215,1.34243606315198,0.543956043956044,NA,36.2168477781073,36.2168477781073,0,TRUE,"CMA","GN"
"CMA | GN",2012,2023,12,7,NA,NA,NA,NA,NA,NA,NA,NA,NA,NA,FALSE,"CMA","GN"
"CMA | GN",2013,2023,11,6,NA,NA,NA,NA,NA,NA,NA,NA,NA,NA,FALSE,"CMA","GN"
"CMA | GN",2014,2023,10,5,NA,NA,NA,NA,NA,NA,NA,NA,NA,NA,FALSE,"CMA","GN"
"CMA | GN",2015,2023,9,4,NA,NA,NA,NA,NA,NA,NA,NA,NA,NA,FALSE,"CMA","GN"
"CMA | GN",2016,2023,8,3,NA,NA,NA,NA,NA,NA,NA,NA,NA,NA,FALSE,"CMA","GN"
"CMA | OBT",1972,2023,52,47,0.92156862745098,1.98620553996055e-06,3.00010709340171e-07,1.0884177497674,12.8909601968301,0.0944796380090498,7.64997782333511e-07,55.4723981900452,49.5710792336574,29.1049970772929,TRUE,"CMA","OBT"
"CMA | OBT",1973,2023,51,46,0.92,2.01276956314993e-06,1.63409644673531e-08,1.08711335636458,8.62281799121555,0.090516206482593,1.25349904259267e-06,55.452581032413,43.3976721123232,26.8418398180319,TRUE,"CMA","OBT"
"CMA | OBT",1974,2023,50,45,0.918367346938776,1.93841165653031e-06,3.5974448592912e-08,1.095496610995,8.62281799121555,0.120714285714286,2.81876610402056e-07,55.6035714285714,43.2472222222222,30.4582959008805,TRUE,"CMA","OBT"
"CMA | OBT",1975,2023,49,44,0.916666666666667,1.93790514197661e-06,1.14904140059933e-08,1.09553834635944,8.62281799121555,0.12320885801129,3.49504416698861e-07,55.6160442900564,49.2960392570955,26.6048612213226,TRUE,"CMA","OBT"
"CMA | OBT",1976,2023,48,43,0.914893617021277,1.92752790006214e-06,7.32118306306015e-09,1.09669973776987,8.62281799121555,0.121184088806661,4.81202529189365e-09,55.6059204440333,49.1401157412387,26.0360238976711,TRUE,"CMA","OBT"
"CMA | OBT",1977,2023,47,42,0.91304347826087,1.89784803204148e-06,1.10995289384379e-08,1.10185670833258,8.62281799121555,0.145235892691952,1.06558765246788e-08,55.7261794634598,35.8239725122241,18.6913616249701,TRUE,"CMA","OBT"
"CMA | OBT",1978,2023,46,41,0.911111111111111,1.8671867470531e-06,3.67007743516496e-08,1.11455712134064,8.62281799121555,0.173781291172595,4.78681900062263e-10,55.868906455863,35.4290626305473,18.3219813167497,TRUE,"CMA","OBT"
"CMA | OBT",1979,2023,45,40,0.909090909090909,1.781164171482e-06,1.27881041714858e-07,1.12751558178251,8.62281799121555,0.185200845665962,0,55.9260042283298,34.9537526427061,18.1662494301621,TRUE,"CMA","OBT"
"CMA | OBT",1980,2023,44,39,0.906976744186046,1.65826413824821e-06,2.88886933497437e-07,1.14009589186676,8.39383206778187,0.172455451525219,0,55.8622772576261,41.5386164223373,22.0072665655098,TRUE,"CMA","OBT"
"CMA | OBT",1981,2023,43,38,0.904761904761905,1.57140234991309e-06,8.32415825825141e-08,1.14711788884846,6.48676198852094,0.190665262134349,4.48258008791168e-13,55.9533263106717,48.5910465329518,30.1415527607178,TRUE,"CMA","OBT"
"CMA | OBT",1982,2023,42,37,0.902439024390244,1.49558673753349e-06,3.20899723513039e-08,1.15483327643471,5.22905074046558,0.227003484320558,8.96517776601967e-13,56.1350174216028,56.1350174216028,33.7151704144105,TRUE,"CMA","OBT"
"CMA | OBT",1983,2023,41,36,0.9,1.42567784851241e-06,6.93649281372142e-08,1.16744269784666,5.22905074046558,0.283677298311445,0,56.4183864915572,56.4183864915572,22.5520003774432,TRUE,"CMA","OBT"
"CMA | OBT",1984,2023,40,35,0.897435897435897,1.37589179781046e-06,2.11279937247134e-07,1.1818250494421,5.22905074046558,0.355263157894737,0,56.7763157894737,56.7763157894737,19.1074996925042,TRUE,"CMA","OBT"
"CMA | OBT",1985,2023,39,34,0.894736842105263,1.32576594176217e-06,4.41640855138676e-07,1.19385039326354,5.22905074046558,0.417004048582996,3.47663853532703e-10,57.085020242915,48.6901643248392,16.0387009323297,TRUE,"CMA","OBT"
"CMA | OBT",1986,2023,38,33,0.891891891891892,1.25487916733271e-06,9.84885740957035e-07,1.20847848925617,5.22905074046558,0.498340445708867,1.18205705697441e-08,57.4917022285443,31.3591103064787,10.09470139634,TRUE,"CMA","OBT"
"CMA | OBT",1987,2023,37,32,0.888888888888889,1.12188487048289e-06,6.45489373706952e-06,1.23335216914658,5.22905074046558,0.583783783783784,0,57.9189189189189,39.8192567567568,12.6725177622211,TRUE,"CMA","OBT"
"CMA | OBT",1988,2023,36,31,0.885714285714286,9.18985129093791e-07,5.37532752382767e-05,1.12711102143478,4.82234679398493,0.67843137254902,0,58.3921568627451,39.5559772296015,19.8762628955616,TRUE,"CMA","OBT"
"CMA | OBT",1989,2023,35,30,0.882352941176471,6.9722389851205e-07,0.000143547078378476,1.06204279690065,3.48603382697706,0.74087089381207,1.1876197077236e-08,58.7043544690603,48.9202953908836,31.6383346592324,TRUE,"CMA","OBT"
"CMA | OBT",1990,2023,34,29,0.878787878787879,5.34038199225665e-07,0.000220483458088635,1.0819643002872,2.15743706038501,0.807820855614973,2.37523940522091e-08,59.0391042780749,48.8599483680619,30.5081973348635,TRUE,"CMA","OBT"
"CMA | OBT",1991,2023,33,28,0.875,4.67186683007227e-07,0.00114620326125481,1.07185821319246,1.97574278271481,0.871700879765396,0,59.0064071605972,48.469548739062,28.6085357569599,TRUE,"CMA","OBT"
"CMA | OBT",1992,2023,32,27,0.870967741935484,5.08220392320884e-07,0.000762141421460678,1.09231271899638,1.97574278271481,0.877822580645161,0,59.037015664996,48.1042349862931,22.8247705946317,TRUE,"CMA","OBT"
"CMA | OBT",1993,2023,31,26,0.866666666666667,5.25594183009813e-07,0.000780369448887761,1.10680900210276,1.97574278271481,0.907007786429366,3.09530578880645e-07,59.1829416939171,47.8016067527792,27.4757173309132,TRUE,"CMA","OBT"
"CMA | OBT",1994,2023,30,25,0.862068965517241,5.51006951412524e-07,0.00076952788283081,1.12589910616213,1.97574278271481,0.903940886699507,6.1906115704646e-07,59.1676071952678,47.3340857562142,20.1926609189563,TRUE,"CMA","OBT"
"CMA | OBT",1995,2023,29,24,0.857142857142857,6.1286056874867e-07,0.000533486011561559,1.1557023144435,1.97574278271481,0.901477832512315,0,59.1552919243318,46.8312727734294,26.2877074380316,TRUE,"CMA","OBT"
"CMA | OBT",1996,2023,28,23,0.851851851851852,6.55490900727366e-07,0.000525557950367465,1.18235451409289,1.97574278271481,0.894993894993895,0,59.1228722367397,46.270073924405,19.9819819252864,TRUE,"CMA","OBT"
"CMA | OBT",1997,2023,27,22,0.846153846153846,6.85718742687737e-07,0.000649684007007152,1.20787061986124,1.97574278271481,0.884444444444444,0.000160122227878061,59.0701249839925,45.6450965785396,13.4802749757382,TRUE,"CMA","OBT"
"CMA | OBT",1998,2023,26,21,0.84,7.20309333115254e-07,0.000854540206346194,1.23734022319674,1.97574278271481,0.870769230769231,0.000160122227878631,59.0017489156164,44.9537134595173,12.5660532060722,TRUE,"CMA","OBT"
"CMA | OBT",1999,2023,25,20,0.833333333333333,9.06954609654983e-07,0.000382427365597209,1.10529895110736,1.97574278271481,0.853913043478261,0,58.9174679791616,44.1881009843712,11.7471593201386,TRUE,"CMA","OBT"
"CMA | OBT",2000,2023,24,19,0.826086956521739,1.12397452184482e-06,0.000184861508583471,0.968067287213604,1.97574278271481,0.83399209486166,0,57.3458756470173,57.3458756470173,22.389228837397,TRUE,"CMA","OBT"
"CMA | OBT",2001,2023,23,18,0.818181818181818,1.3430300852554e-06,0.000126837578910425,0.735281981622211,1.97574278271481,0.810276679841897,0.00294327801122113,51.7382591267573,51.7382591267573,37.1728503820727,TRUE,"CMA","OBT"
"CMA | OBT",2002,2023,22,17,0.80952380952381,1.40569843856913e-06,0.000277999030906015,0.724757025288411,1.97574278271481,0.842857142857143,0.0003270308901347,50.8573289818242,50.8573289818242,36.1174818645117,TRUE,"CMA","OBT"
"CMA | OBT",2003,2023,21,16,0.8,1.45415242383657e-06,0.000739574487884772,0.743335117726346,1.97574278271481,0.870676691729323,6.60002487726968e-05,50.5346552416105,50.5346552416105,16.7372406177314,TRUE,"CMA","OBT"
"CMA | OBT",2004,2023,20,15,0.789473684210526,1.53030339874579e-06,0.00223437393070847,0.635212953997362,1.97574278271481,0.850877192982456,0.000132000497545299,47.4398811399631,47.4398811399631,21.6611538538241,TRUE,"CMA","OBT"
"CMA | OBT",2005,2023,19,14,0.777777777777778,1.23067449435721e-06,0.014292084578777,0.595478711212984,1.79706669914217,0.824561403508772,0.00362628195725219,42.9452603674068,42.9452603674068,18.9113546287666,TRUE,"CMA","OBT"
"CMA | OBT",2006,2023,18,13,0.764705882352941,8.89978604961751e-07,0.0775836732018417,0.532505595608251,1.65544366773566,0.848039215686275,0.00725256391450507,38.6013330337113,38.6013330337113,15.6989970543127,TRUE,"CMA","OBT"
"CMA | OBT",2007,2023,17,12,0.75,5.06227821283497e-07,0.300290606813665,0.53116260013585,1.44128776217003,0.870588235294118,0.00551715879956851,33.8566946607886,33.8566946607886,21.9811453822902,TRUE,"CMA","OBT"
"CMA | OBT",2008,2023,16,11,0.733333333333333,5.14234636781205e-07,0.348436866861313,0.541239108856424,1.44128776217003,0.882142857142857,0.011034317599137,33.2826646111104,33.2826646111104,11.5332063080583,TRUE,"CMA","OBT"
"CMA | OBT",2009,2023,15,10,0.714285714285714,2.68483205777688e-07,0.631670077537357,0.552538238515525,1.3818750687074,0.894505494505494,0.0396822835963147,31.5225027449626,31.5225027449626,4.79013534319777,TRUE,"CMA","OBT"
"CMA | OBT",2010,2023,14,9,0.692307692307692,-1.74181943435119e-07,0.785308962872761,0.571267333866227,1.34243606315198,0.901098901098901,NA,30.2612420744794,30.2612420744794,3.91272719092372,TRUE,"CMA","OBT"
"CMA | OBT",2011,2023,13,8,0.666666666666667,-2.06154086720443e-06,0.112924677099962,0.285095611377803,1.34243606315198,0.895104895104895,NA,38.9126857689143,38.9126857689143,9.92273487107315,TRUE,"CMA","OBT"
"CMA | OBT",2012,2023,12,7,NA,NA,NA,NA,NA,NA,NA,NA,NA,NA,FALSE,"CMA","OBT"
"CMA | OBT",2013,2023,11,6,NA,NA,NA,NA,NA,NA,NA,NA,NA,NA,FALSE,"CMA","OBT"
"CMA | OBT",2014,2023,10,5,NA,NA,NA,NA,NA,NA,NA,NA,NA,NA,FALSE,"CMA","OBT"
"CMA | OBT",2015,2023,9,4,NA,NA,NA,NA,NA,NA,NA,NA,NA,NA,FALSE,"CMA","OBT"
"CMA | OBT",2016,2023,8,3,NA,NA,NA,NA,NA,NA,NA,NA,NA,NA,FALSE,"CMA","OBT"
"CMA | PS",1971,2023,53,48,0.905660377358491,-4.55987725125119e-07,0.897429318690183,1.38108636500051,17.4658743608176,0.593746850363548,2.73205850731699e-07,57.9687342518177,45.8919146160224,8.00926372086348,TRUE,"CMA","PS"
"CMA | PS",1972,2023,52,47,0.903846153846154,1.66554028830165e-06,0.624948503111839,1.36769989307562,12.8909601968301,0.574544833752356,3.0832948404862e-06,57.8727241687618,51.7160513848509,11.2210342866868,TRUE,"CMA","PS"
"CMA | PS",1973,2023,51,46,0.901960784313726,4.59417122263325e-06,0.173345187662098,1.27510319200605,8.62281799121555,0.55281793719889,7.40705089764205e-06,57.7640896859944,51.4853842853429,13.3355904627177,TRUE,"CMA","PS"
"CMA | PS",1974,2023,50,45,0.9,7.08952381908931e-06,0.0360066492345921,1.10636669491133,8.62281799121555,0.541381545931459,2.6572858011359e-05,57.7069077296573,32.0593931831429,9.75327348759937,TRUE,"CMA","PS"
"CMA | PS",1975,2023,49,44,0.897959183673469,8.73891467357826e-06,0.00901072686077128,1.09704324714543,8.62281799121555,0.528942065020712,5.69150278656179e-05,57.6447103251036,31.4425692682383,11.0046817636396,TRUE,"CMA","PS"
"CMA | PS",1976,2023,48,43,0.895833333333333,9.12343488776029e-06,0.00573078925159806,1.09401019872949,8.62281799121555,0.52123646449027,0.00015333795524449,57.6061823224513,30.8126091492182,10.566215597525,TRUE,"CMA","PS"
"CMA | PS",1977,2023,47,42,0.893617021276596,9.03576930373822e-06,0.00581923217568341,1.09492134272662,8.62281799121555,0.521233847172219,0.000687168933030981,57.6061692358611,30.1746600759272,10.0598102769915,TRUE,"CMA","PS"
"CMA | PS",1978,2023,46,41,0.891304347826087,8.46711566631902e-06,0.0108599085296923,1.10343296413096,8.62281799121555,0.504856764247557,0.00188563197204669,57.5242838212378,29.4636575669755,9.68758966927978,TRUE,"CMA","PS"
"CMA | PS",1979,2023,45,40,0.888888888888889,8.6698127044738e-06,0.00641713845906417,1.10212072647201,8.62281799121555,0.497776606877637,0.00173826428490696,57.4888830343882,35.9305518964926,11.762318008743,TRUE,"CMA","PS"
"CMA | PS",1980,2023,44,39,0.886363636363636,8.50905017995925e-06,0.00396382179418677,1.10307565160981,8.39383206778187,0.503752775251963,0.00532904671234313,57.5187638762598,35.3961623853907,9.52258893419067,TRUE,"CMA","PS"
"CMA | PS",1981,2023,43,38,0.883720930232558,8.43656319910167e-06,0.00165829174514518,1.10350894144075,6.48676198852094,0.500320912502158,0.0145103480532493,57.5016045625108,42.3696033618501,13.408898610871,TRUE,"CMA","PS"
"CMA | PS",1982,2023,42,37,0.880952380952381,7.96698350986626e-06,0.00141832687587454,1.10721456968873,5.22905074046558,0.514160690831657,0.008400129965514,57.5708034541583,42.0111268449263,8.07365007202882,TRUE,"CMA","PS"
"CMA | PS",1983,2023,41,36,0.878048780487805,7.71591719592423e-06,0.00121402981169268,1.10982714087026,5.22905074046558,0.527200662549822,0.009733022805196,57.6360033127491,41.626002392541,5.19035876207906,TRUE,"CMA","PS"
"CMA | PS",1984,2023,40,35,0.875,7.56952057535572e-06,0.00108904180071433,1.11177162884954,5.22905074046558,0.510905765372785,0.0025681788685998,57.5545288268639,32.8883021867794,3.71469007192274,TRUE,"CMA","PS"
"CMA | PS",1985,2023,39,34,0.871794871794872,7.0341369550978e-06,0.00244085050663107,1.12239135586067,5.22905074046558,0.487676502471816,0.00760051282584311,57.4383825123591,23.6510986815596,2.42937400666019,TRUE,"CMA","PS"
"CMA | PS",1986,2023,38,33,0.868421052631579,6.78675559133843e-06,0.00211960242482879,1.1254466440802,5.22905074046558,0.465393664864676,0.00373318825947779,57.3269683243234,31.2692554496309,4.692778019812,TRUE,"CMA","PS"
"CMA | PS",1987,2023,37,32,0.864864864864865,5.66941167256947e-06,0.00659587669914053,1.13919855360844,5.22905074046558,0.433643531080063,0.00317878529255853,57.1682176554003,30.3706156294314,6.06949079828184,TRUE,"CMA","PS"
"CMA | PS",1988,2023,36,31,0.861111111111111,4.44191163155612e-06,0.0135839201795012,1.1513102995556,4.82234679398493,0.399768325687843,0.000815014270612949,56.9988416284392,29.418756969517,5.50363060819705,TRUE,"CMA","PS"
"CMA | PS",1989,2023,35,30,0.857142857142857,1.52495141946006e-06,0.349538953888663,1.18107022119376,3.48603382697706,0.424399468790599,0.00253794911387633,57.121997343953,47.6016644532942,11.4159550726471,TRUE,"CMA","PS"
"CMA | PS",1990,2023,34,29,0.852941176470588,2.82868282122335e-07,0.823761734854907,1.19357526608082,2.15743706038501,0.404461762965119,0.000603469025362788,57.0223088148256,37.359443706265,11.1921274209829,TRUE,"CMA","PS"
"CMA | PS",1991,2023,33,28,0.848484848484849,-2.11356180298411e-06,0.137470374399379,1.22948876365343,1.97574278271481,0.413136125784363,0.000630869358630611,67.6562678708007,55.5747914653005,24.1462130267042,TRUE,"CMA","PS"
"CMA | PS",1992,2023,32,27,0.84375,-2.13711024567362e-06,0.142717741908484,1.22450250164962,1.97574278271481,0.425258914809607,2.50652983594922e-05,66.7985925018335,54.4284827792718,22.7940864862579,TRUE,"CMA","PS"
"CMA | PS",1993,2023,31,26,0.838709677419355,-2.17280803762588e-06,0.146520620064577,1.23026580875752,1.97574278271481,0.376247607517492,2.36697421346973e-05,65.8880322880568,53.2172568480459,21.4466313578141,TRUE,"CMA","PS"
"CMA | PS",1994,2023,30,25,0.833333333333333,-2.21507360726101e-06,0.148794507593142,1.23551164324004,1.97574278271481,0.319279120898813,6.1906115704646e-07,65.2052595374645,52.1642076299716,26.8915945344478,TRUE,"CMA","PS"
"CMA | PS",1995,2023,29,24,0.827586206896552,-2.27417669183431e-06,0.148205005627474,1.24116157249996,1.97574278271481,0.253233158713523,0,64.9781925705299,51.4410691183362,25.820465990529,TRUE,"CMA","PS"
"CMA | PS",1996,2023,28,23,0.821428571428571,-2.3916439315173e-06,0.139237442894938,1.24944649091212,1.97574278271481,0.176269332429407,0,66.1626969173031,51.7795019352807,25.1788891480824,TRUE,"CMA","PS"
"CMA | PS",1997,2023,27,22,0.814814814814815,-2.37584861498789e-06,0.167552650521215,1.20823330742172,1.97574278271481,0.177072204780171,0.000160122227878061,61.2115499444584,61.2115499444584,28.7348078356865,TRUE,"CMA","PS"
"CMA | PS",1998,2023,26,21,0.807692307692308,-2.29896894732372e-06,0.209770838160138,1.12478765205744,1.97574278271481,0.177466236137912,0.000160122227878631,55.5352339424598,55.5352339424598,25.069505673538,TRUE,"CMA","PS"
"CMA | PS",1999,2023,25,20,0.8,-2.15634794366111e-06,0.258903371728246,1.11352426593235,1.97574278271481,0.181573382854845,0,55.5557696760445,55.5557696760445,24.0512470896201,TRUE,"CMA","PS"
"CMA | PS",2000,2023,24,19,0.791666666666667,-2.1860998903378e-06,0.259105589626089,1.11472745140582,1.97574278271481,0.150032619332777,0,54.5647325251008,54.5647325251008,22.5860604239289,TRUE,"CMA","PS"
"CMA | PS",2001,2023,23,18,0.782608695652174,-1.90647951105683e-06,0.348862120022914,1.04170877271135,1.97574278271481,0.157647645040054,0,53.7694743203038,53.7694743203038,21.1090630923494,TRUE,"CMA","PS"
"CMA | PS",2002,2023,22,17,0.772727272727273,-1.576414304146e-06,0.453868158315785,1.02563972750209,1.97574278271481,0.126517937832454,0,52.7804924509325,52.7804924509325,19.5723702178984,TRUE,"CMA","PS"
"CMA | PS",2003,2023,21,16,0.761904761904762,-1.35204482886358e-06,0.523085230218258,1.0193562107957,1.97574278271481,0.138356616585835,0.000284949739434225,52.0063525113661,35.7543673515642,12.4849441345811,TRUE,"CMA","PS"
"CMA | PS",2004,2023,20,15,0.75,-1.31553387962155e-06,0.528180030559584,1.01846918286169,1.97574278271481,0.212109830720295,0.00279516413840882,51.5417852487051,34.3611901658034,11.3983694390133,TRUE,"CMA","PS"
"CMA | PS",2005,2023,19,14,0.736842105263158,-1.37441759812259e-06,0.436397353118782,1.01934551685288,1.79706669914217,0.276437060398756,0.00491808466682476,48.2950644275971,31.0468271320267,9.75326223376234,TRUE,"CMA","PS"
"CMA | PS",2006,2023,18,13,0.722222222222222,-1.10861448756441e-06,0.457527093292283,1.01415673918048,1.65544366773566,0.318017595296978,0.0210499260565284,45.3011130195998,10.454103004523,3.02478283871264,TRUE,"CMA","PS"
"CMA | PS",2007,2023,17,12,0.705882352941177,-7.02894874352477e-07,0.575225271107212,1.00403909940814,1.44128776217003,0.351931396620624,0.127446368270027,40.6401584647041,23.7067591044107,6.01324216358149,TRUE,"CMA","PS"
"CMA | PS",2008,2023,16,11,0.6875,-6.64182086719437e-07,0.61801772962223,0.994056691430452,1.44128776217003,0.404709454672366,0.536108668040535,39.9518492502385,21.7919177728574,4.69746680125668,TRUE,"CMA","PS"
"CMA | PS",2009,2023,15,10,0.666666666666667,-3.89537170085965e-07,0.758470660471433,0.98163068932212,1.3818750687074,0.466488121930093,0.512344255392549,37.9642648982175,18.9821324491087,3.26288324247596,TRUE,"CMA","PS"
"CMA | PS",2010,2023,14,9,0.642857142857143,-1.30342409411582e-07,0.915309762206668,0.967489539375664,1.34243606315198,0.541254452937086,NA,36.3864639438591,16.1717617528263,1.81340495986719,TRUE,"CMA","PS"
"CMA | PS",2011,2023,13,8,0.615384615384615,-2.70333694285424e-08,0.983735150197883,0.951672829829783,1.34243606315198,0.607978566908206,NA,35.5704169894638,13.3389063710489,1.0425028687229,TRUE,"CMA","PS"
"CMA | PS",2012,2023,12,7,NA,NA,NA,NA,NA,NA,NA,NA,NA,NA,FALSE,"CMA","PS"
"CMA | PS",2013,2023,11,6,NA,NA,NA,NA,NA,NA,NA,NA,NA,NA,FALSE,"CMA","PS"
"CMA | PS",2014,2023,10,5,NA,NA,NA,NA,NA,NA,NA,NA,NA,NA,FALSE,"CMA","PS"
"CMA | PS",2015,2023,9,4,NA,NA,NA,NA,NA,NA,NA,NA,NA,NA,FALSE,"CMA","PS"
"CMA | PS",2016,2023,8,3,NA,NA,NA,NA,NA,NA,NA,NA,NA,NA,FALSE,"CMA","PS"
"CMA | PT",1972,2023,52,47,0.903846153846154,8.47698374692335e-06,0.0837913151181086,0.849513495684679,12.8909601968301,0.289934261077435,3.0832948404862e-06,53.4399412190808,47.7548410893913,22.136049252598,TRUE,"CMA","PT"
"CMA | PT",1973,2023,51,46,0.901960784313726,8.88442533164792e-06,0.0552756476655689,0.848669342242191,8.62281799121555,0.28841628959276,7.40705089764205e-06,53.4154682928076,47.6094391305459,19.4460709129245,TRUE,"CMA","PT"
"CMA | PT",1974,2023,50,45,0.9,8.579842520273e-06,0.0567913601324363,0.849572998676909,8.62281799121555,0.281824729891957,2.6572858011359e-05,53.400583622998,47.4671854426648,19.1036082923768,TRUE,"CMA","PT"
"CMA | PT",1975,2023,49,44,0.897959183673469,9.01753597131525e-06,0.0406259616527735,0.848168238066994,8.62281799121555,0.296122448979592,5.69150278656179e-05,53.4439770062378,41.2976185957292,16.3637133834423,TRUE,"CMA","PT"
"CMA | PT",1976,2023,48,43,0.895833333333333,1.07460331890632e-05,0.0148010356572097,0.842777956394993,8.62281799121555,0.266717325227964,0.000519454959717602,53.1891457540397,34.6347925840258,15.2760578628236,TRUE,"CMA","PT"
"CMA | PT",1977,2023,47,42,0.893617021276596,1.0524895380763e-05,0.0163277208135648,0.843861224134243,8.62281799121555,0.286655874190564,0.000687168933030981,53.3105038536377,34.2710381916242,14.9016515759964,TRUE,"CMA","PT"
"CMA | PT",1978,2023,46,41,0.891304347826087,9.67055358687814e-06,0.0304001847839029,0.849542541587585,8.62281799121555,0.345790934320074,0.00293027564273998,53.7198055033521,34.0662181240769,14.5902216441218,TRUE,"CMA","PT"
"CMA | PT",1979,2023,45,40,0.888888888888889,9.22579934477534e-06,0.0322714044485918,0.850969318582562,8.62281799121555,0.342028985507246,0.00570473832851073,53.7295312991875,33.5809570619922,14.1529741950855,TRUE,"CMA","PT"
"CMA | PT",1980,2023,44,39,0.886363636363636,8.50684125916869e-06,0.0352382870155308,0.85297413044791,8.39383206778187,0.359830866807611,0.00532904671234313,53.8586369429963,40.0487300345357,14.5828615496759,TRUE,"CMA","PT"
"CMA | PT",1981,2023,43,38,0.883720930232558,8.94320802622634e-06,0.0149870409732819,0.851850383325637,6.48676198852094,0.362730292962851,0.0145103480532493,53.850659131327,39.6794330441357,12.0364180004469,TRUE,"CMA","PT"
"CMA | PT",1982,2023,42,37,0.880952380952381,9.54297076345866e-06,0.0047414315393354,0.850049196490361,5.22905074046558,0.367960457013208,0.008400129965514,53.8407862148733,39.2892223730156,9.43892371087886,TRUE,"CMA","PT"
"CMA | PT",1983,2023,41,36,0.878048780487805,1.04150011055088e-05,0.00108788401501185,0.846868309227206,5.22905074046558,0.360104529616725,0.009733022805196,53.7378888326277,31.3471018190329,8.92698962639818,TRUE,"CMA","PT"
"CMA | PT",1984,2023,40,35,0.875,1.07136770547531e-05,0.00048409017825561,0.845404329302953,5.22905074046558,0.361913696060037,0.0025681788685998,53.7176550663592,23.0218521712968,3.84350004690823,TRUE,"CMA","PT"
"CMA | PT",1985,2023,39,34,0.871794871794872,1.10389206501377e-05,0.000175755561302585,0.843764653738189,5.22905074046558,0.363562753036437,0.00760051282584311,53.693106839946,22.1089263458601,2.88930695789286,TRUE,"CMA","PT"
"CMA | PT",1986,2023,38,33,0.868421052631579,1.1622505076108e-05,1.93877469649214e-05,0.841246118252564,5.22905074046558,0.360980413611993,0.00373318825947779,53.6298244331112,29.2526315089698,5.70646914284477,TRUE,"CMA","PT"
"CMA | PT",1987,2023,37,32,0.864864864864865,1.0640637409925e-05,1.72617073486505e-05,0.846324397083375,5.22905074046558,0.388572783309625,0.00317878529255853,53.8693518582156,37.0351794025232,12.0159092008231,TRUE,"CMA","PT"
"CMA | PT",1988,2023,36,31,0.861111111111111,8.966026838662e-06,2.98321940234951e-05,0.854796595743668,4.82234679398493,0.422908622908623,0.000815014270612949,54.2104750294165,36.7232250199273,9.63153411058257,TRUE,"CMA","PT"
"CMA | PT",1989,2023,35,30,0.857142857142857,7.13458081431119e-06,1.84517812276042e-05,0.863744635423023,3.48603382697706,0.392997198879552,0.00253794911387633,54.2398787028582,45.1998989190485,19.5148769936209,TRUE,"CMA","PT"
"CMA | PT",1990,2023,34,29,0.852941176470588,5.8379444235363e-06,3.0577367842622e-06,0.871945210543468,2.15743706038501,0.390374331550802,0.000603469025362788,54.3907758686234,45.0130558912745,18.792101483543,TRUE,"CMA","PT"
"CMA | PT",1991,2023,33,28,0.848484848484849,5.36343445930687e-06,6.38338109954297e-06,0.879817379947174,1.97574278271481,0.40975935828877,0.000630869358630611,54.2930471521576,44.5978601607009,21.1598367869363,TRUE,"CMA","PT"
"CMA | PT",1992,2023,32,27,0.84375,5.36337643351004e-06,9.68629265608411e-06,0.879743597132213,1.97574278271481,0.424853372434018,2.50652983594922e-05,54.3670415665846,44.299070906106,20.3895857091826,TRUE,"CMA","PT"
"CMA | PT",1993,2023,31,26,0.838709677419355,5.37194172248254e-06,1.41950045409604e-05,0.878544705545364,1.97574278271481,0.439516129032258,2.36697421346973e-05,54.4163775178388,43.951689533639,19.6062655307475,TRUE,"CMA","PT"
"CMA | PT",1994,2023,30,25,0.833333333333333,5.39784508061804e-06,1.91768940840487e-05,0.876572178398288,1.97574278271481,0.453615127919911,6.1906115704646e-07,54.4474219693356,43.5579375754684,18.813197129755,TRUE,"CMA","PT"
"CMA | PT",1995,2023,29,24,0.827586206896552,5.43585541659071e-06,2.40985818240729e-05,0.874334614205898,1.97574278271481,0.480295566502463,0,54.5360728784005,43.1743910287337,17.8181438469041,TRUE,"CMA","PT"
"CMA | PT",1996,2023,28,23,0.821428571428571,5.56165635445031e-06,3.32831970771101e-05,0.883007782173667,1.97574278271481,0.440613026819923,0,54.5111235393432,54.5111235393432,21.5779137550465,TRUE,"CMA","PT"
"CMA | PT",1997,2023,27,22,0.814814814814815,5.55214708763235e-06,5.66453576837935e-05,0.887852314056349,1.97574278271481,0.426739926739927,0.000160122227878061,54.5386486765969,54.5386486765969,20.6133314728998,TRUE,"CMA","PT"
"CMA | PT",1998,2023,26,21,0.807692307692308,5.523408686469e-06,8.63521388456108e-05,0.890020290261817,1.97574278271481,0.427008547008547,0.000160122227878631,54.5833513020493,54.5833513020493,19.7178968775947,TRUE,"CMA","PT"
"CMA | PT",1999,2023,25,20,0.8,5.63530640363939e-06,6.63317793468919e-05,0.886369209135278,1.97574278271481,0.453846153846154,0,54.6445177137066,40.9833882852799,14.2489467872975,TRUE,"CMA","PT"
"CMA | PT",2000,2023,24,19,0.791666666666667,5.83851860327839e-06,2.99709849066818e-05,0.880941117876259,1.97574278271481,0.481739130434783,0,53.842087438136,39.6731170596792,15.4028288699082,TRUE,"CMA","PT"
"CMA | PT",2001,2023,23,18,0.782608695652174,6.23577788433861e-06,3.13968431254679e-06,0.872590215463088,1.97574278271481,0.510869565217391,0.00294327801122113,52.9873882304523,52.9873882304523,19.0899175294692,TRUE,"CMA","PT"
"CMA | PT",2002,2023,22,17,0.772727272727273,6.36585211456054e-06,9.08470644367542e-06,0.890164495456158,1.97574278271481,0.463579898362507,0.0170056062870583,52.2690921627059,52.2690921627059,10.360253185708,TRUE,"CMA","PT"
"CMA | PT",2003,2023,21,16,0.761904761904762,6.48471236749607e-06,3.02615303982504e-05,0.910551461020628,1.97574278271481,0.403896103896104,0.00792002985271749,51.54507916833,51.54507916833,8.95589056934064,TRUE,"CMA","PT"
"CMA | PT",2004,2023,20,15,0.75,7.05939054967913e-06,8.0044434713848e-05,0.790181125654486,1.97574278271481,0.32781954887218,0.39719195709014,47.9239563525542,47.9239563525542,6.95981361112932,TRUE,"CMA","PT"
"CMA | PT",2005,2023,19,14,0.736842105263158,6.11970358799906e-06,0.000582276662186574,0.728274403503023,1.79706669914217,0.256140350877193,0.464677417678753,42.7590689500497,42.7590689500497,5.107284006751,TRUE,"CMA","PT"
"CMA | PT",2006,2023,18,13,0.722222222222222,5.11669634080876e-06,0.00307748059755025,0.684890751779517,1.65544366773566,0.252837977296182,0.0161922508127142,38.6730299651862,23.7987876708838,2.1842106268907,TRUE,"CMA","PT"
"CMA | PT",2007,2023,17,12,0.705882352941177,4.33189636716891e-06,0.00273109487706152,0.695422152696302,1.44128776217003,0.230392156862745,0.0662059055948192,33.9409053198407,33.9409053198407,12.4836962612797,TRUE,"CMA","PT"
"CMA | PT",2008,2023,16,11,0.6875,4.37931181865538e-06,0.00467114857525121,0.703666803902837,1.44128776217003,0.279411764705882,0.127446368270027,33.5175630498538,33.5175630498538,11.3092308083496,TRUE,"CMA","PT"
"CMA | PT",2009,2023,15,10,0.666666666666667,4.00253418962256e-06,0.00616783527701353,0.713688458794149,1.3818750687074,0.342857142857143,0.512344255392549,31.9872653922933,31.9872653922933,18.7338086917578,TRUE,"CMA","PT"
"CMA | PT",2010,2023,14,9,0.642857142857143,3.6327032404458e-06,0.0179181644142584,0.733766357818321,1.34243606315198,0.437362637362637,NA,31.19254123484,31.19254123484,17.7073372474208,TRUE,"CMA","PT"
"CMA | PT",2011,2023,13,8,0.615384615384615,3.60284561605503e-06,0.033020795160756,0.747358589691203,1.34243606315198,0.494505494505495,NA,30.9167668246786,30.9167668246786,6.44347039350874,TRUE,"CMA","PT"
"CMA | PT",2012,2023,12,7,NA,NA,NA,NA,NA,NA,NA,NA,NA,NA,FALSE,"CMA","PT"
"CMA | PT",2013,2023,11,6,NA,NA,NA,NA,NA,NA,NA,NA,NA,NA,FALSE,"CMA","PT"
"CMA | PT",2014,2023,10,5,NA,NA,NA,NA,NA,NA,NA,NA,NA,NA,FALSE,"CMA","PT"
"CMA | PT",2015,2023,9,4,NA,NA,NA,NA,NA,NA,NA,NA,NA,NA,FALSE,"CMA","PT"
"CMA | PT",2016,2023,8,3,NA,NA,NA,NA,NA,NA,NA,NA,NA,NA,FALSE,"CMA","PT"
"DMF | AFN",2016,2023,8,3,NA,NA,NA,NA,NA,NA,NA,NA,NA,NA,FALSE,"DMF","AFN"
"DMF | GN",1975,2023,49,39,0.886363636363636,1.40643556970079e-05,0.0246788448400757,1.51582926752261,119.862515882372,-0.0840057789731868,3.94491324835274e-06,54.5799711051341,47.5825389121682,15.4254713964239,TRUE,"DMF","GN"
"DMF | GN",1976,2023,48,38,0.883720930232558,1.40628172811286e-05,0.0222284426421479,1.5158452331824,119.862515882372,-0.073394495465152,1.34581325150792e-05,54.6330275226742,47.4444712696908,15.0366769644922,TRUE,"DMF","GN"
"DMF | GN",1980,2023,44,37,0.880952380952381,1.40141973381336e-05,0.020116288109367,1.51636300435971,119.862515882372,-0.0563186257096929,3.33234738823896e-05,54.7184068714515,47.3240275644986,15.3475734326668,TRUE,"DMF","GN"
"DMF | GN",1981,2023,43,36,0.878048780487805,1.19187236912475e-05,0.00930013433663579,1.52572338150476,23.8961224789098,-0.0327540398411654,1.86859579571517e-05,54.8362298007942,47.2200867729061,10.8452564174984,TRUE,"DMF","GN"
"DMF | GN",1983,2023,41,35,0.875,1.09041326498651e-05,0.0082132538564706,1.53477330028251,10.4282876769644,-0.00694216427425378,3.9977609993902e-05,54.9652891786287,47.1131050102532,9.91279257880101,TRUE,"DMF","GN"
"DMF | GN",1985,2023,39,34,0.871794871794872,1.0013571785613e-05,0.0144238199719142,1.55289090304949,7.27689766625876,0.016397590992203,0.000113258492131244,55.081987954961,38.8814032623254,7.59678864176016,TRUE,"DMF","GN"
"DMF | GN",1986,2023,38,33,0.868421052631579,9.67742520475798e-06,0.0223887245641583,1.57901686347003,7.27689766625876,0.0462876840436769,0.00125983033869097,55.2314384202184,46.8630386595792,11.9192912915738,TRUE,"DMF","GN"
"DMF | GN",1987,2023,37,32,0.864864864864865,9.00827729605461e-06,0.0428314158493399,1.6146545670447,6.97369359683131,0.0860648451514833,0.000911367593219577,55.4303242257574,46.7693360654828,11.3601799150302,TRUE,"DMF","GN"
"DMF | GN",1988,2023,36,31,0.861111111111111,8.26443472304603e-06,0.0763744256847899,1.65080437439208,6.97369359683131,0.124074908552183,0.00488916625602505,55.6203745427609,46.6493463907027,8.23021975309297,TRUE,"DMF","GN"
"DMF | GN",1989,2023,35,30,0.857142857142857,7.30766290911099e-06,0.157514889522169,1.70632671947426,6.55843989788003,0.125218853167919,0.0131973353921512,55.6260942658396,46.3550785548663,10.2069468208429,TRUE,"DMF","GN"
"DMF | GN",1990,2023,34,29,0.852941176470588,6.94845283145736e-06,0.191962353601068,1.72922636817515,6.55843989788003,0.118725647836758,0.0306735180355365,55.5936282391838,46.0085199220831,9.58615686640526,TRUE,"DMF","GN"
"DMF | GN",1991,2023,33,28,0.848484848484849,5.91289857023956e-06,0.288781070247307,1.76710157886245,6.55843989788003,0.151082143086191,0.0479675608485597,55.755410715431,45.7990873733897,8.97845861176036,TRUE,"DMF","GN"
"DMF | GN",1992,2023,32,27,0.84375,6.44319631866749e-06,0.24957960921012,1.75470590701379,6.55843989788003,0.16515443200149,0.0148735973839806,55.8257721600074,45.4876662044505,8.33455017722672,TRUE,"DMF","GN"
"DMF | GN",1993,2023,31,26,0.838709677419355,6.73262521613805e-06,0.225695169889941,1.7486255381953,6.47507699331359,0.172177419354839,0.0188371864742312,55.8608870967742,45.118408808933,7.66573736381131,TRUE,"DMF","GN"
"DMF | GN",1994,2023,30,25,0.833333333333333,6.15384897307574e-06,0.267738093344958,1.76294228348937,6.09777981519231,0.208898776418243,0.00170907386726669,56.0444938820912,44.835595105673,6.99704297219133,TRUE,"DMF","GN"
"DMF | GN",1995,2023,29,24,0.827586206896552,6.57464069147867e-06,0.234724558972777,1.75294063242466,6.09777981519231,0.214778325123153,0.00493596443544161,56.0738916256158,56.0738916256158,12.3596874174263,TRUE,"DMF","GN"
"DMF | GN",1996,2023,28,23,0.821428571428571,5.83824587765782e-06,0.297488254161118,1.77673130091654,6.09777981519231,0.263273125342091,0.00769441308003288,56.3163656267104,56.3163656267104,11.6060778995669,TRUE,"DMF","GN"
"DMF | GN",1997,2023,27,22,0.814814814814815,5.18842128638168e-06,0.359753583162595,1.79867308280194,6.09777981519231,0.326617826617827,0.015311815291898,56.6330891330891,56.6330891330891,11.5725999309333,TRUE,"DMF","GN"
"DMF | GN",1998,2023,26,21,0.807692307692308,4.65009047510694e-06,0.416199524003818,1.8179402034584,6.09777981519231,0.390769230769231,0.00203877773754518,56.9538461538462,56.9538461538462,19.0672819103973,TRUE,"DMF","GN"
"DMF | GN",1999,2023,25,20,0.8,4.37623003281723e-06,0.44711892345752,1.82821026055982,6.09777981519231,0.445384615384615,0.00740268020921505,57.2269230769231,57.2269230769231,18.1924388461538,TRUE,"DMF","GN"
"DMF | GN",2000,2023,24,19,0.791666666666667,4.50019822843907e-06,0.437394464138939,1.82340020131474,6.09777981519231,0.461739130434783,0.0104782540032464,56.4753623188406,56.4753623188406,16.9119559496568,TRUE,"DMF","GN"
"DMF | GN",2001,2023,23,18,0.782608695652174,5.361273494291e-06,0.363755690729138,1.79153563084459,6.09777981519231,0.493083003952569,0.00294579144659825,55.7987483530962,55.7987483530962,15.5805200715409,TRUE,"DMF","GN"
"DMF | GN",2002,2023,22,17,0.772727272727273,6.47494938063639e-06,0.285941962408311,1.75131557572744,6.09777981519231,0.496329757199322,0.00591820586851494,54.9816487859966,54.9816487859966,14.1265349892203,TRUE,"DMF","GN"
"DMF | GN",2003,2023,21,16,0.761904761904762,6.64897008022125e-06,0.282067978222943,1.74312081825269,6.09777981519231,0.505194805194805,0.015086103800599,54.1926406926407,54.1926406926407,23.0730006377551,TRUE,"DMF","GN"
"DMF | GN",2004,2023,20,15,0.75,6.67235416853513e-06,0.292502625891946,1.74171345820942,6.09777981519231,0.535338345864662,0.000132000497545299,53.5100250626567,53.5100250626567,21.9078960944027,TRUE,"DMF","GN"
"DMF | GN",2005,2023,19,14,0.736842105263158,6.61212786409909e-06,0.319711748936691,1.76920371189488,6.09777981519231,0.62280701754386,0.000245337133525929,53.1140350877193,53.1140350877193,20.7743767313019,TRUE,"DMF","GN"
"DMF | GN",2006,2023,18,13,0.722222222222222,6.59727282136033e-06,0.344272972219366,1.74777599146854,6.09777981519231,0.657378740970072,0.000490674267051905,52.453560371517,52.453560371517,19.4347165991903,TRUE,"DMF","GN"
"DMF | GN",2007,2023,17,12,0.705882352941177,8.03565614743303e-06,0.23776044839523,1.70750778519657,6.09777981519231,0.654411764705882,0.00551715879956851,51.6053921568627,51.6053921568627,17.9113715277778,TRUE,"DMF","GN"
"DMF | GN",2008,2023,16,11,0.6875,1.00805621232773e-05,0.10308002478961,1.66074494639791,6.09777981519231,0.629411764705882,0.011034317599137,50.6470588235294,27.6256684491979,4.94545998294868,TRUE,"DMF","GN"
"DMF | GN",2009,2023,15,10,0.666666666666667,1.26368826323686e-05,0.00614735900384423,1.60949507884046,4.16127082430987,0.6,0.0396822835963147,49.6666666666667,49.6666666666667,14.9166600916516,TRUE,"DMF","GN"
"DMF | GN",2010,2023,14,9,0.642857142857143,1.34622197480211e-05,0.00485761652093133,1.55699946060227,4.16127082430987,0.578021978021978,NA,48.7234432234432,48.7234432234432,12.6835620832948,TRUE,"DMF","GN"
"DMF | GN",2011,2023,13,8,0.615384615384615,1.34654931322022e-05,0.00968324116382378,1.52811942369215,4.16127082430987,0.604395604395604,NA,48.021978021978,48.021978021978,10.205980247749,TRUE,"DMF","GN"
"DMF | GN",2012,2023,12,7,NA,NA,NA,NA,NA,NA,NA,NA,NA,NA,FALSE,"DMF","GN"
"DMF | GN",2013,2023,11,6,NA,NA,NA,NA,NA,NA,NA,NA,NA,NA,FALSE,"DMF","GN"
"DMF | GN",2014,2023,10,5,NA,NA,NA,NA,NA,NA,NA,NA,NA,NA,FALSE,"DMF","GN"
"DMF | GN",2015,2023,9,4,NA,NA,NA,NA,NA,NA,NA,NA,NA,NA,FALSE,"DMF","GN"
"DMF | GN",2016,2023,8,3,NA,NA,NA,NA,NA,NA,NA,NA,NA,NA,FALSE,"DMF","GN"
"DMF | OBT",1971,2023,53,48,0.905660377358491,2.70309571083432e-06,0.000159933241346811,1.09611455462961,119.862515882372,0.258829221093372,1.36105187214576e-09,56.2941461054669,38.7022254475085,17.2676842194478,TRUE,"DMF","OBT"
"DMF | OBT",1972,2023,52,47,0.903846153846154,3.00244511232171e-06,8.50590772970904e-06,1.0884177497674,119.862515882372,0.237257747801588,2.40849697092445e-08,56.1862887390079,38.2544944606012,14.4537719850898,TRUE,"DMF","OBT"
"DMF | OBT",1973,2023,51,46,0.901960784313726,3.04583173565982e-06,1.26586760789581e-06,1.08711335636458,119.862515882372,0.242171945701357,7.12501134730961e-08,56.2108597285068,31.7713554987212,13.5710305743481,TRUE,"DMF","OBT"
"DMF | OBT",1974,2023,50,45,0.9,2.90886630772409e-06,2.7492219592964e-06,1.095496610995,119.862515882372,0.262328931572629,2.81876610402056e-07,56.3116446578631,31.2842470321462,15.0077914920125,TRUE,"DMF","OBT"
"DMF | OBT",1975,2023,49,44,0.897959183673469,2.90800186176842e-06,1.32123924431046e-06,1.09553834635944,119.862515882372,0.259183673469388,3.49504416698861e-07,56.2959183673469,37.1041280148423,17.2648944524334,TRUE,"DMF","OBT"
"DMF | OBT",1976,2023,48,43,0.895833333333333,2.89589593595583e-06,1.43365120196466e-06,1.09669973776987,119.862515882372,0.261289622231871,4.81202529189365e-09,56.3064481111594,36.6646638863363,16.7568520958394,TRUE,"DMF","OBT"
"DMF | OBT",1977,2023,47,42,0.893617021276596,2.86060047628976e-06,2.25993916076739e-06,1.10185670833258,119.862515882372,0.276595744680851,1.06558765246788e-08,56.3829787234042,36.2462006079027,16.2664893765382,TRUE,"DMF","OBT"
"DMF | OBT",1978,2023,46,41,0.891304347826087,2.80365376509495e-06,5.91249764691641e-06,1.11455712134064,119.862515882372,0.303237742830712,4.78681900062263e-10,56.5161887141536,35.8395343065364,16.0215547230441,TRUE,"DMF","OBT"
"DMF | OBT",1979,2023,45,40,0.888888888888889,2.50386639142502e-06,1.42574729236441e-05,1.12751558178251,119.862515882372,0.343083003952569,0,56.7154150197629,42.5365612648221,23.0576922144446,TRUE,"DMF","OBT"
"DMF | OBT",1980,2023,44,39,0.886363636363636,2.18801616590699e-06,2.05417205903321e-05,1.14009589186676,119.862515882372,0.376180408738548,0,56.8809020436927,49.5884787047578,33.4602362403454,TRUE,"DMF","OBT"
"DMF | OBT",1981,2023,43,38,0.883720930232558,1.97957561036933e-06,4.96362610166529e-07,1.14711788884846,23.9324713251974,0.40410752038659,4.48258008791168e-13,57.020537601933,42.0151329698453,18.8925827507911,TRUE,"DMF","OBT"
"DMF | OBT",1982,2023,42,37,0.880952380952381,1.87482641170649e-06,2.2104818585913e-07,1.15483327643471,23.9324713251974,0.433757394052346,8.96517776601967e-13,57.1687869702617,41.7177634647856,14.6171053214765,TRUE,"DMF","OBT"
"DMF | OBT",1983,2023,41,36,0.878048780487805,1.71998689542657e-06,1.71929838957454e-07,1.16744269784666,10.4282876769644,0.496864111498258,0,57.4843205574913,33.5325203252033,10.9798620537315,TRUE,"DMF","OBT"
"DMF | OBT",1984,2023,40,35,0.875,1.65662943145116e-06,5.12781330060751e-07,1.1818250494421,7.27689766625876,0.569793621013133,0,57.8489681050657,33.0565532028947,8.79498229899708,TRUE,"DMF","OBT"
"DMF | OBT",1985,2023,39,34,0.871794871794872,1.65150667500681e-06,1.01458169459995e-06,1.19385039326354,7.27689766625876,0.618421052631579,3.47663853532703e-10,58.0921052631579,32.4632352941176,8.2055951124348,TRUE,"DMF","OBT"
"DMF | OBT",1986,2023,38,33,0.868421052631579,1.64477971416852e-06,2.16788640866112e-06,1.20847848925617,7.27689766625876,0.672611883138199,1.18205705697441e-08,58.363059415691,31.8343960449224,10.5300093435898,TRUE,"DMF","OBT"
"DMF | OBT",1987,2023,37,32,0.864864864864865,1.65943306395548e-06,5.95336356352977e-06,1.23335216914658,6.97369359683131,0.724513987671882,0,58.6225699383594,40.3030168326221,12.8388865410969,TRUE,"DMF","OBT"
"DMF | OBT",1988,2023,36,31,0.861111111111111,1.70136358142756e-06,1.45423798212443e-05,1.12711102143478,6.97369359683131,0.708108108108108,0,58.5405405405405,49.0985178727114,17.8919713211001,TRUE,"DMF","OBT"
"DMF | OBT",1989,2023,35,30,0.857142857142857,1.70719304776283e-06,3.92336820127827e-05,1.06204279690065,6.55843989788003,0.705322128851541,1.1876197077236e-08,58.5266106442577,48.7721755368814,22.809963353057,TRUE,"DMF","OBT"
"DMF | OBT",1990,2023,34,29,0.852941176470588,1.76206339977289e-06,5.70863938808736e-05,1.0819643002872,6.55843989788003,0.706340718105424,2.37523940522091e-08,58.5317035905271,48.4400305576776,27.9219628765,TRUE,"DMF","OBT"
"DMF | OBT",1991,2023,33,28,0.848484848484849,1.78013867749798e-06,0.000130052030240094,1.07185821319246,6.55843989788003,0.722927807486631,0,58.6146390374332,48.1477392093201,27.3530542933372,TRUE,"DMF","OBT"
"DMF | OBT",1992,2023,32,27,0.84375,1.7791003893291e-06,0.000279697700456272,1.09231271899638,6.55843989788003,0.700879765395894,0,58.5043988269795,47.6702508960574,21.7266648020191,TRUE,"DMF","OBT"
"DMF | OBT",1993,2023,31,26,0.838709677419355,1.72193048830203e-06,0.000573294267475192,1.10680900210276,6.47507699331359,0.688709677419355,3.09530578880645e-07,58.4435483870968,47.2044044665012,20.9810405268834,TRUE,"DMF","OBT"
"DMF | OBT",1994,2023,30,25,0.833333333333333,1.66116991219798e-06,0.00130562590411533,1.12589910616213,6.09777981519231,0.66496106785317,6.1906115704646e-07,58.3248053392659,46.6598442714127,15.0890777431802,TRUE,"DMF","OBT"
"DMF | OBT",1995,2023,29,24,0.827586206896552,1.65353091349025e-06,0.00305963593590696,1.1557023144435,6.09777981519231,0.631527093596059,0,58.1576354679803,58.1576354679803,24.3575226607501,TRUE,"DMF","OBT"
"DMF | OBT",1996,2023,28,23,0.821428571428571,1.61205871021847e-06,0.00660109624598058,1.18235451409289,6.09777981519231,0.597153804050356,0,57.9857690202518,57.9857690202518,30.0734072629352,TRUE,"DMF","OBT"
"DMF | OBT",1997,2023,27,22,0.814814814814815,1.55447186567216e-06,0.0130703079789042,1.20787061986124,6.09777981519231,0.575702075702076,0.000160122227878061,57.8785103785104,57.8785103785104,20.7300544103632,TRUE,"DMF","OBT"
"DMF | OBT",1998,2023,26,21,0.807692307692308,1.49876139861823e-06,0.0250690854582712,1.23734022319674,6.09777981519231,0.558290598290598,0.00109174246280618,57.791452991453,57.791452991453,19.6488107464133,TRUE,"DMF","OBT"
"DMF | OBT",1999,2023,25,20,0.8,1.62213662292663e-06,0.0451215021788478,1.10529895110736,6.09777981519231,0.524615384615385,0.00740268020921505,57.6230769230769,57.6230769230769,18.544749543878,TRUE,"DMF","OBT"
"DMF | OBT",2000,2023,24,19,0.791666666666667,1.72788004404696e-06,0.0785282465350437,0.968067287213604,6.09777981519231,0.510434782608696,0.00156761280363604,56.0801863239822,56.0801863239822,26.3502538854031,TRUE,"DMF","OBT"
"DMF | OBT",2001,2023,23,18,0.782608695652174,1.78190496318886e-06,0.131244789899138,0.735281981622211,6.09777981519231,0.511857707509881,0.00640363153951905,50.598261503327,50.598261503327,31.9247971261494,TRUE,"DMF","OBT"
"DMF | OBT",2002,2023,22,17,0.772727272727273,1.68075822097737e-06,0.201425505283246,0.724757025288411,6.09777981519231,0.534726143421796,0.0003270308901347,49.6687712228772,49.6687712228772,30.9921844073658,TRUE,"DMF","OBT"
"DMF | OBT",2003,2023,21,16,0.761904761904762,1.57083175942866e-06,0.291062381027749,0.743335117726346,6.09777981519231,0.562337662337662,6.60002487726968e-05,49.3450573328819,49.3450573328819,21.0090987403435,TRUE,"DMF","OBT"
"DMF | OBT",2004,2023,20,15,0.75,1.50844048578269e-06,0.395081569916634,0.635212953997362,6.09777981519231,0.580451127819549,0.000132000497545299,46.4398480523783,46.4398480523783,28.5198716851668,TRUE,"DMF","OBT"
"DMF | OBT",2005,2023,19,14,0.736842105263158,1.69330073569792e-06,0.413189062683316,0.595478711212984,6.09777981519231,0.610526315789474,0.00362628195725219,44.962205803207,44.962205803207,27.3559525834249,TRUE,"DMF","OBT"
"DMF | OBT",2006,2023,18,13,0.722222222222222,2.2969193260393e-06,0.344534369428752,0.532505595608251,6.09777981519231,0.636738906088751,0.00725256391450507,43.0004731092754,43.0004731092754,25.8898681845429,TRUE,"DMF","OBT"
"DMF | OBT",2007,2023,17,12,0.705882352941177,1.23469878769576e-06,0.648121535090833,0.53116260013585,6.09777981519231,0.67156862745098,0.00551715879956851,42.3144284733052,42.3144284733052,25.1770849416166,TRUE,"DMF","OBT"
"DMF | OBT",2008,2023,16,11,0.6875,-1.37365953515666e-07,0.959397461935999,0.541239108856424,6.09777981519231,0.708823529411765,0.011034317599137,41.8688998241873,41.8688998241873,7.31256771567792,TRUE,"DMF","OBT"
"DMF | OBT",2009,2023,15,10,0.666666666666667,-2.08722160001057e-06,0.386706399171532,0.552538238515525,4.16127082430987,0.75,0.0396822835963147,41.4674314369772,41.4674314369772,14.0989266885722,TRUE,"DMF","OBT"
"DMF | OBT",2010,2023,14,9,0.642857142857143,-3.62968746555051e-06,0.22166961094251,0.571267333866227,4.16127082430987,0.797802197802198,NA,41.2476909996689,18.3323071109639,2.41844192574974,TRUE,"DMF","OBT"
"DMF | OBT",2011,2023,13,8,0.615384615384615,-1.38629585441772e-05,0.0137301758491201,0.285095611377803,4.16127082430987,0.851648351648352,NA,67.5573732122018,67.5573732122018,6.21472098761078,TRUE,"DMF","OBT"
"DMF | OBT",2012,2023,12,7,NA,NA,NA,NA,NA,NA,NA,NA,NA,NA,FALSE,"DMF","OBT"
"DMF | OBT",2013,2023,11,6,NA,NA,NA,NA,NA,NA,NA,NA,NA,NA,FALSE,"DMF","OBT"
"DMF | OBT",2014,2023,10,5,NA,NA,NA,NA,NA,NA,NA,NA,NA,NA,FALSE,"DMF","OBT"
"DMF | OBT",2015,2023,9,4,NA,NA,NA,NA,NA,NA,NA,NA,NA,NA,FALSE,"DMF","OBT"
"DMF | OBT",2016,2023,8,3,NA,NA,NA,NA,NA,NA,NA,NA,NA,NA,FALSE,"DMF","OBT"
"DMF | PS",1976,2023,48,27,0.84375,2.62388876586111e-06,0.760441539676082,0.916031919250783,119.862515882372,-0.335074696668949,0,51.6452649016709,22.9534510674093,5.4426481670667,TRUE,"DMF","PS"
"DMF | PS",1978,2023,46,26,0.838709677419355,2.77560979726929e-06,0.749641390691043,0.91491838021231,119.862515882372,-0.305272710493828,0.000254245912211407,51.7720040517771,21.9035401757518,6.04738808351124,TRUE,"DMF","PS"
"DMF | PS",1979,2023,45,25,0.833333333333333,4.5385946320322e-06,0.569015642173242,0.910635088495938,119.862515882372,-0.297029704808304,0.000270855635650842,51.7275532458772,31.0365319475264,6.45808156764128,TRUE,"DMF","PS"
"DMF | PS",1980,2023,44,24,0.827586206896552,5.24240878785466e-06,0.452767947376267,0.908910773619861,119.862515882372,-0.289198179309024,0.000146637649813305,51.7322245758521,40.9546777892162,5.93450280045179,TRUE,"DMF","PS"
"DMF | PS",1981,2023,43,23,0.821428571428571,6.32052809204688e-06,0.251373166494521,0.906329263006139,23.9324713251974,-0.321883128784134,0,51.5171696162021,29.1184002178534,5.11321624133383,TRUE,"DMF","PS"
"DMF | PS",1982,2023,42,22,0.814814814814815,6.0494503710383e-06,0.233603679702961,0.907625707328885,23.9324713251974,-0.397191273136211,0,51.1665577808966,39.5377946488747,6.27949669873456,TRUE,"DMF","PS"
"DMF | PS",1983,2023,41,21,0.807692307692308,6.10788696567021e-06,0.171536348850541,0.907350884801715,10.4282876769644,-0.379145299145299,0,51.2512912003078,51.2512912003078,7.13066106977386,TRUE,"DMF","PS"
"DMF | PS",1984,2023,40,20,0.8,6.27444560491169e-06,0.144204463421343,0.905969438354734,7.27689766625876,-0.363076923076923,0,51.3040041517101,51.3040041517101,6.11607859493574,TRUE,"DMF","PS"
"DMF | PS",1985,2023,39,19,0.791666666666667,5.85340103478265e-06,0.185220133013349,0.915779260957591,7.27689766625876,-0.311304347826087,0,50.9257301466881,50.9257301466881,4.99417773273719,TRUE,"DMF","PS"
"DMF | PS",1986,2023,38,18,0.782608695652174,5.87518690598589e-06,0.18538046493349,0.915444761780054,7.27689766625876,-0.266798418972332,0,50.3082364740728,50.3082364740728,3.80450975106867,TRUE,"DMF","PS"
"DMF | PS",1987,2023,37,17,0.772727272727273,5.00311779186919e-06,0.26819069286755,0.929665857809509,6.97369359683131,-0.197063805759458,0,50.1079981273929,50.1079981273929,3.67838258980634,TRUE,"DMF","PS"
"DMF | PS",1988,2023,36,16,0.761904761904762,4.21337292133242e-06,0.354097685367006,0.941988566679705,6.97369359683131,-0.112987012987013,0.0010560039803624,49.9415029353257,49.9415029353257,1.93300370736283,TRUE,"DMF","PS"
"DMF | PS",1989,2023,35,15,0.75,1.79165305399305e-06,0.728714993607858,0.981606549110078,6.31169297055338,-0.0225563909774436,0.112335558748724,50.3526823606477,50.3526823606477,6.87174245660728,TRUE,"DMF","PS"
"DMF | PS",1990,2023,34,14,0.736842105263158,9.29635766084191e-07,0.860931069351115,0.996620145063323,6.31169297055338,0.087719298245614,0.0210499260565284,50.3709993924945,50.3709993924945,5.62899976025256,TRUE,"DMF","PS"
"DMF | PS",1991,2023,33,13,0.722222222222222,-5.51496683229784e-06,0.395406120063508,1.05301129966574,6.09777981519231,0.223942208462332,0.0161922508127142,50.2863777089783,50.2863777089783,13.4890480639469,TRUE,"DMF","PS"
"DMF | PS",1998,2023,26,12,0.705882352941177,-4.17073077671087e-06,0.509088580975845,1.04016749004494,6.09777981519231,0.254901960784314,0.597511943144027,49.6078431372549,49.6078431372549,11.8163126361656,TRUE,"DMF","PS"
"DMF | PS",2008,2023,16,11,0.6875,-2.23663855918415e-06,0.727150427451038,0.994056691430452,6.09777981519231,0.197058823529412,0.536108668040535,48.3664279462561,48.3664279462561,9.9381017753206,TRUE,"DMF","PS"
"DMF | PS",2009,2023,15,10,0.666666666666667,-5.47770749790026e-07,0.921589591855862,0.98163068932212,4.16127082430987,0.232142857142857,0.249998386656776,47.4599947388233,47.4599947388233,7.26137919503997,TRUE,"DMF","PS"
"DMF | PS",2010,2023,14,9,0.642857142857143,-2.44463489117068e-07,0.967559264505802,0.967489539375664,4.16127082430987,0.274725274725275,NA,46.556750494473,46.556750494473,5.45944728510536,TRUE,"DMF","PS"
"DMF | PS",2011,2023,13,8,0.615384615384615,-4.65848129405142e-07,0.943779016792869,0.951672829829783,4.16127082430987,0.258241758241758,NA,45.3246653878044,45.3246653878044,3.64653820840885,TRUE,"DMF","PS"
"DMF | PS",2012,2023,12,7,NA,NA,NA,NA,NA,NA,NA,NA,NA,NA,FALSE,"DMF","PS"
"DMF | PS",2013,2023,11,6,NA,NA,NA,NA,NA,NA,NA,NA,NA,NA,FALSE,"DMF","PS"
"DMF | PS",2014,2023,10,5,NA,NA,NA,NA,NA,NA,NA,NA,NA,NA,FALSE,"DMF","PS"
"DMF | PS",2015,2023,9,4,NA,NA,NA,NA,NA,NA,NA,NA,NA,NA,FALSE,"DMF","PS"
"DMF | PS",2016,2023,8,3,NA,NA,NA,NA,NA,NA,NA,NA,NA,NA,FALSE,"DMF","PS"
"DMF | PT",1971,2023,53,48,0.905660377358491,5.07708954280645e-06,0.549559741365067,0.855149902670336,119.862515882372,0.1192549588776,1.36105187214576e-09,52.6992728477947,25.251734906235,9.39917218196794,TRUE,"DMF","PT"
"DMF | PT",1972,2023,52,47,0.903846153846154,9.62374651365106e-06,0.247839656213788,0.849513495684679,119.862515882372,0.134551353197302,2.40849697092445e-08,52.6630266796801,30.2532280925822,12.7164009861604,TRUE,"DMF","PT"
"DMF | PT",1973,2023,51,46,0.901960784313726,1.02864812394765e-05,0.1938922176215,0.848669342242191,119.862515882372,0.135746606334842,7.12501134730961e-08,52.652119876518,35.4829503515665,14.5840173925793,TRUE,"DMF","PT"
"DMF | PT",1974,2023,50,45,0.9,9.7586753811615e-06,0.204339022768312,0.849572998676909,119.862515882372,0.141224489795918,2.03198378252328e-09,52.6975824225178,35.1317216150118,10.665793592526,TRUE,"DMF","PT"
"DMF | PT",1975,2023,49,44,0.897959183673469,1.04906505961558e-05,0.163287748906388,0.848168238066994,119.862515882372,0.12734693877551,1.24567853025911e-08,52.6000994552174,34.6682473682115,8.45347702070992,TRUE,"DMF","PT"
"DMF | PT",1976,2023,48,43,0.895833333333333,1.25376693011762e-05,0.101995152398228,0.842777956394993,119.862515882372,0.0903169778549718,0,52.3071440171747,34.0604658716487,8.03542159550065,TRUE,"DMF","PT"
"DMF | PT",1977,2023,47,42,0.893617021276596,1.22488926972701e-05,0.111065692335211,0.843861224134243,119.862515882372,0.0978260869565217,0,52.3663549174675,33.6640853040862,9.40997427455157,TRUE,"DMF","PT"
"DMF | PT",1978,2023,46,41,0.891304347826087,1.06641966860423e-05,0.174054997914576,0.849542541587585,119.862515882372,0.101449275362319,0,52.4980972085633,33.2914762786011,7.43256943413046,TRUE,"DMF","PT"
"DMF | PT",1979,2023,45,40,0.888888888888889,9.51388491999201e-06,0.181027210968928,0.850969318582562,119.862515882372,0.108695652173913,0,52.5628646325208,39.4221484743906,10.7725304897477,TRUE,"DMF","PT"
"DMF | PT",1980,2023,44,39,0.886363636363636,7.92145197298686e-06,0.203050929309661,0.85297413044791,119.862515882372,0.119943622269204,0,52.6592007203042,39.1568415612519,13.0778162525098,TRUE,"DMF","PT"
"DMF | PT",1981,2023,43,38,0.883720930232558,8.86528308682573e-06,0.0717603911340624,0.851850383325637,23.9324713251974,0.105708245243129,0,52.5655488927284,38.7325097104314,9.88462675340586,TRUE,"DMF","PT"
"DMF | PT",1982,2023,42,37,0.880952380952381,9.66546327218297e-06,0.0326447517917142,0.850049196490361,23.9324713251974,0.0901871809415768,0,52.4519198345151,45.3638225595806,14.1338977383056,TRUE,"DMF","PT"
"DMF | PT",1983,2023,41,36,0.878048780487805,1.11568567923905e-05,0.00535103615975855,0.846868309227206,10.4282876769644,0.0644599303135889,0,52.2596658361121,52.2596658361121,12.4671557427291,TRUE,"DMF","PT"
"DMF | PT",1984,2023,40,35,0.875,1.15221477339297e-05,0.00290051182995942,0.845404329302953,7.27689766625876,0.0435272045028143,0,52.1257226085731,44.6791908073484,10.0608229045955,TRUE,"DMF","PT"
"DMF | PT",1985,2023,39,34,0.871794871794872,1.17220438383626e-05,0.00255974557773115,0.843764653738189,7.27689766625876,0.0200404858299595,0,51.9754955039136,51.9754955039136,17.900351303509,TRUE,"DMF","PT"
"DMF | PT",1986,2023,38,33,0.868421052631579,1.20864891358992e-05,0.00189162089099512,0.841246118252564,7.27689766625876,-0.0160849108217529,0,51.7444978109425,51.7444978109425,21.0234810603816,TRUE,"DMF","PT"
"DMF | PT",1987,2023,37,32,0.864864864864865,1.16384528722511e-05,0.00316064502097179,0.846324397083375,6.97369359683131,0.01683262209578,1.63303538677653e-07,52.0106510521464,52.0106510521464,25.2020443306171,TRUE,"DMF","PT"
"DMF | PT",1988,2023,36,31,0.861111111111111,1.11995531096357e-05,0.00625731990070552,0.854796595743668,6.97369359683131,0.0697554697554698,0.000501771529531288,52.4447092636507,52.4447092636507,20.1464629385418,TRUE,"DMF","PT"
"DMF | PT",1989,2023,35,30,0.857142857142857,1.06529585626651e-05,0.0124287369314857,0.863744635423023,6.55843989788003,0.128851540616247,0.00246255126440967,52.9191504115417,52.9191504115417,19.6705991132278,TRUE,"DMF","PT"
"DMF | PT",1990,2023,34,29,0.852941176470588,1.05849168103045e-05,0.0174098051090408,0.871945210543468,6.55843989788003,0.181359816653934,0.0101879468693032,53.345703294139,53.345703294139,19.246638744392,TRUE,"DMF","PT"
"DMF | PT",1991,2023,33,28,0.848484848484849,1.00474282303257e-05,0.0287576468379459,0.879817379947174,6.55843989788003,0.24298128342246,0.0321275002819635,53.8112540160558,53.8112540160558,18.8464982779338,TRUE,"DMF","PT"
"DMF | PT",1992,2023,32,27,0.84375,1.00566725011688e-05,0.0286831675496606,0.879743597132213,6.55843989788003,0.249266862170088,0.121197446433647,53.8412062534947,53.8412062534947,18.344830368478,TRUE,"DMF","PT"
"DMF | PT",1993,2023,31,26,0.838709677419355,1.02406634754992e-05,0.024401120447905,0.878544705545364,6.47507699331359,0.242338709677419,0.43579778243004,53.7825876592944,53.7825876592944,17.7845151370195,TRUE,"DMF","PT"
"DMF | PT",1994,2023,30,25,0.833333333333333,1.05491486469685e-05,0.0187712013545693,0.876572178398288,6.09777981519231,0.221357063403782,0.190205526036156,53.6382288849847,53.6382288849847,17.1325928742864,TRUE,"DMF","PT"
"DMF | PT",1995,2023,29,24,0.827586206896552,1.08640628121666e-05,0.0145949725960374,0.874334614205898,6.09777981519231,0.203940886699507,0.323404909664386,53.5063967176155,53.5063967176155,16.2489352892773,TRUE,"DMF","PT"
"DMF | PT",1996,2023,28,23,0.821428571428571,1.02875397120326e-05,0.0244073373918237,0.883007782173667,6.09777981519231,0.258894362342638,0.111794196636556,53.9546274551865,53.9546274551865,15.6005045811472,TRUE,"DMF","PT"
"DMF | PT",1997,2023,27,22,0.814814814814815,9.87066885220812e-06,0.0323527280128324,0.887852314056349,6.09777981519231,0.316849816849817,0.230238707365353,54.3412953653761,54.3412953653761,14.8974726080046,TRUE,"DMF","PT"
"DMF | PT",1998,2023,26,21,0.807692307692308,9.66994784896012e-06,0.03653658866106,0.890020290261817,6.09777981519231,0.334017094017094,0.0484987060095722,54.4704912753218,54.4704912753218,14.1127268627572,TRUE,"DMF","PT"
"DMF | PT",1999,2023,25,20,0.8,1.00711489743524e-05,0.0292238250426902,0.886369209135278,6.09777981519231,0.310769230769231,0.0981652176128166,54.2812303365517,54.2812303365517,13.2103550888654,TRUE,"DMF","PT"
"DMF | PT",2000,2023,24,19,0.791666666666667,1.06663094590204e-05,0.0210608231211597,0.880941117876259,6.09777981519231,0.282608695652174,0.0930742215497459,53.1985325024527,53.1985325024527,25.4976729021383,TRUE,"DMF","PT"
"DMF | PT",2001,2023,23,18,0.782608695652174,1.16359874421453e-05,0.0122456582662147,0.872590215463088,6.09777981519231,0.228260869565217,0.0621515044637866,51.9264419904212,51.9264419904212,23.8270201569669,TRUE,"DMF","PT"
"DMF | PT",2002,2023,22,17,0.772727272727273,1.16076064425617e-05,0.0209417291038818,0.890164495456158,6.09777981519231,0.20609824957651,0.112472961295831,51.3337811570057,51.3337811570057,13.2733110870694,TRUE,"DMF","PT"
"DMF | PT",2003,2023,21,16,0.761904761904762,1.178677954277e-05,0.0331834484979523,0.910551461020628,6.09777981519231,0.136363636363636,0.14301189585139,50.5595140688974,50.5595140688974,11.770896438599,TRUE,"DMF","PT"
"DMF | PT",2004,2023,20,15,0.75,1.34596596008483e-05,0.04079188214465,0.790181125654486,6.09777981519231,0.0781954887218045,0.39719195709014,47.0279332900321,47.0279332900321,19.3463399262052,TRUE,"DMF","PT"
"DMF | PT",2005,2023,19,14,0.736842105263158,1.60284907683556e-05,0.0338274719681418,0.728274403503023,6.09777981519231,0.182456140350877,0.679601227153376,45.4777687718149,45.4777687718149,11.6126327789676,TRUE,"DMF","PT"
"DMF | PT",2006,2023,18,13,0.722222222222222,2.00963966616693e-05,0.0173841118970032,0.684890751779517,6.09777981519231,0.232198142414861,0.507700496908197,44.0254724143313,44.0254724143313,10.0381550514728,TRUE,"DMF","PT"
"DMF | PT",2007,2023,17,12,0.705882352941177,1.84103043521159e-05,0.0340352277356442,0.695422152696302,6.09777981519231,0.240196078431373,0.597511943144027,43.4427567794162,43.4427567794162,8.79564981877695,TRUE,"DMF","PT"
"DMF | PT",2008,2023,16,11,0.6875,1.63588336244833e-05,0.0475135772825078,0.703666803902837,6.09777981519231,0.294117647058824,0.536108668040535,43.0439243133509,43.0439243133509,13.8704254218722,TRUE,"DMF","PT"
"DMF | PT",2009,2023,15,10,0.666666666666667,1.36767668939523e-05,0.056438815657462,0.713688458794149,4.16127082430987,0.339285714285714,0.249998386656776,42.6368644139782,42.6368644139782,12.3220538156397,TRUE,"DMF","PT"
"DMF | PT",2010,2023,14,9,0.642857142857143,1.45626169077359e-05,0.0749327403714284,0.733766357818321,4.16127082430987,0.340659340659341,NA,42.2119571929965,42.2119571929965,10.6501438028997,TRUE,"DMF","PT"
"DMF | PT",2011,2023,13,8,0.615384615384615,1.57549064538858e-05,0.0773167452809815,0.747358589691203,4.16127082430987,0.401098901098901,NA,41.9526662993186,41.9526662993186,3.27881265157835,TRUE,"DMF","PT"
"DMF | PT",2012,2023,12,7,NA,NA,NA,NA,NA,NA,NA,NA,NA,NA,FALSE,"DMF","PT"
"DMF | PT",2013,2023,11,6,NA,NA,NA,NA,NA,NA,NA,NA,NA,NA,FALSE,"DMF","PT"
"DMF | PT",2014,2023,10,5,NA,NA,NA,NA,NA,NA,NA,NA,NA,NA,FALSE,"DMF","PT"
"DMF | PT",2015,2023,9,4,NA,NA,NA,NA,NA,NA,NA,NA,NA,NA,FALSE,"DMF","PT"
"DMF | PT",2016,2023,8,3,NA,NA,NA,NA,NA,NA,NA,NA,NA,NA,FALSE,"DMF","PT"
"LPF | AFN",2007,2023,17,3,NA,NA,NA,NA,NA,NA,NA,NA,NA,NA,FALSE,"LPF","AFN"
"LPF | AFN",2008,2023,16,3,NA,NA,NA,NA,NA,NA,NA,NA,NA,NA,FALSE,"LPF","AFN"
"LPF | AFN",2016,2023,8,3,NA,NA,NA,NA,NA,NA,NA,NA,NA,NA,FALSE,"LPF","AFN"
"LPF | APS",1972,2023,52,41,0.891304347826087,-1.12315265225978e-05,0.00146671908154244,2.7429910728591,11.5532322522146,0.100468730917615,0.000983402053808355,90.2456678153181,57.2289600780066,15.8590239489185,TRUE,"LPF","APS"
"LPF | APS",1973,2023,51,40,0.888888888888889,-1.02244991830447e-05,0.00335673602473112,2.68645938234858,9.98026154482066,0.045918703571551,0.00210372034759224,89.6421647135298,56.0263529459561,14.7581190861784,TRUE,"LPF","APS"
"LPF | APS",1974,2023,50,39,0.886363636363636,-9.56359149719538e-06,0.00656944910523714,2.6314978577911,9.98026154482066,-0.0133906547657952,0.015610369593566,88.7833931327545,54.6359342355412,13.8386541619418,TRUE,"LPF","APS"
"LPF | APS",1975,2023,49,38,0.883720930232558,-8.45795852615951e-06,0.0156210647239525,2.57151324005673,7.35502540035466,-0.0829117271864682,0.0209736161385439,86.851755037376,52.5681675226223,16.0921213341699,TRUE,"LPF","APS"
"LPF | APS",1978,2023,46,37,0.880952380952381,-7.70011819167218e-06,0.03002275973927,2.51417777160806,7.35502540035466,-0.155591572634065,0.13584045070826,83.9680591824574,49.9269541084882,18.0161259596213,TRUE,"LPF","APS"
"LPF | APS",1979,2023,45,36,0.878048780487805,-6.82683939028551e-06,0.0600623578268816,2.43811855824445,7.35502540035466,-0.201324157920484,0.256495452788477,78.4824665906933,56.6817814266118,19.8368187661652,TRUE,"LPF","APS"
"LPF | APS",1980,2023,44,35,0.875,-5.68909528863372e-06,0.121881172586307,2.37829278095037,6.56689213904399,-0.194286786648373,0.418053208619213,67.6993608641544,48.3566863315389,19.5804389739959,TRUE,"LPF","APS"
"LPF | APS",1981,2023,43,34,0.871794871794872,-4.48853219178618e-06,0.233854872413376,2.30851799048242,6.30471684998699,-0.288577357523277,0.491888152157927,53.5571132123836,37.8050210910943,14.8577124857229,TRUE,"LPF","APS"
"LPF | APS",1982,2023,42,33,0.868421052631579,-3.08835120185068e-06,0.425837707183641,2.15570549999698,5.71383050193049,-0.367894075070548,0.368243973534476,53.1605296246473,37.051278223239,13.9929372021058,TRUE,"LPF","APS"
"LPF | APS",1983,2023,41,32,0.864864864864865,-2.20823526678113e-06,0.586114990408728,1.96161781328164,5.71383050193049,-0.371643649517769,0.487460587315101,53.1417817524112,36.5349749547827,13.3788918251686,TRUE,"LPF","APS"
"LPF | APS",1984,2023,40,31,0.861111111111111,-9.26210765335223e-07,0.821215304004713,1.92211708241582,5.57652834542179,-0.355621340590956,0.427058395006437,53.2218932970452,44.6377169588121,15.2255400704136,TRUE,"LPF","APS"
"LPF | APS",1985,2023,39,30,0.857142857142857,-2.37601574466863e-07,0.953986403023914,1.89774132565836,5.57652834542179,-0.353946355654734,0.355377905256693,53.2302682217263,53.2302682217263,12.1959360633615,TRUE,"LPF","APS"
"LPF | APS",1986,2023,38,29,0.852941176470588,1.09766489923823e-08,0.997897159962147,1.88426255016028,5.57652834542179,-0.372526550097832,0.430666845583874,53.1373672495108,53.1373672495108,11.2550636387422,TRUE,"LPF","APS"
"LPF | APS",1987,2023,37,28,0.848484848484849,-1.35477389905406e-06,0.744707139268944,1.84827650276635,5.57652834542179,-0.352636418044096,0.485235424202316,53.2368179097795,34.2236686562868,7.99882970305027,TRUE,"LPF","APS"
"LPF | APS",1988,2023,36,27,0.84375,-4.03413355091076e-06,0.321257457372665,1.78285768337045,5.57652834542179,-0.322976813747641,0.501208441323099,53.3851159312618,43.4989833513985,12.8193504832493,TRUE,"LPF","APS"
"LPF | APS",1989,2023,35,26,0.838709677419355,-5.94849658897725e-06,0.114235797312334,1.75293912421099,4.32261830215358,-0.302651478501477,0.583231280718832,68.4954780778342,68.4954780778342,13.7376841957601,TRUE,"LPF","APS"
"LPF | APS",1990,2023,34,25,0.833333333333333,-5.97677570674224e-06,0.120243822622769,1.74822717615486,4.32261830215358,-0.324396486599631,0.508388355944507,67.3353486080173,67.3353486080173,24.7255400088639,TRUE,"LPF","APS"
"LPF | APS",1991,2023,33,24,0.827586206896552,-6.28086283168875e-06,0.11085736505452,1.7682718197817,4.32261830215358,-0.424436510178405,0.22987939377797,68.477778564567,68.477778564567,11.440466411904,TRUE,"LPF","APS"
"LPF | APS",1992,2023,32,23,0.821428571428571,-6.24260885322097e-06,0.108813212086179,1.76691852474917,4.32261830215358,-0.433283157198371,0.535941971016909,68.7912720989268,68.7912720989268,10.2638881541067,TRUE,"LPF","APS"
"LPF | APS",1993,2023,31,22,0.814814814814815,-5.74321601787803e-06,0.163610980629626,1.71744241285209,4.32261830215358,-0.452991452991453,0.480784340795782,59.1031211248582,59.1031211248582,13.2859908644309,TRUE,"LPF","APS"
"LPF | APS",1994,2023,30,21,0.807692307692308,-4.85986322906745e-06,0.25766467579808,1.67359427808324,4.32261830215358,-0.465299145299145,0.0153581178100232,52.6735042735043,52.6735042735043,10.8670685534788,TRUE,"LPF","APS"
"LPF | APS",1995,2023,29,20,0.8,-4.36393328312147e-06,0.325529569650945,1.64341687927265,4.32261830215358,-0.48,0,52.6,52.6,9.8362,TRUE,"LPF","APS"
"LPF | APS",1996,2023,28,19,0.791666666666667,-6.41206736114169e-06,0.174674320368103,1.70106258810991,4.32261830215358,-0.515652173913043,0.0104782540032464,56.0203997326834,56.0203997326834,4.15497563114293,TRUE,"LPF","APS"
"LPF | APS",1997,2023,27,18,0.782608695652174,-9.93628024014634e-06,0.0615288918751072,1.78391263532423,4.32261830215358,-0.489130434782609,0.0544308680859205,75.1201250812765,54.2534236698108,13.0380862340712,TRUE,"LPF","APS"
"LPF | APS",1998,2023,26,17,0.772727272727273,-2.06017651938817e-05,0.00147732321837311,1.36378465948965,4.32261830215358,-0.455674760022586,0.00294327801122113,84.9630946366718,59.9739491552977,13.6675634389764,TRUE,"LPF","APS"
"LPF | APS",1999,2023,25,16,0.761904761904762,-2.9517211234811e-05,1.0405501415458e-05,1.07355018287101,4.32261830215358,-0.398701298701299,0.0010560039803624,84.6713392104125,31.7517522039047,17.8270120124536,TRUE,"LPF","APS"
"LPF | APS",2000,2023,24,15,0.75,-3.03767300805988e-05,9.93138717756373e-06,1.08657350475126,4.32261830215358,-0.418045112781955,0.0010560039803624,83.7413697766675,55.8275798511117,29.4868553408186,TRUE,"LPF","APS"
"LPF | APS",2001,2023,23,14,0.736842105263158,-3.1124994751814e-05,1.38623823011226e-05,1.10234416518685,4.32261830215358,-0.363157894736842,0.0507679474015389,83.1817846094131,53.4740043917656,26.7954803610636,TRUE,"LPF","APS"
"LPF | APS",2002,2023,22,13,0.722222222222222,-3.1049195553908e-05,2.94522600312074e-05,1.10529271595478,4.32261830215358,-0.374613003095975,0.000490674267051905,82.2884475056813,50.6390446188808,23.8015701236885,TRUE,"LPF","APS"
"LPF | APS",2005,2023,19,12,0.705882352941177,-3.12031623219301e-05,8.04527036504537e-05,1.12855962363542,4.32261830215358,-0.316176470588235,0.00551715879956851,81.7383717572533,47.6807168583978,20.7418387011974,TRUE,"LPF","APS"
"LPF | APS",2006,2023,18,11,0.6875,-3.18315082999729e-05,0.000307519036102399,1.10882497010242,4.32261830215358,-0.317647058823529,0.011034317599137,80.8579488745644,44.1043357497624,17.4156760994037,TRUE,"LPF","APS"
"LPF | APS",2007,2023,17,10,0.666666666666667,-3.39595548374953e-05,0.000675750320983311,0.981541337775435,4.32261830215358,-0.35,0.0396822835963147,79.4292371160033,39.7146185580016,6.92829182127804,TRUE,"LPF","APS"
"LPF | APS",2008,2023,16,9,0.642857142857143,-3.45155346114869e-05,0.00191309854510808,1.02145556180586,4.32261830215358,-0.362637362637363,NA,78.6853542747526,34.9712685665567,10.5545170696539,TRUE,"LPF","APS"
"LPF | APS",2009,2023,15,8,0.615384615384615,-3.23729246928119e-05,0.00747202468739594,1.04588560582492,4.32261830215358,-0.368131868131868,NA,76.8517363390464,28.8194011271424,0,TRUE,"LPF","APS"
"LPF | APS",2010,2023,14,7,NA,NA,NA,NA,NA,NA,NA,NA,NA,NA,FALSE,"LPF","APS"
"LPF | APS",2011,2023,13,6,NA,NA,NA,NA,NA,NA,NA,NA,NA,NA,FALSE,"LPF","APS"
"LPF | APS",2012,2023,12,5,NA,NA,NA,NA,NA,NA,NA,NA,NA,NA,FALSE,"LPF","APS"
"LPF | APS",2015,2023,9,4,NA,NA,NA,NA,NA,NA,NA,NA,NA,NA,FALSE,"LPF","APS"
"LPF | APS",2016,2023,8,3,NA,NA,NA,NA,NA,NA,NA,NA,NA,NA,FALSE,"LPF","APS"
"LPF | GN",1972,2023,52,47,0.903846153846154,4.63795878241699e-06,0.228454076254022,1.42633199925634,11.5532322522146,0.525911380517374,0.0180046243775861,57.6295569025869,39.2371451251655,10.9336202619633,TRUE,"LPF","GN"
"LPF | GN",1973,2023,51,46,0.901960784313726,5.18783700153044e-06,0.163892167010724,1.42032048864015,9.98026154482066,0.530769230769231,0.0112627267707754,57.6538461538462,38.8536789297659,10.4766149505531,TRUE,"LPF","GN"
"LPF | GN",1974,2023,50,45,0.9,5.33906274220205e-06,0.146727039654497,1.41792091686428,9.98026154482066,0.538823529411765,0.00326363897508374,57.6941176470588,38.4627450980392,10.2232210260039,TRUE,"LPF","GN"
"LPF | GN",1975,2023,49,44,0.897959183673469,6.15415991148427e-06,0.0848113318929731,1.40842004454004,7.61670301915252,0.531632653061224,0.0017282480937174,57.6581632653061,38.0019712430427,11.7971015845791,TRUE,"LPF","GN"
"LPF | GN",1976,2023,48,43,0.895833333333333,6.29925695655788e-06,0.0740424069390857,1.40592851037268,7.61670301915252,0.541359096830221,0.00045938611335599,57.7067954841511,37.5765179896798,11.4604713754936,TRUE,"LPF","GN"
"LPF | GN",1977,2023,47,42,0.893617021276596,6.43958421975043e-06,0.0624893242896313,1.40370363463143,7.35502540035466,0.546831637372803,0.00104214834880259,57.734158186864,37.1148159772697,12.8922688663861,TRUE,"LPF","GN"
"LPF | GN",1978,2023,46,41,0.891304347826087,5.83736328755879e-06,0.100034626558184,1.42474843532756,7.35502540035466,0.579401788467468,0.00133341478398914,57.8970089423373,36.7151764024578,8.43294310104367,TRUE,"LPF","GN"
"LPF | GN",1979,2023,45,40,0.888888888888889,4.61602197652549e-06,0.215073473451181,1.4474747867737,7.35502540035466,0.58866930171278,0.00237739824963248,57.9433465085639,43.4575098814229,7.6727909228682,TRUE,"LPF","GN"
"LPF | GN",1980,2023,44,39,0.886363636363636,3.0353441313484e-06,0.428260118689664,1.47676019163066,6.56689213904399,0.601973220577872,0.0107360045637902,58.0098661028894,43.1355414611229,11.5290560222538,TRUE,"LPF","GN"
"LPF | GN",1981,2023,43,38,0.883720930232558,2.60979177182011e-06,0.489193660745847,1.48414091449036,6.30471684998699,0.588794926004228,0.0306725407969022,57.9439746300211,42.6955602536998,11.0560789063272,TRUE,"LPF","GN"
"LPF | GN",1982,2023,42,37,0.880952380952381,2.22460033448952e-06,0.549066202583738,1.49113317686706,5.71383050193049,0.641033951867758,0.104752779561711,58.2051697593388,42.4740427973553,8.1317044011914,TRUE,"LPF","GN"
"LPF | GN",1983,2023,41,36,0.878048780487805,2.02088727477457e-06,0.587283129449786,1.49722545575411,5.71383050193049,0.655923344947735,0.205803600890289,58.2796167247387,42.0908343012002,7.67020251858246,TRUE,"LPF","GN"
"LPF | GN",1984,2023,40,35,0.875,1.28224571465863e-06,0.729297593635805,1.51289512208346,5.57652834542179,0.64859287054409,0.410196196247533,58.2429643527204,41.6021173948003,7.12058783765952,TRUE,"LPF","GN"
"LPF | GN",1985,2023,39,34,0.871794871794872,-2.37903850039868e-07,0.951730777675648,1.55289090304949,5.57652834542179,0.641497975708502,0.473743152141277,58.2074898785425,58.2074898785425,11.7362828621136,TRUE,"LPF","GN"
"LPF | GN",1986,2023,38,33,0.868421052631579,-9.4777917328469e-07,0.815389927554107,1.57901686347003,5.57652834542179,0.630375314585841,0.416933789581608,58.1518765729292,58.1518765729292,11.919669844902,TRUE,"LPF","GN"
"LPF | GN",1987,2023,37,32,0.864864864864865,8.42115208825839e-07,0.839809099745298,1.6146545670447,5.57652834542179,0.618065433854908,0.517796468782769,58.0903271692745,39.9370999288762,9.98444032974202,TRUE,"LPF","GN"
"LPF | GN",1988,2023,36,31,0.861111111111111,3.37207014052871e-06,0.414181397001006,1.65080437439208,5.57652834542179,0.616216216216216,0.419670783699316,58.0810810810811,48.7131647776809,11.9573131884858,TRUE,"LPF","GN"
"LPF | GN",1989,2023,35,30,0.857142857142857,8.44676838123713e-06,0.042163711307627,1.70632671947426,4.32261830215358,0.596638655462185,0.604379939152466,57.9831932773109,57.9831932773109,21.8253588013144,TRUE,"LPF","GN"
"LPF | GN",1990,2023,34,29,0.852941176470588,8.83624899250633e-06,0.0394746244767515,1.72922636817515,4.32261830215358,0.572192513368984,0.327344392717919,57.8609625668449,57.8609625668449,18.8075955642797,TRUE,"LPF","GN"
"LPF | GN",1991,2023,33,28,0.848484848484849,8.98204639984494e-06,0.0481319483089334,1.76710157886245,4.32261830215358,0.549131016042781,0.433379660072414,57.7456550802139,57.7456550802139,17.905543946349,TRUE,"LPF","GN"
"LPF | GN",1992,2023,32,27,0.84375,9.56084253695324e-06,0.0333370295195581,1.75470590701379,4.32261830215358,0.562683284457478,0.149748212798867,57.8134164222874,57.8134164222874,13.9081616177956,TRUE,"LPF","GN"
"LPF | GN",1993,2023,31,26,0.838709677419355,9.74976455865635e-06,0.0306278832881089,1.7486255381953,4.32261830215358,0.556854838709677,0.415799885971645,57.7842741935484,57.7842741935484,13.0836669125072,TRUE,"LPF","GN"
"LPF | GN",1994,2023,30,25,0.833333333333333,9.34591052773974e-06,0.0390252288925952,1.76294228348937,4.32261830215358,0.567519466073415,0.530165299169067,57.8375973303671,57.8375973303671,12.2134479310117,TRUE,"LPF","GN"
"LPF | GN",1995,2023,29,24,0.827586206896552,9.62690626417062e-06,0.0348059243816242,1.75294063242466,4.32261830215358,0.567980295566502,0.323404909664386,57.8399014778325,45.7899220032841,13.8404101752188,TRUE,"LPF","GN"
"LPF | GN",1996,2023,28,23,0.821428571428571,9.27476748506753e-06,0.0471949395668333,1.77673130091654,4.32261830215358,0.60919540229885,0.0186800585460612,58.0459770114943,58.0459770114943,16.6607179231151,TRUE,"LPF","GN"
"LPF | GN",1997,2023,27,22,0.814814814814815,9.06697755560827e-06,0.0591978378511808,1.79867308280194,4.32261830215358,0.639194139194139,0.0408919525830529,58.1959706959707,58.1959706959707,9.20952357535558,TRUE,"LPF","GN"
"LPF | GN",1998,2023,26,21,0.807692307692308,8.91666313816939e-06,0.0712034346428403,1.8179402034584,4.32261830215358,0.752478632478632,0.00947291418797232,58.7623931623932,58.7623931623932,19.6727559562944,TRUE,"LPF","GN"
"LPF | GN",1999,2023,25,20,0.8,8.86605994936623e-06,0.080981376165914,1.82821026055982,4.32261830215358,0.733076923076923,0.0163608696021379,58.6653846153846,58.6653846153846,18.6497257692308,TRUE,"LPF","GN"
"LPF | GN",2000,2023,24,19,0.791666666666667,8.88442218533643e-06,0.0894381770405447,1.82340020131474,4.32261830215358,0.74695652173913,0.00156761280363604,57.9014492753623,57.9014492753623,17.3390080091533,TRUE,"LPF","GN"
"LPF | GN",2001,2023,23,18,0.782608695652174,9.01822863048802e-06,0.0985345744829473,1.79153563084459,4.32261830215358,0.740118577075099,0.00438072026908053,57.0339262187088,57.0339262187088,15.9254151470598,TRUE,"LPF","GN"
"LPF | GN",2002,2023,22,17,0.772727272727273,8.9768189681402e-06,0.117928358288939,1.75131557572744,4.32261830215358,0.78317334839074,0,56.4158667419537,56.4158667419537,14.4950312163133,TRUE,"LPF","GN"
"LPF | GN",2003,2023,21,16,0.761904761904762,8.86295645479741e-06,0.132691632073084,1.74312081825269,4.32261830215358,0.771428571428571,6.60002487726968e-05,55.5238095238095,55.5238095238095,23.6397576530612,TRUE,"LPF","GN"
"LPF | GN",2004,2023,20,15,0.75,8.82629199880584e-06,0.134634884688723,1.74171345820942,4.32261830215358,0.768421052631579,0.000132000497545299,54.6754385964912,54.6754385964912,22.3850358187135,TRUE,"LPF","GN"
"LPF | GN",2005,2023,19,14,0.736842105263158,9.74730728574991e-06,0.0910312647311631,1.76920371189488,4.32261830215358,0.798245614035088,0.000245337133525929,53.9912280701754,53.9912280701754,21.1174713098536,TRUE,"LPF","GN"
"LPF | GN",2006,2023,18,13,0.722222222222222,9.21975109113664e-06,0.104966988552582,1.74777599146854,4.32261830215358,0.79360165118679,0.000490674267051905,53.1346749226006,53.1346749226006,19.6870782726046,TRUE,"LPF","GN"
"LPF | GN",2007,2023,17,12,0.705882352941177,8.58075709480962e-06,0.141099964817426,1.70750778519657,4.32261830215358,0.794117647058824,0.00551715879956851,52.3039215686275,52.3039215686275,18.1538194444444,TRUE,"LPF","GN"
"LPF | GN",2008,2023,16,11,0.6875,7.89176694925715e-06,0.191189358256859,1.66074494639791,4.32261830215358,0.776470588235294,0.0662059055948195,51.3823529411765,51.3823529411765,16.4525710227273,TRUE,"LPF","GN"
"LPF | GN",2009,2023,15,10,0.666666666666667,6.46281148038199e-06,0.262389721988175,1.60949507884046,4.32261830215358,0.771428571428571,0.249998386656776,50.5238095238095,25.2619047619048,7.30069047619048,TRUE,"LPF","GN"
"LPF | GN",2010,2023,14,9,0.642857142857143,4.90131727933083e-06,0.348335834288053,1.55699946060227,4.32261830215358,0.753846153846154,NA,49.6025641025641,22.0455840455841,5.72381085513745,TRUE,"LPF","GN"
"LPF | GN",2011,2023,13,8,0.615384615384615,3.70118754148302e-06,0.0649622326782766,1.52811942369215,1.64569144630647,0.752747252747253,NA,43.1376136154789,43.1376136154789,9.1289410638878,TRUE,"LPF","GN"
"LPF | GN",2012,2023,12,7,NA,NA,NA,NA,NA,NA,NA,NA,NA,NA,FALSE,"LPF","GN"
"LPF | GN",2013,2023,11,6,NA,NA,NA,NA,NA,NA,NA,NA,NA,NA,FALSE,"LPF","GN"
"LPF | GN",2014,2023,10,5,NA,NA,NA,NA,NA,NA,NA,NA,NA,NA,FALSE,"LPF","GN"
"LPF | GN",2015,2023,9,4,NA,NA,NA,NA,NA,NA,NA,NA,NA,NA,FALSE,"LPF","GN"
"LPF | GN",2016,2023,8,3,NA,NA,NA,NA,NA,NA,NA,NA,NA,NA,FALSE,"LPF","GN"
"LPF | OBT",1971,2023,53,48,0.905660377358491,1.8607626802803e-07,0.645513812099237,1.09611455462961,13.6522488904264,0.32825350749879,2.31618427541216e-05,56.641267537494,38.9408714320271,14.3083127595807,TRUE,"LPF","OBT"
"LPF | OBT",1972,2023,52,47,0.903846153846154,3.14479663307977e-07,0.423154159748426,1.0884177497674,11.5532322522146,0.311107316656706,7.64997782333511e-07,56.5555365832835,44.5224436932232,19.1375407917919,TRUE,"LPF","OBT"
"LPF | OBT",1973,2023,51,46,0.901960784313726,3.33394527380265e-07,0.380228546711408,1.08711335636458,9.98026154482066,0.314027149321267,1.25349904259267e-06,56.5701357466063,44.272280149518,18.572241339755,TRUE,"LPF","OBT"
"LPF | OBT",1974,2023,50,45,0.9,2.56313918144195e-07,0.500680762175601,1.095496610995,9.98026154482066,0.301800720288115,2.81876610402056e-07,56.5090036014406,43.9514472455649,20.6370573597891,TRUE,"LPF","OBT"
"LPF | OBT",1975,2023,49,44,0.897959183673469,2.55782018144256e-07,0.488434086103667,1.09553834635944,7.61670301915252,0.300408163265306,3.49504416698861e-07,56.5020408163265,43.660667903525,20.1194230479999,TRUE,"LPF","OBT"
"LPF | OBT",1976,2023,48,43,0.895833333333333,2.45468512953645e-07,0.5015068335411,1.09669973776987,7.61670301915252,0.300151975683891,4.81202529189365e-09,56.5007598784195,43.361048278787,19.8051478037636,TRUE,"LPF","OBT"
"LPF | OBT",1977,2023,47,42,0.893617021276596,1.9705008983206e-07,0.58459733555363,1.10185670833258,7.35502540035466,0.30122571692877,1.06558765246788e-08,56.5061285846438,43.0522884454429,19.2495407110271,TRUE,"LPF","OBT"
"LPF | OBT",1978,2023,46,41,0.891304347826087,1.16561937973477e-07,0.751265574565714,1.11455712134064,7.35502540035466,0.359235275979032,4.78681900062263e-10,56.7961763798952,42.9434504335793,18.9858994533484,TRUE,"LPF","OBT"
"LPF | OBT",1979,2023,45,40,0.888888888888889,5.10130677377779e-09,0.98901698672946,1.12751558178251,7.35502540035466,0.385507246376812,0,56.9275362318841,56.9275362318841,24.8991753111274,TRUE,"LPF","OBT"
"LPF | OBT",1980,2023,44,39,0.886363636363636,-1.20009215301828e-07,0.744853046785638,1.14009589186676,6.56689213904399,0.382522903453136,0,56.9126145172657,56.9126145172657,27.6980410091896,TRUE,"LPF","OBT"
"LPF | OBT",1981,2023,43,38,0.883720930232558,-1.82685958917778e-07,0.615310578128607,1.14711788884846,6.30471684998699,0.382965871337964,4.48258008791168e-13,56.9148293566898,56.9148293566898,28.0166721893451,TRUE,"LPF","OBT"
"LPF | OBT",1982,2023,42,37,0.880952380952381,-2.49258930034446e-07,0.486649886200564,1.15483327643471,5.71383050193049,0.383194230613402,8.96517776601967e-13,56.915971153067,56.915971153067,27.6616840605985,TRUE,"LPF","OBT"
"LPF | OBT",1983,2023,41,36,0.878048780487805,-3.22863982769208e-07,0.374626031590871,1.16744269784666,5.71383050193049,0.397038327526132,0,56.9851916376307,56.9851916376307,33.8290659080443,TRUE,"LPF","OBT"
"LPF | OBT",1984,2023,40,35,0.875,-4.44248998185944e-07,0.220908915516415,1.1818250494421,5.57652834542179,0.443151969981238,0,57.2157598499062,57.2157598499062,28.6821877179973,TRUE,"LPF","OBT"
"LPF | OBT",1985,2023,39,34,0.871794871794872,-5.26508079294754e-07,0.147808024285908,1.19385039326354,5.57652834542179,0.473076923076923,3.47663853532703e-10,66.4989803653507,66.4989803653507,32.5739790153652,TRUE,"LPF","OBT"
"LPF | OBT",1986,2023,38,33,0.868421052631579,-6.00117341571772e-07,0.105994307322407,1.20847848925617,5.57652834542179,0.534741218951745,1.18205705697441e-08,74.1247023133375,74.1247023133375,42.0146602603179,TRUE,"LPF","OBT"
"LPF | OBT",1987,2023,37,32,0.864864864864865,-4.76942528419205e-07,0.216466320071534,1.23335216914658,5.57652834542179,0.560692271218587,0,57.8034613560929,57.8034613560929,26.5792716785094,TRUE,"LPF","OBT"
"LPF | OBT",1988,2023,36,31,0.861111111111111,-2.53814959010347e-07,0.521716431598675,1.12711102143478,5.57652834542179,0.552123552123552,0,57.7606177606178,57.7606177606178,38.8883960730375,TRUE,"LPF","OBT"
"LPF | OBT",1989,2023,35,30,0.857142857142857,-2.78312568478378e-09,0.994361333268063,1.06204279690065,4.32261830215358,0.547619047619048,1.1876197077236e-08,57.7380952380952,57.7380952380952,31.7834467120181,TRUE,"LPF","OBT"
"LPF | OBT",1990,2023,34,29,0.852941176470588,1.43091779745726e-08,0.972673446324736,1.0819643002872,4.32261830215358,0.577387318563789,2.37523940522091e-08,57.8869365928189,57.8869365928189,38.1330194805195,TRUE,"LPF","OBT"
"LPF | OBT",1991,2023,33,28,0.848484848484849,-4.86306004605022e-08,0.913339584649721,1.07185821319246,4.32261830215358,0.609291443850267,0,58.0464572192513,58.0464572192513,40.0482862308146,TRUE,"LPF","OBT"
"LPF | OBT",1992,2023,32,27,0.84375,-2.12470933688556e-07,0.644763070033078,1.09231271899638,4.32261830215358,0.594941348973607,0,57.974706744868,57.974706744868,36.3885225321087,TRUE,"LPF","OBT"
"LPF | OBT",1993,2023,31,26,0.838709677419355,-2.98273025739238e-07,0.527091679977513,1.10680900210276,4.32261830215358,0.631048387096774,3.09530578880645e-07,58.1552419354839,58.1552419354839,36.0620222324502,TRUE,"LPF","OBT"
"LPF | OBT",1994,2023,30,25,0.833333333333333,-4.46266032073862e-07,0.354505927567949,1.12589910616213,4.32261830215358,0.672525027808676,6.1906115704646e-07,58.3626251390434,58.3626251390434,26.7884449388209,TRUE,"LPF","OBT"
"LPF | OBT",1995,2023,29,24,0.827586206896552,-6.64986039901232e-07,0.197458017720234,1.1557023144435,4.32261830215358,0.673891625615763,0,58.8143050270378,58.8143050270378,35.4829406334098,TRUE,"LPF","OBT"
"LPF | OBT",1996,2023,28,23,0.821428571428571,-8.7935932947721e-07,0.104366111345771,1.18235451409289,4.32261830215358,0.655172413793103,0,75.0117925834556,75.0117925834556,34.8674177651291,TRUE,"LPF","OBT"
"LPF | OBT",1997,2023,27,22,0.814814814814815,-1.05922193516635e-06,0.0623883418881124,1.20787061986124,4.32261830215358,0.623321123321123,0.000160122227878061,82.1986457861859,82.1986457861859,26.1767588233694,TRUE,"LPF","OBT"
"LPF | OBT",1998,2023,26,21,0.807692307692308,-1.27705318879979e-06,0.0340452489369601,1.23734022319674,4.32261830215358,0.584957264957265,0.00109174246280618,86.9668677608183,86.9668677608183,17.9421309987444,TRUE,"LPF","OBT"
"LPF | OBT",1999,2023,25,20,0.8,-1.95361291401078e-06,0.005510401513588,1.10529895110736,4.32261830215358,0.567692307692308,0.00740268020921505,91.8741412735836,68.9056059551877,12.9769656655348,TRUE,"LPF","OBT"
"LPF | OBT",2000,2023,24,19,0.791666666666667,-2.83989391834672e-06,0.000416557876066357,0.968067287213604,4.32261830215358,0.548695652173913,0.00156761280363604,91.1985930434967,67.1989632952081,27.8328679307456,TRUE,"LPF","OBT"
"LPF | OBT",2001,2023,23,18,0.782608695652174,-3.8717588197197e-06,1.15626705035827e-05,0.735281981622211,4.32261830215358,0.525691699604743,0.00438072026908053,85.6654079964631,85.6654079964631,46.9346355438506,TRUE,"LPF","OBT"
"LPF | OBT",2002,2023,22,17,0.772727272727273,-4.40233195492247e-06,2.66737953811186e-06,0.724757025288411,4.32261830215358,0.524562394127612,0,84.6174856849871,59.729989895285,32.2519912958252,TRUE,"LPF","OBT"
"LPF | OBT",2003,2023,21,16,0.761904761904762,-4.97297011444291e-06,6.55320757427395e-07,0.743335117726346,4.32261830215358,0.516883116883117,6.60002487726968e-05,84.1176699244766,57.8308980730777,21.1988193982949,TRUE,"LPF","OBT"
"LPF | OBT",2004,2023,20,15,0.75,-5.6917301530633e-06,2.01550729732252e-07,0.635212953997362,4.32261830215358,0.508270676691729,0.000132000497545299,81.0789105253615,54.0526070169077,41.8682636765976,TRUE,"LPF","OBT"
"LPF | OBT",2005,2023,19,14,0.736842105263158,-6.05190188194165e-06,5.50769884977519e-07,0.595478711212984,4.32261830215358,0.498245614035088,0.000245337133525929,79.4007059097053,79.4007059097053,39.3803276756904,TRUE,"LPF","OBT"
"LPF | OBT",2006,2023,18,13,0.722222222222222,-6.41880759761764e-06,1.86385295042388e-06,0.532505595608251,4.32261830215358,0.531475748194014,0.000490674267051905,77.4738311455354,77.4738311455354,13.7417178418846,TRUE,"LPF","OBT"
"LPF | OBT",2007,2023,17,12,0.705882352941177,-6.95092450083709e-06,2.71343988804007e-06,0.53116260013585,4.32261830215358,0.568627450980392,0.00551715879956851,76.7992477389719,44.7995611810669,19.3034996442973,TRUE,"LPF","OBT"
"LPF | OBT",2008,2023,16,11,0.6875,-7.0691972508429e-06,1.19916530794785e-05,0.541239108856424,4.32261830215358,0.632352941176471,0.011034317599137,76.4844483437219,76.4844483437219,16.529684545013,TRUE,"LPF","OBT"
"LPF | OBT",2009,2023,15,10,0.666666666666667,-6.62112161081389e-06,4.04914679178849e-05,0.552538238515525,4.32261830215358,0.685714285714286,0.0396822835963147,76.138916858663,38.0694584293315,6.67600238891005,TRUE,"LPF","OBT"
"LPF | OBT",2010,2023,14,9,0.642857142857143,-6.33338893482017e-06,0.000456694037059801,0.571267333866227,4.32261830215358,0.745054945054945,NA,75.9040332794471,75.9040332794471,0,TRUE,"LPF","OBT"
"LPF | OBT",2011,2023,13,8,0.615384615384615,-3.36594252289203e-06,0.129214227416276,0.285095611377803,1.64569144630647,0.813186813186813,NA,41.5292338473845,41.5292338473845,3.9073472622069,TRUE,"LPF","OBT"
"LPF | OBT",2012,2023,12,7,NA,NA,NA,NA,NA,NA,NA,NA,NA,NA,FALSE,"LPF","OBT"
"LPF | OBT",2013,2023,11,6,NA,NA,NA,NA,NA,NA,NA,NA,NA,NA,FALSE,"LPF","OBT"
"LPF | OBT",2014,2023,10,5,NA,NA,NA,NA,NA,NA,NA,NA,NA,NA,FALSE,"LPF","OBT"
"LPF | OBT",2015,2023,9,4,NA,NA,NA,NA,NA,NA,NA,NA,NA,NA,FALSE,"LPF","OBT"
"LPF | OBT",2016,2023,8,3,NA,NA,NA,NA,NA,NA,NA,NA,NA,NA,FALSE,"LPF","OBT"
"LPF | PS",1971,2023,53,48,0.905660377358491,-5.694740870716e-06,0.0565880663672681,1.38108636500051,13.6522488904264,0.535397516529592,0.0110433266819263,82.774075968376,82.774075968376,18.8815598765498,TRUE,"LPF","PS"
"LPF | PS",1972,2023,52,47,0.903846153846154,-4.48810468737631e-06,0.131429298844964,1.36769989307562,11.5532322522146,0.508153333902501,0.000424261857826056,69.5406393716439,69.5406393716439,17.9911188982486,TRUE,"LPF","PS"
"LPF | PS",1973,2023,51,46,0.901960784313726,-2.95249256657673e-06,0.33412229887913,1.27510319200605,9.98026154482066,0.478642533936652,0.000461519167296642,57.3932126696833,57.3932126696833,17.6228988386399,TRUE,"LPF","PS"
"LPF | PS",1974,2023,50,45,0.9,-1.82011466594442e-06,0.56636453001609,1.10636669491133,9.98026154482066,0.44672268907563,0.000292215173159421,57.2336134453782,57.2336134453782,20.5083449781732,TRUE,"LPF","PS"
"LPF | PS",1975,2023,49,44,0.897959183673469,-5.56758050889928e-07,0.860219749973925,1.09704324714543,7.61670301915252,0.418265306122449,0.000259042870544479,57.0913265306122,50.6036757884972,17.2909679381068,TRUE,"LPF","PS"
"LPF | PS",1976,2023,48,43,0.895833333333333,-2.44082431553853e-07,0.93794634670136,1.09401019872949,7.61670301915252,0.423469387755102,0.00015333795524449,57.1173469387755,50.4757949691505,16.3068678893323,TRUE,"LPF","PS"
"LPF | PS",1977,2023,47,42,0.893617021276596,-3.4737479373585e-07,0.910203454768634,1.09492134272662,7.35502540035466,0.432007400555042,0.000772989285152703,57.1600370027752,50.355270692921,15.9289016493765,TRUE,"LPF","PS"
"LPF | PS",1978,2023,46,41,0.891304347826087,-1.05708519210765e-06,0.735175029733424,1.10343296413096,7.35502540035466,0.397718162195498,0.00188563197204669,56.9885908109775,56.9885908109775,21.7295669541131,TRUE,"LPF","PS"
"LPF | PS",1979,2023,45,40,0.888888888888889,-9.24448609545504e-07,0.764059860281479,1.10212072647201,7.35502540035466,0.398155467720685,0.00173826428490696,56.9907773386034,56.9907773386034,21.0877781321145,TRUE,"LPF","PS"
"LPF | PS",1980,2023,44,39,0.886363636363636,-1.03055583468526e-06,0.731792419595191,1.10307565160981,6.56689213904399,0.396476391825229,0.00569813209746677,56.9823819591262,56.9823819591262,20.8446319814359,TRUE,"LPF","PS"
"LPF | PS",1981,2023,43,38,0.883720930232558,-1.07284171457718e-06,0.716090341127053,1.10350894144075,6.30471684998699,0.419057686499547,0.0201365922923813,57.0952884324977,57.0952884324977,20.6780153411119,TRUE,"LPF","PS"
"LPF | PS",1982,2023,42,37,0.880952380952381,-1.42364527256606e-06,0.623418612245307,1.10721456968873,5.71383050193049,0.473786565108176,0.0384980253342064,57.3689328255409,57.3689328255409,20.0165040496773,TRUE,"LPF","PS"
"LPF | PS",1983,2023,41,36,0.878048780487805,-1.57599109509464e-06,0.587353356162143,1.10982714087026,5.71383050193049,0.538850174216028,0.0811964550088473,57.6942508710801,57.6942508710801,19.6217488067992,TRUE,"LPF","PS"
"LPF | PS",1984,2023,40,35,0.875,-1.73565701149197e-06,0.543498893157388,1.11177162884954,5.57652834542179,0.524015009380863,0.258090375448854,57.6200750469043,57.6200750469043,18.9521591114272,TRUE,"LPF","PS"
"LPF | PS",1985,2023,39,34,0.871794871794872,-2.4933156368258e-06,0.388171454972531,1.12239135586067,5.57652834542179,0.5917004048583,0.186205546366712,57.9585020242915,57.9585020242915,14.6606552013467,TRUE,"LPF","PS"
"LPF | PS",1986,2023,38,33,0.868421052631579,-2.62339751999281e-06,0.367672843765311,1.1254466440802,5.57652834542179,0.564503775030091,0.416933789581608,57.8225188751505,57.8225188751505,13.589293299396,TRUE,"LPF","PS"
"LPF | PS",1987,2023,37,32,0.864864864864865,-1.70310990164756e-06,0.564411507534801,1.13919855360844,5.57652834542179,0.531294452347084,0.459242547921863,57.6564722617354,57.6564722617354,9.01246421254258,TRUE,"LPF","PS"
"LPF | PS",1988,2023,36,31,0.861111111111111,-5.7841750674672e-07,0.841389225695391,1.1513102995556,5.57652834542179,0.506563706563707,0.464703648249048,57.5328185328185,48.2533316726865,13.1505575138337,TRUE,"LPF","PS"
"LPF | PS",1989,2023,35,30,0.857142857142857,2.96125659146016e-06,0.337127183303078,1.18107022119376,4.32261830215358,0.464425770308123,0.506377895678234,57.3221288515406,57.3221288515406,25.5703714239233,TRUE,"LPF","PS"
"LPF | PS",1990,2023,34,29,0.852941176470588,3.21017073005375e-06,0.318024882694809,1.19357526608082,4.32261830215358,0.424598930481283,0.467929413669699,57.1229946524064,57.1229946524064,24.9314578572577,TRUE,"LPF","PS"
"LPF | PS",1991,2023,33,28,0.848484848484849,3.63463229442787e-06,0.370566346730571,1.22948876365343,4.32261830215358,0.380013368983957,0.530539400111727,56.9000668449198,56.9000668449198,30.9371889465393,TRUE,"LPF","PS"
"LPF | PS",1992,2023,32,27,0.84375,4.13506775235452e-06,0.305376452687233,1.22450250164962,4.32261830215358,0.415689149560117,0.616879292869665,57.0784457478006,57.0784457478006,30.5801779812436,TRUE,"LPF","PS"
"LPF | PS",1993,2023,31,26,0.838709677419355,3.81163036425541e-06,0.351279255530803,1.23026580875752,4.32261830215358,0.366935483870968,0.514623150057296,56.8346774193548,56.8346774193548,30.0965149459801,TRUE,"LPF","PS"
"LPF | PS",1994,2023,30,25,0.833333333333333,3.42934380027261e-06,0.40301778815213,1.23551164324004,4.32261830215358,0.318798665183537,0.416872890027537,56.5939933259177,56.5939933259177,29.4401953281424,TRUE,"LPF","PS"
"LPF | PS",1995,2023,29,24,0.827586206896552,3.1520703928022e-06,0.449037926801942,1.24116157249996,4.32261830215358,0.267487684729064,0.323404909664386,56.3374384236453,56.3374384236453,22.8715193884418,TRUE,"LPF","PS"
"LPF | PS",1996,2023,28,23,0.821428571428571,2.76098866707471e-06,0.515776648005965,1.24944649091212,4.32261830215358,0.20415982484948,0.0186800585460612,56.0207991242474,56.0207991242474,22.1339266591194,TRUE,"LPF","PS"
"LPF | PS",1997,2023,27,22,0.814814814814815,3.71243731787133e-06,0.407309895425889,1.20823330742172,4.32261830215358,0.276556776556777,0.0408919525830529,56.3827838827839,56.3827838827839,21.6214255861983,TRUE,"LPF","PS"
"LPF | PS",1998,2023,26,21,0.807692307692308,4.66363331119386e-06,0.325321375900104,1.12478765205744,4.32261830215358,0.36,0.00947291418797232,56.8,56.8,27.6994224360341,TRUE,"LPF","PS"
"LPF | PS",1999,2023,25,20,0.8,5.13458471883508e-06,0.300065195065519,1.11352426593235,4.32261830215358,0.351538461538462,0.0163608696021379,56.7576923076923,56.7576923076923,27.0649055769231,TRUE,"LPF","PS"
"LPF | PS",2000,2023,24,19,0.791666666666667,5.12585122809703e-06,0.315086283479163,1.11472745140582,4.32261830215358,0.365217391304348,0.00156761280363604,55.9927536231884,55.9927536231884,26.0826771071701,TRUE,"LPF","PS"
"LPF | PS",2001,2023,23,18,0.782608695652174,5.34252252226217e-06,0.325855594070042,1.04170877271135,4.32261830215358,0.337944664031621,0.00438072026908053,55.0230566534914,55.0230566534914,24.9663796916869,TRUE,"LPF","PS"
"LPF | PS",2002,2023,22,17,0.772727272727273,5.174772750011e-06,0.367478684211348,1.02563972750209,4.32261830215358,0.328063241106719,0,54.1403162055336,54.1403162055336,23.8463483650737,TRUE,"LPF","PS"
"LPF | PS",2003,2023,21,16,0.761904761904762,4.884385898047e-06,0.410420646621728,1.0193562107957,4.32261830215358,0.338961038961039,6.60002487726968e-05,53.3614718614719,53.3614718614719,22.7191230867347,TRUE,"LPF","PS"
"LPF | PS",2004,2023,20,15,0.75,4.80090193051995e-06,0.420013961725875,1.01846918286169,4.32261830215358,0.312781954887218,0.000132000497545299,52.3972431077694,52.3972431077694,21.4523046157059,TRUE,"LPF","PS"
"LPF | PS",2005,2023,19,14,0.736842105263158,4.8949761491888e-06,0.404228589318343,1.01934551685288,4.32261830215358,0.305263157894737,0.000245337133525929,51.5263157894737,51.5263157894737,20.1533755441235,TRUE,"LPF","PS"
"LPF | PS",2006,2023,18,13,0.722222222222222,4.39651096572522e-06,0.447971851152031,1.01415673918048,4.32261830215358,0.331269349845201,0.000490674267051905,50.8230134158927,50.8230134158927,11.5880480293436,TRUE,"LPF","PS"
"LPF | PS",2007,2023,17,12,0.705882352941177,3.71973166144588e-06,0.529681397108064,1.00403909940814,4.32261830215358,0.348039215686275,0.00551715879956851,50.0735294117647,50.0735294117647,17.3796875,TRUE,"LPF","PS"
"LPF | PS",2008,2023,16,11,0.6875,3.09350313020641e-06,0.61017816838962,0.994056691430452,4.32261830215358,0.385294117647059,0.0662059055948195,49.3076044168443,49.3076044168443,15.7882389029049,TRUE,"LPF","PS"
"LPF | PS",2009,2023,15,10,0.666666666666667,1.82001709846453e-06,0.751259171492323,0.98163068932212,4.32261830215358,0.410714285714286,0.249998386656776,48.3528518816805,48.3528518816805,13.9739741938057,TRUE,"LPF","PS"
"LPF | PS",2010,2023,14,9,0.642857142857143,3.67871729473865e-07,0.943158153173269,0.967489539375664,4.32261830215358,0.441758241758242,NA,47.3919153296378,21.063073479839,2.40054768767825,TRUE,"LPF","PS"
"LPF | PS",2011,2023,13,8,0.615384615384615,-1.74669561013295e-06,0.422430199037915,0.951672829829783,1.64569144630647,0.483516483516484,NA,40.8249163659207,40.8249163659207,3.75782105270383,TRUE,"LPF","PS"
"LPF | PS",2012,2023,12,7,NA,NA,NA,NA,NA,NA,NA,NA,NA,NA,FALSE,"LPF","PS"
"LPF | PS",2013,2023,11,6,NA,NA,NA,NA,NA,NA,NA,NA,NA,NA,FALSE,"LPF","PS"
"LPF | PS",2014,2023,10,5,NA,NA,NA,NA,NA,NA,NA,NA,NA,NA,FALSE,"LPF","PS"
"LPF | PS",2015,2023,9,4,NA,NA,NA,NA,NA,NA,NA,NA,NA,NA,FALSE,"LPF","PS"
"LPF | PS",2016,2023,8,3,NA,NA,NA,NA,NA,NA,NA,NA,NA,NA,FALSE,"LPF","PS"
"LPF | PT",1971,2023,53,48,0.905660377358491,-1.27111732519631e-05,0.00273904763511623,0.855149902670336,13.6522488904264,0.208272859216255,4.6817549786815e-07,87.6650290133427,87.6650290133427,40.1651118520417,TRUE,"LPF","PT"
"LPF | PT",1972,2023,52,47,0.903846153846154,-1.11988199882e-05,0.00819490033129546,0.849513495684679,11.5532322522146,0.170152821651157,9.57579358446858e-07,86.4069264639727,77.2147002444011,35.0048436510349,TRUE,"LPF","PT"
"LPF | PT",1973,2023,51,46,0.901960784313726,-1.09187839957223e-05,0.00770119161153055,0.848669342242191,9.98026154482066,0.16606334841629,1.6633689267696e-06,86.4559950549074,86.4559950549074,33.0881926706496,TRUE,"LPF","PT"
"LPF | PT",1974,2023,50,45,0.9,-1.11517423664484e-05,0.00571328036574432,0.849572998676909,9.98026154482066,0.17109243697479,4.0140281176805e-07,86.8470980944069,86.8470980944069,38.320685194348,TRUE,"LPF","PT"
"LPF | PT",1975,2023,49,44,0.897959183673469,-1.07541613537164e-05,0.00606871045647704,0.848168238066994,7.61670301915252,0.155612244897959,7.87986646133329e-07,86.6794016559462,86.6794016559462,36.863762201736,TRUE,"LPF","PT"
"LPF | PT",1976,2023,48,43,0.895833333333333,-1.00135699716539e-05,0.0120297241875326,0.842777956394993,7.61670301915252,0.129504993486756,1.06851646035262e-07,85.3978823625154,85.3978823625154,30.4225382671976,TRUE,"LPF","PT"
"LPF | PT",1977,2023,47,42,0.893617021276596,-1.0301267968287e-05,0.00825948245270533,0.843861224134243,7.35502540035466,0.137604070305273,9.28021756025114e-08,86.1198354049878,86.1198354049878,35.708197408872,TRUE,"LPF","PT"
"LPF | PT",1978,2023,46,41,0.891304347826087,-1.18275010562795e-05,0.00255618792738645,0.849542541587585,7.35502540035466,0.158310206598828,2.33030443006115e-09,87.3350689774532,76.6844508094711,41.7187178653404,TRUE,"LPF","PT"
"LPF | PT",1979,2023,45,40,0.888888888888889,-1.21837442559249e-05,0.00149782833565259,0.850969318582562,7.35502540035466,0.170487483530962,1.02273201020968e-08,87.6097038305669,76.658490851746,41.7981449838007,TRUE,"LPF","PT"
"LPF | PT",1980,2023,44,39,0.886363636363636,-1.27419301957092e-05,0.0005883895689365,0.85297413044791,6.56689213904399,0.184778012684989,0,87.8804044978192,87.8804044978192,47.3638570824335,TRUE,"LPF","PT"
"LPF | PT",1981,2023,43,38,0.883720930232558,-1.25183680143526e-05,0.000564933913445611,0.851850383325637,6.30471684998699,0.174267592872244,0,87.809482196021,87.809482196021,46.730876669619,TRUE,"LPF","PT"
"LPF | PT",1982,2023,42,37,0.880952380952381,-1.219232341183e-05,0.000624933789994918,0.850049196490361,5.71383050193049,0.156632363665829,0,87.6747823348873,87.6747823348873,45.3093433496172,TRUE,"LPF","PT"
"LPF | PT",1983,2023,41,36,0.878048780487805,-1.19232632805451e-05,0.000918595789108785,0.846868309227206,5.71383050193049,0.131184668989547,0,87.4325352663978,87.4325352663978,44.4361461440734,TRUE,"LPF","PT"
"LPF | PT",1984,2023,40,35,0.875,-1.16781040109142e-05,0.000959810445665294,0.845404329302953,5.57652834542179,0.1093808630394,0,87.2870240732646,74.8174492056554,37.174325273873,TRUE,"LPF","PT"
"LPF | PT",1985,2023,39,34,0.871794871794872,-1.14720642359252e-05,0.00111909702756825,0.843764653738189,5.57652834542179,0.0870445344129555,0,87.1146737670041,74.30369233068,45.2200326466942,TRUE,"LPF","PT"
"LPF | PT",1986,2023,38,33,0.868421052631579,-1.13140579918678e-05,0.00149229394191416,0.841246118252564,5.57652834542179,0.0504431557063136,0,86.8159867037479,73.6620493243921,43.441080784704,TRUE,"LPF","PT"
"LPF | PT",1987,2023,37,32,0.864864864864865,-1.07006523670265e-05,0.00265034165809807,0.846324397083375,5.57652834542179,0.0964912280701754,0,86.9451342918512,73.3599570587495,52.2557657904424,TRUE,"LPF","PT"
"LPF | PT",1988,2023,36,31,0.861111111111111,-9.48398459524775e-06,0.00774997974394001,0.854796595743668,5.57652834542179,0.133333333333333,2.31744050081731e-05,86.4063521263505,72.4698437188746,34.6574562052935,TRUE,"LPF","PT"
"LPF | PT",1989,2023,35,30,0.857142857142857,-8.01772570558823e-06,0.0229692989291291,0.863744635423023,4.32261830215358,0.196918767507003,0.000294300434575274,84.2398592333979,70.1998826944982,37.5204125953306,TRUE,"LPF","PT"
"LPF | PT",1990,2023,34,29,0.852941176470588,-8.35754799384244e-06,0.0235164850098301,0.871945210543468,4.32261830215358,0.263254392666157,0.000825867918169832,84.6397912974799,84.6397912974799,44.4713003055429,TRUE,"LPF","PT"
"LPF | PT",1991,2023,33,28,0.848484848484849,-9.18658241352733e-06,0.015934572226795,0.879817379947174,4.32261830215358,0.330882352941176,0.00342231864365468,86.4622092239602,71.0225290053959,36.9247698914181,TRUE,"LPF","PT"
"LPF | PT",1992,2023,32,27,0.84375,-9.17697211261814e-06,0.0148761496104565,0.879743597132213,4.32261830215358,0.332478005865103,0.0148753977038263,86.6539357901399,70.6069106438177,35.730456869616,TRUE,"LPF","PT"
"LPF | PT",1993,2023,31,26,0.838709677419355,-9.07919147017068e-06,0.0166531298239672,0.878544705545364,4.32261830215358,0.320564516129032,0.0831704907878624,86.2594189723582,69.6710691699816,34.4084756930573,TRUE,"LPF","PT"
"LPF | PT",1994,2023,30,25,0.833333333333333,-8.88444192593995e-06,0.0188941113454213,0.876572178398288,4.32261830215358,0.301001112347052,0.165135032006501,85.7299796442523,68.5839837154018,32.7754365986464,TRUE,"LPF","PT"
"LPF | PT",1995,2023,29,24,0.827586206896552,-8.7397855625955e-06,0.0224433341062207,0.874334614205898,4.32261830215358,0.283743842364532,0.323404909664386,84.977828027352,67.274113854987,31.2724831052899,TRUE,"LPF","PT"
"LPF | PT",1996,2023,28,23,0.821428571428571,-9.80545921532831e-06,0.0116080515132974,0.883007782173667,4.32261830215358,0.348659003831418,0.0186800585460612,87.3720416478034,49.3841974531063,17.4560634856232,TRUE,"LPF","PT"
"LPF | PT",1997,2023,27,22,0.814814814814815,-1.01929107786269e-05,0.00981189622879494,0.887852314056349,4.32261830215358,0.393162393162393,0.0408919525830529,88.0057764068998,48.0031507673999,16.1112673814293,TRUE,"LPF","PT"
"LPF | PT",1998,2023,26,21,0.807692307692308,-1.0310870208598e-05,0.0103405085996369,0.890020290261817,4.32261830215358,0.397606837606838,0.00947291418797232,87.978850988334,46.0841600415083,14.4874650720769,TRUE,"LPF","PT"
"LPF | PT",1999,2023,25,20,0.8,-1.02788176925447e-05,0.0130571343657938,0.886369209135278,4.32261830215358,0.382307692307692,0.0163608696021379,87.3539241302301,43.6769620651151,12.7573562313969,TRUE,"LPF","PT"
"LPF | PT",2000,2023,24,19,0.791666666666667,-1.03504572125743e-05,0.0157744179977798,0.880941117876259,4.32261830215358,0.363478260869565,0.00156761280363604,85.8423571789282,63.2522631844734,26.4812037600602,TRUE,"LPF","PT"
"LPF | PT",2001,2023,23,18,0.782608695652174,-1.07050428984615e-05,0.016451117574809,0.872590215463088,4.32261830215358,0.337944664031621,0.00438072026908053,84.5959153871616,61.097050001839,33.4795064852179,TRUE,"LPF","PT"
"LPF | PT",2002,2023,22,17,0.772727272727273,-1.13572472564753e-05,0.0192275035404165,0.890164495456158,4.32261830215358,0.331451157538114,0,83.5957325772408,59.0087524074641,12.9065060430363,TRUE,"LPF","PT"
"LPF | PT",2003,2023,21,16,0.761904761904762,-1.18435596101443e-05,0.0268614000273331,0.910551461020628,4.32261830215358,0.368831168831169,6.60002487726968e-05,82.0211067264518,56.3895108744356,10.8238961403881,TRUE,"LPF","PT"
"LPF | PT",2004,2023,20,15,0.75,-1.21209177613539e-05,0.0552258616809905,0.790181125654486,4.32261830215358,0.365413533834586,0.000132000497545299,73.7994977214227,49.1996651476151,16.062526199553,TRUE,"LPF","PT"
"LPF | PT",2005,2023,19,14,0.736842105263158,-1.08530115861665e-05,0.128425240345134,0.728274403503023,4.32261830215358,0.359649122807018,0.000245337133525929,58.889316623697,37.8574178295195,11.2723101609452,TRUE,"LPF","PT"
"LPF | PT",2006,2023,18,13,0.722222222222222,-8.71626083771782e-06,0.271786197873591,0.684890751779517,4.32261830215358,0.407636738906089,0.000490674267051905,44.9026653967875,44.9026653967875,12.044896437797,TRUE,"LPF","PT"
"LPF | PT",2007,2023,17,12,0.705882352941177,-7.28631972784178e-06,0.382191711087141,0.695422152696302,4.32261830215358,0.397058823529412,0.00551715879956851,44.2270705049064,44.2270705049064,10.5346424883215,TRUE,"LPF","PT"
"LPF | PT",2008,2023,16,11,0.6875,-6.12811130932299e-06,0.478394399562191,0.703666803902837,4.32261830215358,0.423529411764706,0.0662059055948195,43.6909831368803,43.6909831368803,16.4585919430407,TRUE,"LPF","PT"
"LPF | PT",2009,2023,15,10,0.666666666666667,-3.77655377764517e-06,0.648487185654655,0.713688458794149,4.32261830215358,0.453571428571428,0.249998386656776,43.2082929854068,43.2082929854068,13.9562786342864,TRUE,"LPF","PT"
"LPF | PT",2010,2023,14,9,0.642857142857143,1.01301908370943e-06,0.897876451200017,0.733766357818321,4.32261830215358,0.538461538461538,NA,43.2009681820074,19.2004303031144,0,TRUE,"LPF","PT"
"LPF | PT",2011,2023,13,8,0.615384615384615,5.39696747695519e-06,0.07356279386678,0.747358589691203,1.64569144630647,0.532967032967033,NA,36.9858843104019,36.9858843104019,2.95437193406563,TRUE,"LPF","PT"
"LPF | PT",2012,2023,12,7,NA,NA,NA,NA,NA,NA,NA,NA,NA,NA,FALSE,"LPF","PT"
"LPF | PT",2013,2023,11,6,NA,NA,NA,NA,NA,NA,NA,NA,NA,NA,FALSE,"LPF","PT"
"LPF | PT",2014,2023,10,5,NA,NA,NA,NA,NA,NA,NA,NA,NA,NA,FALSE,"LPF","PT"
"LPF | PT",2015,2023,9,4,NA,NA,NA,NA,NA,NA,NA,NA,NA,NA,FALSE,"LPF","PT"
"LPF | PT",2016,2023,8,3,NA,NA,NA,NA,NA,NA,NA,NA,NA,NA,FALSE,"LPF","PT"
"MPF | AFN",2008,2023,16,3,NA,NA,NA,NA,NA,NA,NA,NA,NA,NA,FALSE,"MPF","AFN"
"MPF | AFN",2009,2023,15,3,NA,NA,NA,NA,NA,NA,NA,NA,NA,NA,FALSE,"MPF","AFN"
"MPF | AFN",2011,2023,13,3,NA,NA,NA,NA,NA,NA,NA,NA,NA,NA,FALSE,"MPF","AFN"
"MPF | AFN",2013,2023,11,3,NA,NA,NA,NA,NA,NA,NA,NA,NA,NA,FALSE,"MPF","AFN"
"MPF | AFN",2014,2023,10,3,NA,NA,NA,NA,NA,NA,NA,NA,NA,NA,FALSE,"MPF","AFN"
"MPF | AFN",2016,2023,8,3,NA,NA,NA,NA,NA,NA,NA,NA,NA,NA,FALSE,"MPF","AFN"
"MPF | APS",1972,2023,52,36,0.878048780487805,-5.2150873270931e-06,0.14561822631755,2.33210031491613,7.19773887557347,0.568814560499799,0,67.3608831969278,58.0052049751323,11.8473142230148,TRUE,"MPF","APS"
"MPF | APS",1980,2023,44,35,0.875,-2.97717859419111e-06,0.390225996007073,2.27587013171201,5.32946431561169,0.535635556502174,0,57.6781777825109,57.6781777825109,18.5099866455099,TRUE,"MPF","APS"
"MPF | APS",1983,2023,41,34,0.871794871794872,-7.54551445947751e-07,0.827979518611026,1.97953419652037,4.27365633598324,0.498962214290072,3.47663853532703e-10,57.4948110714504,57.4948110714504,26.3616080787012,TRUE,"MPF","APS"
"MPF | APS",1984,2023,40,33,0.868421052631579,4.93971391515894e-07,0.887709694091799,1.94223418113482,4.27365633598324,0.481747066169648,6.95327707065407e-10,57.4087353308482,57.4087353308482,22.5921866070553,TRUE,"MPF","APS"
"MPF | APS",1985,2023,39,32,0.864864864864865,1.31151008026139e-06,0.703876366247155,1.91950571392956,4.27365633598324,0.478150056010359,0,57.3907502800518,48.4234455487937,18.6490717985704,TRUE,"MPF","APS"
"MPF | APS",1987,2023,37,31,0.861111111111111,1.71614144786623e-06,0.612711267319388,1.90730159975755,4.27365633598324,0.480751934921503,0,57.4037596746075,48.1450887593482,18.116343108875,TRUE,"MPF","APS"
"MPF | APS",1988,2023,36,30,0.857142857142857,3.97810114957204e-06,0.227079624157077,1.8450988186024,3.71246914034908,0.455233331516376,3.56285912010292e-07,57.2761666575819,47.7301388813182,14.0129626785534,TRUE,"MPF","APS"
"MPF | APS",1989,2023,35,29,0.852941176470588,5.2727606181843e-06,0.0942341773326681,1.81848991227643,3.41029141962298,0.470345509558745,2.53621479881927e-06,57.3517275477937,47.4634986602431,13.4212072378348,TRUE,"MPF","APS"
"MPF | APS",1990,2023,34,28,0.848484848484849,5.35631289959588e-06,0.074275731740073,1.81638117521292,2.98258266859217,0.471207703904704,0,57.3560385195235,47.1138887838943,12.7886018383834,TRUE,"MPF","APS"
"MPF | APS",1991,2023,33,27,0.84375,4.81677082593828e-06,0.105614018920561,1.83828041243972,2.98258266859217,0.54872126009253,0,57.7436063004626,47.050345874451,12.2129057565609,TRUE,"MPF","APS"
"MPF | APS",1992,2023,32,26,0.838709677419355,4.77055753074945e-06,0.0957211751473562,1.83978608180187,2.98258266859217,0.53988103710596,0.000100597437942133,57.6994051855298,35.5073262680183,8.77496573119464,TRUE,"MPF","APS"
"MPF | APS",1993,2023,31,25,0.833333333333333,6.68435150684499e-06,0.0145910417037547,1.79535651143448,2.76996827471835,0.550350536950409,8.04779503552793e-06,57.751752684752,34.6510516108512,11.0644791510812,TRUE,"MPF","APS"
"MPF | APS",1994,2023,30,24,0.827586206896552,8.4335386550663e-06,0.000965351586617087,1.75658045523925,2.56337707000381,0.549396419728092,0,57.7469820986405,45.7163608280904,14.6283040712405,TRUE,"MPF","APS"
"MPF | APS",1996,2023,28,23,0.821428571428571,9.45434285180082e-06,5.4131976803374e-05,1.73129773417067,2.54528985184748,0.552148939385362,0,57.7607446969268,57.7607446969268,16.9193279869825,TRUE,"MPF","APS"
"MPF | APS",1997,2023,27,22,0.814814814814815,9.16875741501233e-06,0.00036289312103457,1.80246264365725,2.4734572146665,0.607938959638202,7.27828308570325e-06,58.039694798191,58.039694798191,15.9854472444419,TRUE,"MPF","APS"
"MPF | APS",1998,2023,26,21,0.807692307692308,9.50619310434507e-06,0.00270822674805665,1.361874087806,2.26609182856362,0.669630682115572,0.000160122227878631,58.3481534105779,58.3481534105779,15.0960995474202,TRUE,"MPF","APS"
"MPF | APS",1999,2023,25,20,0.8,8.71652961862697e-06,0.0123815230985036,1.2878809410849,2.15098915998162,0.649095854126264,0,58.2454792706313,58.2454792706313,14.0658741222597,TRUE,"MPF","APS"
"MPF | APS",2000,2023,24,19,0.791666666666667,8.1974142804687e-06,0.0162449627454794,1.29934476321386,2.15098915998162,0.651152736675303,0,57.4224303500432,57.4224303500432,12.8940062432527,TRUE,"MPF","APS"
"MPF | APS",2001,2023,23,18,0.782608695652174,7.58601879121806e-06,0.0213334582079993,1.31277416319481,2.15098915998162,0.651013426051894,0.00294327801122113,56.5884004635928,40.869400334817,8.54677067351058,TRUE,"MPF","APS"
"MPF | APS",2002,2023,22,17,0.772727272727273,7.51032084672923e-06,0.010743339502589,1.31405341497052,2.00087302369759,0.694719033633563,0.0003270308901347,55.9735951681678,55.9735951681678,10.6742919411486,TRUE,"MPF","APS"
"MPF | APS",2003,2023,21,16,0.761904761904762,6.76197214232916e-06,0.0134535895623316,1.33266593705548,1.80666879939488,0.85287435482254,6.60002487726968e-05,52.9976795192816,52.9976795192816,8.62335426477516,TRUE,"MPF","APS"
"MPF | APS",2004,2023,20,15,0.75,6.61827983002044e-06,0.0355009417767621,1.15086406966868,1.80666879939488,0.853704460523174,0.000132000497545299,52.1684967144514,52.1684967144514,14.4295901864174,TRUE,"MPF","APS"
"MPF | APS",2005,2023,19,14,0.736842105263158,6.26116957251008e-06,0.0576877016985933,1.17581243908003,1.80666879939488,0.924089601904414,0.00362628195725219,51.6870890880243,51.6870890880243,13.1673209322972,TRUE,"MPF","APS"
"MPF | APS",2006,2023,18,13,0.722222222222222,4.59977069657734e-06,0.180303475412311,1.15296956566474,1.76469350749098,0.918946947449061,0.00725256391450507,50.1497541546437,50.1497541546437,4.36499952587519,TRUE,"MPF","APS"
"MPF | APS",2007,2023,17,12,0.705882352941177,2.16368809731057e-06,0.527803781222229,1.01744766799706,1.59931797749166,0.911097657453392,0.00551715879956851,46.4379577195837,46.4379577195837,9.64722159196948,TRUE,"MPF","APS"
"MPF | APS",2008,2023,16,11,0.6875,2.15887560888195e-07,0.948340639271752,1.05595440346358,1.43226345943918,0.913907532187416,0.0662059055948195,42.4354755669753,42.4354755669753,13.5877910544142,TRUE,"MPF","APS"
"MPF | APS",2009,2023,15,10,0.666666666666667,8.69383595147673e-07,0.822640057601552,1.07481550451755,1.43226345943918,0.916890446552252,0.249998386656776,41.6170568054661,41.6170568054661,12.0273294167797,TRUE,"MPF","APS"
"MPF | APS",2010,2023,14,9,0.642857142857143,1.9866343869283e-06,0.672393411235142,1.08933445627137,1.43226345943918,0.897690312188338,NA,40.6877228003132,40.6877228003132,10.265577046206,TRUE,"MPF","APS"
"MPF | APS",2011,2023,13,8,0.615384615384615,-4.82983936645545e-07,0.934489862843901,1.16535073036506,1.43226345943918,0.872077853890956,NA,39.726327175493,39.726327175493,0,TRUE,"MPF","APS"
"MPF | APS",2012,2023,12,7,NA,NA,NA,NA,NA,NA,NA,NA,NA,NA,FALSE,"MPF","APS"
"MPF | APS",2013,2023,11,6,NA,NA,NA,NA,NA,NA,NA,NA,NA,NA,FALSE,"MPF","APS"
"MPF | APS",2014,2023,10,5,NA,NA,NA,NA,NA,NA,NA,NA,NA,NA,FALSE,"MPF","APS"
"MPF | APS",2015,2023,9,4,NA,NA,NA,NA,NA,NA,NA,NA,NA,NA,FALSE,"MPF","APS"
"MPF | APS",2016,2023,8,3,NA,NA,NA,NA,NA,NA,NA,NA,NA,NA,FALSE,"MPF","APS"
"MPF | GN",1972,2023,52,47,0.903846153846154,9.77127568200318e-06,0.00461452750928285,1.42633199925634,7.76649033900751,0.212669683257919,0,56.0633484162896,38.1707904110908,10.2868156841917,TRUE,"MPF","GN"
"MPF | GN",1973,2023,51,46,0.901960784313726,1.02539493002059e-05,0.00221875110386739,1.42032048864015,7.76649033900751,0.212488687782805,0,56.062443438914,25.5937241786347,6.75810109059201,TRUE,"MPF","GN"
"MPF | GN",1974,2023,50,45,0.9,1.04350721737089e-05,0.00129954285556571,1.41792091686428,7.76649033900751,0.223049219687875,0,56.1152460984394,31.1751367213552,8.17228671241024,TRUE,"MPF","GN"
"MPF | GN",1975,2023,49,44,0.897959183673469,1.1313519078308e-05,0.000240269593456748,1.40842004454004,7.31355589582731,0.207857142857143,0,56.0392857142857,30.5668831168831,11.1532509265623,TRUE,"MPF","GN"
"MPF | GN",1976,2023,48,43,0.895833333333333,1.15121325708195e-05,8.0692683295262e-05,1.40592851037268,5.8960131311747,0.219279201042119,0,56.0963960052106,36.5278857708348,13.1160541186723,TRUE,"MPF","GN"
"MPF | GN",1977,2023,47,42,0.893617021276596,1.16566255240378e-05,3.34158651278394e-05,1.40370363463143,5.32946431561169,0.229301572617946,0,56.1465078630897,42.7782917052112,17.2761375260191,TRUE,"MPF","GN"
"MPF | GN",1978,2023,46,41,0.891304347826087,1.11774002749005e-05,9.48142946969349e-05,1.42474843532756,5.32946431561169,0.282392846130126,0,56.4119642306506,42.6529485646383,11.3505129529116,TRUE,"MPF","GN"
"MPF | GN",1979,2023,45,40,0.888888888888889,1.07771690923601e-05,0.000351548954559913,1.4474747867737,5.32946431561169,0.288801054018445,0,56.4440052700922,42.3330039525692,10.85041529955,TRUE,"MPF","GN"
"MPF | GN",1980,2023,44,39,0.886363636363636,1.0024541766234e-05,0.00132442832517396,1.47676019163066,5.32946431561169,0.246934460887949,0,56.2346723044397,41.8155255597116,13.111549289916,TRUE,"MPF","GN"
"MPF | GN",1981,2023,43,38,0.883720930232558,9.61102323618491e-06,0.00144870815003409,1.48414091449036,4.76290183497563,0.231048021745696,1.70338500685748e-11,56.1552401087285,41.3775453432736,12.5915600398859,TRUE,"MPF","GN"
"MPF | GN",1982,2023,42,37,0.880952380952381,9.26791151672277e-06,0.00157364665346689,1.49113317686706,4.54846994625033,0.238797504254112,3.31711823605476e-11,56.1939875212706,41.0064233263326,12.1352764097054,TRUE,"MPF","GN"
"MPF | GN",1983,2023,41,36,0.878048780487805,8.98109570070837e-06,0.00157229818123871,1.49722545575411,4.27365633598324,0.210627177700348,0,56.0531358885017,40.4828203639179,11.4437766803379,TRUE,"MPF","GN"
"MPF | GN",1984,2023,40,35,0.875,8.52389432696664e-06,0.00265080946377977,1.51289512208346,4.27365633598324,0.177110694183865,0,55.8855534709193,39.9182524792281,10.8889253510303,TRUE,"MPF","GN"
"MPF | GN",1985,2023,39,34,0.871794871794872,7.93130381741607e-06,0.00836017620800512,1.55289090304949,4.27365633598324,0.12165991902834,3.47663853532703e-10,55.6082995951417,39.2529173612765,13.0440463846703,TRUE,"MPF","GN"
"MPF | GN",1986,2023,38,33,0.868421052631579,7.32513963288839e-06,0.0168941354082758,1.57901686347003,4.27365633598324,0.0749534960061276,6.95327707065407e-10,55.3747674800306,38.5945349103244,9.76383816247544,TRUE,"MPF","GN"
"MPF | GN",1987,2023,37,32,0.864864864864865,6.41947652934611e-06,0.0425980776262286,1.6146545670447,4.27365633598324,0.0085348506401138,0,55.0426742532006,46.442256401138,11.2615975152222,TRUE,"MPF","GN"
"MPF | GN",1988,2023,36,31,0.861111111111111,4.92514033900422e-06,0.119618028335003,1.65080437439208,3.71246914034908,-0.0507078507078507,0,54.7464607464607,54.7464607464607,9.65877204095726,TRUE,"MPF","GN"
"MPF | GN",1989,2023,35,30,0.857142857142857,2.94581632370391e-06,0.384293911065661,1.70632671947426,3.41029141962298,-0.133053221288515,2.86039263000655e-07,54.3347338935574,54.3347338935574,15.9519879062736,TRUE,"MPF","GN"
"MPF | GN",1990,2023,34,29,0.852941176470588,1.9484723019747e-06,0.556826471040609,1.72922636817515,2.98258266859217,-0.19694423223835,3.15906842009047e-06,54.0152788388083,54.0152788388083,11.2544141173927,TRUE,"MPF","GN"
"MPF | GN",1991,2023,33,28,0.848484848484849,6.97892735832515e-07,0.837130153017508,1.76710157886245,2.98258266859217,-0.265708556149733,0,53.6714572192513,53.6714572192513,10.5217589457012,TRUE,"MPF","GN"
"MPF | GN",1992,2023,32,27,0.84375,1.19019349544675e-06,0.718442097514139,1.75470590701379,2.98258266859217,-0.265762463343108,0,53.6711876832845,53.6711876832845,9.83398895004028,TRUE,"MPF","GN"
"MPF | GN",1993,2023,31,26,0.838709677419355,1.4349597518968e-06,0.65053907675224,1.7486255381953,2.76996827471835,-0.279435483870968,0.000100597437942133,53.6028225806452,53.6028225806452,9.10726177428591,TRUE,"MPF","GN"
"MPF | GN",1994,2023,30,25,0.833333333333333,9.48140453955546e-07,0.757749889657042,1.76294228348937,2.56337707000381,-0.283203559510567,8.04779503552793e-06,53.5839822024472,53.5839822024472,8.36231626251391,TRUE,"MPF","GN"
"MPF | GN",1995,2023,29,24,0.827586206896552,1.25098033787571e-06,0.675981054851672,1.75294063242466,2.54528985184748,-0.299014778325123,0,53.5049261083744,53.5049261083744,11.7934415254657,TRUE,"MPF","GN"
"MPF | GN",1996,2023,28,23,0.821428571428571,5.86711536297014e-07,0.841514858395574,1.77673130091654,2.54528985184748,-0.355774493705528,0,53.2211275314724,53.2211275314724,10.9681891783885,TRUE,"MPF","GN"
"MPF | GN",1997,2023,27,22,0.814814814814815,-5.18119307900625e-08,0.985342945789263,1.79867308280194,2.4734572146665,-0.352258852258852,7.27828308570325e-06,53.2387057387057,53.2387057387057,10.8789799706466,TRUE,"MPF","GN"
"MPF | GN",1998,2023,26,21,0.807692307692308,-5.8331869027485e-07,0.827476763959753,1.8179402034584,2.26609182856362,-0.414700854700855,0.000160122227878631,52.9264957264957,52.9264957264957,19.853205836356,TRUE,"MPF","GN"
"MPF | GN",1999,2023,25,20,0.8,-8.14855579164684e-07,0.750222127713434,1.82821026055982,2.15098915998162,-0.499230769230769,0,52.5038461538462,52.5038461538462,19.1455275,TRUE,"MPF","GN"
"MPF | GN",2000,2023,24,19,0.791666666666667,-7.28874816068806e-07,0.769203564130667,1.82340020131474,2.15098915998162,-0.532173913043478,0,51.5057971014493,51.5057971014493,17.1905948151271,TRUE,"MPF","GN"
"MPF | GN",2001,2023,23,18,0.782608695652174,-1.47586796814665e-07,0.951099063883014,1.79153563084459,2.15098915998162,-0.493083003952569,0.0250178630953836,50.8679183135705,50.8679183135705,14.3893681971292,TRUE,"MPF","GN"
"MPF | GN",2002,2023,22,17,0.772727272727273,7.30786950468738e-07,0.744575839363998,1.75131557572744,2.00087302369759,-0.477131564088086,0.20344373881452,50.1143421795596,50.1143421795596,12.87596905318,TRUE,"MPF","GN"
"MPF | GN",2003,2023,21,16,0.761904761904762,8.86714783150696e-07,0.666589180489705,1.74312081825269,1.80666879939488,-0.51038961038961,0.42220414109347,46.1813596932208,46.1813596932208,19.6621262229575,TRUE,"MPF","GN"
"MPF | GN",2004,2023,20,15,0.75,9.01526124971941e-07,0.657608020107899,1.74171345820942,1.80666879939488,-0.509774436090226,0.397730583521594,45.3511022313844,45.3511022313844,18.5674971052326,TRUE,"MPF","GN"
"MPF | GN",2005,2023,19,14,0.736842105263158,7.07834004159693e-07,0.732555358051253,1.76920371189488,1.80666879939488,-0.62280701754386,0.617067745913812,43.9526059907829,43.9526059907829,17.1910869446656,TRUE,"MPF","GN"
"MPF | GN",2006,2023,18,13,0.722222222222222,9.99667541664076e-07,0.597000131811903,1.74777599146854,1.76469350749098,-0.609907120743034,0.687954075979251,42.5054838136832,42.5054838136832,15.8198976574206,TRUE,"MPF","GN"
"MPF | GN",2007,2023,17,12,0.705882352941177,1.55432848619777e-06,0.341824577017487,1.70750778519657,1.59931797749166,-0.612745098039216,0.597511943144027,38.8187439421207,38.8187439421207,13.7491546226502,TRUE,"MPF","GN"
"MPF | GN",2008,2023,16,11,0.6875,2.07604859653319e-06,0.149531259888078,1.66074494639791,1.43226345943918,-0.602941176470588,0.536108668040535,34.8512320236852,34.8512320236852,11.1593248903113,TRUE,"MPF","GN"
"MPF | GN",2009,2023,15,10,0.666666666666667,2.04573116401065e-06,0.187754533599239,1.60949507884046,1.43226345943918,-0.603571428571428,0.49796015176996,34.0147474298477,34.0147474298477,9.83026200722598,TRUE,"MPF","GN"
"MPF | GN",2010,2023,14,9,0.642857142857143,2.00922062146497e-06,0.234128891566793,1.55699946060227,1.43226345943918,-0.595604395604396,NA,33.2212492613495,33.2212492613495,8.38177392078017,TRUE,"MPF","GN"
"MPF | GN",2011,2023,13,8,0.615384615384615,2.1793936179088e-06,0.20039339019436,1.52811942369215,1.43226345943918,-0.598901098901099,NA,32.3714324115327,32.3714324115327,6.74664228384587,TRUE,"MPF","GN"
"MPF | GN",2012,2023,12,7,NA,NA,NA,NA,NA,NA,NA,NA,NA,NA,FALSE,"MPF","GN"
"MPF | GN",2013,2023,11,6,NA,NA,NA,NA,NA,NA,NA,NA,NA,NA,FALSE,"MPF","GN"
"MPF | GN",2014,2023,10,5,NA,NA,NA,NA,NA,NA,NA,NA,NA,NA,FALSE,"MPF","GN"
"MPF | GN",2015,2023,9,4,NA,NA,NA,NA,NA,NA,NA,NA,NA,NA,FALSE,"MPF","GN"
"MPF | GN",2016,2023,8,3,NA,NA,NA,NA,NA,NA,NA,NA,NA,NA,FALSE,"MPF","GN"
"MPF | OBT",1971,2023,53,48,0.905660377358491,1.76173059271765e-06,7.32514239064066e-08,1.09611455462961,11.1634626326292,0.265037897113369,0,56.3251894855668,32.8563605332473,20.0386869378927,TRUE,"MPF","OBT"
"MPF | OBT",1972,2023,52,47,0.903846153846154,1.9292418150484e-06,4.0135909029962e-11,1.0884177497674,7.76649033900751,0.257747801587979,0,56.2887390079399,38.3242478351931,20.1013411775865,TRUE,"MPF","OBT"
"MPF | OBT",1973,2023,51,46,0.901960784313726,1.94584956275092e-06,1.9296527720558e-12,1.08711335636458,7.76649033900751,0.254389140271493,0,56.2719457013575,44.0389140271493,22.1923568897844,TRUE,"MPF","OBT"
"MPF | OBT",1974,2023,50,45,0.9,1.89279591322113e-06,4.11366741663855e-12,1.095496610995,7.76649033900751,0.276446578631453,0,56.3822328931573,43.852847805789,25.6389426916285,TRUE,"MPF","OBT"
"MPF | OBT",1975,2023,49,44,0.897959183673469,1.8922624531678e-06,3.82496006226106e-14,1.09553834635944,7.31355589582731,0.268877551020408,0,56.344387755102,43.5388450834879,30.3332286541139,TRUE,"MPF","OBT"
"MPF | OBT",1976,2023,48,43,0.895833333333333,1.87895814761273e-06,8.97535113358204e-17,1.09669973776987,5.8960131311747,0.273556231003039,0,56.3677811550152,36.7046016823355,22.2498201234357,TRUE,"MPF","OBT"
"MPF | OBT",1977,2023,47,42,0.893617021276596,1.84296310877838e-06,8.85480931826729e-18,1.10185670833258,5.32946431561169,0.29081868640148,0,56.4540934320074,36.2919172062905,20.7200785878529,TRUE,"MPF","OBT"
"MPF | OBT",1978,2023,46,41,0.891304347826087,1.82358454384548e-06,5.43503480773496e-17,1.11455712134064,5.32946431561169,0.325192722787542,0,56.6259636139377,35.909147657619,20.2508938419314,TRUE,"MPF","OBT"
"MPF | OBT",1979,2023,45,40,0.888888888888889,1.80132954431924e-06,3.12466469336303e-16,1.12751558178251,5.32946431561169,0.351251646903821,0,56.7562582345191,35.4726613965744,16.5536869637583,TRUE,"MPF","OBT"
"MPF | OBT",1980,2023,44,39,0.886363636363636,1.76276832749107e-06,1.14649581056459e-15,1.14009589186676,5.32946431561169,0.38322762508809,0,56.9161381254405,42.3222565548147,20.0086729874588,TRUE,"MPF","OBT"
"MPF | OBT",1981,2023,43,38,0.883720930232558,1.71834330340486e-06,7.51219250092639e-17,1.14711788884846,4.76290183497563,0.391724554515252,4.48258008791168e-13,56.9586227725763,41.9695115166351,24.4522490598756,TRUE,"MPF","OBT"
"MPF | OBT",1982,2023,42,37,0.880952380952381,1.67838946074026e-06,6.59950228390909e-18,1.15483327643471,4.54846994625033,0.406693136698809,8.96517776601967e-13,57.033465683494,41.6190154987659,19.5320128721042,TRUE,"MPF","OBT"
"MPF | OBT",1983,2023,41,36,0.878048780487805,1.63627920847802e-06,6.79449349293812e-18,1.16744269784666,4.27365633598324,0.428571428571429,0,57.1428571428571,49.2063492063492,27.9969458424743,TRUE,"MPF","OBT"
"MPF | OBT",1984,2023,40,35,0.875,1.61391746978036e-06,3.23207374411871e-17,1.1818250494421,4.27365633598324,0.469981238273921,0,57.3499061913696,49.1570624497454,23.6631063374157,TRUE,"MPF","OBT"
"MPF | OBT",1985,2023,39,34,0.871794871794872,1.58393925784682e-06,5.17613021502589e-17,1.19385039326354,4.27365633598324,0.486842105263158,3.47663853532703e-10,57.4342105263158,48.9880030959752,23.1418439964697,TRUE,"MPF","OBT"
"MPF | OBT",1986,2023,38,33,0.868421052631579,1.56226963815757e-06,2.1272870256871e-16,1.20847848925617,4.27365633598324,0.519422256264361,6.95327707065407e-10,57.5971112813218,48.8702762386973,22.4657956071867,TRUE,"MPF","OBT"
"MPF | OBT",1987,2023,37,32,0.864864864864865,1.5667762671459e-06,2.21522900467946e-15,1.23335216914658,4.27365633598324,0.534139402560455,0,57.6706970128023,48.6596506045519,21.7353217721648,TRUE,"MPF","OBT"
"MPF | OBT",1988,2023,36,31,0.861111111111111,1.53558543772147e-06,4.12279390218691e-14,1.12711102143478,3.71246914034908,0.557271557271557,0,57.7863577863578,48.4659774982356,25.0763367224507,TRUE,"MPF","OBT"
"MPF | OBT",1989,2023,35,30,0.857142857142857,1.50464005157981e-06,4.73059701061859e-13,1.06204279690065,3.41029141962298,0.582072829131653,1.1876197077236e-08,57.9103641456583,57.9103641456583,36.6497136842158,TRUE,"MPF","OBT"
"MPF | OBT",1990,2023,34,29,0.852941176470588,1.46724189969941e-06,3.48584635237507e-12,1.0819643002872,2.98258266859217,0.59144385026738,2.37523940522091e-08,57.9572192513369,57.9572192513369,35.6369603528477,TRUE,"MPF","OBT"
"MPF | OBT",1991,2023,33,28,0.848484848484849,1.47515295616691e-06,2.40096620956889e-11,1.07185821319246,2.98258266859217,0.653743315508021,0,58.2687165775401,58.2687165775401,35.2023846401269,TRUE,"MPF","OBT"
"MPF | OBT",1992,2023,32,27,0.84375,1.44668625202144e-06,1.63450681912688e-10,1.09231271899638,2.98258266859217,0.69574780058651,0,58.4787390029326,58.4787390029326,22.1210005384011,TRUE,"MPF","OBT"
"MPF | OBT",1993,2023,31,26,0.838709677419355,1.3924808618473e-06,2.23347301887645e-10,1.10680900210276,2.76996827471835,0.726612903225807,3.09530578880645e-07,58.633064516129,58.633064516129,28.096950754397,TRUE,"MPF","OBT"
"MPF | OBT",1994,2023,30,25,0.833333333333333,1.34850171512666e-06,8.4981971725627e-10,1.12589910616213,2.56337707000381,0.765962180200222,6.1906115704646e-07,58.8298109010011,58.8298109010011,20.2171490844895,TRUE,"MPF","OBT"
"MPF | OBT",1995,2023,29,24,0.827586206896552,1.35581922454407e-06,6.09096587892374e-09,1.1557023144435,2.54528985184748,0.813300492610837,0,59.0665024630542,59.0665024630542,26.2219660029965,TRUE,"MPF","OBT"
"MPF | OBT",1996,2023,28,23,0.821428571428571,1.33018245557679e-06,3.9595624460398e-08,1.18235451409289,2.54528985184748,0.829228243021346,0,59.1461412151067,59.1461412151067,25.4968011138325,TRUE,"MPF","OBT"
"MPF | OBT",1997,2023,27,22,0.814814814814815,1.27450770490352e-06,1.91278931751466e-07,1.20787061986124,2.4734572146665,0.846764346764347,7.27828308570325e-06,59.2338217338217,59.2338217338217,17.4640383959933,TRUE,"MPF","OBT"
"MPF | OBT",1998,2023,26,21,0.807692307692308,1.21341188697428e-06,1.07402339846865e-06,1.23734022319674,2.26609182856362,0.882393162393162,0.000160122227878631,59.4119658119658,59.4119658119658,16.0222872785757,TRUE,"MPF","OBT"
"MPF | OBT",1999,2023,25,20,0.8,1.31840386840006e-06,5.18734990456748e-06,1.10529895110736,2.15098915998162,0.891538461538462,0,59.4576923076923,59.4576923076923,15.0692879439391,TRUE,"MPF","OBT"
"MPF | OBT",2000,2023,24,19,0.791666666666667,1.46266087098591e-06,1.52745105550671e-05,0.968067287213604,2.15098915998162,0.893043478260869,0,57.9932298022431,57.9932298022431,28.698707582636,TRUE,"MPF","OBT"
"MPF | OBT",2001,2023,23,18,0.782608695652174,1.53901835057235e-06,8.56293846166819e-05,0.735281981622211,2.15098915998162,0.899209486166008,0.00640363153951905,52.5350203966076,52.5350203966076,24.9980526061754,TRUE,"MPF","OBT"
"MPF | OBT",2002,2023,22,17,0.772727272727273,1.40268337331056e-06,0.000533179383029122,0.724757025288411,2.00087302369759,0.901750423489554,0.0003270308901347,51.503892623216,51.503892623216,33.6069164884385,TRUE,"MPF","OBT"
"MPF | OBT",2003,2023,21,16,0.761904761904762,1.26040396873537e-06,0.00307344113144267,0.743335117726346,1.80666879939488,0.892207792207792,6.60002487726968e-05,48.0610490607348,48.0610490607348,21.0135681622347,TRUE,"MPF","OBT"
"MPF | OBT",2004,2023,20,15,0.75,1.30594096462507e-06,0.00856039308098709,0.635212953997362,1.80666879939488,0.876691729323308,0.000132000497545299,44.9876921383993,44.9876921383993,28.2262005740463,TRUE,"MPF","OBT"
"MPF | OBT",2005,2023,19,14,0.736842105263158,1.36011716857965e-06,0.0170285643180361,0.595478711212984,1.80666879939488,0.856140350877193,0.00362628195725219,43.2569170571479,43.2569170571479,26.6314541982919,TRUE,"MPF","OBT"
"MPF | OBT",2006,2023,18,13,0.722222222222222,1.10458709186035e-06,0.0724620228836021,0.532505595608251,1.76469350749098,0.830753353973168,0.00725256391450507,40.3588980994293,40.3588980994293,15.2039930009581,TRUE,"MPF","OBT"
"MPF | OBT",2007,2023,17,12,0.705882352941177,7.04823224862227e-07,0.258735329734684,0.53116260013585,1.59931797749166,0.799019607843137,0.00551715879956851,36.5008194742495,36.5008194742495,22.3039442879207,TRUE,"MPF","OBT"
"MPF | OBT",2008,2023,16,11,0.6875,3.93923175154663e-07,0.518990156166661,0.541239108856424,1.43226345943918,0.788235294117647,0.011034317599137,32.6318965537549,32.6318965537549,10.4486961948117,TRUE,"MPF","OBT"
"MPF | OBT",2009,2023,15,10,0.666666666666667,5.42075026223915e-07,0.42902003505075,0.552538238515525,1.43226345943918,0.767857142857143,0.0396822835963147,31.922655057301,31.922655057301,9.22564731156,TRUE,"MPF","OBT"
"MPF | OBT",2010,2023,14,9,0.642857142857143,9.60382890620094e-07,0.256963733694957,0.571267333866227,1.43226345943918,0.731868131868132,NA,31.2839585760367,31.2839585760367,7.89299240581117,TRUE,"MPF","OBT"
"MPF | OBT",2011,2023,13,8,0.615384615384615,1.28345605793179e-06,0.498176689920258,0.285095611377803,1.43226345943918,0.681318681318681,NA,24.4744435401876,24.4744435401876,1.9128013115393,TRUE,"MPF","OBT"
"MPF | OBT",2012,2023,12,7,NA,NA,NA,NA,NA,NA,NA,NA,NA,NA,FALSE,"MPF","OBT"
"MPF | OBT",2013,2023,11,6,NA,NA,NA,NA,NA,NA,NA,NA,NA,NA,FALSE,"MPF","OBT"
"MPF | OBT",2014,2023,10,5,NA,NA,NA,NA,NA,NA,NA,NA,NA,NA,FALSE,"MPF","OBT"
"MPF | OBT",2015,2023,9,4,NA,NA,NA,NA,NA,NA,NA,NA,NA,NA,FALSE,"MPF","OBT"
"MPF | OBT",2016,2023,8,3,NA,NA,NA,NA,NA,NA,NA,NA,NA,NA,FALSE,"MPF","OBT"
"MPF | PS",1971,2023,53,48,0.905660377358491,-1.69986205097857e-06,0.552011606747559,1.38108636500051,11.1634626326292,0.24979841960974,0,56.2489920980487,50.3897220878353,11.1766277992305,TRUE,"MPF","PS"
"MPF | PS",1972,2023,52,47,0.903846153846154,-2.10447682915334e-07,0.940064506801672,1.36769989307562,7.76649033900751,0.227610347477162,0,56.1380517373858,56.1380517373858,11.319169053003,TRUE,"MPF","PS"
"MPF | PS",1973,2023,51,46,0.901960784313726,1.43819690216948e-06,0.617275216314312,1.27510319200605,7.76649033900751,0.192398190045249,0,55.9619909502263,37.7135156403699,9.76844217966632,TRUE,"MPF","PS"
"MPF | PS",1974,2023,50,45,0.9,3.24630595432586e-06,0.26616214575146,1.10636669491133,7.76649033900751,0.154477791116447,0,55.7723889555822,37.1815926370548,13.09356670194,TRUE,"MPF","PS"
"MPF | PS",1975,2023,49,44,0.897959183673469,4.77089330432002e-06,0.0944225065491248,1.09704324714543,7.31355589582731,0.115510204081633,0,55.5775510204082,42.9462894248609,17.1172994675624,TRUE,"MPF","PS"
"MPF | PS",1976,2023,48,43,0.895833333333333,5.2227283833373e-06,0.0559348425810054,1.09401019872949,5.8960131311747,0.103343465045593,0,55.516717325228,49.0612850781084,19.1740765989638,TRUE,"MPF","PS"
"MPF | PS",1977,2023,47,42,0.893617021276596,5.12113417313182e-06,0.0540408484118779,1.09492134272662,5.32946431561169,0.11713691026827,0,55.5856845513414,48.9683411523721,18.757500623205,TRUE,"MPF","PS"
"MPF | PS",1978,2023,46,41,0.891304347826087,4.5093645404171e-06,0.0923686206619119,1.10343296413096,5.32946431561169,0.162997224791859,0,55.8149861239593,49.0082804990862,18.4300314269899,TRUE,"MPF","PS"
"MPF | PS",1979,2023,45,40,0.888888888888889,4.63345727408418e-06,0.0780131092614062,1.10212072647201,5.32946431561169,0.165612648221344,0,55.8280632411067,48.8495553359684,18.0145456539752,TRUE,"MPF","PS"
"MPF | PS",1980,2023,44,39,0.886363636363636,4.54139728127198e-06,0.0761489308564734,1.10307565160981,5.32946431561169,0.188865398167724,0,55.9443269908386,48.7719773766285,17.6395798715236,TRUE,"MPF","PS"
"MPF | PS",1981,2023,43,38,0.883720930232558,4.49695880780243e-06,0.0681609402665538,1.10350894144075,4.76290183497563,0.209151313802477,1.70338500685748e-11,56.0457565690124,48.671314915195,17.1940050215212,TRUE,"MPF","PS"
"MPF | PS",1982,2023,42,37,0.880952380952381,4.18643236669796e-06,0.0814125233597804,1.10721456968873,4.54846994625033,0.230046187505064,3.31711823605476e-11,56.1502309375253,48.5623618919138,16.7541415415392,TRUE,"MPF","PS"
"MPF | PS",1983,2023,41,36,0.878048780487805,3.97434479334841e-06,0.0884447714015493,1.10982714087026,4.27365633598324,0.253658536585366,0,56.2682926829268,48.4532520325203,16.2980824016468,TRUE,"MPF","PS"
"MPF | PS",1984,2023,40,35,0.875,3.8499889059517e-06,0.0934543410737077,1.11177162884954,4.27365633598324,0.287429643527204,0,56.437148217636,48.3746984722595,15.8348158397103,TRUE,"MPF","PS"
"MPF | PS",1985,2023,39,34,0.871794871794872,3.29765399174831e-06,0.153539457811799,1.12239135586067,4.27365633598324,0.279554655870445,3.47663853532703e-10,56.3977732793522,48.1039830912122,12.6550478593804,TRUE,"MPF","PS"
"MPF | PS",1986,2023,38,33,0.868421052631579,3.12816520106931e-06,0.170549633129379,1.1254466440802,4.27365633598324,0.302330670751723,6.95327707065407e-10,56.5116533537586,47.9492816334922,12.1304487012003,TRUE,"MPF","PS"
"MPF | PS",1987,2023,37,32,0.864864864864865,2.40441124588045e-06,0.297764636541337,1.13919855360844,4.27365633598324,0.328117591275486,0,56.6405879563774,47.7904960881935,8.95477069313425,TRUE,"MPF","PS"
"MPF | PS",1988,2023,36,31,0.861111111111111,1.49730769249951e-06,0.504046774573538,1.1513102995556,3.71246914034908,0.363963963963964,0,56.8198198198198,47.655332752107,8.40770324350734,TRUE,"MPF","PS"
"MPF | PS",1989,2023,35,30,0.857142857142857,-6.54796689209639e-07,0.78983501125726,1.18107022119376,3.41029141962298,0.382913165266106,2.86039263000655e-07,56.9145658263305,56.9145658263305,14.4978563869992,TRUE,"MPF","PS"
"MPF | PS",1990,2023,34,29,0.852941176470588,-1.66626696290276e-06,0.488887499110565,1.19357526608082,2.98258266859217,0.411459129106188,3.15906842009047e-06,57.0572956455309,47.2198308790601,15.4377569088272,TRUE,"MPF","PS"
"MPF | PS",1991,2023,33,28,0.848484848484849,-5.67710837623521e-06,0.0449152985863504,1.22948876365343,2.98258266859217,0.45822192513369,0,84.4309323730571,84.4309323730571,53.5917119445866,TRUE,"MPF","PS"
"MPF | PS",1992,2023,32,27,0.84375,-5.28047405388189e-06,0.0559314525898045,1.22450250164962,2.98258266859217,0.440982404692082,0,82.4169078202446,67.1545174831623,42.150341239721,TRUE,"MPF","PS"
"MPF | PS",1993,2023,31,26,0.838709677419355,-5.8692255996377e-06,0.0253542224473702,1.23026580875752,2.76996827471835,0.414516129032258,0.000100597437942133,87.6355917168715,70.7825933097808,44.0537487024578,TRUE,"MPF","PS"
"MPF | PS",1994,2023,30,25,0.833333333333333,-6.33980525600028e-06,0.0111876650609124,1.23551164324004,2.56337707000381,0.462958843159066,8.04779503552793e-06,90.3569528301357,72.2855622641085,35.9804618509117,TRUE,"MPF","PS"
"MPF | PS",1995,2023,29,24,0.827586206896552,-6.78403393528539e-06,0.00455495749936199,1.24116157249996,2.54528985184748,0.452709359605911,0,91.4664292356412,72.4109231448826,36.0714143097759,TRUE,"MPF","PS"
"MPF | PS",1996,2023,28,23,0.821428571428571,-7.45545074749278e-06,0.00092255221733885,1.24944649091212,2.54528985184748,0.422550629447181,0,91.9513065092016,71.9618920506795,34.7934911113543,TRUE,"MPF","PS"
"MPF | PS",1997,2023,27,22,0.814814814814815,-6.79014036068894e-06,0.00277702226677767,1.20823330742172,2.4734572146665,0.478021978021978,7.27828308570325e-06,91.9041309934238,91.9041309934238,42.6495080852315,TRUE,"MPF","PS"
"MPF | PS",1998,2023,26,21,0.807692307692308,-6.03326963880791e-06,0.00792014862270893,1.12478765205744,2.26609182856362,0.532307692307692,0.000160122227878631,91.2755124525644,91.2755124525644,40.543362751593,TRUE,"MPF","PS"
"MPF | PS",1999,2023,25,20,0.8,-5.4599626534965e-06,0.0146992072085727,1.11352426593235,2.15098915998162,0.604615384615385,0,90.4507156615767,90.4507156615767,38.7607260371239,TRUE,"MPF","PS"
"MPF | PS",2000,2023,24,19,0.791666666666667,-5.53409512323e-06,0.00964043734062447,1.11472745140582,2.15098915998162,0.606086956521739,0,90.5100249146661,90.5100249146661,37.0674153180213,TRUE,"MPF","PS"
"MPF | PS",2001,2023,23,18,0.782608695652174,-4.93900090760869e-06,0.0212717723957283,1.04170877271135,2.15098915998162,0.66699604743083,0.0250178630953836,87.945753401235,87.945753401235,34.4001259249206,TRUE,"MPF","PS"
"MPF | PS",2002,2023,22,17,0.772727272727273,-4.22206264686473e-06,0.0377545607538544,1.02563972750209,2.00087302369759,0.654432523997741,0.20344373881452,84.1651144880642,84.1651144880642,31.3151198806376,TRUE,"MPF","PS"
"MPF | PS",2003,2023,21,16,0.761904761904762,-3.8442931202429e-06,0.0399037031480526,1.0193562107957,1.80666879939488,0.650649350649351,0.383450645751538,80.0034064475064,80.0034064475064,27.828026781327,TRUE,"MPF","PS"
"MPF | PS",2004,2023,20,15,0.75,-3.81138489371811e-06,0.0379101922905362,1.01846918286169,1.80666879939488,0.675187969924812,0.397730583521594,79.6416306106158,79.6416306106158,25.830162095363,TRUE,"MPF","PS"
"MPF | PS",2005,2023,19,14,0.736842105263158,-3.83588628157494e-06,0.0371738941086378,1.01934551685288,1.80666879939488,0.7,0.603433868003424,79.0612096094906,79.0612096094906,23.9693474359405,TRUE,"MPF","PS"
"MPF | PS",2006,2023,18,13,0.722222222222222,-3.60398353255843e-06,0.029714343786376,1.01415673918048,1.76469350749098,0.717234262125903,0.629410060521668,78.9411805654121,48.5791880402536,13.6400736067064,TRUE,"MPF","PS"
"MPF | PS",2007,2023,17,12,0.705882352941177,-3.19808913069311e-06,0.0254010016084086,1.00403909940814,1.59931797749166,0.718137254901961,0.597511943144027,76.0279804253551,76.0279804253551,19.4144473974329,TRUE,"MPF","PS"
"MPF | PS",2008,2023,16,11,0.6875,-2.90633546194593e-06,0.0225114388179428,0.994056691430452,1.43226345943918,0.720588235294118,0.51057968384813,72.4105111179778,72.4105111179778,15.2079254182646,TRUE,"MPF","PS"
"MPF | PS",2009,2023,15,10,0.666666666666667,-3.05655516240524e-06,0.0221122020718032,0.98163068932212,1.43226345943918,0.717857142857143,0.716195049527954,71.3848687108674,71.3848687108674,12.4492336347015,TRUE,"MPF","PS"
"MPF | PS",2010,2023,14,9,0.642857142857143,-3.23116746446238e-06,0.0215830565202622,0.967489539375664,1.43226345943918,0.70989010989011,NA,70.3214776852894,31.2539900823509,4.13623580921048,TRUE,"MPF","PS"
"MPF | PS",2011,2023,13,8,0.615384615384615,-3.07054955012716e-06,0.0358642420026673,0.951672829829783,1.43226345943918,0.697802197802198,NA,66.612163141178,66.612163141178,6.15083452963581,TRUE,"MPF","PS"
"MPF | PS",2012,2023,12,7,NA,NA,NA,NA,NA,NA,NA,NA,NA,NA,FALSE,"MPF","PS"
"MPF | PS",2013,2023,11,6,NA,NA,NA,NA,NA,NA,NA,NA,NA,NA,FALSE,"MPF","PS"
"MPF | PS",2014,2023,10,5,NA,NA,NA,NA,NA,NA,NA,NA,NA,NA,FALSE,"MPF","PS"
"MPF | PS",2015,2023,9,4,NA,NA,NA,NA,NA,NA,NA,NA,NA,NA,FALSE,"MPF","PS"
"MPF | PS",2016,2023,8,3,NA,NA,NA,NA,NA,NA,NA,NA,NA,NA,FALSE,"MPF","PS"
"MPF | PT",1971,2023,53,48,0.905660377358491,3.92017783507447e-06,0.346728559468699,0.855149902670336,11.1634626326292,0.302612481857765,0,53.6160604626955,48.0310541644981,15.4738901558661,TRUE,"MPF","PT"
"MPF | PT",1972,2023,52,47,0.903846153846154,6.42760013080678e-06,0.110925468788651,0.849513495684679,7.76649033900751,0.316742081447964,0,53.5739803209334,47.8746207123235,17.4699604029438,TRUE,"MPF","PT"
"MPF | PT",1973,2023,51,46,0.901960784313726,6.67714481104402e-06,0.0897328221679548,0.848669342242191,7.76649033900751,0.317466063348416,0,53.5607171615859,41.9170829960237,15.0330982722224,TRUE,"MPF","PT"
"MPF | PT",1974,2023,50,45,0.9,6.42854265389792e-06,0.0938127692203813,0.849572998676909,7.76649033900751,0.311692677070828,0,53.5499233588923,41.6499403902496,14.6671036379456,TRUE,"MPF","PT"
"MPF | PT",1975,2023,49,44,0.897959183673469,6.88153234566339e-06,0.0616054975729981,0.848168238066994,7.31355589582731,0.316326530612245,0,53.5449974144011,47.4603386173101,16.4836660377288,TRUE,"MPF","PT"
"MPF | PT",1976,2023,48,43,0.895833333333333,8.85597382098934e-06,0.0127528714302331,0.842777956394993,5.8960131311747,0.343356491532783,0,53.5723415855638,53.5723415855638,20.8811529224342,TRUE,"MPF","PT"
"MPF | PT",1977,2023,47,42,0.893617021276596,8.59966435920152e-06,0.0130024181171077,0.843861224134243,5.32946431561169,0.34077243293247,0,53.5810866473472,53.5810866473472,20.5244295095123,TRUE,"MPF","PT"
"MPF | PT",1978,2023,46,41,0.891304347826087,7.81231380187829e-06,0.026107656442651,0.849542541587585,5.32946431561169,0.343077397471477,0,53.7062378191091,53.7062378191091,20.1967430963024,TRUE,"MPF","PT"
"MPF | PT",1979,2023,45,40,0.888888888888889,7.54399943765511e-06,0.0291742974579565,0.850969318582562,5.32946431561169,0.34163372859025,0,53.7275550146025,53.7275550146025,19.8134350667132,TRUE,"MPF","PT"
"MPF | PT",1980,2023,44,39,0.886363636363636,7.14497568345259e-06,0.0347182893514839,0.85297413044791,5.32946431561169,0.3446088794926,0,53.7825270064212,46.8873312363672,16.9350112837281,TRUE,"MPF","PT"
"MPF | PT",1981,2023,43,38,0.883720930232558,7.41522198158104e-06,0.0223708834201095,0.851850383325637,4.76290183497563,0.345061914829357,1.70338500685748e-11,53.7623172406595,39.6143390194333,13.9944676902849,TRUE,"MPF","PT"
"MPF | PT",1982,2023,42,37,0.880952380952381,7.81080174550279e-06,0.0125902900091394,0.850049196490361,4.54846994625033,0.353050806255571,3.31711823605476e-11,53.7662379610851,46.500530128506,16.1269744846818,TRUE,"MPF","PT"
"MPF | PT",1983,2023,41,36,0.878048780487805,8.52512847226581e-06,0.00460822422063605,0.846868309227206,4.27365633598324,0.359233449477352,0,53.7335334319309,53.7335334319309,18.1359242987629,TRUE,"MPF","PT"
"MPF | PT",1984,2023,40,35,0.875,8.77167914624359e-06,0.00282235376454047,0.845404329302953,4.27365633598324,0.354596622889306,0,53.6810697005056,53.6810697005056,17.7663904873223,TRUE,"MPF","PT"
"MPF | PT",1985,2023,39,34,0.871794871794872,9.04432049891003e-06,0.00154755251938925,0.843764653738189,4.27365633598324,0.346558704453441,3.47663853532703e-10,53.608086597031,53.608086597031,21.9377809597241,TRUE,"MPF","PT"
"MPF | PT",1986,2023,38,33,0.868421052631579,9.44475369921382e-06,0.000698981817515663,0.841246118252564,4.27365633598324,0.328372907320276,6.95327707065407e-10,53.4667869016527,53.4667869016527,21.3232847418979,TRUE,"MPF","PT"
"MPF | PT",1987,2023,37,32,0.864864864864865,8.9219054806998e-06,0.00127597894252809,0.846324397083375,4.27365633598324,0.345424371740161,0,53.6536098003683,53.6536098003683,20.9347612453081,TRUE,"MPF","PT"
"MPF | PT",1988,2023,36,31,0.861111111111111,7.88603782310542e-06,0.00405884476461484,0.854796595743668,3.71246914034908,0.36988416988417,0,53.9453527642942,53.9453527642942,20.3064121537241,TRUE,"MPF","PT"
"MPF | PT",1989,2023,35,30,0.857142857142857,6.94655926660547e-06,0.0117659234191446,0.863744635423023,3.41029141962298,0.338375350140056,2.86039263000655e-07,53.9667694591607,53.9667694591607,19.8049477761238,TRUE,"MPF","PT"
"MPF | PT",1990,2023,34,29,0.852941176470588,6.0800100588184e-06,0.0274123844385491,0.871945210543468,2.98258266859217,0.298701298701299,3.15906842009047e-06,53.9324107043759,53.9324107043759,23.2769494992636,TRUE,"MPF","PT"
"MPF | PT",1991,2023,33,28,0.848484848484849,5.44755281367162e-06,0.0512963332756602,0.879817379947174,2.98258266859217,0.304144385026738,0,54.1170695240772,54.1170695240772,22.850405492228,TRUE,"MPF","PT"
"MPF | PT",1992,2023,32,27,0.84375,5.45686914784699e-06,0.0430596705305112,0.879743597132213,2.98258266859217,0.325513196480938,0,54.222437925049,54.222437925049,22.3537334729375,TRUE,"MPF","PT"
"MPF | PT",1993,2023,31,26,0.838709677419355,5.61436589956857e-06,0.0286901748673731,0.878544705545364,2.76996827471835,0.339516129032258,0.000100597437942133,54.2684747560686,54.2684747560686,21.7935730881443,TRUE,"MPF","PT"
"MPF | PT",1994,2023,30,25,0.833333333333333,5.8482705960804e-06,0.0169594686533743,0.876572178398288,2.56337707000381,0.32769744160178,8.04779503552793e-06,54.1699307759747,54.1699307759747,21.2321860292079,TRUE,"MPF","PT"
"MPF | PT",1995,2023,29,24,0.827586206896552,6.08030539331895e-06,0.00978010528528595,0.874334614205898,2.54528985184748,0.323645320197044,0,54.1049188851032,54.1049188851032,20.4440411172317,TRUE,"MPF","PT"
"MPF | PT",1996,2023,28,23,0.821428571428571,5.52290323846133e-06,0.0187903372801833,0.883007782173667,2.54528985184748,0.373289545703339,0,54.52660337199,54.52660337199,19.8837767416453,TRUE,"MPF","PT"
"MPF | PT",1997,2023,27,22,0.814814814814815,5.12046762835851e-06,0.0232027958563823,0.887852314056349,2.4734572146665,0.423076923076923,7.27828308570325e-06,54.8724308965116,54.8724308965116,19.3491796015954,TRUE,"MPF","PT"
"MPF | PT",1998,2023,26,21,0.807692307692308,4.93436979513076e-06,0.0197663642818454,0.890020290261817,2.26609182856362,0.46051282051282,0.000160122227878631,55.1029699078004,41.983215167848,14.3022871326044,TRUE,"MPF","PT"
"MPF | PT",1999,2023,25,20,0.8,5.23891580355113e-06,0.00809854775242915,0.886369209135278,2.15098915998162,0.463076923076923,0,55.0427687980902,27.5213843990451,9.05562853273951,TRUE,"MPF","PT"
"MPF | PT",2000,2023,24,19,0.791666666666667,5.63940074686888e-06,0.00246964571525722,0.880941117876259,2.15098915998162,0.474782608695652,0,54.1594020676701,39.9069278393359,14.7809605736529,TRUE,"MPF","PT"
"MPF | PT",2001,2023,23,18,0.782608695652174,6.33445044659745e-06,0.000133713745664196,0.872590215463088,2.15098915998162,0.475296442687747,0.000163515445066909,53.1616198560338,53.1616198560338,26.5130680004553,TRUE,"MPF","PT"
"MPF | PT",2002,2023,22,17,0.772727272727273,5.71476113369011e-06,0.000505034892554396,0.890164495456158,2.00087302369759,0.403726708074534,0.0003270308901347,52.3219234494958,52.3219234494958,14.6842305285344,TRUE,"MPF","PT"
"MPF | PT",2003,2023,21,16,0.761904761904762,5.10805189302988e-06,0.00217677722598065,0.910551461020628,1.80666879939488,0.316883116883117,6.60002487726968e-05,48.528752549997,48.528752549997,11.9357617161827,TRUE,"MPF","PT"
"MPF | PT",2004,2023,20,15,0.75,5.34882697854051e-06,0.00605623200524746,0.790181125654486,1.80666879939488,0.210526315789474,0.0010560039803624,44.7562285038727,44.7562285038727,19.3460971957163,TRUE,"MPF","PT"
"MPF | PT",2005,2023,19,14,0.736842105263158,5.58734868542477e-06,0.0121838945864977,0.728274403503023,1.80666879939488,0.0789473684210526,0.0507679474015389,42.026865990668,42.026865990668,17.2019828713922,TRUE,"MPF","PT"
"MPF | PT",2006,2023,18,13,0.722222222222222,4.63637355202718e-06,0.0481243251000226,0.684890751779517,1.76469350749098,-0.0835913312693498,0.0942833308885728,38.834877796642,38.834877796642,15.0540395545172,TRUE,"MPF","PT"
"MPF | PT",2007,2023,17,12,0.705882352941177,3.68754428495021e-06,0.0847367348230822,0.695422152696302,1.59931797749166,-0.102941176470588,0.265899602173033,35.2762066038899,35.2762066038899,12.9379128452989,TRUE,"MPF","PT"
"MPF | PT",2008,2023,16,11,0.6875,3.10669752170069e-06,0.11452033505934,0.703666803902837,1.43226345943918,-0.114705882352941,0.011034317599137,31.3657445723302,31.3657445723302,18.6270581277989,TRUE,"MPF","PT"
"MPF | PT",2009,2023,15,10,0.666666666666667,3.39657930422168e-06,0.104877360676152,0.713688458794149,1.43226345943918,-0.125,0.0396822835963147,30.6813737485878,30.6813737485878,18.019157469278,TRUE,"MPF","PT"
"MPF | PT",2010,2023,14,9,0.642857142857143,4.22283371259677e-06,0.0660683330424654,0.733766357818321,1.43226345943918,-0.173626373626374,NA,30.0064665276061,30.0064665276061,17.0340280520106,TRUE,"MPF","PT"
"MPF | PT",2011,2023,13,8,0.615384615384615,3.91781923980081e-06,0.108059599101448,0.747358589691203,1.43226345943918,-0.181318681318681,NA,29.4065162932688,29.4065162932688,6.12871385246732,TRUE,"MPF","PT"
"MPF | PT",2012,2023,12,7,NA,NA,NA,NA,NA,NA,NA,NA,NA,NA,FALSE,"MPF","PT"
"MPF | PT",2013,2023,11,6,NA,NA,NA,NA,NA,NA,NA,NA,NA,NA,FALSE,"MPF","PT"
"MPF | PT",2014,2023,10,5,NA,NA,NA,NA,NA,NA,NA,NA,NA,NA,FALSE,"MPF","PT"
"MPF | PT",2015,2023,9,4,NA,NA,NA,NA,NA,NA,NA,NA,NA,NA,FALSE,"MPF","PT"
"MPF | PT",2016,2023,8,3,NA,NA,NA,NA,NA,NA,NA,NA,NA,NA,FALSE,"MPF","PT"
"NTU | AFN",2016,2023,8,3,NA,NA,NA,NA,NA,NA,NA,NA,NA,NA,FALSE,"NTU","AFN"
"NTU | APS",1972,2023,52,35,0.875,-1.0862792642159e-05,0.0119782143441568,2.57999063299348,31.2112749190312,0.169332520473352,0.000424675691275853,88.7504750921393,63.3931964943852,22.6194256479756,TRUE,"NTU","APS"
"NTU | APS",1973,2023,51,34,0.871794871794872,-8.06789183090992e-06,0.0336516191494379,2.51698219975151,11.595945658425,0.111139227836043,0.00157432895788439,84.6666627880286,72.2156829662597,24.1404004949957,TRUE,"NTU","APS"
"NTU | APS",1974,2023,50,33,0.868421052631579,-6.4890887739785e-06,0.0798553650709823,2.45550136920542,8.49111426084175,0.110083711933662,0.00753794385055545,76.5757296722464,64.9733463885727,24.9350616066544,TRUE,"NTU","APS"
"NTU | APS",1975,2023,49,32,0.864864864864865,-5.50669538064425e-06,0.148012715557142,2.38876472214986,8.49111426084175,0.045045045045045,0.0106500082960052,64.3230000027254,54.2725312522996,20.0364482810852,TRUE,"NTU","APS"
"NTU | APS",1978,2023,46,31,0.861111111111111,-4.42800813456129e-06,0.257982652646386,2.32465801822828,8.49111426084175,-0.0321750321750322,0.0400346546440098,54.8391248391248,45.9941047037821,13.0938616404607,TRUE,"NTU","APS"
"NTU | APS",1982,2023,42,30,0.857142857142857,-3.4876077299931e-06,0.398525456521552,2.14631792553227,8.49111426084175,-0.123249299719888,0.21390782451681,54.3837535014006,45.3197945845005,12.3000352811312,TRUE,"NTU","APS"
"NTU | APS",1983,2023,41,29,0.852941176470588,-1.47062077407723e-06,0.725267302235468,1.9479173513557,8.49111426084175,-0.225362872421696,0.250127842652631,53.8731856378915,35.2962250731013,11.2422513823043,TRUE,"NTU","APS"
"NTU | APS",1984,2023,40,28,0.848484848484849,1.97185122957047e-07,0.962461786211611,1.90441476704203,8.49111426084175,-0.211898395721925,0.505911141297731,53.9405080213904,34.6760408708938,5.13708998975891,TRUE,"NTU","APS"
"NTU | APS",1985,2023,39,27,0.84375,1.18622522304441e-06,0.774910818369568,1.87722974367599,8.49111426084175,-0.19024926686217,0.149748212798867,54.0487536656892,34.030696752471,4.57449704764694,TRUE,"NTU","APS"
"NTU | APS",1987,2023,37,26,0.838709677419355,1.56091874067854e-06,0.708125549759879,1.86176185531053,8.49111426084175,-0.187096774193548,0.310372211882407,54.0645161290323,33.2704714640198,4.06947558363376,TRUE,"NTU","APS"
"NTU | APS",1988,2023,36,25,0.833333333333333,3.83189151563908e-06,0.363288374198654,1.79231208318439,8.49111426084175,-0.265406006674082,0.118152042607593,53.6729699666296,32.2037819799778,5.43633765235235,TRUE,"NTU","APS"
"NTU | APS",1989,2023,35,24,0.827586206896552,6.23852243294623e-06,0.0877433363630658,1.75998631927394,6.56646169505095,-0.293103448275862,0.238068588240429,53.5344827586207,31.2284482758621,4.95128299001642,TRUE,"NTU","APS"
"NTU | APS",1990,2023,34,23,0.821428571428571,6.51547649705667e-06,0.0398060803297371,1.75513052350067,5.66074284056118,-0.322933771209633,0.0662503939739192,53.3853311439518,30.1743176031032,4.44567734215583,TRUE,"NTU","APS"
"NTU | APS",1991,2023,33,22,0.814814814814815,5.56088919944003e-06,0.0465909706279869,1.77751758751589,3.47631501236752,-0.373015873015873,0.024008725091017,53.1349206349206,41.0588023088023,8.68819142316546,TRUE,"NTU","APS"
"NTU | APS",1992,2023,32,21,0.807692307692308,5.55331151597398e-06,0.0516219750799794,1.77646192389382,3.47631501236752,-0.370940170940171,0.139863350630384,53.1452991452991,40.4916564916565,7.77817711971816,TRUE,"NTU","APS"
"NTU | APS",1993,2023,31,20,0.8,6.00123548990891e-06,0.050374596983853,1.72206212220593,3.47631501236752,-0.352307692307692,0.0623341568904643,53.2384615384615,39.9288461538462,6.92700732175648,TRUE,"NTU","APS"
"NTU | APS",1994,2023,30,19,0.791666666666667,6.58331194524889e-06,0.0443826640410935,1.67370185925898,3.47631501236752,-0.331304347826087,0.0426414811716333,52.5101449275362,38.6916857360793,5.96669275565539,TRUE,"NTU","APS"
"NTU | APS",1995,2023,29,18,0.782608695652174,6.92802233456631e-06,0.0438358161298966,1.64023994122897,3.47631501236752,-0.319169960474308,0.0250178630953836,51.7374835309618,37.3659603279169,1.86485628556549,TRUE,"NTU","APS"
"NTU | APS",1996,2023,28,17,0.772727272727273,7.8979856407684e-06,0.0375334673699368,1.70447824673445,3.47631501236752,-0.281761716544325,0.073659087757306,51.0911914172784,36.0643704121965,0.334890007663502,TRUE,"NTU","APS"
"NTU | APS",1997,2023,27,16,0.761904761904762,1.03219257216715e-05,0.0208464490107092,1.79888110526125,3.47631501236752,-0.238961038961039,0.113145778504486,50.4718614718615,34.6994047619048,3.32837116709699,TRUE,"NTU","APS"
"NTU | APS",1999,2023,25,15,0.75,2.12511963244474e-05,0.000354882720258851,1.04735816688075,3.47631501236752,-0.184962406015038,0.0010560039803624,49.9085213032581,33.2723475355054,2.38898681777721,TRUE,"NTU","APS"
"NTU | APS",2000,2023,24,14,0.736842105263158,2.1463281590843e-05,0.000588666494719604,1.05877794169826,3.47631501236752,-0.156140350877193,0.0507679474015389,49.219298245614,31.640977443609,3.67923089426004,TRUE,"NTU","APS"
"NTU | APS",2001,2023,23,13,0.722222222222222,2.17234823841084e-05,0.000982947737362016,1.07277234868103,3.47631501236752,-0.106295149638803,0.0507679474015389,48.6351909184727,29.9293482575216,2.64229660430029,TRUE,"NTU","APS"
"NTU | APS",2002,2023,22,12,0.705882352941177,2.17115232558517e-05,0.00164531387740984,1.07339160781239,3.47631501236752,-0.0882352941176471,0.00551715879956851,47.8921568627451,27.937091503268,5.80284256440502,TRUE,"NTU","APS"
"NTU | APS",2005,2023,19,11,0.6875,2.20940872348054e-05,0.00280219602232921,1.09442394860435,3.47631501236752,-0.00294117647058824,0.011034317599137,47.4852941176471,25.9010695187166,4.58699121619045,TRUE,"NTU","APS"
"NTU | APS",2006,2023,18,10,0.666666666666667,2.28511962326163e-05,0.00639734923273746,1.07512584514517,3.47631501236752,-0.142857142857143,0.0396822835963147,45.952380952381,22.9761904761905,6.66229461636552,TRUE,"NTU","APS"
"NTU | APS",2007,2023,17,9,0.642857142857143,2.29005990217794e-05,0.0167535718320044,0.95197628458498,3.47631501236752,-0.323076923076923,NA,43.2574744096483,19.2255441820659,4.85063531387203,TRUE,"NTU","APS"
"NTU | APS",2008,2023,16,8,0.615384615384615,2.09277891684314e-05,0.0390691919450578,0.990477169624613,3.30283714889204,-0.32967032967033,NA,43.1611917441406,16.1854469040527,8.99537337552161,TRUE,"NTU","APS"
"NTU | APS",2009,2023,15,7,NA,NA,NA,NA,NA,NA,NA,NA,NA,NA,FALSE,"NTU","APS"
"NTU | APS",2010,2023,14,6,NA,NA,NA,NA,NA,NA,NA,NA,NA,NA,FALSE,"NTU","APS"
"NTU | APS",2011,2023,13,5,NA,NA,NA,NA,NA,NA,NA,NA,NA,NA,FALSE,"NTU","APS"
"NTU | APS",2012,2023,12,4,NA,NA,NA,NA,NA,NA,NA,NA,NA,NA,FALSE,"NTU","APS"
"NTU | APS",2016,2023,8,3,NA,NA,NA,NA,NA,NA,NA,NA,NA,NA,FALSE,"NTU","APS"
"NTU | GN",1972,2023,52,47,0.903846153846154,6.13604512686682e-06,0.123250075000108,1.42633199925634,31.2112749190312,0.293690770938274,2.78492637235338e-06,56.4684538546914,38.4466068797899,9.57314810295259,TRUE,"NTU","GN"
"NTU | GN",1973,2023,51,46,0.901960784313726,7.06627246982152e-06,0.0445217477839925,1.42032048864015,11.595945658425,0.299276018099547,8.10245988368691e-06,56.4963800904977,31.93273657289,8.90742802126859,TRUE,"NTU","GN"
"NTU | GN",1974,2023,50,45,0.9,7.26645868161641e-06,0.0318443257009742,1.41792091686428,11.4493797748435,0.306026410564226,1.25989707858163e-05,56.5301320528211,31.405628918234,7.02870427007425,TRUE,"NTU","GN"
"NTU | GN",1975,2023,49,44,0.897959183673469,7.78714701216596e-06,0.0210644203553488,1.40842004454004,11.4493797748435,0.299285714285714,3.56836066769964e-05,56.4964285714286,24.3961850649351,6.35817056529418,TRUE,"NTU","GN"
"NTU | GN",1976,2023,48,43,0.895833333333333,7.90085714847559e-06,0.0187492415124749,1.40592851037268,11.4493797748435,0.306448111159357,0.000320350259274942,56.5322405557968,23.6646588373103,5.91672789762407,TRUE,"NTU","GN"
"NTU | GN",1977,2023,47,42,0.893617021276596,7.94919094844979e-06,0.0190850898322188,1.40370363463143,11.4493797748435,0.314061054579093,0.000149606325472416,56.5703052728955,22.8975045152196,6.50769925946902,TRUE,"NTU","GN"
"NTU | GN",1978,2023,46,41,0.891304347826087,7.93956143132425e-06,0.0240340364399868,1.42474843532756,11.4493797748435,0.320752389762565,2.50869869770894e-05,56.6037619488128,22.0892729556343,4.10858180804927,TRUE,"NTU","GN"
"NTU | GN",1979,2023,45,40,0.888888888888889,7.83912321979439e-06,0.0367742072801718,1.4474747867737,11.4493797748435,0.381422924901186,5.08845819080677e-06,56.9071146245059,21.3401679841897,3.76939490426127,TRUE,"NTU","GN"
"NTU | GN",1980,2023,44,39,0.886363636363636,6.19722955747253e-06,0.105835177224793,1.47676019163066,11.4493797748435,0.392529950669486,8.22089500377629e-07,56.9626497533474,27.7510344952205,5.93923416644236,TRUE,"NTU","GN"
"NTU | GN",1981,2023,43,38,0.883720930232558,5.57073888676648e-06,0.123981647207263,1.48414091449036,10.7067131839092,0.390063424947146,1.87814061298402e-06,56.9503171247357,34.4699287860243,7.11894445857435,TRUE,"NTU","GN"
"NTU | GN",1982,2023,42,37,0.880952380952381,5.00609160867214e-06,0.140175969555039,1.49113317686706,8.49111426084175,0.370391378332388,4.17633526263646e-05,56.8519568916619,41.4865631371587,8.11750965270351,TRUE,"NTU","GN"
"NTU | GN",1983,2023,41,36,0.878048780487805,4.6535522668678e-06,0.155690833465417,1.49722545575411,8.49111426084175,0.355226480836237,5.08857438702221e-05,56.7761324041812,41.0049845141309,7.59163255661552,TRUE,"NTU","GN"
"NTU | GN",1984,2023,40,35,0.875,3.93229650630745e-06,0.223240949723373,1.51289512208346,8.49111426084175,0.330956848030019,0.00046973267250343,56.6547842401501,32.3741624229429,3.74179977782644,TRUE,"NTU","GN"
"NTU | GN",1985,2023,39,34,0.871794871794872,2.55777892025693e-06,0.451500571983148,1.55289090304949,8.49111426084175,0.285627530364372,0.00173832093023893,56.4281376518219,31.533371040724,6.43222689506987,TRUE,"NTU","GN"
"NTU | GN",1986,2023,38,33,0.868421052631579,1.91651657492992e-06,0.583631592303471,1.57901686347003,8.49111426084175,0.252653463179779,0.00025316844971691,56.2632673158989,30.6890548995812,5.91428481281263,TRUE,"NTU","GN"
"NTU | GN",1987,2023,37,32,0.864864864864865,5.16070769733859e-07,0.886112229403689,1.6146545670447,8.49111426084175,0.198909435751541,0.00031264772929939,55.9945471787577,38.4962511853959,4.08018564279458,TRUE,"NTU","GN"
"NTU | GN",1988,2023,36,31,0.861111111111111,-1.26677850397228e-06,0.728565738808574,1.65080437439208,8.49111426084175,0.155984555984556,1.7021740981792e-06,55.7799227799228,28.7896375638311,0.390289621504293,TRUE,"NTU","GN"
"NTU | GN",1989,2023,35,30,0.857142857142857,-6.55899578101921e-06,0.0565643283143887,1.70632671947426,6.56646169505095,0.0907563025210084,0.00017823018383087,80.555024057587,40.2775120287935,8.09043431043303,TRUE,"NTU","GN"
"NTU | GN",1990,2023,34,29,0.852941176470588,-8.36805208434426e-06,0.00579838073262774,1.72922636817515,5.66074284056118,0.0450725744843392,3.15906842009047e-06,89.2106462442118,58.4483544358629,16.8554637573661,TRUE,"NTU","GN"
"NTU | GN",1991,2023,33,28,0.848484848484849,-1.14040935858788e-05,7.68170417423868e-06,1.76710157886245,3.90568808551199,0.00133689839572193,0,90.0053401937481,57.8605758388381,11.3386332522769,TRUE,"NTU","GN"
"NTU | GN",1992,2023,32,27,0.84375,-1.16661790956171e-05,5.00496804712406e-06,1.75470590701379,3.90568808551199,-0.0164956011730205,0.000172471392598326,89.9166461247267,56.6141845970501,10.1346379834226,TRUE,"NTU","GN"
"NTU | GN",1993,2023,31,26,0.838709677419355,-1.17247643823055e-05,6.47194195931487e-06,1.7486255381953,3.90568808551199,-0.0032258064516129,0.00236697421331415,89.982738377899,55.3739928479379,8.95242831498442,TRUE,"NTU","GN"
"NTU | GN",1994,2023,30,25,0.833333333333333,-1.18041458794934e-05,9.46494617082746e-06,1.76294228348937,3.90568808551199,-0.0531701890989989,0.00811344098105314,89.7324926889251,53.8394956133551,7.75288736832313,TRUE,"NTU","GN"
"NTU | GN",1995,2023,29,24,0.827586206896552,-1.18735054144958e-05,1.3213407260307e-05,1.75294063242466,3.90568808551199,-0.0477832512315271,0.0259138132860703,89.7587713975718,52.3592833152502,10.2508223578994,TRUE,"NTU","GN"
"NTU | GN",1996,2023,28,23,0.821428571428571,-1.211126983927e-05,1.59964679025929e-05,1.77673130091654,3.90568808551199,-0.105090311986864,0.151525390969049,89.4717490581827,50.5709885981033,8.82909627854525,TRUE,"NTU","GN"
"NTU | GN",1997,2023,27,22,0.814814814814815,-1.22997365166403e-05,2.07359483271821e-05,1.79867308280194,3.90568808551199,-0.16971916971917,0.58777573726309,89.1477753604469,48.6260592875165,4.33015708397038,TRUE,"NTU","GN"
"NTU | GN",1998,2023,26,21,0.807692307692308,-1.24352234157364e-05,2.88589486654667e-05,1.8179402034584,3.90568808551199,-0.232820512820513,0.400969372439191,88.830847119881,46.5304437294615,11.0900305742005,TRUE,"NTU","GN"
"NTU | GN",1999,2023,25,20,0.8,-1.24717675435865e-05,4.54146410559151e-05,1.82821026055982,3.90568808551199,-0.291538461538462,0.503007717140378,88.5343601301229,44.2671800650615,9.46667286357357,TRUE,"NTU","GN"
"NTU | GN",2000,2023,24,19,0.791666666666667,-1.24769415971372e-05,7.45995138121895e-05,1.82340020131474,3.90568808551199,-0.316521739130435,0.127137216170188,87.5710030560974,41.4810014476251,7.84786963655114,TRUE,"NTU","GN"
"NTU | GN",2001,2023,23,18,0.782608695652174,-1.2753472856802e-05,9.42807553971545e-05,1.79153563084459,3.90568808551199,-0.317193675889328,0.348337810133414,86.7308658216922,38.5470514763077,6.38103534989315,TRUE,"NTU","GN"
"NTU | GN",2002,2023,22,17,0.772727272727273,-1.31986484874118e-05,0.000104988902525203,1.75131557572744,3.90568808551199,-0.307735742518351,0.522082160820345,85.9429482294663,35.3882728003685,4.96147379671678,TRUE,"NTU","GN"
"NTU | GN",2003,2023,21,16,0.761904761904762,-1.3204749022367e-05,0.000181985057253559,1.74312081825269,3.90568808551199,-0.325974025974026,0.42220414109347,85.0049491517772,58.4409025418468,12.2346162859585,TRUE,"NTU","GN"
"NTU | GN",2004,2023,20,15,0.75,-1.32023604896282e-05,0.000314115369892712,1.74171345820942,3.90568808551199,-0.377443609022556,0.43028530985002,83.8911450984893,55.9274300656596,9.91991182829649,TRUE,"NTU","GN"
"NTU | GN",2005,2023,19,14,0.736842105263158,-1.35650233633339e-05,0.00029369671049432,1.76920371189488,3.90568808551199,-0.505263157894737,0.69133351525952,82.4222872861898,52.9857561125506,7.65001865704668,TRUE,"NTU","GN"
"NTU | GN",2006,2023,18,13,0.722222222222222,-1.34122211948234e-05,0.000518432473847126,1.74777599146854,3.90568808551199,-0.525283797729618,0.629410060521668,81.4495219950953,50.1227827662125,5.45613892130677,TRUE,"NTU","GN"
"NTU | GN",2007,2023,17,12,0.705882352941177,-1.31795802169114e-05,0.00106178106243924,1.70750778519657,3.90568808551199,-0.53921568627451,0.597511943144027,80.4514432160339,80.4514432160339,5.83431573549627,TRUE,"NTU","GN"
"NTU | GN",2008,2023,16,11,0.6875,-1.27863685798044e-05,0.00211921333369997,1.66074494639791,3.90568808551199,-0.555882352941176,0.536108668040535,79.3497259018966,79.3497259018966,17.1458519186926,TRUE,"NTU","GN"
"NTU | GN",2009,2023,15,10,0.666666666666667,-1.25543362346584e-05,0.0044724177765956,1.60949507884046,3.90568808551199,-0.546428571428571,0.49796015176996,78.1518506986196,78.1518506986196,13.820210705757,TRUE,"NTU","GN"
"NTU | GN",2010,2023,14,9,0.642857142857143,-1.24228406443724e-05,0.0091116424966657,1.55699946060227,3.90568808551199,-0.525274725274725,NA,76.6124222700432,76.6124222700432,10.4134960674022,TRUE,"NTU","GN"
"NTU | GN",2011,2023,13,8,0.615384615384615,-1.2508452838182e-05,0.0158841576684611,1.52811942369215,3.90568808551199,-0.549450549450549,NA,74.4730196607666,74.4730196607666,6.9298641113244,TRUE,"NTU","GN"
"NTU | GN",2012,2023,12,7,NA,NA,NA,NA,NA,NA,NA,NA,NA,NA,FALSE,"NTU","GN"
"NTU | GN",2013,2023,11,6,NA,NA,NA,NA,NA,NA,NA,NA,NA,NA,FALSE,"NTU","GN"
"NTU | GN",2014,2023,10,5,NA,NA,NA,NA,NA,NA,NA,NA,NA,NA,FALSE,"NTU","GN"
"NTU | GN",2015,2023,9,4,NA,NA,NA,NA,NA,NA,NA,NA,NA,NA,FALSE,"NTU","GN"
"NTU | GN",2016,2023,8,3,NA,NA,NA,NA,NA,NA,NA,NA,NA,NA,FALSE,"NTU","GN"
"NTU | OBT",1979,2000,22,4,NA,NA,NA,NA,NA,NA,NA,NA,NA,NA,FALSE,"NTU","OBT"
"NTU | OBT",1989,2000,12,3,NA,NA,NA,NA,NA,NA,NA,NA,NA,NA,FALSE,"NTU","OBT"
"NTU | OBT",1993,2000,8,2,NA,NA,NA,NA,NA,NA,NA,NA,NA,NA,FALSE,"NTU","OBT"
"NTU | PS",1971,2023,53,48,0.905660377358491,-7.77004903496341e-07,0.82066699452198,1.38108636500051,44.1394467943168,0.424044508950169,8.65727083265852e-08,57.1202225447508,45.2201761812611,10.3965179010306,TRUE,"NTU","PS"
"NTU | PS",1972,2023,52,47,0.903846153846154,1.84705852086596e-06,0.554513041009492,1.36769989307562,31.2112749190312,0.390164774182532,2.78492637235338e-06,56.9508238709127,50.892225586773,10.1463615981058,TRUE,"NTU","PS"
"NTU | PS",1973,2023,51,46,0.901960784313726,5.5118881331982e-06,0.0551551951492485,1.27510319200605,11.595945658425,0.353665158371041,8.10245988368691e-06,56.7683257918552,38.2569152075546,12.3470803340076,TRUE,"NTU","PS"
"NTU | PS",1974,2023,50,45,0.9,7.92120848035939e-06,0.0052551419256826,1.10636669491133,11.4493797748435,0.314093637454982,1.25989707858163e-05,56.5704681872749,37.7136454581833,12.2368353723742,TRUE,"NTU","PS"
"NTU | PS",1975,2023,49,44,0.897959183673469,9.1037465011095e-06,0.00142663314916876,1.09704324714543,11.4493797748435,0.283775510204082,3.56836066769964e-05,56.4188775510204,24.3626971243043,9.1272241862945,TRUE,"NTU","PS"
"NTU | PS",1976,2023,48,43,0.895833333333333,9.39344709825941e-06,0.000929472071030184,1.09401019872949,11.4493797748435,0.283760312635693,0.00015333795524449,56.4188015631785,30.1774985105373,10.950864543529,TRUE,"NTU","PS"
"NTU | PS",1977,2023,47,42,0.893617021276596,9.36476654090136e-06,0.0010765241473619,1.09492134272662,11.4493797748435,0.311285846438483,0.000465343946057729,56.5564292321924,29.6247962644817,10.4518223470416,TRUE,"NTU","PS"
"NTU | PS",1978,2023,46,41,0.891304347826087,9.40791955830805e-06,0.00143174970250706,1.10343296413096,11.4493797748435,0.357631822386679,0.00188563197204669,56.7881591119334,29.086618081722,11.605222011578,TRUE,"NTU","PS"
"NTU | PS",1979,2023,45,40,0.888888888888889,9.48854666003453e-06,0.0013482395191513,1.10212072647201,11.4493797748435,0.371146245059288,0.00173826428490696,56.8557312252964,28.4278656126482,11.2833494773722,TRUE,"NTU","PS"
"NTU | PS",1980,2023,44,39,0.886363636363636,9.36733883753705e-06,0.000955606130641554,1.10307565160981,11.4493797748435,0.388019732205779,0.00569813209746677,56.9400986610289,35.0400607144793,13.9251886941507,TRUE,"NTU","PS"
"NTU | PS",1981,2023,43,38,0.883720930232558,9.30507410391565e-06,0.000416619883714063,1.10350894144075,10.7067131839092,0.409241920869828,0.0201365922923813,57.0462096043491,27.0218887599549,9.05739763589893,TRUE,"NTU","PS"
"NTU | PS",1982,2023,42,37,0.880952380952381,8.84737754533192e-06,0.000313619607553929,1.10721456968873,8.49111426084175,0.442832833643951,0.0384980253342064,57.2141641682198,26.287588942155,8.56485509118096,TRUE,"NTU","PS"
"NTU | PS",1983,2023,41,36,0.878048780487805,8.61192913020508e-06,0.000257551960773665,1.10982714087026,8.49111426084175,0.448780487804878,0.16082296488957,57.2439024390244,33.3922764227642,8.58045092937411,TRUE,"NTU","PS"
"NTU | PS",1984,2023,40,35,0.875,8.459176253119e-06,0.000202671318954335,1.11177162884954,8.49111426084175,0.411632270168855,0.110569892927082,57.0581613508443,32.6046636290539,7.93809358233255,TRUE,"NTU","PS"
"NTU | PS",1985,2023,39,34,0.871794871794872,8.03066982390052e-06,0.000472059673616315,1.12239135586067,8.49111426084175,0.369838056680162,0.210139989781023,56.8491902834008,31.768665158371,7.33286936253599,TRUE,"NTU","PS"
"NTU | PS",1986,2023,38,33,0.868421052631579,7.91953856585935e-06,0.000585670121314345,1.1254466440802,8.49111426084175,0.322901849217639,0.217109183617707,56.6145092460882,30.8806414069572,6.74812552642597,TRUE,"NTU","PS"
"NTU | PS",1987,2023,37,32,0.864864864864865,7.4954830505859e-06,0.00147702388131,1.13919855360844,8.49111426084175,0.270033191085823,0.358181240793758,56.3501659554291,29.9360256638217,6.17366127915314,TRUE,"NTU","PS"
"NTU | PS",1988,2023,36,31,0.861111111111111,6.93432146860523e-06,0.00333407873383494,1.1513102995556,8.49111426084175,0.210553410553411,0.154362593097314,56.0527670527671,28.9304604143314,5.6282395223071,TRUE,"NTU","PS"
"NTU | PS",1989,2023,35,30,0.857142857142857,4.76373975581414e-06,0.054677979265254,1.18107022119376,6.56646169505095,0.143977591036415,0.263152560009678,55.7198879551821,27.859943977591,4.54955435491157,TRUE,"NTU","PS"
"NTU | PS",1990,2023,34,29,0.852941176470588,3.57002581391862e-06,0.122721605668973,1.19357526608082,5.66074284056118,0.0689075630252101,0.270346153544812,55.344537815126,45.8023761228629,10.6025980621719,TRUE,"NTU","PS"
"NTU | PS",1991,2023,33,28,0.848484848484849,3.69599453373012e-07,0.889264454157752,1.22948876365343,3.90568808551199,-0.0157085561497326,0.195304554103633,54.9214572192513,45.114054144385,16.7300702567073,TRUE,"NTU","PS"
"NTU | PS",1992,2023,32,27,0.84375,2.17330382567963e-07,0.935878961932151,1.22450250164962,3.90568808551199,0.0106304985337243,0.197648395207606,55.0531524926686,44.8581242532855,16.0367174226816,TRUE,"NTU","PS"
"NTU | PS",1993,2023,31,26,0.838709677419355,2.99666883059747e-07,0.913849290387373,1.23026580875752,3.90568808551199,-0.00967741935483871,0.329529154768843,54.9516129032258,44.3839950372208,15.2509696045849,TRUE,"NTU","PS"
"NTU | PS",1994,2023,30,25,0.833333333333333,3.30309478668872e-07,0.907493450463977,1.23551164324004,3.90568808551199,-0.0362625139043382,0.0130303615876323,54.8186874304783,43.8549499443826,14.4328396155808,TRUE,"NTU","PS"
"NTU | PS",1995,2023,29,24,0.827586206896552,3.56853268861033e-07,0.902766605272574,1.24116157249996,3.90568808551199,-0.0689655172413793,0.00296473864338449,54.6551724137931,43.2686781609195,13.5829206803117,TRUE,"NTU","PS"
"NTU | PS",1996,2023,28,23,0.821428571428571,3.88623182760768e-07,0.897562461775444,1.24944649091212,3.90568808551199,-0.102353585112206,0,54.488232074439,42.6429642321696,12.7074701772264,TRUE,"NTU","PS"
"NTU | PS",1997,2023,27,22,0.814814814814815,3.83672466759789e-07,0.905158130027005,1.20823330742172,3.90568808551199,-0.103174603174603,0,54.484126984127,42.1013708513709,11.8420087675543,TRUE,"NTU","PS"
"NTU | PS",1998,2023,26,21,0.807692307692308,3.96707141147245e-07,0.908241159092433,1.12478765205744,3.90568808551199,-0.122051282051282,0,54.3897435897436,41.4398046398046,10.9283214370394,TRUE,"NTU","PS"
"NTU | PS",1999,2023,25,20,0.8,4.1424086318953e-07,0.908700223254544,1.11352426593235,3.90568808551199,-0.176153846153846,0,54.1192307692308,40.5894230769231,9.95463639571434,TRUE,"NTU","PS"
"NTU | PS",2000,2023,24,19,0.791666666666667,4.1275503729515e-07,0.911668852878813,1.11472745140582,3.90568808551199,-0.164347826086956,0,53.3449275362319,39.3067887109077,8.87612545649028,TRUE,"NTU","PS"
"NTU | PS",2001,2023,23,18,0.782608695652174,4.83573631784508e-07,0.902980160430089,1.04170877271135,3.90568808551199,-0.237154150197628,0,52.1475625823452,37.6621285316938,7.73289105441975,TRUE,"NTU","PS"
"NTU | PS",2002,2023,22,17,0.772727272727273,5.62555127797019e-07,0.893389341091703,1.02563972750209,3.90568808551199,-0.322416713721062,0,50.8879164313947,35.9208821868668,6.59852819393658,TRUE,"NTU","PS"
"NTU | PS",2003,2023,21,16,0.761904761904762,6.08207717254535e-07,0.889445993201502,1.0193562107957,3.90568808551199,-0.353246753246753,6.60002487726968e-05,49.9004329004329,34.3065476190476,5.51878282630475,TRUE,"NTU","PS"
"NTU | PS",2004,2023,20,15,0.75,6.15002902902469e-07,0.89237509545369,1.01846918286169,3.90568808551199,-0.354887218045113,0.000132000497545299,49.0588972431078,32.7059314954052,4.47509441305935,TRUE,"NTU","PS"
"NTU | PS",2005,2023,19,14,0.736842105263158,5.93223069488937e-07,0.899890205429401,1.01934551685288,3.90568808551199,-0.333333333333333,0.000245337133525929,48.3333333333333,31.0714285714286,3.47225717354611,TRUE,"NTU","PS"
"NTU | PS",2006,2023,18,13,0.722222222222222,8.14938697141746e-07,0.867018437888943,1.01415673918048,3.90568808551199,-0.34984520123839,0.000490674267051905,47.4174406604747,47.4174406604747,10.8115505726842,TRUE,"NTU","PS"
"NTU | PS",2007,2023,17,12,0.705882352941177,1.31634865925759e-06,0.793843495286052,1.00403909940814,3.90568808551199,-0.379901960784314,0.00551715879956851,46.4338235294118,46.4338235294118,9.40123697916667,TRUE,"NTU","PS"
"NTU | PS",2008,2023,16,11,0.6875,1.91370523103562e-06,0.709881377686514,0.994056691430452,3.90568808551199,-0.394117647058824,0.011034317599137,45.4105455933149,45.4105455933149,7.93113005241094,TRUE,"NTU","PS"
"NTU | PS",2009,2023,15,10,0.666666666666667,2.49524377196918e-06,0.642585315091011,0.98163068932212,3.90568808551199,-0.407142857142857,0.0396822835963147,44.2635661673948,44.2635661673948,6.39608531118854,TRUE,"NTU","PS"
"NTU | PS",2010,2023,14,9,0.642857142857143,3.04554789614522e-06,0.59435374301235,0.967489539375664,3.90568808551199,-0.41978021978022,NA,43.0842230219455,43.0842230219455,4.83120793604109,TRUE,"NTU","PS"
"NTU | PS",2011,2023,13,8,0.615384615384615,3.19341979781899e-06,0.612196050846119,0.951672829829783,3.90568808551199,-0.428571428571429,NA,41.8905994537385,41.8905994537385,3.27396181427806,TRUE,"NTU","PS"
"NTU | PS",2012,2023,12,7,NA,NA,NA,NA,NA,NA,NA,NA,NA,NA,FALSE,"NTU","PS"
"NTU | PS",2013,2023,11,6,NA,NA,NA,NA,NA,NA,NA,NA,NA,NA,FALSE,"NTU","PS"
"NTU | PS",2014,2023,10,5,NA,NA,NA,NA,NA,NA,NA,NA,NA,NA,FALSE,"NTU","PS"
"NTU | PS",2015,2023,9,4,NA,NA,NA,NA,NA,NA,NA,NA,NA,NA,FALSE,"NTU","PS"
"NTU | PS",2016,2023,8,3,NA,NA,NA,NA,NA,NA,NA,NA,NA,NA,FALSE,"NTU","PS"
"NTU | PT",1980,2023,44,10,0.769230769230769,1.94152090794642e-06,0.84066105789492,0.499331667132875,6.54794285881695,-0.0275483138991954,0.799893871206537,36.5155584398282,18.2577792199141,2.97318355767843,TRUE,"NTU","PT"
"NTU | PT",1993,2023,31,9,0.75,4.89134092433168e-06,0.225551877211864,0.496068908014358,1.98811747953754,0.0666670770531379,NA,35.9161070685859,35.9161070685859,0,TRUE,"NTU","PT"
"NTU | PT",2000,2023,24,8,0.727272727272727,4.72418189816552e-06,0.287148448217467,0.49004136808655,1.98811747953754,-0.0546698457093846,NA,34.3555383228837,34.3555383228837,7.78504306473437,TRUE,"NTU","PT"
"NTU | PT",2001,2023,23,7,NA,NA,NA,NA,NA,NA,NA,NA,NA,NA,FALSE,"NTU","PT"
"NTU | PT",2004,2023,20,6,NA,NA,NA,NA,NA,NA,NA,NA,NA,NA,FALSE,"NTU","PT"
"NTU | PT",2005,2023,19,5,NA,NA,NA,NA,NA,NA,NA,NA,NA,NA,FALSE,"NTU","PT"
"NTU | PT",2006,2023,18,4,NA,NA,NA,NA,NA,NA,NA,NA,NA,NA,FALSE,"NTU","PT"
"NTU | PT",2007,2023,17,3,NA,NA,NA,NA,NA,NA,NA,NA,NA,NA,FALSE,"NTU","PT"
"NTU | PT",2010,2023,14,2,NA,NA,NA,NA,NA,NA,NA,NA,NA,NA,FALSE,"NTU","PT"
"NTU | PT",2011,2023,13,1,NA,NA,NA,NA,NA,NA,NA,NA,NA,NA,FALSE,"NTU","PT"
"SAR | AFN",2007,2023,17,0,NA,NA,NA,NA,NA,NA,NA,NA,NA,NA,FALSE,"SAR","AFN"
"SAR | AFN",2008,2023,16,0,NA,NA,NA,NA,NA,NA,NA,NA,NA,NA,FALSE,"SAR","AFN"
"SAR | AFN",2014,2023,10,0,NA,NA,NA,NA,NA,NA,NA,NA,NA,NA,FALSE,"SAR","AFN"
"SAR | AFN",2016,2023,8,0,NA,NA,NA,NA,NA,NA,NA,NA,NA,NA,FALSE,"SAR","AFN"
"SAR | APS",1972,2023,52,32,0.615384615384615,-1.45440961661917e-05,0.313785288310937,2.32442786798427,6387.46137784035,0.207376419363101,0.00294874727276595,56.0368820968155,29.7695936139332,7.28862389603692,TRUE,"SAR","APS"
"SAR | APS",1973,2023,51,31,0.607843137254902,-8.75628283798625e-06,0.544131309850507,2.26118967588818,4258.71383568726,0.19393665158371,0,55.9696832579186,28.8875784556999,6.76869649222121,TRUE,"SAR","APS"
"SAR | APS",1974,2023,50,30,0.6,-2.64202270312486e-06,0.855121232695151,2.19923140725536,1064.81246023606,0.175894357743097,0.00121669307468853,55.8794717887155,27.9397358943577,7.69717013274916,TRUE,"SAR","APS"
"SAR | APS",1975,2023,49,29,0.591836734693878,2.43337041812824e-06,0.87153960051856,2.1326171723214,1064.81246023606,0.170714285714286,0,55.8535714285714,26.9637931034483,1.46611914276796,TRUE,"SAR","APS"
"SAR | APS",1976,2023,48,29,0.604166666666667,2.43337041812824e-06,0.87153960051856,2.1326171723214,1064.81246023606,0.13145896656535,0,55.6572948328268,26.8690388848129,1.47528054069252,TRUE,"SAR","APS"
"SAR | APS",1977,2023,47,28,0.595744680851064,8.84872413504014e-06,0.571829923167483,2.06718040705074,1064.81246023606,0.0885753931544866,9.24502293624135e-05,55.4428769657724,25.7413357341086,1.20431244518482,TRUE,"SAR","APS"
"SAR | APS",1978,2023,46,27,0.58695652173913,1.84811746354503e-05,0.261706597846529,1.97973398163186,1064.81246023606,0.0358310206598828,0,55.1791551032994,44.9607930471329,5.18182416152752,TRUE,"SAR","APS"
"SAR | APS",1979,2023,45,26,0.577777777777778,3.24532748957289e-05,0.0603082999197261,1.69806350986772,949.394858909932,-0.016600790513834,0,54.9169960474308,44.3560352690788,6.22993201005324,TRUE,"SAR","APS"
"SAR | APS",1980,2023,44,26,0.590909090909091,3.24532748957289e-05,0.0603082999197261,1.69806350986772,949.394858909932,-0.0727272727272727,0,54.6363636363636,44.1293706293706,6.26349830347168,TRUE,"SAR","APS"
"SAR | APS",1981,2023,43,26,0.604651162790698,3.24532748957289e-05,0.0603082999197261,1.69806350986772,949.394858909932,-0.122923588039867,0,54.3853820598007,43.9266547406082,6.3028553760684,TRUE,"SAR","APS"
"SAR | APS",1982,2023,42,26,0.619047619047619,3.24532748957289e-05,0.0603082999197261,1.69806350986772,949.394858909932,-0.168786970261729,0,54.1560651486914,43.7414372354815,6.34735212549971,TRUE,"SAR","APS"
"SAR | APS",1983,2023,41,26,0.634146341463415,3.24532748957289e-05,0.0603082999197261,1.69806350986772,949.394858909932,-0.169512195121951,0,54.1524390243902,43.7385084427767,6.42146195247047,TRUE,"SAR","APS"
"SAR | APS",1984,2023,40,26,0.65,3.24532748957289e-05,0.0603082999197261,1.69806350986772,949.394858909932,-0.154596622889306,0,54.2270168855535,43.7987444075624,6.50867483388144,TRUE,"SAR","APS"
"SAR | APS",1985,2023,39,26,0.666666666666667,3.24532748957289e-05,0.0603082999197261,1.69806350986772,949.394858909932,-0.150202429149798,0,54.248987854251,43.816490189972,6.59373360065898,TRUE,"SAR","APS"
"SAR | APS",1986,2023,38,25,0.657894736842105,2.77571675962999e-05,0.0856995578205561,1.6785362043662,949.394858909932,-0.145420724368093,0,54.2728963781595,32.5637378268957,4.48752301587759,TRUE,"SAR","APS"
"SAR | APS",1987,2023,37,24,0.648648648648649,1.77587871733473e-05,0.243313374822408,1.63794110010701,949.394858909932,-0.174964438122333,0,54.1251778093883,42.8490990990991,7.31358638863199,TRUE,"SAR","APS"
"SAR | APS",1988,2023,36,23,0.638888888888889,1.02508545399404e-06,0.940650022711259,1.50547395435186,105.778265749438,-0.218275418275418,0.0109052007735566,53.9086229086229,53.9086229086229,10.6121858690989,TRUE,"SAR","APS"
"SAR | APS",1989,2023,35,23,0.657142857142857,1.02508545399404e-06,0.940650022711259,1.50547395435186,105.778265749438,-0.221288515406162,0.0109052007735566,53.8935574229692,53.8935574229692,10.7575557527359,TRUE,"SAR","APS"
"SAR | APS",1990,2023,34,23,0.676470588235294,1.02508545399404e-06,0.940650022711259,1.50547395435186,105.778265749438,-0.223529411764706,0.0109052007735566,53.8823529411765,53.8823529411765,10.912347826087,TRUE,"SAR","APS"
"SAR | APS",1991,2023,33,22,0.666666666666667,3.2659544042394e-06,0.799142829439143,1.51531861816017,105.778265749438,-0.301470588235294,0.020852438417667,53.4926470588235,41.3352272727273,5.90056424489201,TRUE,"SAR","APS"
"SAR | APS",1992,2023,32,21,0.65625,1.29418574308352e-06,0.910758300911936,1.506591978907,43.7479556942648,-0.302785923753666,0.00907648656227241,53.4860703812317,53.4860703812317,2.5039531137785,TRUE,"SAR","APS"
"SAR | APS",1993,2023,31,20,0.645161290322581,-6.23796181969195e-06,0.609047332846305,1.3743806928135,43.7479556942648,-0.281854838709677,0.00740268020921505,53.5907258064516,40.1930443548387,5.09359463045162,TRUE,"SAR","APS"
"SAR | APS",1994,2023,30,19,0.633333333333333,-1.83792614245293e-05,0.123498957500763,1.16094806784614,27.547763764242,-0.317463848720801,0.0650948543354053,65.9670298604292,48.6072851603162,11.6247395010198,TRUE,"SAR","APS"
"SAR | APS",1995,2023,29,18,0.620689655172414,-2.65929401160518e-05,0.0255151063064753,1.12293522288765,27.547763764242,-0.326600985221675,0.133542545579146,82.2351848035918,82.2351848035918,18.2578960340271,TRUE,"SAR","APS"
"SAR | APS",1996,2023,28,17,0.607142857142857,-2.12102756692815e-05,0.0809974008207375,1.1527021891079,16.4605963651202,-0.301587301587302,0,71.8175183484344,71.8175183484344,14.0888622273599,TRUE,"SAR","APS"
"SAR | APS",1997,2023,27,16,0.592592592592593,-1.60137205915822e-05,0.252186444058206,1.19713502000568,13.0479220933989,-0.239316239316239,0.113145778504486,50.4700854700855,50.4700854700855,8.58190920137875,TRUE,"SAR","APS"
"SAR | APS",1998,2023,26,15,0.576923076923077,-3.68725413827629e-06,0.864566137210679,0.803701102925316,13.0472018830107,-0.165811965811966,0.318765664462007,46.0782955627798,46.0782955627798,0,TRUE,"SAR","APS"
"SAR | APS",1999,2023,25,14,0.56,2.51065566481043e-05,0.324866136957171,0.725777466418933,9.71820970454448,-0.0792307692307692,0.464677417678753,44.1193954822248,44.1193954822248,4.42154981664599,TRUE,"SAR","APS"
"SAR | APS",2000,2023,24,13,0.541666666666667,2.47684432660206e-05,0.340669888890052,0.725228621062637,9.71820970454448,-0.0634782608695652,0.0507679474015389,43.3538477835716,43.3538477835716,3.32444943741477,TRUE,"SAR","APS"
"SAR | APS",2001,2023,23,12,0.521739130434783,2.44486040297293e-05,0.330596130646422,0.724899077811933,9.71820970454448,0.00988142292490119,0.0662059055948192,42.8807220041965,42.8807220041965,0.62278597693106,TRUE,"SAR","APS"
"SAR | APS",2002,2023,22,11,0.5,2.40608830016492e-05,0.382828092673421,0.714805531116681,9.71820970454448,0.0400903444381705,0.0662059055948195,41.9965623445245,41.9965623445245,1.06188767610101,TRUE,"SAR","APS"
"SAR | APS",2003,2023,21,10,0.476190476190476,2.41312431350807e-05,0.386322756053875,0.714910558563823,9.71820970454448,0.145454545454545,0.249998386656776,41.6921505652159,41.6921505652159,0,TRUE,"SAR","APS"
"SAR | APS",2004,2023,20,9,0.45,4.74773715713912e-05,0.218562430717693,0.547841946058678,9.71820970454448,0.0105263157894737,NA,36.8428038334543,36.8428038334543,3.71037076658889,TRUE,"SAR","APS"
"SAR | APS",2005,2023,19,8,0.421052631578947,4.9533364527257e-05,0.231194842119886,0.550630479250156,9.71820970454448,0.121052631578947,NA,36.6178727428979,36.6178727428979,2.61837968264141,TRUE,"SAR","APS"
"SAR | APS",2006,2023,18,7,NA,NA,NA,NA,NA,NA,NA,NA,NA,NA,FALSE,"SAR","APS"
"SAR | APS",2007,2023,17,6,NA,NA,NA,NA,NA,NA,NA,NA,NA,NA,FALSE,"SAR","APS"
"SAR | APS",2008,2023,16,5,NA,NA,NA,NA,NA,NA,NA,NA,NA,NA,FALSE,"SAR","APS"
"SAR | APS",2009,2023,15,4,NA,NA,NA,NA,NA,NA,NA,NA,NA,NA,FALSE,"SAR","APS"
"SAR | APS",2010,2023,14,3,NA,NA,NA,NA,NA,NA,NA,NA,NA,NA,FALSE,"SAR","APS"
"SAR | APS",2011,2023,13,2,NA,NA,NA,NA,NA,NA,NA,NA,NA,NA,FALSE,"SAR","APS"
"SAR | APS",2012,2023,12,1,NA,NA,NA,NA,NA,NA,NA,NA,NA,NA,FALSE,"SAR","APS"
"SAR | APS",2013,2023,11,0,NA,NA,NA,NA,NA,NA,NA,NA,NA,NA,FALSE,"SAR","APS"
"SAR | APS",2014,2023,10,0,NA,NA,NA,NA,NA,NA,NA,NA,NA,NA,FALSE,"SAR","APS"
"SAR | APS",2015,2023,9,0,NA,NA,NA,NA,NA,NA,NA,NA,NA,NA,FALSE,"SAR","APS"
"SAR | APS",2016,2023,8,0,NA,NA,NA,NA,NA,NA,NA,NA,NA,NA,FALSE,"SAR","APS"
"SAR | GN",1972,2023,52,32,0.615384615384615,-3.40586530913004e-05,0.0704407423085886,1.58756339409209,6387.46137784035,0.222487834030564,0.0225047046069351,78.7853092661498,66.4751046933139,5.4127495948723,TRUE,"SAR","GN"
"SAR | GN",1973,2023,51,31,0.607843137254902,-3.25648346752578e-05,0.072695456197727,1.58237427812722,4258.71383568726,0.217194570135747,0,78.3642680160765,65.7248699489674,4.61285202421369,TRUE,"SAR","GN"
"SAR | GN",1974,2023,50,30,0.6,-3.30256272743345e-05,0.0584414192996929,1.58404047181938,1064.81246023606,0.222472989195678,0,80.8851165685321,53.9234110456881,3.11595241311679,TRUE,"SAR","GN"
"SAR | GN",1975,2023,49,29,0.591836734693878,-3.13168241496064e-05,0.0730320460511174,1.57250839594672,1064.81246023606,0.203571428571429,0.000365619440482312,78.2372490839116,51.2588873308386,3.1981168700176,TRUE,"SAR","GN"
"SAR | GN",1976,2023,48,29,0.604166666666667,-3.13168241496064e-05,0.0730320460511174,1.57250839594672,1064.81246023606,0.2087494572297,0.000365619440482312,78.263139227203,51.2758498385123,3.23051845605364,TRUE,"SAR","GN"
"SAR | GN",1977,2023,47,28,0.595744680851064,-3.17915694040044e-05,0.0657963462766822,1.57511643754008,1064.81246023606,0.202243293246994,9.24502293624135e-05,79.4968558678156,51.10512162931,2.47931944995327,TRUE,"SAR","GN"
"SAR | GN",1978,2023,46,27,0.58695652173913,-4.65189626098204e-05,0.00881732657363656,1.62356512026766,1064.81246023606,0.163737280296022,0,89.2756542510937,72.7431256860764,8.93160809029197,TRUE,"SAR","GN"
"SAR | GN",1979,2023,45,26,0.577777777777778,-8.61197723279414e-05,1.38291228051016e-06,1.29162545424314,949.394858909932,0.227272727272727,0,91.1361216267145,73.6099443908079,17.8195557808467,TRUE,"SAR","GN"
"SAR | GN",1980,2023,44,26,0.590909090909091,-8.61197723279414e-05,1.38291228051016e-06,1.29162545424314,949.394858909932,0.199013389711064,0,90.9948249389062,73.4958201429627,17.9796679943807,TRUE,"SAR","GN"
"SAR | GN",1981,2023,43,26,0.604651162790698,-8.61197723279414e-05,1.38291228051016e-06,1.29162545424314,949.394858909932,0.176834793113863,0,90.8839319559202,73.4062527336279,18.1539887896858,TRUE,"SAR","GN"
"SAR | GN",1982,2023,42,26,0.619047619047619,-8.61197723279414e-05,1.38291228051016e-06,1.29162545424314,949.394858909932,0.151446398184912,0,90.7569899812755,73.303722677184,18.3339216267137,TRUE,"SAR","GN"
"SAR | GN",1983,2023,41,26,0.634146341463415,-8.61197723279414e-05,1.38291228051016e-06,1.29162545424314,949.394858909932,0.188501742160279,0,90.9422667011523,73.453369258623,18.5870926246831,TRUE,"SAR","GN"
"SAR | GN",1984,2023,40,26,0.65,-8.61197723279414e-05,1.38291228051016e-06,1.29162545424314,949.394858909932,0.207317073170732,0,91.0363433562046,73.5293542492421,18.8330848634326,TRUE,"SAR","GN"
"SAR | GN",1985,2023,39,26,0.666666666666667,-8.61197723279414e-05,1.38291228051016e-06,1.29162545424314,949.394858909932,0.168825910931174,0,90.8438875450068,73.373909170967,19.0311601939436,TRUE,"SAR","GN"
"SAR | GN",1986,2023,38,25,0.657894736842105,-7.97654218686058e-05,1.36002318918551e-05,1.32793521930859,949.394858909932,0.158113579166211,0,90.78818785525,72.6305502842,8.61118450516796,TRUE,"SAR","GN"
"SAR | GN",1987,2023,37,24,0.648648648648649,-7.14389193014186e-05,0.000346196030773672,1.30469487574501,949.394858909932,0.114746325272641,0,90.5131473209778,71.6562416291074,17.7189653101992,TRUE,"SAR","GN"
"SAR | GN",1988,2023,36,23,0.638888888888889,-5.17213735291895e-05,0.0158022377360527,1.14173302007314,105.778265749438,0.0581724581724582,0.0109052007735566,87.525470687053,68.4981944507372,20.793537916588,TRUE,"SAR","GN"
"SAR | GN",1989,2023,35,23,0.657142857142857,-5.17213735291895e-05,0.0158022377360527,1.14173302007314,105.778265749438,-0.00784313725490196,0.0109052007735566,87.1953927099162,68.2398725555866,21.0047547785829,TRUE,"SAR","GN"
"SAR | GN",1990,2023,34,23,0.676470588235294,-5.17213735291895e-05,0.0158022377360527,1.14173302007314,105.778265749438,-0.0472116119174943,0.0109052007735566,86.9985503366033,68.0858220025591,21.2633157315937,TRUE,"SAR","GN"
"SAR | GN",1991,2023,33,22,0.666666666666667,-3.95488530517629e-05,0.11443047932701,0.833426791014571,105.778265749438,0.018716577540107,0.020852438417667,66.7367848257653,51.5693337290004,28.0340842910593,TRUE,"SAR","GN"
"SAR | GN",1992,2023,32,21,0.65625,-4.55427677483193e-05,0.0385864550469187,0.829043277680141,43.7479556942648,0.00806451612903226,0.00907648656227241,79.8685585010372,79.8685585010372,42.413680051383,TRUE,"SAR","GN"
"SAR | GN",1993,2023,31,20,0.645161290322581,-4.55148304192877e-05,0.0319770316670616,0.829082118137454,43.7479556942648,-0.0153225806451613,0.0167855317310437,80.9090489177875,80.9090489177875,31.6626977432778,TRUE,"SAR","GN"
"SAR | GN",1994,2023,30,19,0.633333333333333,-3.62578630270912e-05,0.0835436183320264,0.843668768593653,27.547763764242,0.0451612903225806,0.135884377171191,71.645715282048,71.645715282048,36.2921564249017,TRUE,"SAR","GN"
"SAR | GN",1995,2023,29,18,0.620689655172414,-3.72862777628959e-05,0.0676003688044829,0.841890335552129,27.547763764242,0.0374384236453202,0.201640056112248,73.528267621818,73.528267621818,16.1296563936158,TRUE,"SAR","GN"
"SAR | GN",1996,2023,28,17,0.607142857142857,-2.57785700468251e-05,0.232819750768467,0.800401997807285,16.4605963651202,-0.0114942528735632,0.098182264397372,48.4505686917779,48.4505686917779,16.1413416290395,TRUE,"SAR","GN"
"SAR | GN",1997,2023,27,16,0.592592592592593,-1.44876600653145e-05,0.539376851811218,0.792231687596233,13.0479220933989,-0.0622710622710623,0.170389842251803,47.199945107236,47.199945107236,7.99515072799544,TRUE,"SAR","GN"
"SAR | GN",1998,2023,26,15,0.576923076923077,-3.16204275638209e-07,0.990248294922544,0.814425852300205,13.0472018830107,-0.112478632478632,0.318765664462007,46.5594572169443,46.5594572169443,11.4567343439814,TRUE,"SAR","GN"
"SAR | GN",1999,2023,25,14,0.56,1.57027465950414e-05,0.549601265679537,0.832485592746289,9.71820970454448,-0.0953846153846154,0.603433868003424,46.1727887780027,46.1727887780027,16.1369295256269,TRUE,"SAR","GN"
"SAR | GN",2000,2023,24,13,0.541666666666667,1.9659170618052e-05,0.46685319890551,0.840998050966025,9.71820970454448,-0.113913043478261,0.507700496908197,45.4170624685959,45.4170624685959,9.24571116590112,TRUE,"SAR","GN"
"SAR | GN",2001,2023,23,12,0.521739130434783,1.23900655508322e-05,0.647905354417744,0.828592576927144,9.71820970454448,-0.114624505928854,0.265899602173033,44.3320623422319,44.3320623422319,2.25400752372281,TRUE,"SAR","GN"
"SAR | GN",2002,2023,22,11,0.5,1.07061578234732e-05,0.726181785872613,0.809286978915178,9.71820970454448,-0.178994918125353,0.536108668040535,42.7907649876768,42.7907649876768,1.08460449194823,TRUE,"SAR","GN"
"SAR | GN",2003,2023,21,10,0.476190476190476,1.60178575520679e-05,0.608743503921856,0.818951285746096,9.71820970454448,-0.192207792207792,0.716195049527954,42.0846534205496,42.0846534205496,0,TRUE,"SAR","GN"
"SAR | GN",2004,2023,20,9,0.45,1.93742860584491e-05,0.58352969586154,0.838920836901994,9.71820970454448,-0.189473684210526,NA,41.6643816503206,41.6643816503206,0,TRUE,"SAR","GN"
"SAR | GN",2005,2023,19,8,0.421052631578947,9.95252681386101e-05,0.105512645777618,0.537034370621144,9.71820970454448,-0.136842105263158,NA,35.0564768861071,35.0564768861071,0,TRUE,"SAR","GN"
"SAR | GN",2006,2023,18,7,NA,NA,NA,NA,NA,NA,NA,NA,NA,NA,FALSE,"SAR","GN"
"SAR | GN",2007,2023,17,6,NA,NA,NA,NA,NA,NA,NA,NA,NA,NA,FALSE,"SAR","GN"
"SAR | GN",2008,2023,16,5,NA,NA,NA,NA,NA,NA,NA,NA,NA,NA,FALSE,"SAR","GN"
"SAR | GN",2009,2023,15,4,NA,NA,NA,NA,NA,NA,NA,NA,NA,NA,FALSE,"SAR","GN"
"SAR | GN",2010,2023,14,3,NA,NA,NA,NA,NA,NA,NA,NA,NA,NA,FALSE,"SAR","GN"
"SAR | GN",2011,2023,13,2,NA,NA,NA,NA,NA,NA,NA,NA,NA,NA,FALSE,"SAR","GN"
"SAR | GN",2012,2023,12,1,NA,NA,NA,NA,NA,NA,NA,NA,NA,NA,FALSE,"SAR","GN"
"SAR | GN",2013,2023,11,0,NA,NA,NA,NA,NA,NA,NA,NA,NA,NA,FALSE,"SAR","GN"
"SAR | GN",2014,2023,10,0,NA,NA,NA,NA,NA,NA,NA,NA,NA,NA,FALSE,"SAR","GN"
"SAR | GN",2015,2023,9,0,NA,NA,NA,NA,NA,NA,NA,NA,NA,NA,FALSE,"SAR","GN"
"SAR | GN",2016,2023,8,0,NA,NA,NA,NA,NA,NA,NA,NA,NA,NA,FALSE,"SAR","GN"
"SAR | OBT",1991,2023,33,13,0.541666666666667,-3.93168278203e-06,0.0577730704773739,0.847986037827746,90.0341145897028,-0.0973913043478261,0.00725256391450507,70.529143567942,43.4025498879643,6.46469412555608,TRUE,"SAR","OBT"
"SAR | OBT",1992,2023,32,12,0.521739130434783,-1.76714246759935e-06,0.344711252445779,0.807572816106255,26.3419246337726,0.00197628458498024,0.00551715879956851,44.4946710783833,44.4946710783833,2.78713138430206,TRUE,"SAR","OBT"
"SAR | OBT",1999,2023,25,11,0.5,-3.26524509139235e-07,0.843490928092004,0.83003903183918,8.27174089068829,0.139469226425748,0.011034317599137,44.7981267689123,44.7981267689123,7.12025798946874,TRUE,"SAR","OBT"
"SAR | OBT",2000,2023,24,10,0.476190476190476,3.65226773677915e-07,0.868325796314192,0.715788454572254,8.27174089068829,0.267532467532468,0.0396822835963147,42.3200980957741,42.3200980957741,0,TRUE,"SAR","OBT"
"SAR | OBT",2001,2023,23,9,0.45,2.89577082944179e-06,0.273332989940091,0.518318451527698,8.27174089068829,0.160902255639098,NA,37.0042136420828,16.446317174259,3.74430709740252,TRUE,"SAR","OBT"
"SAR | OBT",2002,2023,22,8,0.421052631578947,3.48174565516804e-06,0.262599583135111,0.507225736735371,8.27174089068829,0.0263157894736842,NA,35.2760936820758,35.2760936820758,6.7536339945575,TRUE,"SAR","OBT"
"SAR | OBT",2003,2023,21,7,NA,NA,NA,NA,NA,NA,NA,NA,NA,NA,FALSE,"SAR","OBT"
"SAR | OBT",2004,2023,20,6,NA,NA,NA,NA,NA,NA,NA,NA,NA,NA,FALSE,"SAR","OBT"
"SAR | OBT",2005,2023,19,5,NA,NA,NA,NA,NA,NA,NA,NA,NA,NA,FALSE,"SAR","OBT"
"SAR | OBT",2006,2023,18,4,NA,NA,NA,NA,NA,NA,NA,NA,NA,NA,FALSE,"SAR","OBT"
"SAR | OBT",2010,2023,14,3,NA,NA,NA,NA,NA,NA,NA,NA,NA,NA,FALSE,"SAR","OBT"
"SAR | OBT",2011,2023,13,2,NA,NA,NA,NA,NA,NA,NA,NA,NA,NA,FALSE,"SAR","OBT"
"SAR | OBT",2012,2023,12,1,NA,NA,NA,NA,NA,NA,NA,NA,NA,NA,FALSE,"SAR","OBT"
"SAR | OBT",2013,2023,11,0,NA,NA,NA,NA,NA,NA,NA,NA,NA,NA,FALSE,"SAR","OBT"
"SAR | OBT",2014,2023,10,0,NA,NA,NA,NA,NA,NA,NA,NA,NA,NA,FALSE,"SAR","OBT"
"SAR | OBT",2015,2023,9,0,NA,NA,NA,NA,NA,NA,NA,NA,NA,NA,FALSE,"SAR","OBT"
"SAR | OBT",2016,2023,8,0,NA,NA,NA,NA,NA,NA,NA,NA,NA,NA,FALSE,"SAR","OBT"
"SAR | PS",1972,2023,52,32,0.615384615384615,-4.29835555481937e-05,0.000855269765125931,1.43227039952903,6387.46137784035,0.305216426193119,0.00717494011425824,91.3764099220686,62.8212818214221,9.28321041979316,TRUE,"SAR","PS"
"SAR | PS",1973,2023,51,31,0.607843137254902,-3.92150463113598e-05,0.00405762755598512,1.32624390837413,4258.71383568726,0.263529411764706,0,90.6075622365261,61.3793163537758,11.9041323190514,TRUE,"SAR","PS"
"SAR | PS",1974,2023,50,30,0.6,-3.48266466374449e-05,0.0153119352812125,1.14106245332149,1064.81246023606,0.218535414165666,0,88.4130883966161,58.9420589310774,13.9878816487145,TRUE,"SAR","PS"
"SAR | PS",1975,2023,49,29,0.591836734693878,-3.25198635198214e-05,0.0289826239049078,1.12801640054909,1064.81246023606,0.17765306122449,0.000365619440482312,85.8163061227636,56.2244764252589,12.5537253532965,TRUE,"SAR","PS"
"SAR | PS",1976,2023,48,29,0.604166666666667,-3.25198635198214e-05,0.0289826239049078,1.12801640054909,1064.81246023606,0.165544941380808,0.000365619440482312,85.7557655235452,56.1848118947365,12.6677749225854,TRUE,"SAR","PS"
"SAR | PS",1977,2023,47,28,0.595744680851064,-3.4192078472445e-05,0.020007785043944,1.13199352186438,1064.81246023606,0.170097132284921,9.24502293624135e-05,87.3491232787344,56.1530078220435,12.1674037860827,TRUE,"SAR","PS"
"SAR | PS",1978,2023,46,27,0.58695652173913,-4.50013679259736e-05,0.00226265774615501,1.14904564151354,1064.81246023606,0.127104532839963,0,90.2395575586227,73.5285283811,15.4766435475981,TRUE,"SAR","PS"
"SAR | PS",1979,2023,45,26,0.577777777777778,-4.5380893315624e-05,0.00158460679169822,1.14996510307155,949.394858909932,0.12266139657444,0,90.336000794325,72.9636929492625,13.436732707754,TRUE,"SAR","PS"
"SAR | PS",1980,2023,44,26,0.590909090909091,-4.5380893315624e-05,0.00158460679169822,1.14996510307155,949.394858909932,0.10754052149401,0,90.2603964189229,72.9026278768223,13.5671522257599,TRUE,"SAR","PS"
"SAR | PS",1981,2023,43,26,0.604651162790698,-4.5380893315624e-05,0.00158460679169822,1.14996510307155,949.394858909932,0.111748716399879,0,90.2814373934522,72.919622510096,13.7186035959933,TRUE,"SAR","PS"
"SAR | PS",1982,2023,42,26,0.619047619047619,-4.5380893315624e-05,0.00158460679169822,1.14996510307155,949.394858909932,0.0877562596223969,0,90.1614751095648,72.8227298961869,13.8555184941995,TRUE,"SAR","PS"
"SAR | PS",1983,2023,41,26,0.634146341463415,-4.5380893315624e-05,0.00158460679169822,1.14996510307155,949.394858909932,0.0876306620209059,0,90.1608471215573,72.822222675104,14.0181324544534,TRUE,"SAR","PS"
"SAR | PS",1984,2023,40,26,0.65,-4.5380893315624e-05,0.00158460679169822,1.14996510307155,949.394858909932,0.0868667917448405,0,90.157027770177,72.8191378143737,14.1883773769139,TRUE,"SAR","PS"
"SAR | PS",1985,2023,39,26,0.666666666666667,-4.5380893315624e-05,0.00158460679169822,1.14996510307155,949.394858909932,0.0969635627530364,0,90.207511625218,72.859913235753,14.3760225074212,TRUE,"SAR","PS"
"SAR | PS",1986,2023,38,25,0.657894736842105,-4.18850543789391e-05,0.00162426258498924,1.15686230119247,949.394858909932,0.11456395666922,0,90.288573830973,90.288573830973,16.2127195036016,TRUE,"SAR","PS"
"SAR | PS",1987,2023,37,24,0.648648648648649,-3.33040663015239e-05,0.0119165222906765,1.17980567453828,949.394858909932,0.110241820768137,0,88.4658177029723,70.0354390148531,17.5589179314471,TRUE,"SAR","PS"
"SAR | PS",1988,2023,36,23,0.638888888888889,-2.16583854480343e-05,0.0724389889933877,1.20141083176788,105.778265749438,0.133848133848134,0.0109052007735566,77.9924175953978,61.037544205094,25.0703981335527,TRUE,"SAR","PS"
"SAR | PS",1989,2023,35,23,0.657142857142857,-2.16583854480343e-05,0.0724389889933877,1.20141083176788,105.778265749438,0.140896358543417,0.0109052007735566,78.0276587188742,61.0651242147711,25.432413023502,TRUE,"SAR","PS"
"SAR | PS",1990,2023,34,23,0.676470588235294,-2.16583854480343e-05,0.0724389889933877,1.20141083176788,105.778265749438,0.130328495034377,0.0109052007735566,77.9748194013291,61.023771705388,25.7862544563001,TRUE,"SAR","PS"
"SAR | PS",1991,2023,33,22,0.666666666666667,-5.69655681148144e-06,0.785311563802344,0.485780940766304,105.778265749438,0.141377005347594,0.020852438417667,45.422503842064,35.0992075143222,12.2007597640699,TRUE,"SAR","PS"
"SAR | PS",1992,2023,32,21,0.65625,-1.07450166242803e-05,0.567634158327533,0.484227971677942,43.7479556942648,0.137096774193548,0.00907648656227241,45.3700433045266,45.3700433045266,12.2164757192653,TRUE,"SAR","PS"
"SAR | PS",1993,2023,31,20,0.645161290322581,-3.31014774387094e-06,0.862785622020068,0.488539355631996,43.7479556942648,0.132661290322581,0.00740268020921505,45.4340935642528,45.4340935642528,3.51767160531963,TRUE,"SAR","PS"
"SAR | PS",1994,2023,30,19,0.633333333333333,7.18307411530217e-06,0.696264031319529,0.49281729745067,27.547763764242,0.134149054505006,0.00519787403310645,44.6937578882051,44.6937578882051,5.65722440741444,TRUE,"SAR","PS"
"SAR | PS",1995,2023,29,18,0.620689655172414,1.5709754941343e-05,0.403045446189693,0.49761167988064,27.547763764242,0.111330049261084,0.0250178630953836,43.8422171772516,31.6638235169039,5.85528057755871,TRUE,"SAR","PS"
"SAR | PS",1996,2023,28,17,0.607142857142857,3.5478427575618e-05,0.0500520390002572,0.423446017763057,16.4605963651202,0.0580186097427477,0,41.2590134039749,41.2590134039749,9.7671514298444,TRUE,"SAR","PS"
"SAR | PS",1997,2023,27,16,0.592592592592593,2.89007103893119e-05,0.168724466484993,0.391193067565267,13.0479220933989,0.147741147741148,0.015086103800599,40.2292337566777,40.2292337566777,15.5608289606031,TRUE,"SAR","PS"
"SAR | PS",1998,2023,26,15,0.576923076923077,1.83580769923085e-05,0.477778835235548,0.313836720648195,13.0472018830107,0.250598290598291,0.000132000497545299,38.3630591992887,38.3630591992887,9.44645975434996,TRUE,"SAR","PS"
"SAR | PS",1999,2023,25,14,0.56,1.60946868069993e-06,0.953805021044172,0.310507896010983,9.71820970454448,0.323076923076923,0.00362628195725219,37.8255425356043,37.8255425356043,8.51046850307019,TRUE,"SAR","PS"
"SAR | PS",2000,2023,24,13,0.541666666666667,8.5785639865573e-06,0.771850567435289,0.312591530863428,9.71820970454448,0.3,0.00725256391450507,36.9184972839352,36.9184972839352,7.5370623810548,TRUE,"SAR","PS"
"SAR | PS",2001,2023,23,12,0.521739130434783,-3.15829724833949e-05,0.415012486602589,0.245731346334857,9.71820970454448,0.392292490118577,0.00551715879956851,35.2094227106234,35.2094227106234,7.40014312125964,TRUE,"SAR","PS"
"SAR | PS",2002,2023,22,11,0.5,-8.24014661106917e-05,0.138043860405525,0.13882083601239,9.71820970454448,0.498588368153586,0.0662059055948195,43.6116829900489,43.6116829900489,14.7395474693629,TRUE,"SAR","PS"
"SAR | PS",2003,2023,21,10,0.476190476190476,-0.000105083461644695,0.0589219058811143,0.138289329137448,9.71820970454448,0.544155844155844,0.249998386656776,56.8418989409998,56.8418989409998,8.57194457810069,TRUE,"SAR","PS"
"SAR | PS",2004,2023,20,9,0.45,-0.000123014881397324,0.055984099123878,0.139143928472306,9.71820970454448,0.536842105263158,NA,56.5032050824166,56.5032050824166,6.73574573783441,TRUE,"SAR","PS"
"SAR | PS",2005,2023,19,8,0.421052631578947,-0.000229286261471179,0.0122927053584153,0.094636731949102,9.71820970454448,0.526315789473684,NA,62.3730901486278,62.3730901486278,5.28224206128439,TRUE,"SAR","PS"
"SAR | PS",2006,2023,18,7,NA,NA,NA,NA,NA,NA,NA,NA,NA,NA,FALSE,"SAR","PS"
"SAR | PS",2007,2023,17,6,NA,NA,NA,NA,NA,NA,NA,NA,NA,NA,FALSE,"SAR","PS"
"SAR | PS",2008,2023,16,5,NA,NA,NA,NA,NA,NA,NA,NA,NA,NA,FALSE,"SAR","PS"
"SAR | PS",2009,2023,15,4,NA,NA,NA,NA,NA,NA,NA,NA,NA,NA,FALSE,"SAR","PS"
"SAR | PS",2010,2023,14,3,NA,NA,NA,NA,NA,NA,NA,NA,NA,NA,FALSE,"SAR","PS"
"SAR | PS",2011,2023,13,2,NA,NA,NA,NA,NA,NA,NA,NA,NA,NA,FALSE,"SAR","PS"
"SAR | PS",2012,2023,12,1,NA,NA,NA,NA,NA,NA,NA,NA,NA,NA,FALSE,"SAR","PS"
"SAR | PS",2013,2023,11,0,NA,NA,NA,NA,NA,NA,NA,NA,NA,NA,FALSE,"SAR","PS"
"SAR | PS",2014,2023,10,0,NA,NA,NA,NA,NA,NA,NA,NA,NA,NA,FALSE,"SAR","PS"
"SAR | PS",2015,2023,9,0,NA,NA,NA,NA,NA,NA,NA,NA,NA,NA,FALSE,"SAR","PS"
"SAR | PS",2016,2023,8,0,NA,NA,NA,NA,NA,NA,NA,NA,NA,NA,FALSE,"SAR","PS"
"SAR | PT",1976,2023,48,22,0.611111111111111,-7.41450829989503e-06,0.752485174595975,0.72083384147192,1064.81246023606,0.138618959035997,0.0632645168143054,50.1097716246184,15.9440182441968,4.25699622594195,TRUE,"SAR","PT"
"SAR | PT",1978,2023,46,21,0.6,-7.90978315919112e-06,0.735695606262811,0.721405327075624,1064.81246023606,0.149730373642624,0.0216343949633945,50.1767584097256,26.2830639289039,9.58008730906824,TRUE,"SAR","PT"
"SAR | PT",1979,2023,45,20,0.588235294117647,-8.59675047699074e-06,0.711787517407009,0.72219738170178,949.394858909932,0.162273665383059,0.0119298377589799,50.2553159609509,37.6914869707132,13.2297119267203,TRUE,"SAR","PT"
"SAR | PT",1982,2023,42,20,0.606060606060606,-8.59675047699074e-06,0.711787517407009,0.72219738170178,949.394858909932,0.191693825353829,0.0119298377589799,50.4024167608047,37.8018125706036,13.4569083175699,TRUE,"SAR","PT"
"SAR | PT",1984,2023,40,20,0.625,-8.59675047699074e-06,0.711787517407009,0.72219738170178,949.394858909932,0.152492668621701,0.0119298377589799,50.2064109771441,37.6548082328581,13.6040497314246,TRUE,"SAR","PT"
"SAR | PT",1985,2023,39,20,0.645161290322581,-8.59675047699074e-06,0.711787517407009,0.72219738170178,949.394858909932,0.124193548387097,0.0119298377589799,50.0649153759711,37.5486865319783,13.77745339185,TRUE,"SAR","PT"
"SAR | PT",1986,2023,38,19,0.633333333333333,-1.59762338480179e-05,0.454133236498805,0.717287815244709,949.394858909932,0.0883203559510567,0.135884377171191,48.9540247513161,23.1887485664129,5.36604342864543,TRUE,"SAR","PT"
"SAR | PT",1987,2023,37,18,0.620689655172414,-7.64699993400609e-06,0.683562658256364,0.723164532033185,949.394858909932,0.133004926108374,0.201640056112248,48.4616486045389,35.0000795477225,11.7198469827311,TRUE,"SAR","PT"
"SAR | PT",1989,2023,35,17,0.607142857142857,9.85376639877478e-06,0.497467498910216,0.734387151150326,105.778265749438,0.200875752599891,0.098182264397372,48.192121786006,34.0179683195336,7.73483554665396,TRUE,"SAR","PT"
"SAR | PT",1991,2023,33,17,0.62962962962963,9.85376639877478e-06,0.497467498910216,0.734387151150326,105.778265749438,0.266788766788767,0.098182264397372,48.5216868569504,34.2506024872591,7.92520885330189,TRUE,"SAR","PT"
"SAR | PT",1992,2023,32,16,0.615384615384615,7.33783757549306e-06,0.546412973262176,0.731609754144132,30.9483035065194,0.251282051282051,0.170389842251803,47.5552720059596,47.5552720059596,18.1704578974694,TRUE,"SAR","PT"
"SAR | PT",1995,2023,29,15,0.6,4.80275901285753e-06,0.669749592327607,0.726987669692061,27.547763764242,0.226153846153846,0.00554402089690229,46.5038559579438,31.0025706386292,11.4898674888194,TRUE,"SAR","PT"
"SAR | PT",1998,2023,26,14,0.583333333333333,9.37498944588508e-06,0.344627595238952,0.734839938377185,13.0472018830107,0.328695652173913,0.311134991932293,46.3402770284133,46.3402770284133,16.2651446862877,TRUE,"SAR","PT"
"SAR | PT",2000,2023,24,13,0.565217391304348,6.77940219615735e-06,0.480738976983615,0.726704231366275,9.71820970454448,0.311264822134387,0.239334609178687,45.2570754046641,45.2570754046641,9.27784226347322,TRUE,"SAR","PT"
"SAR | PT",2001,2023,23,12,0.545454545454545,3.28504032024312e-06,0.740254030504109,0.713042774355913,9.71820970454448,0.287408243929983,0.0662059055948192,44.0312300401015,44.0312300401015,7.98782881978716,TRUE,"SAR","PT"
"SAR | PT",2002,2023,22,11,0.523809523809524,4.90719240667509e-06,0.656840189557168,0.728332083665214,9.71820970454448,0.31038961038961,0.121377493590502,43.6185897252523,43.6185897252523,6.77883490858179,TRUE,"SAR","PT"
"SAR | PT",2003,2023,21,10,0.5,1.03478841792781e-05,0.385103499397712,0.74726387423229,9.71820970454448,0.333834586466165,0.249998386656776,43.2811170836433,43.2811170836433,0,TRUE,"SAR","PT"
"SAR | PT",2004,2023,20,9,0.473684210526316,1.78149363279333e-05,0.254487785589358,0.638682038045109,9.71820970454448,0.347368421052632,NA,40.3438161994987,40.3438161994987,0,TRUE,"SAR","PT"
"SAR | PT",2005,2023,19,8,0.444444444444444,3.15848743300088e-05,0.0960377741253679,0.583428673249319,9.71820970454448,0.378740970072239,NA,38.5622783153476,38.5622783153476,2.7952588248408,TRUE,"SAR","PT"
"SAR | PT",2006,2023,18,7,NA,NA,NA,NA,NA,NA,NA,NA,NA,NA,FALSE,"SAR","PT"
"SAR | PT",2007,2023,17,6,NA,NA,NA,NA,NA,NA,NA,NA,NA,NA,FALSE,"SAR","PT"
"SAR | PT",2008,2023,16,5,NA,NA,NA,NA,NA,NA,NA,NA,NA,NA,FALSE,"SAR","PT"
"SAR | PT",2009,2023,15,4,NA,NA,NA,NA,NA,NA,NA,NA,NA,NA,FALSE,"SAR","PT"
"SAR | PT",2010,2023,14,3,NA,NA,NA,NA,NA,NA,NA,NA,NA,NA,FALSE,"SAR","PT"
"SAR | PT",2011,2023,13,2,NA,NA,NA,NA,NA,NA,NA,NA,NA,NA,FALSE,"SAR","PT"
"SAR | PT",2012,2023,12,1,NA,NA,NA,NA,NA,NA,NA,NA,NA,NA,FALSE,"SAR","PT"
"SAR | PT",2014,2023,10,0,NA,NA,NA,NA,NA,NA,NA,NA,NA,NA,FALSE,"SAR","PT"
"SAR | PT",2015,2023,9,0,NA,NA,NA,NA,NA,NA,NA,NA,NA,NA,FALSE,"SAR","PT"
"SAR | PT",2016,2023,8,0,NA,NA,NA,NA,NA,NA,NA,NA,NA,NA,FALSE,"SAR","PT"
"SCP | AFN",2016,2023,8,3,NA,NA,NA,NA,NA,NA,NA,NA,NA,NA,FALSE,"SCP","AFN"
"SCP | APS",1973,2023,51,34,0.871794871794872,-2.34292424991612e-05,2.46770508622865e-05,2.31491221237284,17.2618841959961,0.0954936831268949,3.47663853532703e-10,90.4731499317336,63.8633999518119,31.7934392212755,TRUE,"SCP","APS"
"SCP | APS",1975,2023,49,33,0.868421052631579,-2.0989189819208e-05,8.83335108196954e-05,2.25925458871889,12.7565326503266,0.064699772479665,6.95327707065407e-10,90.3080404980049,90.3080404980049,33.9180358397562,TRUE,"SCP","APS"
"SCP | APS",1978,2023,46,32,0.864864864864865,-1.87042926768393e-05,0.000374419608180708,2.2015091660547,11.5319246955505,-0.00367603485848431,0,89.916096394276,89.916096394276,26.1544812567364,TRUE,"SCP","APS"
"SCP | APS",1979,2023,45,31,0.861111111111111,-1.62638951790428e-05,0.00205549925577386,2.08045387716985,11.5319246955505,-0.0243337213980086,0,89.5186190232495,75.0801320840157,20.8125781853074,TRUE,"SCP","APS"
"SCP | APS",1982,2023,42,30,0.857142857142857,-1.27909194647187e-05,0.0120798146786228,1.96024832916284,7.78171717933603,-0.0849036829664788,9.53464210823187e-09,87.4615140164086,87.4615140164086,30.2089292856675,TRUE,"SCP","APS"
"SCP | APS",1983,2023,41,29,0.852941176470588,-9.73965116268945e-06,0.0539467244999196,1.75698769515597,5.36132146164528,-0.163202935890841,2.86039263082755e-07,79.7433085330599,79.7433085330599,33.5092571172216,TRUE,"SCP","APS"
"SCP | APS",1984,2023,40,28,0.848484848484849,-7.64368033445611e-06,0.12968836306258,1.71945115309366,4.97465972050821,-0.197058334692995,0,66.3192447905836,66.3192447905836,27.0613894269554,TRUE,"SCP","APS"
"SCP | APS",1985,2023,39,27,0.84375,-6.27708097594863e-06,0.198470987492433,1.69791634797377,4.97465972050821,-0.187717693346658,0,54.3289887220909,54.3289887220909,21.4705238309254,TRUE,"SCP","APS"
"SCP | APS",1987,2023,37,26,0.838709677419355,-5.69731395112792e-06,0.226203453016054,1.68804764278836,4.97465972050821,-0.183706396152959,8.04779503588535e-06,54.0814680192352,33.2809033964524,8.7312345243852,TRUE,"SCP","APS"
"SCP | APS",1988,2023,36,25,0.833333333333333,-2.4065295858179e-06,0.600493733750962,1.62343890135982,4.90003982470059,-0.218958616902808,4.66606681729843e-05,53.905206915486,32.3431241492916,8.72915046290061,TRUE,"SCP","APS"
"SCP | APS",1989,2023,35,24,0.827586206896552,8.49410496961705e-09,0.998343708982546,1.59727680555974,3.92998117920149,-0.20793299473117,3.51550036763039e-05,53.9603350263442,42.7185985625225,12.8123919122899,TRUE,"SCP","APS"
"SCP | APS",1990,2023,34,23,0.821428571428571,-8.96795945779281e-08,0.980106096023914,1.59854478333122,2.49976650955538,-0.205584458839071,7.26399883469447e-05,53.9720777058046,53.9720777058046,15.4010081645488,TRUE,"SCP","APS"
"SCP | APS",1991,2023,33,22,0.814814814814815,-1.2031030168724e-06,0.738290122420798,1.62767245571584,2.43034604840694,-0.298931311645304,0.000394384333955614,53.5053434417735,53.5053434417735,23.0416011308043,TRUE,"SCP","APS"
"SCP | APS",1992,2023,32,21,0.807692307692308,-1.41370305230927e-06,0.690447761701123,1.63417119143173,2.43034604840694,-0.295827650679249,0.00573173774728157,53.5208617466038,53.5208617466038,22.8051248071846,TRUE,"SCP","APS"
"SCP | APS",1993,2023,31,20,0.8,2.93324415524759e-07,0.936039783666261,1.58702439261306,2.43034604840694,-0.319353621176526,0.00740268020921505,53.4032318941174,53.4032318941174,8.48844370956996,TRUE,"SCP","APS"
"SCP | APS",1994,2023,30,19,0.791666666666667,2.22697250393746e-06,0.541784639341922,1.54617528525921,2.36092558725849,-0.375298986910685,0.00719469442654529,52.2901717321132,52.2901717321132,7.46535964393717,TRUE,"SCP","APS"
"SCP | APS",1995,2023,29,18,0.782608695652174,3.51650643967765e-06,0.313834407138171,1.52086511620586,2.29150512611005,-0.371139126724391,0.00294327801122113,51.4776376997114,51.4776376997114,6.46215782396593,TRUE,"SCP","APS"
"SCP | APS",1999,2023,25,17,0.772727272727273,2.86451161692045e-07,0.943016778653066,1.25265911203233,2.01382328151627,-0.362609446823372,0.00294327801122113,50.6869527658831,50.6869527658831,9.24057497061068,TRUE,"SCP","APS"
"SCP | APS",2000,2023,24,16,0.761904761904762,-2.94672968954544e-07,0.939800142943257,1.26337406084328,1.94440282036782,-0.424163711880517,0.0010560039803624,48.7323907448313,48.7323907448313,7.85289819300177,TRUE,"SCP","APS"
"SCP | APS",2001,2023,23,15,0.75,-9.27499526838193e-07,0.807005552107067,1.27625185604594,1.91746636594273,-0.477623200380806,0.0010560039803624,47.2292427674724,47.2292427674724,3.58648389949881,TRUE,"SCP","APS"
"SCP | APS",2002,2023,22,14,0.736842105263158,-8.81524112067108e-07,0.810212373488238,1.27518331019084,1.91746636594273,-0.457218122119848,0.00362628195725219,46.4979348254439,46.4979348254439,6.0270705199298,TRUE,"SCP","APS"
"SCP | APS",2003,2023,21,13,0.722222222222222,-1.61481245591017e-06,0.651564189273861,1.29382147859423,1.91746636594273,-0.406814716061719,0.00725256391450507,45.9166185224012,45.9166185224012,4.58663560002351,TRUE,"SCP","APS"
"SCP | APS",2004,2023,20,12,0.705882352941177,-5.0005235713518e-06,0.189202203120154,1.12570143520351,1.91746636594273,-0.670754264639307,0.00551715879956851,45.6532019001529,45.6532019001529,11.2754363479762,TRUE,"SCP","APS"
"SCP | APS",2005,2023,19,11,0.6875,-6.30165913574148e-06,0.0922079975373578,1.15388700016189,1.91746636594273,-0.763797116272575,0.011034317599137,61.3286402856426,61.3286402856426,2.20340508289345,TRUE,"SCP","APS"
"SCP | APS",2006,2023,18,10,0.666666666666667,-8.91357457948932e-06,0.0278813314037465,1.14282212149411,1.91746636594273,-0.721428571428571,0.0396822835963147,71.9643162499113,71.9643162499113,25.1456978773593,TRUE,"SCP","APS"
"SCP | APS",2007,2023,17,9,0.642857142857143,-9.59929024186774e-06,0.0469383856712689,1.01228073796473,1.91746636594273,-0.661538461538462,NA,68.0954489692121,68.0954489692121,20.5409094839761,TRUE,"SCP","APS"
"SCP | APS",2009,2023,15,8,0.615384615384615,-1.02492729910408e-05,0.0696491944525293,1.04588560582492,1.91746636594273,-0.576923076923077,NA,63.7108010222351,63.7108010222351,15.8026551063287,TRUE,"SCP","APS"
"SCP | APS",2010,2023,14,7,NA,NA,NA,NA,NA,NA,NA,NA,NA,NA,FALSE,"SCP","APS"
"SCP | APS",2011,2023,13,6,NA,NA,NA,NA,NA,NA,NA,NA,NA,NA,FALSE,"SCP","APS"
"SCP | APS",2012,2023,12,5,NA,NA,NA,NA,NA,NA,NA,NA,NA,NA,FALSE,"SCP","APS"
"SCP | APS",2015,2023,9,4,NA,NA,NA,NA,NA,NA,NA,NA,NA,NA,FALSE,"SCP","APS"
"SCP | APS",2016,2023,8,3,NA,NA,NA,NA,NA,NA,NA,NA,NA,NA,FALSE,"SCP","APS"
"SCP | GN",1972,2023,52,42,0.893617021276596,1.60184167628531e-05,0.00174131568399622,1.4042418904044,27.4300998646942,0.354600907898749,0,56.7730045394937,43.2556225062809,12.2823400241418,TRUE,"SCP","GN"
"SCP | GN",1974,2023,50,41,0.891304347826087,1.71616533878141e-05,0.000221678823229584,1.39718212758107,15.1885620264388,0.351228838552387,0,56.7561441927619,29.0702201962927,10.0432004817044,TRUE,"SCP","GN"
"SCP | GN",1976,2023,48,40,0.888888888888889,1.85890011955701e-05,1.80747343246177e-05,1.38653703617585,12.0545628800568,0.352317270193436,0,56.7615863509672,28.3807931754836,11.6272048197165,TRUE,"SCP","GN"
"SCP | GN",1977,2023,47,39,0.886363636363636,1.8870293597346e-05,4.67981766058065e-06,1.38371834403276,12.0545628800568,0.364142499961792,0,56.820712499809,27.68188557683,10.9055155675464,TRUE,"SCP","GN"
"SCP | GN",1978,2023,46,38,0.883720930232558,1.78262795414204e-05,1.57713632603307e-05,1.40526875238462,12.0545628800568,0.324310039118136,0,56.6215501955907,26.8207343031745,8.39091106987281,TRUE,"SCP","GN"
"SCP | GN",1979,2023,45,37,0.880952380952381,1.66212290462942e-05,9.78655232646197e-05,1.42925174557014,12.0545628800568,0.290912037838558,0,56.4545601891928,25.938581708548,6.39563168529227,TRUE,"SCP","GN"
"SCP | GN",1980,2023,44,36,0.878048780487805,1.48124024976882e-05,0.000542832721415089,1.45970594304281,12.0545628800568,0.239470360434478,0,56.1973518021724,17.1714130506638,4.12599807111474,TRUE,"SCP","GN"
"SCP | GN",1981,2023,43,35,0.875,1.40585183555951e-05,0.000309086371620319,1.4670514911364,10.1442444822848,0.220179183130725,0,56.1008959156536,24.0432411067087,5.61139588414526,TRUE,"SCP","GN"
"SCP | GN",1982,2023,42,34,0.871794871794872,1.34187221182089e-05,0.000132813142283716,1.47398742148788,7.78171717933603,0.195252796444195,3.47663853532703e-10,55.976263982221,31.2808534018294,7.05389510122634,TRUE,"SCP","GN"
"SCP | GN",1983,2023,41,33,0.868421052631579,1.29605120735102e-05,4.82708539573098e-05,1.47996571214272,5.36132146164528,0.209224708963381,6.95327707065407e-10,56.0461235448169,39.0624497433572,10.5308514534628,TRUE,"SCP","GN"
"SCP | GN",1984,2023,40,32,0.864864864864865,1.22417492121725e-05,7.14002421236033e-05,1.49618068200352,4.97465972050821,0.192875348569509,0,55.9643767428475,38.4755090107077,9.69702289386496,TRUE,"SCP","GN"
"SCP | GN",1985,2023,39,31,0.861111111111111,1.13797764040568e-05,0.000398079279348518,1.53861523976217,4.97465972050821,0.13681704127694,0,55.6840852063847,37.7214770752929,9.02167266095821,TRUE,"SCP","GN"
"SCP | GN",1986,2023,38,30,0.857142857142857,1.05979397004046e-05,0.00102596572376648,1.56638176602636,4.97465972050821,0.109951677557961,2.86039263000655e-07,55.5497583877898,37.0331722585265,5.56678272426991,TRUE,"SCP","GN"
"SCP | GN",1987,2023,37,29,0.852941176470588,9.61272432358517e-06,0.00354999305107458,1.60470838026642,4.97465972050821,0.179081672155315,6.88819429968375e-07,55.8954083607766,36.6211296156812,5.03604942562594,TRUE,"SCP","GN"
"SCP | GN",1988,2023,36,28,0.848484848484849,7.90342050683758e-06,0.0134710405402811,1.64395821439042,4.90003982470059,0.215091502380451,0,56.0754575119023,26.0350338448118,5.19787613202471,TRUE,"SCP","GN"
"SCP | GN",1989,2023,35,27,0.84375,5.10472530753768e-06,0.110541144297157,1.70508734143315,3.92998117920149,0.183484557639835,2.50652983594922e-05,55.9174227881992,35.2072661999773,6.57230828850014,TRUE,"SCP","GN"
"SCP | GN",1990,2023,34,26,0.838709677419355,3.80615532259455e-06,0.192111698916279,1.73058237373633,2.49976650955538,0.136102430372083,0.000295871776664794,55.6805121518604,55.6805121518604,13.7603879926048,TRUE,"SCP","GN"
"SCP | GN",1991,2023,33,25,0.833333333333333,2.90459214558766e-06,0.334029566761665,1.77323894135241,2.43034604840694,0.162865725782531,0.00067532487707299,55.8143286289127,55.8143286289127,8.71038412582811,TRUE,"SCP","GN"
"SCP | GN",1992,2023,32,24,0.827586206896552,3.26536442186168e-06,0.27178106176595,1.75946206547451,2.43034604840694,0.175144723584937,0.000952109646757125,55.8757236179247,55.8757236179247,12.316007648461,TRUE,"SCP","GN"
"SCP | GN",1993,2023,31,23,0.821428571428571,3.45130854516419e-06,0.232757522585658,1.7527602380068,2.43034604840694,0.185301767165696,0.00763447047578552,55.9265088358285,55.9265088358285,11.5257334342539,TRUE,"SCP","GN"
"SCP | GN",1994,2023,30,22,0.814814814814815,3.03770217210392e-06,0.280725587781447,1.76931686626027,2.36092558725849,0.261294261294261,0.0157950214487469,56.3064713064713,56.3064713064713,10.7587241041786,TRUE,"SCP","GN"
"SCP | GN",1995,2023,29,21,0.807692307692308,3.3349217288147e-06,0.217049222141088,1.75811394121718,2.29150512611005,0.268376068376068,0.0168494233201859,56.3418803418803,56.3418803418803,9.88030741202902,TRUE,"SCP","GN"
"SCP | GN",1996,2023,28,20,0.8,2.74428006529977e-06,0.297143613124744,1.78596002018299,2.22208466496161,0.361538461538462,0.0981652176128166,56.8076923076923,56.8076923076923,9.04900911356422,TRUE,"SCP","GN"
"SCP | GN",1997,2023,27,19,0.791666666666667,2.21475382882906e-06,0.383145419089122,1.81218552885842,2.15266420381316,0.438260869565217,0.46287633144445,56.3579710144928,56.3579710144928,12.5438083759367,TRUE,"SCP","GN"
"SCP | GN",1998,2023,26,18,0.782608695652174,1.76625218154941e-06,0.465742561171473,1.83582165927926,2.08324374266471,0.423913043478261,0.198592652198355,55.4528985507246,55.4528985507246,11.3952279546503,TRUE,"SCP","GN"
"SCP | GN",2000,2023,24,17,0.772727272727273,1.52711425968514e-06,0.500774083917412,1.8492331842411,1.94440282036782,0.503105590062112,0,54.2020705878778,54.2020705878778,5.92286785569821,TRUE,"SCP","GN"
"SCP | GN",2001,2023,23,16,0.761904761904762,2.1170653599448e-06,0.321808267923911,1.81402750783858,1.91746636594273,0.472727272727273,0.113145778504486,52.8143284663461,52.8143284663461,4.86238930487497,TRUE,"SCP","GN"
"SCP | GN",2003,2023,21,15,0.75,2.89130871832827e-06,0.144391000404009,1.76888985309614,1.91746636594273,0.46015037593985,0.43028530985002,51.9181106490757,51.9181106490757,7.67936703953934,TRUE,"SCP","GN"
"SCP | GN",2005,2023,19,14,0.736842105263158,2.88744427061396e-06,0.12164946814993,1.76920371189488,1.91746636594273,0.514035087719298,0.430494820307524,51.3542008746396,51.3542008746396,6.24096077584659,TRUE,"SCP","GN"
"SCP | GN",2006,2023,18,13,0.722222222222222,2.99182402298355e-06,0.120333519758175,1.74777599146854,1.91746636594273,0.545923632610939,0.366078738170255,50.6803102657645,50.6803102657645,4.63719924747547,TRUE,"SCP","GN"
"SCP | GN",2007,2023,17,12,0.705882352941177,2.80875897661223e-06,0.158853924117188,1.70750778519657,1.91746636594273,0.553921568627451,0.511856734183089,49.8869666125137,49.8869666125137,3.05775020013452,TRUE,"SCP","GN"
"SCP | GN",2008,2023,16,11,0.6875,2.68205212576623e-06,0.203930477026803,1.66074494639791,1.91746636594273,0.532352941176471,0.51057968384813,48.9457901419255,48.9457901419255,1.4906758125675,TRUE,"SCP","GN"
"SCP | GN",2009,2023,15,10,0.666666666666667,2.69754400949944e-06,0.237414045135627,1.60949507884046,1.91746636594273,0.521428571428571,0.49796015176996,48.0578349598526,48.0578349598526,0,TRUE,"SCP","GN"
"SCP | GN",2010,2023,14,9,0.642857142857143,2.84969945683033e-06,0.250862176805918,1.55699946060227,1.91746636594273,0.476923076923077,NA,47.0019741539918,47.0019741539918,12.1492728963744,TRUE,"SCP","GN"
"SCP | GN",2011,2023,13,8,0.615384615384615,2.79740797546048e-06,0.299007518987407,1.52811942369215,1.91746636594273,0.489010989010989,NA,46.2290803810981,46.2290803810981,9.79382443228894,TRUE,"SCP","GN"
"SCP | GN",2012,2023,12,7,NA,NA,NA,NA,NA,NA,NA,NA,NA,NA,FALSE,"SCP","GN"
"SCP | GN",2013,2023,11,6,NA,NA,NA,NA,NA,NA,NA,NA,NA,NA,FALSE,"SCP","GN"
"SCP | GN",2014,2023,10,5,NA,NA,NA,NA,NA,NA,NA,NA,NA,NA,FALSE,"SCP","GN"
"SCP | GN",2015,2023,9,4,NA,NA,NA,NA,NA,NA,NA,NA,NA,NA,FALSE,"SCP","GN"
"SCP | GN",2016,2023,8,3,NA,NA,NA,NA,NA,NA,NA,NA,NA,NA,FALSE,"SCP","GN"
"SCP | OBT",1975,2023,49,39,0.886363636363636,2.22168964037815e-06,4.64442171368202e-08,1.14231549652242,12.7565326503266,-0.0608879492600423,0,54.6955602536998,40.671057624546,18.1542548397356,TRUE,"SCP","OBT"
"SCP | OBT",1977,2023,47,38,0.883720930232558,2.17898318861679e-06,3.68855249127169e-09,1.14503279925568,12.0545628800568,-0.0465116279069767,0,54.7674418604651,40.3549571603427,13.3059429624376,TRUE,"SCP","OBT"
"SCP | OBT",1979,2023,45,37,0.880952380952381,2.05219780849491e-06,1.55200467402675e-08,1.16150380662013,12.0545628800568,0.0200145855279151,8.96517776601967e-13,55.1000729276396,40.2081613255748,16.90204613288,TRUE,"SCP","OBT"
"SCP | OBT",1980,2023,44,36,0.878048780487805,1.89213568715052e-06,2.94508979525937e-08,1.17698308226073,12.0545628800568,0.0886759581881533,0,55.4433797909408,40.0424409601239,14.9513956970508,TRUE,"SCP","OBT"
"SCP | OBT",1982,2023,42,35,0.875,1.76190199206911e-06,7.67077414715036e-10,1.18621846229933,7.78171717933603,0.137523452157598,0,55.687617260788,39.7768694719914,17.9631461255974,TRUE,"SCP","OBT"
"SCP | OBT",1983,2023,41,34,0.871794871794872,1.63293390702225e-06,3.27546989933164e-10,1.20129029936025,5.36132146164528,0.211740890688259,3.47663853532703e-10,56.0587044534413,31.3269230769231,10.8681386218217,TRUE,"SCP","OBT"
"SCP | OBT",1984,2023,40,33,0.868421052631579,1.54371140607955e-06,7.08810635981467e-10,1.21854483866995,4.97465972050821,0.292482766166977,1.18205705697441e-08,56.4624138308349,39.3525914578546,9.73835501463729,TRUE,"SCP","OBT"
"SCP | OBT",1987,2023,37,32,0.864864864864865,1.46186628835667e-06,6.25481314223613e-10,1.23335216914658,4.97465972050821,0.370791844476055,0,56.8539592223803,39.0870969653864,12.8666397709888,TRUE,"SCP","OBT"
"SCP | OBT",1988,2023,36,31,0.861111111111111,1.35913259896119e-06,7.17736127073347e-09,1.12711102143478,4.90003982470059,0.404375804375804,0,57.021879021879,38.6277244986922,14.9228391180724,TRUE,"SCP","OBT"
"SCP | OBT",1989,2023,35,30,0.857142857142857,1.21843809120074e-06,2.53240526788946e-08,1.06204279690065,3.92998117920149,0.410924369747899,1.1876197077236e-08,57.0546218487395,38.0364145658263,19.331785761219,TRUE,"SCP","OBT"
"SCP | OBT",1990,2023,34,29,0.852941176470588,1.10498207002487e-06,6.42905922822973e-08,1.0819643002872,2.49976650955538,0.426432391138273,2.37523940522091e-08,57.1321619556914,47.2817892047101,28.3886859903629,TRUE,"SCP","OBT"
"SCP | OBT",1991,2023,33,28,0.848484848484849,1.09886646233248e-06,3.06349060327961e-07,1.07185821319246,2.43034604840694,0.424465240641711,0,57.1223262032086,46.9219108097785,27.720190472068,TRUE,"SCP","OBT"
"SCP | OBT",1992,2023,32,27,0.84375,1.08895337603023e-06,1.14618602897453e-06,1.09231271899638,2.43034604840694,0.393695014662757,0,56.9684750733138,46.4187574671446,22.0174296595194,TRUE,"SCP","OBT"
"SCP | OBT",1993,2023,31,26,0.838709677419355,1.05105353325534e-06,2.89288019009323e-06,1.10680900210276,2.43034604840694,0.418951612903226,3.09530578880645e-07,57.0947580645161,46.114996898263,21.3900323620377,TRUE,"SCP","OBT"
"SCP | OBT",1994,2023,30,25,0.833333333333333,1.00735284167171e-06,9.54784064737739e-06,1.12589910616213,2.36092558725849,0.441156840934372,6.1906115704646e-07,57.2057842046719,45.7646273637375,15.4121554861752,TRUE,"SCP","OBT"
"SCP | OBT",1995,2023,29,24,0.827586206896552,9.80783874487551e-07,4.81839536771597e-05,1.1557023144435,2.29150512611005,0.461083743842364,0,57.3054187192118,45.366789819376,19.7842822132781,TRUE,"SCP","OBT"
"SCP | OBT",1996,2023,28,23,0.821428571428571,9.3412166687029e-07,0.000193644035891213,1.18235451409289,2.22208466496161,0.438423645320197,0,57.192118226601,44.7590490469051,18.9443296533573,TRUE,"SCP","OBT"
"SCP | OBT",1997,2023,27,22,0.814814814814815,8.77546790870015e-07,0.000648496577685608,1.20787061986124,2.15266420381316,0.511599511599512,0.000160122227878061,57.5579975579976,44.4766344766345,12.8511302088531,TRUE,"SCP","OBT"
"SCP | OBT",1998,2023,26,21,0.807692307692308,8.16253315364856e-07,0.00223350395392328,1.23734022319674,2.08324374266471,0.594529914529914,0.00109174246280618,57.9726495726496,44.1696377696378,11.8818748009498,TRUE,"SCP","OBT"
"SCP | OBT",1999,2023,25,20,0.8,8.06190346299068e-07,0.0107329358913771,1.10529895110736,2.01382328151627,0.628461538461538,0.00740268020921505,58.1423076923077,43.6067307692308,10.9000688854511,TRUE,"SCP","OBT"
"SCP | OBT",2000,2023,24,19,0.791666666666667,7.41781989326012e-07,0.0470082171244998,0.968067287213604,1.94440282036782,0.68,0.00156761280363604,56.114555048506,41.3475668778465,14.8012174437019,TRUE,"SCP","OBT"
"SCP | OBT",2001,2023,23,18,0.782608695652174,5.95418447961512e-07,0.170347796665426,0.735281981622211,1.91746636594273,0.636363636363636,0.00640363153951905,50.0048165836388,36.1145897548503,17.0674247227446,TRUE,"SCP","OBT"
"SCP | OBT",2002,2023,22,17,0.772727272727273,3.9754295056053e-07,0.38898577731807,0.724757025288411,1.91746636594273,0.662337662337662,0.0003270308901347,49.0908542534996,34.6523677083527,15.9217670420113,TRUE,"SCP","OBT"
"SCP | OBT",2003,2023,21,16,0.761904761904762,1.42328031567762e-07,0.772944818411475,0.743335117726346,1.91746636594273,0.688311688311688,6.60002487726968e-05,48.7589528987951,33.5217801179217,5.6102979647036,TRUE,"SCP","OBT"
"SCP | OBT",2004,2023,20,15,0.75,-2.65152774440559e-07,0.62768837519759,0.635212953997362,1.91746636594273,0.666165413533835,0.000132000497545299,45.6524449169929,30.4349632779952,7.50316144883059,TRUE,"SCP","OBT"
"SCP | OBT",2005,2023,19,14,0.736842105263158,-6.90224453732515e-07,0.241739878672886,0.595478711212984,1.91746636594273,0.657894736842105,0.00362628195725219,43.9830733445133,28.27483286433,6.17129048709301,TRUE,"SCP","OBT"
"SCP | OBT",2006,2023,18,13,0.722222222222222,-1.06795790625627e-06,0.110307243608324,0.532505595608251,1.91746636594273,0.673890608875129,0.00725256391450507,57.6664894277938,35.4870704171039,16.2268629044185,TRUE,"SCP","OBT"
"SCP | OBT",2007,2023,17,12,0.705882352941177,-1.0158179259471e-06,0.189016291613413,0.53116260013585,1.91746636594273,0.688725490196079,0.00551715879956851,43.1063871907265,43.1063871907265,18.2985531845953,TRUE,"SCP","OBT"
"SCP | OBT",2008,2023,16,11,0.6875,-9.7131424413085e-07,0.259666014009505,0.541239108856424,1.91746636594273,0.647058823529412,0.011034317599137,40.3441017308187,40.3441017308187,8.53037203590237,TRUE,"SCP","OBT"
"SCP | OBT",2009,2023,15,10,0.666666666666667,-1.04634558755444e-06,0.285608227932468,0.552538238515525,1.91746636594273,0.589285714285714,0.0396822835963147,39.4478854444489,39.4478854444489,13.7168483072165,TRUE,"SCP","OBT"
"SCP | OBT",2010,2023,14,9,0.642857142857143,-1.58902873501924e-06,0.193446308919271,0.571267333866227,1.91746636594273,0.507692307692308,NA,39.7280629242901,39.7280629242901,5.38609831384848,TRUE,"SCP","OBT"
"SCP | OBT",2011,2023,13,8,0.615384615384615,-5.5709311478247e-06,0.0187315982405337,0.285095611377803,1.91746636594273,0.461538461538462,NA,63.5156002791981,63.5156002791981,15.9346427335631,TRUE,"SCP","OBT"
"SCP | OBT",2012,2023,12,7,NA,NA,NA,NA,NA,NA,NA,NA,NA,NA,FALSE,"SCP","OBT"
"SCP | OBT",2013,2023,11,6,NA,NA,NA,NA,NA,NA,NA,NA,NA,NA,FALSE,"SCP","OBT"
"SCP | OBT",2014,2023,10,5,NA,NA,NA,NA,NA,NA,NA,NA,NA,NA,FALSE,"SCP","OBT"
"SCP | OBT",2015,2023,9,4,NA,NA,NA,NA,NA,NA,NA,NA,NA,NA,FALSE,"SCP","OBT"
"SCP | OBT",2016,2023,8,3,NA,NA,NA,NA,NA,NA,NA,NA,NA,NA,FALSE,"SCP","OBT"
"SCP | PS",1971,2023,53,48,0.905660377358491,-2.94890656904289e-06,0.505841805858885,1.38108636500051,36.2759149486753,0.417674568617965,0,57.0883728430898,45.1949618341128,11.9388469713369,TRUE,"SCP","PS"
"SCP | PS",1972,2023,52,47,0.903846153846154,-4.34200319561651e-07,0.919367209863941,1.36769989307562,27.4300998646942,0.384273883718945,0,56.9213694185947,50.8659045868293,12.4316860383302,TRUE,"SCP","PS"
"SCP | PS",1973,2023,51,46,0.901960784313726,3.10800030848172e-06,0.464708380272116,1.27510319200605,17.2618841959961,0.347330316742081,0,56.7366515837104,44.4025968915995,11.5010280266294,TRUE,"SCP","PS"
"SCP | PS",1974,2023,50,45,0.9,6.26786850236723e-06,0.139117840140779,1.10636669491133,15.1885620264388,0.325522208883553,0,56.6276110444178,50.3356542617047,17.7257938624339,TRUE,"SCP","PS"
"SCP | PS",1975,2023,49,44,0.897959183673469,8.58976204958567e-06,0.037130868059233,1.09704324714543,12.7565326503266,0.338775510204082,0,56.6938775510204,50.2513914656772,17.4329828730636,TRUE,"SCP","PS"
"SCP | PS",1976,2023,48,43,0.895833333333333,9.23060893205909e-06,0.0197244501033174,1.09401019872949,12.0545628800568,0.342813721233174,0,56.7140686061659,30.3354320451585,10.3512127230175,TRUE,"SCP","PS"
"SCP | PS",1977,2023,47,42,0.893617021276596,9.06997846350795e-06,0.017591913054827,1.09492134272662,12.0545628800568,0.323311748381129,0,56.6165587419056,29.6562926743315,9.8303078935014,TRUE,"SCP","PS"
"SCP | PS",1978,2023,46,41,0.891304347826087,7.89771104909384e-06,0.0367402123232693,1.10343296413096,12.0545628800568,0.291396854764107,0,56.4569842738205,35.8019900273008,11.6634173323022,TRUE,"SCP","PS"
"SCP | PS",1979,2023,45,40,0.888888888888889,8.13713784742371e-06,0.0237898823373859,1.10212072647201,12.0545628800568,0.295915678524374,0,56.4795783926219,28.2397891963109,9.11139289703817,TRUE,"SCP","PS"
"SCP | PS",1980,2023,44,39,0.886363636363636,7.96094013418782e-06,0.0179467879537616,1.10307565160981,12.0545628800568,0.308949964763918,0,56.5447498238196,34.7967691223505,9.22660049978203,TRUE,"SCP","PS"
"SCP | PS",1981,2023,43,38,0.883720930232558,7.87792812561671e-06,0.00984841322572835,1.10350894144075,10.1442444822848,0.28767743884023,0,56.4383871942011,34.1600764596481,8.82108412577789,TRUE,"SCP","PS"
"SCP | PS",1982,2023,42,37,0.880952380952381,7.2794394901046e-06,0.00881973215740726,1.10721456968873,7.78171717933603,0.256948383437323,0,56.2847419171866,41.0726495071362,14.8997724139341,TRUE,"SCP","PS"
"SCP | PS",1983,2023,41,36,0.878048780487805,6.92252848906318e-06,0.00664925731455472,1.10982714087026,5.36132146164528,0.226655052264808,0,56.133275261324,40.5406987998451,14.2328065871919,TRUE,"SCP","PS"
"SCP | PS",1984,2023,40,35,0.875,6.73012912133568e-06,0.00548383350880139,1.11177162884954,4.97465972050821,0.193621013133208,0,55.968105065666,47.9726614848566,13.5451382806572,TRUE,"SCP","PS"
"SCP | PS",1985,2023,39,34,0.871794871794872,5.9817472057778e-06,0.0121054878080361,1.12239135586067,4.97465972050821,0.146963562753036,1.18205705697441e-08,55.7348178137652,47.5385210764468,10.2004675564215,TRUE,"SCP","PS"
"SCP | PS",1986,2023,38,33,0.868421052631579,5.75751602664495e-06,0.012504277708774,1.1254466440802,4.97465972050821,0.106247948353211,2.29458134324228e-08,55.5312397417661,38.7035913351703,7.84382116097257,TRUE,"SCP","PS"
"SCP | PS",1987,2023,37,32,0.864864864864865,4.97565345862948e-06,0.0307448449309836,1.13919855360844,4.97465972050821,0.0495495495495495,0,55.2477477477477,46.6152871621622,8.98866693728807,TRUE,"SCP","PS"
"SCP | PS",1988,2023,36,31,0.861111111111111,3.94358576322571e-06,0.0684607165476158,1.1513102995556,4.90003982470059,-0.0136422136422136,2.12771762429848e-08,54.9317889317889,46.0718229750488,10.8451960827843,TRUE,"SCP","PS"
"SCP | PS",1989,2023,35,30,0.857142857142857,1.32715210030568e-06,0.550911921022719,1.18107022119376,3.92998117920149,-0.00196078431372549,1.38721845055916e-06,54.9901960784314,45.8251633986928,10.1979587553029,TRUE,"SCP","PS"
"SCP | PS",1990,2023,34,29,0.852941176470588,1.07323488369467e-07,0.958063327459659,1.19357526608082,2.49976650955538,0.039266615737204,2.61581934742808e-06,55.196333078686,55.196333078686,15.6078132865945,TRUE,"SCP","PS"
"SCP | PS",1991,2023,33,28,0.848484848484849,-2.42211866061511e-06,0.325491048004045,1.22948876365343,2.43034604840694,0.0969251336898396,1.1797107551575e-06,55.4846256684492,55.4846256684492,28.9293389747428,TRUE,"SCP","PS"
"SCP | PS",1992,2023,32,27,0.84375,-2.14283632080006e-06,0.381788359665845,1.22450250164962,2.43034604840694,0.0784457478005865,2.50652983594922e-05,55.3922287390029,55.3922287390029,28.3291548436878,TRUE,"SCP","PS"
"SCP | PS",1993,2023,31,26,0.838709677419355,-2.55073622531826e-06,0.287703379985767,1.23026580875752,2.43034604840694,0.143548387096774,0.000295871776664794,55.7177419354839,55.7177419354839,27.9061975475497,TRUE,"SCP","PS"
"SCP | PS",1994,2023,30,25,0.833333333333333,-2.92301799319652e-06,0.208740707593325,1.23551164324004,2.36092558725849,0.217797552836485,0.0024263547449343,56.0889877641824,56.0889877641824,27.6525942534473,TRUE,"SCP","PS"
"SCP | PS",1995,2023,29,24,0.827586206896552,-3.30248859566131e-06,0.141473989874004,1.24116157249996,2.29150512611005,0.272413793103448,0.00296473864338449,66.6041207375666,66.6041207375666,32.4843147317776,TRUE,"SCP","PS"
"SCP | PS",1996,2023,28,23,0.821428571428571,-3.84725349043038e-06,0.0753213337299873,1.24944649091212,2.22208466496161,0.346469622331691,0.050513487042871,78.5511147089107,61.4747854243649,29.1898698575509,TRUE,"SCP","PS"
"SCP | PS",1997,2023,27,22,0.814814814814815,-3.138811119759e-06,0.15349847117522,1.20823330742172,2.15266420381316,0.284493284493284,0.240697697895158,64.560233966803,49.8874535198023,22.8724453371903,TRUE,"SCP","PS"
"SCP | PS",1998,2023,26,21,0.807692307692308,-2.36395709208682e-06,0.289125793900438,1.12478765205744,2.08324374266471,0.210940170940171,0.57741295177778,56.0547008547009,56.0547008547009,24.8285912721794,TRUE,"SCP","PS"
"SCP | PS",1999,2023,25,20,0.8,-1.74404646759165e-06,0.428590601734531,1.11352426593235,2.01382328151627,0.143076923076923,0.519626409791334,55.7153846153846,55.7153846153846,23.9064033146055,TRUE,"SCP","PS"
"SCP | PS",2000,2023,24,19,0.791666666666667,-1.81528995670481e-06,0.390015379500949,1.11472745140582,1.94440282036782,0.182608695652174,0.486223497301053,54.2662527824948,54.2662527824948,22.4382063459161,TRUE,"SCP","PS"
"SCP | PS",2001,2023,23,18,0.782608695652174,-1.0782321646224e-06,0.609145964947934,1.04170877271135,1.91746636594273,0.199604743083004,0.402645604655761,53.1153824847915,53.1153824847915,21.0596633911354,TRUE,"SCP","PS"
"SCP | PS",2002,2023,22,17,0.772727272727273,-4.32852734050036e-07,0.834988024330013,1.02563972750209,1.91746636594273,0.290796160361378,0.421413399258673,52.73800623785,52.73800623785,18.8292203823276,TRUE,"SCP","PS"
"SCP | PS",2003,2023,21,16,0.761904761904762,-1.06429728915906e-07,0.957745320011254,1.0193562107957,1.91746636594273,0.298701298701299,0.383450645751538,51.9441985962163,51.9441985962163,9.266852580147,TRUE,"SCP","PS"
"SCP | PS",2004,2023,20,15,0.75,-6.54425281991907e-08,0.973014814583218,1.01846918286169,1.91746636594273,0.296240601503759,0.397730583521594,51.0985617768952,34.0657078512635,5.19704498317301,TRUE,"SCP","PS"
"SCP | PS",2005,2023,19,14,0.736842105263158,-9.57016952311433e-08,0.960003887475618,1.01934551685288,1.91746636594273,0.249122807017544,0.603433868003424,50.0296394711308,32.1619110885841,3.97250435961605,TRUE,"SCP","PS"
"SCP | PS",2006,2023,18,13,0.722222222222222,-2.15558934909523e-08,0.991312081828192,1.01415673918048,1.91746636594273,0.232198142414861,0.366078738170255,49.1116828147841,30.2225740398671,2.68011207203037,TRUE,"SCP","PS"
"SCP | PS",2007,2023,17,12,0.705882352941177,-2.47892162548809e-07,0.903029017508502,1.00403909940814,1.91746636594273,0.264705882352941,0.511856734183089,48.4408881811411,28.2571847723323,1.7334244432127,TRUE,"SCP","PS"
"SCP | PS",2008,2023,16,11,0.6875,-4.05938904067447e-07,0.848849982004469,0.994056691430452,1.91746636594273,0.273529411764706,0.51057968384813,47.5328063234757,25.9269852673504,0.823308701175365,TRUE,"SCP","PS"
"SCP | PS",2009,2023,15,10,0.666666666666667,-4.77326142949703e-07,0.83475574204257,0.98163068932212,1.91746636594273,0.282142857142857,0.49796015176996,46.4940201748665,46.4940201748665,7.58489327146216,TRUE,"SCP","PS"
"SCP | PS",2010,2023,14,9,0.642857142857143,-4.42572470770767e-07,0.858832001217625,0.967489539375664,1.91746636594273,0.279120879120879,NA,45.3627539524941,45.3627539524941,5.32626183200204,TRUE,"SCP","PS"
"SCP | PS",2011,2023,13,8,0.615384615384615,-5.91437501790335e-07,0.827914698772534,0.951672829829783,1.91746636594273,0.285714285714286,NA,44.2460534612102,44.2460534612102,3.81402842147977,TRUE,"SCP","PS"
"SCP | PS",2012,2023,12,7,NA,NA,NA,NA,NA,NA,NA,NA,NA,NA,FALSE,"SCP","PS"
"SCP | PS",2013,2023,11,6,NA,NA,NA,NA,NA,NA,NA,NA,NA,NA,FALSE,"SCP","PS"
"SCP | PS",2014,2023,10,5,NA,NA,NA,NA,NA,NA,NA,NA,NA,NA,FALSE,"SCP","PS"
"SCP | PS",2015,2023,9,4,NA,NA,NA,NA,NA,NA,NA,NA,NA,NA,FALSE,"SCP","PS"
"SCP | PS",2016,2023,8,3,NA,NA,NA,NA,NA,NA,NA,NA,NA,NA,FALSE,"SCP","PS"
"SCP | PT",1975,2023,49,42,0.893617021276596,4.79398283804224e-06,0.363802111619911,0.855681166489786,12.7565326503266,0.164840565533888,0,52.9378261574652,40.3335818342592,15.4499247593066,TRUE,"SCP","PT"
"SCP | PT",1976,2023,48,41,0.891304347826087,7.47757391024413e-06,0.141900318683666,0.850111900346972,12.0545628800568,0.126553393627655,0,52.6350049750777,26.959392792113,11.546439196603,TRUE,"SCP","PT"
"SCP | PT",1978,2023,46,40,0.888888888888889,6.9434821132204e-06,0.15239499545355,0.851454790139136,12.0545628800568,0.145722849975295,0,52.7577100526592,32.973568782912,13.8969853432981,TRUE,"SCP","PT"
"SCP | PT",1980,2023,44,39,0.886363636363636,6.36472710674788e-06,0.166198548984011,0.85297413044791,12.0545628800568,0.166531590363792,0,52.8921405607772,32.5490095758629,11.7562213482065,TRUE,"SCP","PT"
"SCP | PT",1981,2023,43,38,0.883720930232558,6.85822836316623e-06,0.101281295751715,0.851850383325637,10.1442444822848,0.152150111483828,0,52.7977582239319,38.9036113228972,11.6610586306969,TRUE,"SCP","PT"
"SCP | PT",1982,2023,42,37,0.880952380952381,7.58657756768545e-06,0.0447151919749319,0.850049196490361,7.78171717933603,0.135164701703263,0,52.6768074383236,45.5583199466582,15.797550088197,TRUE,"SCP","PT"
"SCP | PT",1983,2023,41,36,0.878048780487805,8.7248010054549e-06,0.0111550715344775,0.846868309227206,5.36132146164528,0.105492399594817,0,52.4648281825182,37.8912647984854,14.8010827749937,TRUE,"SCP","PT"
"SCP | PT",1984,2023,40,35,0.875,9.09745879913838e-06,0.00501778354195668,0.845404329302953,4.97465972050821,0.086026549182307,0,52.3382193319706,37.384442379979,12.2373012970137,TRUE,"SCP","PT"
"SCP | PT",1985,2023,39,34,0.871794871794872,9.48040994903565e-06,0.00192242981980275,0.843764653738189,4.97465972050821,0.0610354775820891,1.18205705697441e-08,52.1804704626742,44.5068718652221,11.7849087878571,TRUE,"SCP","PT"
"SCP | PT",1986,2023,38,33,0.868421052631579,1.00036348993739e-05,0.000576525151876754,0.841246118252564,4.97465972050821,0.0223231384040427,2.29458134324228e-08,51.9365380570715,51.9365380570715,13.1391647415043,TRUE,"SCP","PT"
"SCP | PT",1987,2023,37,32,0.864864864864865,9.3125352181005e-06,0.00103058569971347,0.846324397083375,4.97465972050821,0.0746843697595516,0,52.2999097904653,35.9561879809449,10.7262718093242,TRUE,"SCP","PT"
"SCP | PT",1988,2023,36,31,0.861111111111111,7.91451184280072e-06,0.00351624387386801,0.854796595743668,4.90003982470059,0.138481338481339,2.12771762429848e-08,52.7883386072801,44.2740904448155,13.5749969483641,TRUE,"SCP","PT"
"SCP | PT",1989,2023,35,30,0.857142857142857,6.26958265331912e-06,0.0123597284196802,0.863744635423023,3.92998117920149,0.161064425770308,1.38721845055916e-06,53.080214837312,44.2335123644267,16.2926347363682,TRUE,"SCP","PT"
"SCP | PT",1990,2023,34,29,0.852941176470588,4.96361362749795e-06,0.0334217205009085,0.871945210543468,2.49976650955538,0.177081741787624,2.61581934742808e-06,53.3243129198075,53.3243129198075,23.0144976407773,TRUE,"SCP","PT"
"SCP | PT",1991,2023,33,28,0.848484848484849,4.43250139629364e-06,0.0612474581616952,0.879817379947174,2.43034604840694,0.193850267379679,1.1797107551575e-06,53.5655989358419,53.5655989358419,22.6175524078125,TRUE,"SCP","PT"
"SCP | PT",1992,2023,32,27,0.84375,4.43876064893283e-06,0.0572769487447162,0.879743597132213,2.43034604840694,0.17925219941349,2.50652983594922e-05,53.4911329397117,53.4911329397117,22.0522457981809,TRUE,"SCP","PT"
"SCP | PT",1993,2023,31,26,0.838709677419355,4.55364339430327e-06,0.0449142159886947,0.878544705545364,2.43034604840694,0.158064516129032,0.000295871776664794,53.3612166915524,53.3612166915524,21.429229055486,TRUE,"SCP","PT"
"SCP | PT",1994,2023,30,25,0.833333333333333,4.74870523511885e-06,0.0297791594555332,0.876572178398288,2.36092558725849,0.125250278086763,0.0024263547449343,53.1576949583996,53.1576949583996,20.7394746880196,TRUE,"SCP","PT"
"SCP | PT",1995,2023,29,24,0.827586206896552,4.95920556763695e-06,0.017880933918002,0.874334614205898,2.29150512611005,0.0911330049261083,0.00296473864338449,52.9423573087485,52.9423573087485,20.0047565353847,TRUE,"SCP","PT"
"SCP | PT",1996,2023,28,23,0.821428571428571,4.44627300026393e-06,0.0333102382974244,0.883007782173667,2.22208466496161,0.13847837985769,0.0129722664137505,53.3525475427618,53.3525475427618,19.4531755743552,TRUE,"SCP","PT"
"SCP | PT",1997,2023,27,22,0.814814814814815,4.12412643893102e-06,0.0425863979354126,0.887852314056349,2.15266420381316,0.184981684981685,0.026431919041625,53.6819547060354,53.6819547060354,18.8049514061142,TRUE,"SCP","PT"
"SCP | PT",1998,2023,26,21,0.807692307692308,3.97876287262478e-06,0.0419079322495891,0.890020290261817,2.08324374266471,0.182222222222222,0.192615921822099,53.7115169163475,53.7115169163475,18.0215974159656,TRUE,"SCP","PT"
"SCP | PT",1999,2023,25,20,0.8,4.2419587857018e-06,0.0220341323960357,0.886369209135278,2.01382328151627,0.146153846153846,0.293769381071212,53.4581534134748,26.7290767067374,8.64284834818726,TRUE,"SCP","PT"
"SCP | PT",2000,2023,24,19,0.791666666666667,4.6245873710803e-06,0.00771300439449731,0.880941117876259,1.94440282036782,0.102608695652174,0.0930742215497459,51.48507514002,37.9363711558042,13.6013262081057,TRUE,"SCP","PT"
"SCP | PT",2001,2023,23,18,0.782608695652174,5.2299062855955e-06,0.000984806368225598,0.872590215463088,1.91746636594273,0.0266798418972332,0.0621515044637866,49.7025622881244,49.7025622881244,16.5882371064145,TRUE,"SCP","PT"
"SCP | PT",2002,2023,22,17,0.772727272727273,4.84733734683015e-06,0.00325030119043703,0.890164495456158,1.91746636594273,0.105590062111801,0.112472961295831,49.6152656557253,49.6152656557253,13.006477440074,TRUE,"SCP","PT"
"SCP | PT",2003,2023,21,16,0.761904761904762,4.44288246510688e-06,0.0106350037862823,0.910551461020628,1.91746636594273,0.135064935064935,0.14301189585139,49.337045998447,49.337045998447,11.6707003903122,TRUE,"SCP","PT"
"SCP | PT",2004,2023,20,15,0.75,4.1327854538274e-06,0.0393944970101802,0.790181125654486,1.91746636594273,0.23609022556391,0.39719195709014,46.6014324102857,46.6014324102857,12.9464598831256,TRUE,"SCP","PT"
"SCP | PT",2005,2023,19,14,0.736842105263158,3.77064709676386e-06,0.0958860005628595,0.728274403503023,1.91746636594273,0.363157894736842,0.603433868003424,45.1653029797878,29.0348376298636,7.40543841112625,TRUE,"SCP","PT"
"SCP | PT",2006,2023,18,13,0.722222222222222,3.96893226093912e-06,0.127536417728347,0.684890751779517,1.91746636594273,0.519091847265222,0.366078738170255,44.2439663746262,44.2439663746262,10.1808613373476,TRUE,"SCP","PT"
"SCP | PT",2007,2023,17,12,0.705882352941177,4.84220745421363e-06,0.0685717449757877,0.695422152696302,1.91746636594273,0.571078431372549,0.511856734183089,43.8811939801652,43.8811939801652,8.8844970101006,TRUE,"SCP","PT"
"SCP | PT",2008,2023,16,11,0.6875,5.32627981694684e-06,0.0526769591026075,0.703666803902837,1.91746636594273,0.611764705882353,0.51057968384813,43.4161850435116,43.4161850435116,13.9018131143585,TRUE,"SCP","PT"
"SCP | PT",2009,2023,15,10,0.666666666666667,5.67291006329746e-06,0.054044121455538,0.713688458794149,1.91746636594273,0.635714285714286,0.457413640959143,42.9030327071642,42.9030327071642,12.3989764523704,TRUE,"SCP","PT"
"SCP | PT",2010,2023,14,9,0.642857142857143,6.34024802816573e-06,0.0574302863943736,0.733766357818321,1.91746636594273,0.740659340659341,NA,42.9959826290396,42.9959826290396,10.8479546648982,TRUE,"SCP","PT"
"SCP | PT",2011,2023,13,8,0.615384615384615,6.9457935429844e-06,0.0528298891640182,0.747358589691203,1.91746636594273,0.71978021978022,NA,42.3300983287683,42.3300983287683,8.82216231996204,TRUE,"SCP","PT"
"SCP | PT",2012,2023,12,7,NA,NA,NA,NA,NA,NA,NA,NA,NA,NA,FALSE,"SCP","PT"
"SCP | PT",2013,2023,11,6,NA,NA,NA,NA,NA,NA,NA,NA,NA,NA,FALSE,"SCP","PT"
"SCP | PT",2014,2023,10,5,NA,NA,NA,NA,NA,NA,NA,NA,NA,NA,FALSE,"SCP","PT"
"SCP | PT",2015,2023,9,4,NA,NA,NA,NA,NA,NA,NA,NA,NA,NA,FALSE,"SCP","PT"
"SCP | PT",2016,2023,8,3,NA,NA,NA,NA,NA,NA,NA,NA,NA,NA,FALSE,"SCP","PT"
