species,year,scenario,B,F,catch_obs,catch_fit,cpue_obs,cpue_fit,active,B_MSY,F_MSY,MSY,B_over_B_MSY,F_over_F_MSY
ANC,1971,baseline,778.3867237362617,NA,NA,NA,NA,5.806656745452599,0,2219.7010905378074,0.2512306618702667,557.6569741299663,0.35067186615999174,NA
ANC,1972,baseline,778.3867237362617,NA,NA,NA,16.17089495242375,5.806656745452599,0,2219.7010905378074,0.2512306618702667,557.6569741299663,0.35067186615999174,NA
ANC,1973,baseline,778.3867237362617,NA,NA,NA,13.30413111418653,5.806656745452599,0,2219.7010905378074,0.2512306618702667,557.6569741299663,0.35067186615999174,NA
ANC,1974,baseline,778.3867237362617,NA,NA,NA,14.778466802422814,5.806656745452599,0,2219.7010905378074,0.2512306618702667,557.6569741299663,0.35067186615999174,NA
ANC,1975,baseline,778.3867237362617,NA,NA,NA,12.001289334130506,5.806656745452599,0,2219.7010905378074,0.2512306618702667,557.6569741299663,0.35067186615999174,NA
ANC,1976,baseline,778.3867237362617,NA,NA,NA,14.660724716209504,5.806656745452599,0,2219.7010905378074,0.2512306618702667,557.6569741299663,0.35067186615999174,NA
ANC,1977,baseline,778.3867237362617,NA,NA,NA,12.116471809773966,5.806656745452599,0,2219.7010905378074,0.2512306618702667,557.6569741299663,0.35067186615999174,NA
ANC,1978,baseline,778.3867237362617,NA,NA,NA,13.363002157293186,5.806656745452599,0,2219.7010905378074,0.2512306618702667,557.6569741299663,0.35067186615999174,NA
ANC,1979,baseline,778.3867237362617,NA,NA,NA,13.22734279709089,5.806656745452599,0,2219.7010905378074,0.2512306618702667,557.6569741299663,0.35067186615999174,NA
ANC,1980,baseline,778.3867237362617,NA,NA,NA,12.346836761060883,5.806656745452599,0,2219.7010905378074,0.2512306618702667,557.6569741299663,0.35067186615999174,NA
ANC,1981,baseline,778.3867237362617,NA,NA,NA,9.958720099386484,5.806656745452599,0,2219.7010905378074,0.2512306618702667,557.6569741299663,0.35067186615999174,NA
ANC,1982,baseline,778.3867237362617,NA,NA,NA,10.330923063785692,5.806656745452599,0,2219.7010905378074,0.2512306618702667,557.6569741299663,0.35067186615999174,NA
ANC,1983,baseline,778.3867237362617,NA,NA,NA,9.966072711957942,5.806656745452599,0,2219.7010905378074,0.2512306618702667,557.6569741299663,0.35067186615999174,NA
ANC,1984,baseline,778.3867237362617,NA,NA,NA,12.11615339492146,5.806656745452599,0,2219.7010905378074,0.2512306618702667,557.6569741299663,0.35067186615999174,NA
ANC,1985,baseline,778.3867237362617,NA,NA,NA,11.281094835657951,5.806656745452599,0,2219.7010905378074,0.2512306618702667,557.6569741299663,0.35067186615999174,NA
ANC,1986,baseline,778.3867237362617,NA,NA,NA,9.97973021175898,5.806656745452599,0,2219.7010905378074,0.2512306618702667,557.6569741299663,0.35067186615999174,NA
ANC,1987,baseline,778.3867237362617,NA,NA,NA,7.919398813202289,5.806656745452599,0,2219.7010905378074,0.2512306618702667,557.6569741299663,0.35067186615999174,NA
ANC,1988,baseline,778.3867237362617,NA,NA,NA,6.169287767269189,5.806656745452599,0,2219.7010905378074,0.2512306618702667,557.6569741299663,0.35067186615999174,NA
ANC,1989,baseline,778.3867237362617,NA,NA,NA,4.813293144166062,5.806656745452599,0,2219.7010905378074,0.2512306618702667,557.6569741299663,0.35067186615999174,NA
ANC,1990,baseline,778.3867237362617,NA,NA,NA,NA,5.806656745452599,0,2219.7010905378074,0.2512306618702667,557.6569741299663,0.35067186615999174,NA
ANC,1991,baseline,778.3867237362617,NA,NA,NA,5.427880635212803,5.806656745452599,0,2219.7010905378074,0.2512306618702667,557.6569741299663,0.35067186615999174,NA
ANC,1992,baseline,778.3867237362617,NA,NA,NA,NA,5.806656745452599,0,2219.7010905378074,0.2512306618702667,557.6569741299663,0.35067186615999174,NA
ANC,1993,baseline,778.3867237362617,NA,NA,NA,NA,5.806656745452599,0,2219.7010905378074,0.2512306618702667,557.6569741299663,0.35067186615999174,NA
ANC,1994,baseline,778.3867237362617,NA,NA,NA,NA,5.806656745452599,0,2219.7010905378074,0.2512306618702667,557.6569741299663,0.35067186615999174,NA
ANC,1995,baseline,778.3867237362617,NA,NA,NA,NA,5.806656745452599,0,2219.7010905378074,0.2512306618702667,557.6569741299663,0.35067186615999174,NA
ANC,1996,baseline,778.3867237362617,NA,NA,NA,NA,5.806656745452599,0,2219.7010905378074,0.2512306618702667,557.6569741299663,0.35067186615999174,NA
ANC,1997,baseline,778.3867237362617,NA,NA,NA,NA,5.806656745452599,0,2219.7010905378074,0.2512306618702667,557.6569741299663,0.35067186615999174,NA
ANC,1998,baseline,778.3867237362617,NA,NA,NA,NA,5.806656745452599,0,2219.7010905378074,0.2512306618702667,557.6569741299663,0.35067186615999174,NA
ANC,1999,baseline,778.3867237362617,NA,NA,NA,NA,5.806656745452599,0,2219.7010905378074,0.2512306618702667,557.6569741299663,0.35067186615999174,NA
ANC,2000,baseline,778.3867237362617,NA,NA,NA,NA,5.806656745452599,0,2219.7010905378074,0.2512306618702667,557.6569741299663,0.35067186615999174,NA
ANC,2001,baseline,778.3867237362617,0.6393154749673764,111.393,142.15866139476043,NA,5.806656745452599,1,2219.7010905378074,0.2512306618702667,557.6569741299663,0.35067186615999174,2.544735066205865
ANC,2002,baseline,729.3243348212499,0.7085679642434499,114.04400000000001,150.3973410781955,NA,5.440658144944736,1,2219.7010905378074,0.2512306618702667,557.6569741299663,0.3285687149185223,2.8203880806927466
ANC,2003,baseline,661.3303783406494,0.8745702635002477,123.52699999999999,165.36672236247875,4.619813852813851,4.933432682319986,1,2219.7010905378074,0.2512306618702667,557.6569741299663,0.29793668217751645,3.481144606273688
ANC,2004,baseline,555.8059269555358,0.6670515045000291,128.926,110.47328880510456,3.889292490118572,4.146234945307748,1,2219.7010905378074,0.2512306618702667,557.6569741299663,0.25039674455485833,2.655135720832072
ANC,2005,baseline,524.9672580441253,0.7143579768367454,120.77000000000002,114.81236289870309,3.284314516129031,3.9161827625114043,1,2219.7010905378074,0.2512306618702667,557.6569741299663,0.2365035816227544,2.8434346807780715
ANC,2006,baseline,482.3141268502031,0.6497638679973692,111.579,100.65633996957308,3.0604728033472792,3.5979963335689438,1,2219.7010905378074,0.2512306618702667,557.6569741299663,0.21728787218523377,2.5863239111032614
ANC,2007,baseline,458.9068065691476,0.5648567518621581,103.443,84.98183499692806,3.461148837209301,3.4233809784270273,1,2219.7010905378074,0.2512306618702667,557.6569741299663,0.20674261436613517,2.2483591280504016
ANC,2008,baseline,456.9584852720824,0.5541701946500597,97.236,83.40694094126833,4.5688346774193525,3.408846772412298,1,2219.7010905378074,0.2512306618702667,557.6569741299663,0.20586487397785921,2.205822293045696
ANC,2009,baseline,450.02890389198063,0.5426409372034708,91.893,78.89407350987311,6.26608909090909,3.3571530586875973,1,2219.7010905378074,0.2512306618702667,557.6569741299663,0.2027430205852374,2.159931169085109
ANC,2010,baseline,450.5227435584968,0.5027448620222588,92.682,75.76946759795459,4.443626735838689,3.36083703394476,1,2219.7010905378074,0.2512306618702667,557.6569741299663,0.20296550084107967,2.0011285974395583
ANC,2011,baseline,465.6884269476891,0.474777408292824,90.266,76.88812079507953,2.6398291142673544,3.473970923650064,1,2219.7010905378074,0.2512306618702667,557.6569741299663,0.20979780968385175,1.8898067805831553
ANC,2012,baseline,484.18981978293357,0.24378254905674712,85.053,58.23395867368612,1.6210895000512866,3.611988742082745,1,2219.7010905378074,0.2512306618702667,557.6569741299663,0.21813289268854666,0.9703534880731806
ANC,2013,baseline,589.0770754516003,0.2928706581241096,74.642,57.88085179955207,5.25953372129402,4.394433087635118,1,2219.7010905378074,0.2512306618702667,557.6569741299663,0.265385766562323,1.1657440853113121
ANC,2014,baseline,692.8257146658841,0.2205701920129579,85.983,76.23852634149405,3.881145234022571,5.168383512731615,1,2219.7010905378074,0.2512306618702667,557.6569741299663,0.31212568107448224,0.8779588859534128
ANC,2015,baseline,844.4318173289521,0.27600253315040835,63.919,77.98808903152704,2.93538333759829,6.2993439618702105,1,2219.7010905378074,0.2512306618702667,557.6569741299663,0.38042591452002944,1.0986021017328436
ANC,2016,baseline,973.9408886159755,0.48057620899897735,106.95349999999999,155.64533532602553,6.891503458917371,7.26546362893804,1,2219.7010905378074,0.2512306618702667,557.6569741299663,0.4387711898542164,1.9128883609244425
ANC,2017,baseline,988.1695431828102,0.4323577951376265,103.24466,118.5602210096315,13.891529698336257,7.3716074138970695,1,2219.7010905378074,0.2512306618702667,557.6569741299663,0.4451813568030407,1.7209595035851644
ANC,2018,baseline,1034.3567649366416,0.3779628892893685,106.32996,100.83755049360948,17.190188776339156,7.716157667096754,1,2219.7010905378074,0.2512306618702667,557.6569741299663,0.46598921329809734,1.5044457013154915
ANC,2019,baseline,1112.9307715181067,0.3744055854956967,107.51836,109.80117610074737,11.169724519839384,8.302308832604158,1,2219.7010905378074,0.2512306618702667,557.6569741299663,0.5013876761435733,1.490286188431237
ANC,2020,baseline,1191.3701634364527,0.3116221403937436,98.1738,94.68115756457112,5.958320968763964,8.887455791439226,1,2219.7010905378074,0.2512306618702667,557.6569741299663,0.5367254935878766,1.24038259531658
ANC,2021,baseline,1319.6552363979736,0.29037277184381605,110.96576999999999,96.59547560167782,10.34666461209007,9.844444601162666,1,2219.7010905378074,0.2512306618702667,557.6569741299663,0.5945193440789979,1.1558014841108923
ANC,2022,baseline,1463.5556726138332,0.28137946832679717,136.22233,105.14212658649947,9.670712896110878,10.917921849869582,1,2219.7010905378074,0.2512306618702667,557.6569741299663,0.6593480891876441,1.1200044860451748
ANC,2023,baseline,1607.563636964017,0.2981503912277761,122.09251,123.39601452348556,11.620189588654467,11.992201243509678,1,2219.7010905378074,0.2512306618702667,557.6569741299663,0.724225276915336,1.1867595659232801
CMA,1971,baseline,1112.2113476541574,0.009039994557318742,5.17,7.52622529924618,0.04971053422961269,0.033970831164469556,1,614.994001741967,0.07251062046971796,44.593596651464814,1.8084913747188185,0.1246713170947702
CMA,1972,baseline,1115.8219349345143,0.023822478408148662,7.968,7.884860964198934,0.04732828222500525,0.03408111114962191,1,614.994001741967,0.07251062046971796,44.593596651464814,1.8143623056061602,0.32853778182876614
CMA,1973,baseline,1102.2247399664263,0.028386697608457467,11.325,9.461362345274324,0.03893796069934382,0.03366580517783379,1,614.994001741967,0.07251062046971796,44.593596651464814,1.79225282985587,0.39148330857701574
CMA,1974,baseline,1085.536676562033,0.029357768274618223,9.991,11.76081571760466,0.04325298319825541,0.03315609325521377,1,614.994001741967,0.07251062046971796,44.593596651464814,1.7651175027516635,0.40487542493004425
CMA,1975,baseline,1069.5547867485086,0.03557455248318764,14.889,16.159571465280205,0.03512485922027091,0.03266795034812196,1,614.994001741967,0.07251062046971796,44.593596651464814,1.7391304365880003,0.49061161320560426
CMA,1976,baseline,1049.5070396650617,0.04462279186641105,18.191,19.225360364525788,0.04290838070702289,0.032055621915368426,1,614.994001741967,0.07251062046971796,44.593596651464814,1.7065321559110154,0.6153966353804201
CMA,1977,baseline,1022.7597425587124,0.06282927528561189,28.878,25.049164262794775,0.03546197035299838,0.031238665753194624,1,614.994001741967,0.07251062046971796,44.593596651464814,1.663040191712035,0.866483763048901
CMA,1978,baseline,981.9340677466706,0.05711576410320518,24.119,19.301354696047017,0.03911026194496009,0.029991706612613495,1,614.994001741967,0.07251062046971796,44.593596651464814,1.5966563331761738,0.7876882549509832
CMA,1979,baseline,952.4015588020823,0.06010519047853702,22.554000000000002,20.43539532913076,0.03871321994419217,0.02908968032297366,1,614.994001741967,0.07251062046971796,44.593596651464814,1.5486355250692043,0.8289156828224671
CMA,1980,baseline,923.5970730313155,0.052416812409015634,23.315,19.044335435056574,0.03613619261845331,0.02820989041167494,1,614.994001741967,0.07251062046971796,44.593596651464814,1.5017985060264523,0.7228846211694748
CMA,1981,baseline,906.6339740577158,0.056454370134247256,16.239,20.93803611431154,0.02914675513323715,0.027691777939190504,1,614.994001741967,0.07251062046971796,44.593596651464814,1.4742159622527702,0.7785669156951133
CMA,1982,baseline,888.5104870593077,0.05635978070992209,17.427,20.415335992051837,0.030236102815965674,0.027138223151035413,1,614.994001741967,0.07251062046971796,44.593596651464814,1.4447465902799161,0.7772624250741198
CMA,1983,baseline,872.6443653160652,0.062349214698024014,50.784,20.760927690099837,0.029168274444561406,0.026653616206400818,1,614.994001741967,0.07251062046971796,44.593596651464814,1.418947766716919,0.8598632075429892
CMA,1984,baseline,854.289070811538,0.07881574664126578,29.316,25.917848626018998,0.03546103843005606,0.026092981204876537,1,614.994001741967,0.07251062046971796,44.593596651464814,1.389101468293624,1.0869545196373127
CMA,1985,baseline,825.2936610663767,0.06939726794193213,34.707,21.412498583030555,0.03301702483133401,0.025207359806502013,1,614.994001741967,0.07251062046971796,44.593596651464814,1.341954000736165,0.9570634962489939
CMA,1986,baseline,807.1568288521926,0.08839628345044304,37.849,26.791366590710474,0.02920824662958724,0.024653397408702465,1,614.994001741967,0.07251062046971796,44.593596651464814,1.3124629290138203,1.219080499902208
CMA,1987,baseline,776.7897188672306,0.09122676569516486,35.323,25.491458860197557,0.02317815700283375,0.023725879479283896,1,614.994001741967,0.07251062046971796,44.593596651464814,1.2630850328084144,1.2581159160438184
CMA,1988,baseline,748.6313321100112,0.11082261892206091,18.348,31.90244303671063,0.0180560070073812,0.022865823695452082,1,614.994001741967,0.07251062046971796,44.593596651464814,1.2172985915139287,1.5283639583299786
CMA,1989,baseline,711.3214597079851,0.0892258611374892,26.203,23.233170537343085,0.01408734006553113,0.021726249478006457,1,614.994001741967,0.07251062046971796,44.593596651464814,1.1566315406218126,1.2305212748076249
CMA,1990,baseline,693.3242936263267,0.11003187742023801,19.467000000000002,30.662486161147005,NA,0.02117655297321136,1,614.994001741967,0.07251062046971796,44.593596651464814,1.127367570516931,1.5174587764862633
CMA,1991,baseline,663.2861285435364,0.06489794986120412,15.552000000000001,15.387245983837639,0.01588608839169339,0.020259082173556084,1,614.994001741967,0.07251062046971796,44.593596651464814,1.0785245492879316,0.8950130262408518
CMA,1992,baseline,664.7328816238222,0.07581721940949748,29.438000000000002,19.431277260077657,NA,0.02030327108129446,1,614.994001741967,0.07251062046971796,44.593596651464814,1.0808770162651506,1.045601581097495
CMA,1993,baseline,659.2154785408262,0.08356320872172418,30.422,20.092031201823403,NA,0.020134750261043787,1,614.994001741967,0.07251062046971796,44.593596651464814,1.0719055416371575,1.1524271641920651
CMA,1994,baseline,648.5272343143091,0.07981331154004412,33.8185,19.774947441742174,NA,0.019808293836345872,1,614.994001741967,0.07251062046971796,44.593596651464814,1.0545261132260793,1.1007120201567704
CMA,1995,baseline,640.9792545581917,0.10279193545542675,40.147999999999996,21.973455292124292,NA,0.01957775209041897,1,614.994001741967,0.07251062046971796,44.593596651464814,1.04225285570692,1.4176121344645636
CMA,1996,baseline,620.7025304953638,0.0864498766116446,14.49,14.846931985521804,NA,0.018958429898499517,1,614.994001741967,0.07251062046971796,44.593596651464814,1.0092822511068846,1.1922374412414247
CMA,1997,baseline,610.6423593726183,0.08725137843931918,13.323,15.246142486373035,NA,0.01865115702683059,1,614.994001741967,0.07251062046971796,44.593596651464814,0.9929240897357978,1.203291019634252
CMA,1998,baseline,601.5667711616695,0.08730448104911481,13.155,16.71070844728389,NA,0.018373956766751732,1,614.994001741967,0.07251062046971796,44.593596651464814,0.9781668918033917,1.2040233621442407
CMA,1999,baseline,592.7264161839219,0.09453910399629795,19.997999999999998,20.30808220756776,NA,0.018103941353749108,1,614.994001741967,0.07251062046971796,44.593596651464814,0.9637921906636937,1.3037966491512725
CMA,2000,baseline,581.6110392732177,0.07899837182859226,14.523,15.63362866275872,NA,0.01776443880042649,1,614.994001741967,0.07251062046971796,44.593596651464814,0.9457182307889307,1.089473118790698
CMA,2001,baseline,580.5142611723915,0.10381227951177063,9.956999999999999,17.855100369729133,NA,0.017730939354690174,1,614.994001741967,0.07251062046971796,44.593596651464814,0.943934834369259,1.4316837842413022
CMA,2002,baseline,568.2250285314259,0.12281016560853608,10.147,20.646920878504538,NA,0.017355583134788573,1,614.994001741967,0.07251062046971796,44.593596651464814,0.9239521473736845,1.6936852120831642
CMA,2003,baseline,547.6669689388533,0.13816702585546015,8.262,22.372565189132246,0.00145021645021645,0.016727667970138096,1,614.994001741967,0.07251062046971796,44.593596651464814,0.8905240821659881,1.9054729494855414
CMA,2004,baseline,520.7172753770261,0.14665662488591735,11.523,22.677343640254918,0.01075098814229249,0.01590452991112263,1,614.994001741967,0.07251062046971796,44.593596651464814,0.8467030148295712,2.022553716074798
CMA,2005,baseline,494.08434784043897,0.13182225455249963,8.404,19.994723020312342,0.04241935483870967,0.015091066996300539,1,614.994001741967,0.07251062046971796,44.593596651464814,0.8033970192244929,1.8179716805423218
CMA,2006,baseline,475.72592908293103,0.12258390461374802,10.092,18.57274346959087,0.02696652719665271,0.01453033656914448,1,614.994001741967,0.07251062046971796,44.593596651464814,0.7735456406655025,1.6905648278784453
CMA,2007,baseline,464.03038663785827,0.1251317964579819,8.338,18.89834417814463,0.01339534883720929,0.014173113727805518,1,614.994001741967,0.07251062046971796,44.593596651464814,0.7545283129973541,1.7257030162945537
CMA,2008,baseline,453.07282129550964,0.1304291521816534,12.582,18.955837004616587,0.0139516129032258,0.013838431292669713,1,614.994001741967,0.07251062046971796,44.593596651464814,0.7367109598015321,1.7987592898356664
CMA,2009,baseline,440.4111398445249,0.14244462672019775,9.872,19.344049967588184,0.01735537190082644,0.013451699181244208,1,614.994001741967,0.07251062046971796,44.593596651464814,0.7161226590780768,1.9644656989204194
CMA,2010,baseline,424.28536768946003,0.1512197749998121,14.526,19.704018150250846,0.00935341365461847,0.012959161603353253,1,614.994001741967,0.07251062046971796,44.593596651464814,0.6899016356056711,2.0854844989633596
CMA,2011,baseline,405.4267439994316,0.1422005540192881,26.240000000000002,19.58480724358265,0.00293172690763052,0.012383153165101435,1,614.994001741967,0.07251062046971796,44.593596651464814,0.6592369077601775,1.9610996719945903
CMA,2012,baseline,392.45582122752205,0.12696180408852786,22.389,18.581814652459475,NA,0.011986975740314964,1,614.994001741967,0.07251062046971796,44.593596651464814,0.6381457707162885,1.7509408037895624
CMA,2013,baseline,385.9621333165981,0.14359570752699558,27.493000000000002,20.144072115559656,NA,0.011788635761027729,1,614.994001741967,0.07251062046971796,44.593596651464814,0.627586825600514,1.9803403501003598
CMA,2014,baseline,374.9682919296414,0.1571074898558109,25.998,20.933658830772256,NA,0.011452845328397299,1,614.994001741967,0.07251062046971796,44.593596651464814,0.6097104863909987,2.166682464418057
CMA,2015,baseline,360.76305025275383,0.21833239923746284,24.797,32.458615549116,NA,0.011018967479844644,1,614.994001741967,0.07251062046971796,44.593596651464814,0.5866123071621748,3.0110402837973687
CMA,2016,baseline,328.0395322907771,0.23402363931023729,26.273619999999998,23.554188011763824,NA,0.010019476595186394,1,614.994001741967,0.07251062046971796,44.593596651464814,0.5334028159000038,3.2274394811994576
CMA,2017,baseline,295.6036918800216,0.29385095684960216,25.75736,18.614344177807965,NA,0.009028772390814186,1,614.994001741967,0.07251062046971796,44.593596651464814,0.48066109757611586,4.052522995197935
CMA,2018,baseline,251.54362537954847,0.27443741761524976,36.70039,15.338638930848582,NA,0.007683023596450786,1,614.994001741967,0.07251062046971796,44.593596651464814,0.40901801426851736,3.7847892603520186
CMA,2019,baseline,221.04533183382134,0.29481317730709744,36.89228,14.293156006416822,NA,0.006751498861487833,1,614.994001741967,0.07251062046971796,44.593596651464814,0.3594268093797853,4.065793057586895
CMA,2020,baseline,190.61696997212408,0.22658812237114567,27.74144,10.313260107903115,NA,0.005822110085159214,1,614.994001741967,0.07251062046971796,44.593596651464814,0.3099493156554415,3.12489564843503
CMA,2021,baseline,176.04628028392747,0.23868090639932138,30.47185,9.254214101057071,NA,0.005377070174002402,1,614.994001741967,0.07251062046971796,44.593596651464814,0.2862569062223003,3.291668239123672
CMA,2022,baseline,161.13264296615577,0.24613878102508568,18.68675,8.769232991986302,NA,0.004921555440729161,1,614.994001741967,0.07251062046971796,44.593596651464814,0.26200685292823744,3.394520408605229
CMA,2023,baseline,148.49349388748473,0.27236952382300306,27.71638,9.064154915523698,NA,0.00453551154689577,1,614.994001741967,0.07251062046971796,44.593596651464814,0.24145519056588804,3.7562707650081495
DMF,1971,baseline,429.3280522604679,0.10976348267684788,36.882999999999996,20.89396099007441,1.6747497608281134,1.5129185625225163,1,311.16822300999775,0.432904167404565,134.70602050490112,1.3797297426693655,0.2535514576700063
DMF,1972,baseline,450.40102777801525,0.16828587800879546,51.498000000000005,32.88835268615391,1.5944916015309247,1.5871780842570467,1,311.16822300999775,0.432904167404565,134.70602050490112,1.4474518748128853,0.38873702468085986
DMF,1973,baseline,438.05466006289936,0.2299090408523874,43.473,45.018580932341024,1.3118213549496314,1.5436704476197949,1,311.16822300999775,0.432904167404565,134.70602050490112,1.407774405193119,0.5310853028530189
DMF,1974,baseline,408.7457586640373,0.20129621209904247,28.66,35.94045404418422,1.457194624620011,1.4403881655978903,1,311.16822300999775,0.432904167404565,134.70602050490112,1.313584512936928,0.4649902386153832
DMF,1975,baseline,402.08737624310464,0.20046416968366376,43.447,37.53755214693226,1.183357823244383,1.4169245453942632,1,311.16822300999775,0.432904167404565,134.70602050490112,1.2921864975595072,0.46306823721639656
DMF,1976,baseline,394.3843684199951,0.287545220496348,41.889,46.81204509554464,1.4455849537782792,1.3897797467688797,1,311.16822300999775,0.432904167404565,134.70602050490112,1.2674313739527434,0.6642237292846995
DMF,1977,baseline,362.9112613919104,0.36826779330356274,46.848,54.88482993811789,1.1947151099373816,1.2788709729481578,1,311.16822300999775,0.432904167404565,134.70602050490112,1.1662863832347372,0.8506912638690374
DMF,1978,baseline,325.09596445837025,0.36539739825479156,36.723,50.73039274865561,1.317626190370497,1.1456128166808748,1,311.16822300999775,0.432904167404565,134.70602050490112,1.0447595236867262,0.8440607085062181
DMF,1979,baseline,310.87075852748217,0.3942650458042971,36.83500000000001,51.176377036398186,1.3042498304876324,1.0954843007471222,1,311.16822300999775,0.432904167404565,134.70602050490112,0.99904403965277,0.9107443990850793
DMF,1980,baseline,298.0168084932038,0.38752201302467615,35.29,46.12729021157789,1.2174296833233784,1.0501879836157215,1,311.16822300999775,0.432904167404565,134.70602050490112,0.9577353548843213,0.8951681277360457
DMF,1981,baseline,292.5355140456407,0.4188548635678728,35.32,48.566290393635526,0.9819552725552118,1.0308723296007847,1,311.16822300999775,0.432904167404565,134.70602050490112,0.9401201421400976,0.9675463881049623
DMF,1982,baseline,280.0667620566745,0.447776978856651,32.459,53.2736674888826,1.0186554368037275,0.9869334203301839,1,311.16822300999775,0.432904167404565,134.70602050490112,0.9000493666979487,1.0343558980761367
DMF,1983,baseline,274.3502693152131,0.5420949728795845,32.807,56.448153788353494,0.9826802589600454,0.9667889458763339,1,311.16822300999775,0.432904167404565,134.70602050490112,0.8816782981930591,1.2522285847458166
DMF,1984,baseline,258.264937210655,0.5305981257871961,32.791000000000004,54.71635239445593,1.1946837134185362,0.9101054904226448,1,311.16822300999775,0.432904167404565,134.70602050490112,0.8299849345553418,1.2256710970659992
DMF,1985,baseline,255.96962344326298,0.6280148532652463,33.768,57.985809979993356,1.1123448037014454,0.9020169837732026,1,311.16822300999775,0.432904167404565,134.70602050490112,0.8226084944253409,1.4507017962669395
DMF,1986,baseline,244.65293750577484,0.8354017547499408,47.797,65.93728353873628,0.9840269233713064,0.8621378653906095,1,311.16822300999775,0.432904167404565,134.70602050490112,0.7862401087720137,1.9297614059908712
DMF,1987,baseline,214.3215130034884,0.9513466986781269,66.626,61.93527921987493,0.7808729779011012,0.7552522917234614,1,311.16822300999775,0.432904167404565,134.70602050490112,0.6887641383503428,2.1975919159703032
DMF,1988,baseline,194.04278892851593,1.0068952740496826,63.382,56.20558227484567,0.6083075526295348,0.68379165010975,1,311.16822300999775,0.432904167404565,134.70602050490112,0.6235944887029207,2.3259080181334952
DMF,1989,baseline,188.5572885248434,1.0142286723130494,59.76599999999999,55.67347722169382,0.4746030146543525,0.6644611746336077,1,311.16822300999775,0.432904167404565,134.70602050490112,0.605965759295367,2.342848021985464
DMF,1990,baseline,192.16801753613143,1.1148388039240564,53.886,59.69810124714557,NA,0.6771851019815976,1,311.16822300999775,0.432904167404565,134.70602050490112,0.6175695438218225,2.5752554210969243
DMF,1991,baseline,185.833174553104,1.0178089863818158,66.537,58.56169524244938,0.5352029131610898,0.6548616095165091,1,311.16822300999775,0.432904167404565,134.70602050490112,0.5972112857652988,2.3511184761375503
DMF,1992,baseline,195.89855808299313,1.026741643678669,55.830999999999996,60.01249791151956,NA,0.6903312358339596,1,311.16822300999775,0.432904167404565,134.70602050490112,0.6295583661725606,2.3717527364876134
DMF,1993,baseline,190.8528608445642,1.1670850958340626,74.27199999999999,62.30437465700901,NA,0.6725505924012858,1,311.16822300999775,0.432904167404565,134.70602050490112,0.6133430303338916,2.695943314270242
DMF,1994,baseline,178.95164402736188,1.3212732566056102,75.4975,65.29419789173832,NA,0.6306116328002328,1,311.16822300999775,0.432904167404565,134.70602050490112,0.5750961402688353,3.0521148930655393
DMF,1995,baseline,167.58972547176745,1.5843456030423617,76.774,59.89140435260889,NA,0.5905731182002153,1,311.16822300999775,0.432904167404565,134.70602050490112,0.5385823907423312,3.65980677095615
DMF,1996,baseline,150.89523318627036,1.6092233873343358,62.22299999999999,54.41121441742934,NA,0.531743029791983,1,311.16822300999775,0.432904167404565,134.70602050490112,0.48493137161188254,3.717273956918176
DMF,1997,baseline,144.5881512953595,1.7073903064108817,56.65799999999999,54.073086883880194,NA,0.5095173652497564,1,311.16822300999775,0.432904167404565,134.70602050490112,0.464662329259482,3.944037583762187
DMF,1998,baseline,135.7062507883229,1.9354799567365282,62.833999999999996,57.023600435033245,NA,0.47821824077647057,1,311.16822300999775,0.432904167404565,134.70602050490112,0.43611860322884805,4.470920130754367
DMF,1999,baseline,125.05045509886217,1.9460817808605624,57.980000000000004,52.208000594563885,NA,0.4406680480691653,1,311.16822300999775,0.432904167404565,134.70602050490112,0.4018741177656959,4.495410133212871
DMF,2000,baseline,121.62836881304109,1.9092993279084736,55.057,50.85118049266167,NA,0.4286088829689277,1,311.16822300999775,0.432904167404565,134.70602050490112,0.39087657356687483,4.41044339987645
DMF,2001,baseline,122.36274157711877,2.343831111047889,59.513,47.777641332681064,NA,0.4311967552981041,1,311.16822300999775,0.432904167404565,134.70602050490112,0.3932366242075666,5.414203159789617
DMF,2002,baseline,121.65879897675933,2.6301200269668255,56.638,46.66640028633158,NA,0.4287161164918888,1,311.16822300999775,0.432904167404565,134.70602050490112,0.39097436685509646,6.075524850535524
DMF,2003,baseline,120.71365160361047,3.0004602511925444,62.61,46.45990381398773,0.218073593073593,0.4253854908837378,1,311.16822300999775,0.432904167404565,134.70602050490112,0.38793695074619483,6.931003388536343
DMF,2004,baseline,121.67032544465356,3.11311537565621,55.061,45.17048821261412,0.34598023715415,0.42875673486552096,1,311.16822300999775,0.432904167404565,134.70602050490112,0.39101140941613544,7.191234481110662
DMF,2005,baseline,129.25154311415645,2.6869561572486416,57.962,55.39961760456036,0.46099677419354823,0.4554723544909446,1,311.16822300999775,0.432904167404565,134.70602050490112,0.4153751365222265,6.206815178883647
DMF,2006,baseline,140.00404952600158,3.0279687856410873,54.892,55.103844919280405,0.7168786610878658,0.493363348239132,1,311.16822300999775,0.432904167404565,134.70602050490112,0.4499304208241832,6.994547554935728
DMF,2007,baseline,147.7116826894438,3.0992025005394472,47.154,57.12534174388285,0.6185069767441858,0.5205244462030062,1,311.16822300999775,0.432904167404565,134.70602050490112,0.4747004088675785,7.1590960168399755
DMF,2008,baseline,154.76725057394754,3.3804051397501915,55.598,59.7496039675346,0.6899838709677415,0.5453877169941898,1,311.16822300999775,0.432904167404565,134.70602050490112,0.4973748574865722,7.808668509746818
DMF,2009,baseline,158.22362210639707,3.948624247200894,58.602000000000004,61.40267513620308,0.5510971900826442,0.5575677006288132,1,311.16822300999775,0.432904167404565,134.70602050490112,0.5084825840372312,9.121243324762819
DMF,2010,baseline,160.28093996677418,4.408562956358352,64.1,61.68597508639394,0.42898203996489354,0.5648175282689725,1,311.16822300999775,0.432904167404565,134.70602050490112,0.5150941777291456,10.18369257748075
DMF,2011,baseline,160.13439021227705,3.9552191477266314,80.304,60.412806702532514,0.3355715582423232,0.5643010983670724,1,311.16822300999775,0.432904167404565,134.70602050490112,0.514623211403987,9.136477413557289
DMF,2012,baseline,161.57176227487645,3.5995406738855698,65.116,62.71172283381611,1.1035647590943034,0.5693662853803789,1,311.16822300999775,0.432904167404565,134.70602050490112,0.5192424879120294,8.314867226772769
DMF,2013,baseline,167.1315296843228,4.189969448413785,77.839,63.93111811539905,0.4500939326298732,0.5889584719909942,1,311.16822300999775,0.432904167404565,134.70602050490112,0.5371098888814007,9.678745930154337
DMF,2014,baseline,164.82346893999954,4.649382153299506,66.836,58.610070662684905,0.5441553134091036,0.5808250459892903,1,311.16822300999775,0.432904167404565,134.70602050490112,0.5296924838456394,10.739980123486513
DMF,2015,baseline,163.6903335151375,4.930988939354209,56.957,54.55042348397114,0.5828982109829055,0.5768319651526216,1,311.16822300999775,0.432904167404565,134.70602050490112,0.5260509313313724,11.390486187549257
DMF,2016,baseline,160.5730228944089,4.999999904530646,49.08813,40.51365505413461,0.2810601831082906,0.5658468057193692,1,311.16822300999775,0.432904167404565,134.70602050490112,0.5160328433962543,11.549900141889742
DMF,2017,baseline,165.9081913533617,4.999999999999999,51.828160000000004,36.559459605591194,0.4091229897537634,0.5846475231503312,1,311.16822300999775,0.432904167404565,134.70602050490112,0.5331784516699545,11.549900362422045
DMF,2018,baseline,172.5460342866835,4.999999999999999,59.4426,41.67483745227067,1.055181899380611,0.6080387638019875,1,311.16822300999775,0.432904167404565,134.70602050490112,0.5545104593830573,11.549900362422045
DMF,2019,baseline,181.34200095306846,5,58.03636,40.97310125722863,0.5974387098186917,0.6390350641248688,1,311.16822300999775,0.432904167404565,134.70602050490112,0.5827780201940543,11.549900362422047
DMF,2020,baseline,186.90052362270808,4.999999999999371,50.2554,50.563155583279574,2.9020302341101365,0.6586228643695123,1,311.16822300999775,0.432904167404565,134.70602050490112,0.600641420948382,11.549900362420594
DMF,2021,baseline,195.3120713538,5,49.07711,47.18614813229321,0.3833456358538275,0.6882645023545199,1,311.16822300999775,0.432904167404565,134.70602050490112,0.627673576255647,11.549900362422047
DMF,2022,baseline,200.20437073417563,5,41.6522,45.610657474395126,1.0582687169226213,0.7055045837026103,1,311.16822300999775,0.432904167404565,134.70602050490112,0.6433959380477714,11.549900362422047
DMF,2023,baseline,203.53857741138103,5,42.670500000000004,44.972869353888854,0.4915860924243926,0.7172540679179351,1,311.16822300999775,0.432904167404565,134.70602050490112,0.6541110639206928,11.549900362422047
LPF,1971,baseline,1503.4928583945514,0.03190016188846112,3.214,16.56167487774815,12.837852733417394,11.253074386451523,1,835.9364944918259,0.08235979079231473,68.84755480200772,1.7985730594386116,0.38732689315473384
LPF,1972,baseline,1474.1873649827564,0.03845839204914725,5.699,14.344925216269504,12.222631012649396,11.033733871826975,1,835.9364944918259,0.08235979079231473,68.84755480200772,1.7635159784224155,0.46695592204850445
LPF,1973,baseline,1437.7787728698142,0.051746933474960066,10.203,17.504216234542888,10.055812373466518,10.761229354718457,1,835.9364944918259,0.08235979079231473,68.84755480200772,1.7199617223840122,0.6283033623221485
LPF,1974,baseline,1386.6099493677314,0.04834063235197572,7.087000000000001,20.560270643980978,11.170176245046283,10.37825009816848,1,835.9364944918259,0.08235979079231473,68.84755480200772,1.6587503458748567,0.586944574372165
LPF,1975,baseline,1347.29617351445,0.05563561290885044,12.743,26.82187084731726,9.071070688337873,10.08400138150902,1,835.9364944918259,0.08235979079231473,68.84755480200772,1.6117207256676653,0.6755191140437183
LPF,1976,baseline,1301.4623438875694,0.06922078932754872,32.092,31.51699573379309,11.081181908079843,9.740952532738312,1,835.9364944918259,0.08235979079231473,68.84755480200772,1.5568914055830776,0.8404682510923515
LPF,1977,baseline,1243.704215220778,0.08868737976257268,50.549,38.685271777784365,9.15813036580504,9.308654823653299,1,835.9364944918259,0.08235979079231473,68.84755480200772,1.4877974863112515,1.0768286187881915
LPF,1978,baseline,1173.361474622884,0.07826192082066807,29.45,28.397458952572432,10.100309541949738,8.782166062449463,1,835.9364944918259,0.08235979079231473,68.84755480200772,1.4036490598920224,0.9502442887211773
LPF,1979,baseline,1126.795902009098,0.08240848918063026,32.08500000000001,29.849168688506808,9.997772588488406,8.433640394671974,1,835.9364944918259,0.08235979079231473,68.84755480200772,1.3479443826580253,1.0005912883926373
LPF,1980,baseline,1082.7274610939307,0.07679485596571212,25.471000000000004,28.30091676307007,9.332249720739378,8.10380481152005,1,835.9364944918259,0.08235979079231473,68.84755480200772,1.2952269319837884,0.932431411334742
LPF,1981,baseline,1051.1733217547633,0.08250563543570077,17.642,30.601188757742804,7.527212407920071,7.867634034118908,1,835.9364944918259,0.08235979079231473,68.84755480200772,1.2574798787721093,1.0017708233833889
LPF,1982,baseline,1018.6985171053923,0.0872374425217739,11.438,29.66708071864516,7.808538797649906,7.624572425701906,1,835.9364944918259,0.08235979079231473,68.84755480200772,1.218631467602894,1.0592237022767463
LPF,1983,baseline,985.6746279859327,0.09142906367729164,35.037,29.114600529549225,7.532769816505329,7.377401128068989,1,835.9364944918259,0.08235979079231473,68.84755480200772,1.179126206931705,1.1101177261103874
LPF,1984,baseline,952.7643750223418,0.09957100959785148,18.052999999999997,34.22666034931326,9.157889694694225,7.131080354007128,1,835.9364944918259,0.08235979079231473,68.84755480200772,1.139756885003013,1.2089759898606103
LPF,1985,baseline,917.9279865511874,0.09605411019327192,49.352000000000004,28.758002161721546,8.526717908972948,6.870343185464923,1,835.9364944918259,0.08235979079231473,68.84755480200772,1.0980833982002483,1.166274334468502
LPF,1986,baseline,890.40041058394,0.12217375137791375,50.400000000000006,35.71645248259525,7.543092719542827,6.66430970927741,1,835.9364944918259,0.08235979079231473,68.84755480200772,1.0651531742554479,1.483415028165834
LPF,1987,baseline,846.5985319757867,0.1270615535483195,44.968,33.61973409475433,5.985809061314631,6.336469243995652,1,835.9364944918259,0.08235979079231473,68.84755480200772,1.0127546022385856,1.542761975546155
LPF,1988,baseline,809.4415770168687,0.14082288054991832,58.129,40.60346474062779,4.66300277208102,6.058363514532315,1,835.9364944918259,0.08235979079231473,68.84755480200772,0.9683051073262883,1.7098499060667718
LPF,1989,baseline,770.3768549531854,0.12414136667815256,48.705999999999996,30.46184441165763,3.63808597050091,5.765978871123973,1,835.9364944918259,0.08235979079231473,68.84755480200772,0.9215734209827807,1.5073055126038106
LPF,1990,baseline,748.9303539795887,0.14572342224408708,43.29,39.2028784329391,NA,5.60545993720453,1,835.9364944918259,0.08235979079231473,68.84755480200772,0.8959177627899485,1.7693515347987627
LPF,1991,baseline,716.2732384779993,0.1073039099388593,41.813,21.131171194234025,4.102616607188298,5.36103380113446,1,835.9364944918259,0.08235979079231473,68.84755480200772,0.8568512598716352,1.3028676846623581
LPF,1992,baseline,717.464616484578,0.1116401747188247,43.187000000000005,25.532605542537244,NA,5.369950814112312,1,835.9364944918259,0.08235979079231473,68.84755480200772,0.8582764614442774,1.3555179492908842
LPF,1993,baseline,711.6702353479909,0.11688358493899997,41.454,25.703139945137547,NA,5.326582066738885,1,835.9364944918259,0.08235979079231473,68.84755480200772,0.85134485698058,1.419182635295217
LPF,1994,baseline,703.3038479832444,0.1274652649055339,41.568999999999996,26.3326746747432,NA,5.263962827255505,1,835.9364944918259,0.08235979079231473,68.84755480200772,0.8413364563187181,1.5476637771817665
LPF,1995,baseline,691.0170125067709,0.13646350761862802,41.684,27.734828458956972,NA,5.172000519075014,1,835.9364944918259,0.08235979079231473,68.84755480200772,0.8266381681623399,1.6569190657944446
LPF,1996,baseline,675.1552881146403,0.11678819229323523,38.112,18.983991988925965,NA,5.0532815218510185,1,835.9364944918259,0.08235979079231473,68.84755480200772,0.8076633722338846,1.4180243923608062
LPF,1997,baseline,675.0614245962486,0.12005461105417403,35.43,19.791076572765444,NA,5.052578988979819,1,835.9364944918259,0.08235979079231473,68.84755480200772,0.8075510867684095,1.4576847500367465
LPF,1998,baseline,673.1373583986916,0.13620655946935312,27.138,22.44348774455555,NA,5.038178082500831,1,835.9364944918259,0.08235979079231473,68.84755480200772,0.8052493973335839,1.6537992406127264
LPF,1999,baseline,660.2076278305755,0.14265081526713885,26.687,26.73046712212193,NA,4.941403948146012,1,835.9364944918259,0.08235979079231473,68.84755480200772,0.789782037488293,1.732044410200834
LPF,2000,baseline,647.6224600685941,0.1272900369357064,22.558,21.26425410139091,NA,4.847208735843658,1,835.9364944918259,0.08235979079231473,68.84755480200772,0.7747268654209076,1.545536185936794
LPF,2001,baseline,646.7486605079932,0.1445587707553102,35.205,24.21431632666438,NA,4.8406686772066045,1,835.9364944918259,0.08235979079231473,68.84755480200772,0.773681571231267,1.7552105143132475
LPF,2002,baseline,638.8838897456617,0.15378036086266889,30.597,26.80439243109149,NA,4.781803847934711,1,835.9364944918259,0.08235979079231473,68.84755480200772,0.7642732360118403,1.867177652872555
LPF,2003,baseline,628.3986823934622,0.16838371807734376,39.173,29.290952647104692,4.2929523809523795,4.703326043645264,1,835.9364944918259,0.08235979079231473,68.84755480200772,0.7517301691385923,2.044489385626951
LPF,2004,baseline,613.5367661493312,0.1645340604944323,35.955,29.3070334081312,5.040936758893278,4.59209023159159,1,835.9364944918259,0.08235979079231473,68.84755480200772,0.7339514068258335,1.997747431259691
LPF,2005,baseline,604.7393360234714,0.1609485922531615,23.656000000000002,27.69959141268273,5.613892558651024,4.526244800359132,1,835.9364944918259,0.08235979079231473,68.84755480200772,0.7234273656052048,1.9542132235258196
LPF,2006,baseline,600.0732101918846,0.15306042851524637,19.869,26.50039128997789,4.4988577405857715,4.491320616458812,1,835.9364944918259,0.08235979079231473,68.84755480200772,0.7178454513541428,1.8584363442740672
LPF,2007,baseline,600.0751476639626,0.15162327209896986,19.439,27.266130276383837,3.260753488372092,4.491335117703226,1,835.9364944918259,0.08235979079231473,68.84755480200772,0.7178477690805379,1.8409866105818027
LPF,2008,baseline,600.4724970805266,0.15601818507199994,26.142000000000003,27.836017183133066,5.151786290322578,4.494309127534429,1,835.9364944918259,0.08235979079231473,68.84755480200772,0.7183231035337916,1.894348972612477
LPF,2009,baseline,598.2696091684755,0.16982271333227583,23.598,29.050515164228536,3.838990082644627,4.477821346165253,1,835.9364944918259,0.08235979079231473,68.84755480200772,0.7156878699645355,2.0619614462173033
LPF,2010,baseline,589.3809538013767,0.17331216104224012,34.872,29.314936209028605,3.9598712754406598,4.4112931285664665,1,835.9364944918259,0.08235979079231473,68.84755480200772,0.7050546993520928,2.1043297873264204
LPF,2011,baseline,579.3719086044846,0.16213676078224903,34.925000000000004,30.01568607926324,3.256608175500181,4.336379217596346,1,835.9364944918259,0.08235979079231473,68.84755480200772,0.6930812477049354,1.968639784322747
LPF,2012,baseline,576.8254310131949,0.14933678367867653,32.007,29.2387322153403,3.2112040456180293,4.317319797660814,1,835.9364944918259,0.08235979079231473,68.84755480200772,0.690034990473592,1.8132244174254466
LPF,2013,baseline,581.3597903298034,0.16675134911427492,33.979,32.4772553409059,3.247948167246215,4.351257759121556,1,835.9364944918259,0.08235979079231473,68.84755480200772,0.6954592773021805,2.0246694110086914
LPF,2014,baseline,575.1479716024851,0.16826221628387472,32.888999999999996,33.33629950790844,3.918725295144031,4.304764649544495,1,835.9364944918259,0.08235979079231473,68.84755480200772,0.6880283076433016,2.0430141294090784
LPF,2015,baseline,569.9102746359413,0.22233435138178326,58.809,52.53809122092602,4.5032520155213644,4.265562472261694,1,835.9364944918259,0.08235979079231473,68.84755480200772,0.6817626439223656,2.6995497346810895
LPF,2016,baseline,540.2645647861868,0.17697827923340181,69.31465,35.367559962111244,4.291889781332916,4.043675566503676,1,835.9364944918259,0.08235979079231473,68.84755480200772,0.646298574528223,2.148843234433231
LPF,2017,baseline,525.9578852526847,0.20256694183002555,60.669610000000006,28.895628949012405,4.207916584287845,3.9365954908553387,1,835.9364944918259,0.08235979079231473,68.84755480200772,0.6291840214159088,2.459536867217586
LPF,2018,baseline,497.3861252572362,0.21537955079364401,70.4,28.20498827908799,3.606002657964865,3.7227466928477804,1,835.9364944918259,0.08235979079231473,68.84755480200772,0.5950046786264573,2.6151056082301487
LPF,2019,baseline,473.1227452737508,0.22106750191344382,44.744,27.857114309163478,4.604601765476088,3.5411444868270263,1,835.9364944918259,0.08235979079231473,68.84755480200772,0.5659792919572997,2.6841678419376507
LPF,2020,baseline,445.01390901880194,0.20938466692444369,36.935,24.279147741392354,3.3916965285576386,3.330760497619864,1,835.9364944918259,0.08235979079231473,68.84755480200772,0.5323537277665217,2.5423166439609517
LPF,2021,baseline,418.5501727548514,0.20287987394529328,38.771,21.377455079305744,4.970937032567688,3.1326894585331453,1,835.9364944918259,0.08235979079231473,68.84755480200772,0.5006961360256107,2.4633364411632854
LPF,2022,baseline,399.6771326694994,0.20447203625831545,19.623,20.994625727466293,3.0040670153152296,2.991431904303237,1,835.9364944918259,0.08235979079231473,68.84755480200772,0.47811901418715674,2.4826682327779226
LPF,2023,baseline,389.4914197668687,0.2256303574111831,21.545,22.95764137223116,2.971088139469183,2.9151957024933166,1,835.9364944918259,0.08235979079231473,68.84755480200772,0.46593422147892277,2.7395693364514644
MPF,1971,baseline,1155.0697782055652,0.055325026864792015,31.628,19.28268303073445,0.35332632132570485,0.31300933510105855,1,657.7197597783238,0.2579054881432557,169.62953570709354,1.756173143703128,0.21451667144850084
MPF,1972,baseline,1159.9114238744576,0.11187599513947788,26.939,32.56489547530869,0.3363940483114808,0.31432135998493116,1,657.7197597783238,0.2579054881432557,169.62953570709354,1.7635344029581705,0.43378679509656437
MPF,1973,baseline,1104.0502213278494,0.13075784977639948,33.394000000000005,36.69957608205313,0.27675836977081736,0.29918367895736325,1,657.7197597783238,0.2579054881432557,169.62953570709354,1.678602786238254,0.506999097684067
MPF,1974,baseline,1054.548416151899,0.12315510658304785,22.823,36.807156352433374,0.3074281473060157,0.28576931437369496,1,657.7197597783238,0.2579054881432557,169.62953570709354,1.603340025100236,0.47752030199000783
MPF,1975,baseline,1038.0029578147085,0.1449708956659217,45.486000000000004,48.729988636261794,0.2496560837197481,0.2812857039366599,1,657.7197597783238,0.2579054881432557,169.62953570709354,1.5781842378653095,0.5621086108310981
MPF,1976,baseline,1004.0727298635856,0.17678363406685804,46.522,54.49838908644362,0.3049788247945242,0.2720910402971112,1,657.7197597783238,0.2579054881432557,169.62953570709354,1.5265965708586826,0.6854589847605808
MPF,1977,baseline,961.5076616498105,0.2562967309375539,22.247999999999998,73.10207865670525,0.25205216008968545,0.2605564439017115,1,657.7197597783238,0.2579054881432557,169.62953570709354,1.4618804549431124,0.9937622219004187
MPF,1978,baseline,874.5286272708065,0.2453807961013199,33.536,61.38792381100041,0.2779830310265632,0.23698622309565825,1,657.7197597783238,0.2579054881432557,169.62953570709354,1.3296371505784703,0.9514368921262395
MPF,1979,baseline,830.2937490530469,0.2493008054714858,75.663,60.24203641489247,0.27516098552419255,0.2249991292590181,1,657.7197597783238,0.2579054881432557,169.62953570709354,1.2623822482281617,0.966636294815912
MPF,1980,baseline,798.84639165651,0.2042014879754399,40.022999999999996,50.658393807877815,0.2568443128295602,0.21647729221063888,1,657.7197597783238,0.2579054881432557,169.62953570709354,1.2145695484741879,0.7917686802462092
MPF,1981,baseline,806.8581958658768,0.21454839574840268,57.175,55.44504859683793,0.20716566275952547,0.21864839005758424,1,657.7197597783238,0.2579054881432557,169.62953570709354,1.226750730642209,0.8318876705300278
MPF,1982,baseline,805.6952972649992,0.21225638057135665,65.541,55.232354230465894,0.21490839204916296,0.21833325921032398,1,657.7197597783238,0.2579054881432557,169.62953570709354,1.2249826545222675,0.8230006352305971
MPF,1983,baseline,808.0367799256696,0.2370110011992681,62.59799999999999,59.37697775563034,0.20731861503061838,0.21896777146628976,1,657.7197597783238,0.2579054881432557,169.62953570709354,1.2285426550025018,0.9189839382852466
MPF,1984,baseline,794.7749848107303,0.2996106441821915,92.301,74.37551776083261,0.25204553628428744,0.21537399232887486,1,657.7197597783238,0.2579054881432557,169.62953570709354,1.2083793636952602,1.1617071289920373
MPF,1985,baseline,744.3620040980908,0.25975762261104496,98.224,60.03556604242696,0.23467428193168274,0.20171271067207308,1,657.7197597783238,0.2579054881432557,169.62953570709354,1.1317312472852703,1.0071814465102056
MPF,1986,baseline,734.6402381743451,0.3222721544024951,82.744,71.58187105022267,0.2076027243307778,0.19907823477700884,1,657.7197597783238,0.2579054881432557,169.62953570709354,1.1169502318463815,1.249574627987313
MPF,1987,baseline,691.6970644490453,0.3287437323749538,91.314,66.66095750675112,0.164742807049585,0.18744117655896136,1,657.7197597783238,0.2579054881432557,169.62953570709354,1.0516592426570446,1.2746674556702353
MPF,1988,baseline,660.0179963929482,0.3926386281244225,91.798,78.86440440008475,0.12833622958629903,0.17885654884559096,1,657.7197597783238,0.2579054881432557,169.62953570709354,1.0034942490026437,1.5224128456945756
MPF,1989,baseline,608.1334243213333,0.31025159377108213,93.341,56.53800972441948,0.10012823478475641,0.16479648449920228,1,657.7197597783238,0.2579054881432557,169.62953570709354,0.9246087186529064,1.2029662338893323
MPF,1990,baseline,608.2221715727527,0.3765910358802085,68.32199999999999,72.76212589613446,NA,0.16482053388451473,1,657.7197597783238,0.2579054881432557,169.62953570709354,0.9247436503621943,1.4601900820002245
MPF,1991,baseline,583.1193172162428,0.218651246476524,50.427,38.77487328715405,0.11291315329193038,0.1580179771043723,1,657.7197597783238,0.2579054881432557,169.62953570709354,0.8865771607846721,0.8477960203587153
MPF,1992,baseline,632.4426353464748,0.25310260084488867,77.711,51.6841029423123,NA,0.1713839739508194,1,657.7197597783238,0.2579054881432557,169.62953570709354,0.9615685494375776,0.9813773358103213
MPF,1993,baseline,657.0543101680413,0.27988062590636087,59.193,58.0182201550409,NA,0.17805342727474746,1,657.7197597783238,0.2579054881432557,169.62953570709354,0.9989882475014787,1.08520616572106
MPF,1994,baseline,662.4215577902165,0.2614464675311874,61.4505,56.22597329458841,NA,0.17950788365585868,1,657.7197597783238,0.2579054881432557,169.62953570709354,1.0071486342655684,1.013729755862988
MPF,1995,baseline,675.3070780859533,0.33527976488706823,84.462,66.2009075670081,NA,0.18299969706514516,1,657.7197597783238,0.2579054881432557,169.62953570709354,1.0267398356916586,1.3000101987005193
MPF,1996,baseline,647.6282743172268,0.27857298146266896,68.454,48.3227694031915,NA,0.17549909049789422,1,657.7197597783238,0.2579054881432557,169.62953570709354,0.9846568613591627,1.0801359190461792
MPF,1997,baseline,654.5518783079539,0.277619120256805,69.755,50.223252420834264,NA,0.17737529981661368,1,657.7197597783238,0.2579054881432557,169.62953570709354,0.9951835391543693,1.0764374277394175
MPF,1998,baseline,661.2108379842043,0.27562841874391886,88.879,54.56893867870477,NA,0.17917979386542,1,657.7197597783238,0.2579054881432557,169.62953570709354,1.0053078505761437,1.0687187028405492
MPF,1999,baseline,664.7752534868376,0.2969408617188165,77.149,64.02143097329626,NA,0.18014570549046174,1,657.7197597783238,0.2579054881432557,169.62953570709354,1.0107272034990888,1.1513553428296117
MPF,2000,baseline,656.9253842992064,0.2430802650443109,71.881,50.22209292266957,NA,0.17801848999109346,1,657.7197597783238,0.2579054881432557,169.62953570709354,0.9987922280465085,0.9425168374443044
MPF,2001,baseline,679.4156087014758,0.3092520403854513,63.959,56.87487712975121,NA,0.18411305702007782,1,657.7197597783238,0.2579054881432557,169.62953570709354,1.032986463612503,1.1990905762101298
MPF,2002,baseline,661.8553646382517,0.36492837060460115,68.935,66.47601167199616,NA,0.1793544524559613,1,657.7197597783238,0.2579054881432557,169.62953570709354,1.0062877917204764,1.4149693875529268
MPF,2003,baseline,622.1904057687717,0.40674829833536474,76.239,69.28393539435146,0.17380519480519468,0.16860574909897919,1,657.7197597783238,0.2579054881432557,169.62953570709354,0.945981014738668,1.577121531083639
MPF,2004,baseline,574.172403494056,0.4295734757048981,81.153,69.20317335778294,0.2328339920948616,0.15559347637876345,1,657.7197597783238,0.2579054881432557,169.62953570709354,0.8729742340226688,1.6656236313447041
MPF,2005,baseline,530.8336883441565,0.3826743737261138,66.55499999999999,58.63685421438811,0.11832661290322577,0.14384923142563302,1,657.7197597783238,0.2579054881432557,169.62953570709354,0.8070818619210518,1.4837775515407186
MPF,2006,baseline,513.6261742128693,0.35489760860033304,71.648,55.02693976308029,0.1253849372384937,0.13918621222228778,1,657.7197597783238,0.2579054881432557,169.62953570709354,0.7809194821605794,1.3760762175142325
MPF,2007,baseline,513.8595776383582,0.3611966667652302,67.149,57.40948026226698,0.17824186046511625,0.13924946160548618,1,657.7197597783238,0.2579054881432557,169.62953570709354,0.7812743497497295,1.4005001187279915
MPF,2008,baseline,513.8976015325419,0.3725980468294745,77.961,58.971507073479714,0.1372822580645161,0.13925976560102044,1,657.7197597783238,0.2579054881432557,169.62953570709354,0.7813321614447841,1.4447077086723796
MPF,2009,baseline,509.33020014402484,0.40045057268944095,72.02499999999999,61.01415282402195,0.10015289256198344,0.13802205745668616,1,657.7197597783238,0.2579054881432557,169.62953570709354,0.7743878643933219,1.5527027965647922
MPF,2010,baseline,493.1904320262301,0.4216611438283664,76.08800000000001,63.30584302677752,0.10226907630522082,0.13364838395006526,1,657.7197597783238,0.2579054881432557,169.62953570709354,0.7498488903426799,1.6349444397792392
MPF,2011,baseline,477.0611310869458,0.40462964186780237,108.012,63.1579583029629,0.09471480375575088,0.1292775469167447,1,657.7197597783238,0.2579054881432557,169.62953570709354,0.7253258306360345,1.568906675002773
MPF,2012,baseline,469.18707028583356,0.36942340842385946,97.675,61.43952791539705,0.2653379667441039,0.12714377579537542,1,657.7197597783238,0.2579054881432557,169.62953570709354,0.7133540741484902,1.4323983994425904
MPF,2013,baseline,475.57249300560164,0.41383241980862806,109.39500000000001,67.67705152607007,0.11337955077709173,0.1288741447804932,1,657.7197597783238,0.2579054881432557,169.62953570709354,0.7230624987850257,1.6045894284295397
MPF,2014,baseline,466.61012221590056,0.44728594750647055,111.33500000000001,71.34037717602982,0.05657093837215155,0.1264454553846269,1,657.7197597783238,0.2579054881432557,169.62953570709354,0.7094360710299561,1.7343017813487627
MPF,2015,baseline,450.1090660092823,0.6658773206011093,47.24,103.82651910891938,0.14918956006837605,0.12197387736470612,1,657.7197597783238,0.2579054881432557,169.62953570709354,0.6843477929885913,2.58186564929259
MPF,2016,baseline,382.35033097328983,0.6232291213833552,25.790239999999997,75.29368309223987,0.07872484909507042,0.10361211515683866,1,657.7197597783238,0.2579054881432557,169.62953570709354,0.5813271158253726,2.416501974696938
MPF,2017,baseline,343.8870170409567,0.6896978556201434,20.56303,58.67189251649422,0.11957211972120065,0.0931890424153404,1,657.7197597783238,0.2579054881432557,169.62953570709354,0.5228473250626673,2.674227138730158
MPF,2018,baseline,302.5029346986799,0.646271213774301,10.7386,49.34750358631012,0.1108619298161498,0.08197447828931216,1,657.7197597783238,0.2579054881432557,169.62953570709354,0.45992678523241376,2.5058451389577425
MPF,2019,baseline,278.3143747138311,0.6835106598471912,18.80011,47.8172928907999,0.11601638667606916,0.0754196837472268,1,657.7197597783238,0.2579054881432557,169.62953570709354,0.42315039281719846,2.6502369715666134
MPF,2020,baseline,253.4469395285365,0.5387495150277362,14.918,36.64845180298942,0.05797671431916668,0.06868092259193971,1,657.7197597783238,0.2579054881432557,169.62953570709354,0.38534183557744656,2.088941646439425
MPF,2021,baseline,253.6402946586123,0.5427692350860465,19.23225,35.66306316199884,0.058825327510917014,0.06873331939241478,1,657.7197597783238,0.2579054881432557,169.62953570709354,0.385635813563057,2.1045276662920833
MPF,2022,baseline,253.33564358445668,0.5554435336666588,35.39228,36.74170031653925,0.11967652359302518,0.06865076279543808,1,657.7197597783238,0.2579054881432557,169.62953570709354,0.38517262073719705,2.1536708569696397
MPF,2023,baseline,251.3672374481033,0.6154280013915505,40.772560000000006,40.364127684997484,0.06544736842105262,0.06811734957004317,1,657.7197597783238,0.2579054881432557,169.62953570709354,0.3821798474365792,2.3862539949119115
NTU,1971,baseline,119.94897754329043,0.030593359013470156,3.203,2.856116997042183,0.9771614493618557,0.7483853085070353,1,87.51424187262188,0.5565489672343884,48.70596093250818,1.3706223693039326,0.05496975255473951
NTU,1972,baseline,148.40898162254894,0.14296294738549875,4.074999999999999,6.1541060569859845,0.9303334508773676,0.9259528823971953,1,87.51424187262188,0.5565489672343884,48.70596093250818,1.6958266271512714,0.25687397839567
NTU,1973,baseline,146.95748335235464,0.18005624378892193,5.824,7.674400657347745,0.7654046511835734,0.9168966986515295,1,87.51424187262188,0.5565489672343884,48.70596093250818,1.6792407750758234,0.32352273454689917
NTU,1974,baseline,142.1865684978908,0.17173392100967266,6.395,8.559123654152021,0.8502251767403818,0.8871300206993968,1,87.51424187262188,0.5565489672343884,48.70596093250818,1.6247249071167775,0.3085692924075584
NTU,1975,baseline,142.36733120656856,0.2531128094380586,7.962,12.54223956743613,0.6904504020370188,0.8882578348606435,1,87.51424187262188,0.5565489672343884,48.70596093250818,1.6267904304511496,0.45478982863957257
NTU,1976,baseline,132.9568246564721,0.29441411253914485,7.3759999999999994,14.1629219536513,0.8434513153243868,0.8295438300233811,1,87.51424187262188,0.5565489672343884,48.70596093250818,1.519259286391265,0.5289994769052433
NTU,1977,baseline,126.5347266285358,0.501022875594832,11.174,19.086667527710595,0.6970770055961444,0.7894750948633426,1,87.51424187262188,0.5565489672343884,48.70596093250818,1.4458758245624608,0.9002314353120131
NTU,1978,baseline,108.00173734551444,0.5554848131545418,6.345999999999999,15.401103948741596,0.7687915818915709,0.6738441225432508,1,87.51424187262188,0.5565489672343884,48.70596093250818,1.2341047015263227,0.9980879416861833
NTU,1979,baseline,101.40111032680898,0.581630550048355,13.316,15.83607463215323,0.7609869154774896,0.6326615098281825,1,87.51424187262188,0.5565489672343884,48.70596093250818,1.158681240413413,1.0450662642293675
NTU,1980,baseline,98.38036732615822,0.4683486427950472,12.341999999999999,14.927067047497644,0.7103302127143958,0.6138144989676972,1,87.51424187262188,0.5565489672343884,48.70596093250818,1.1241640814229086,0.8415227955994103
NTU,1981,baseline,104.62242136398751,0.5241686764806364,19.857,18.1703430394572,0.5729386322551904,0.6527599041932859,1,87.51424187262188,0.5565489672343884,48.70596093250818,1.195490232507148,0.9418195115612977
NTU,1982,baseline,103.78909685243603,0.5548270598235954,39.298,18.936602910564762,0.5943519720434376,0.64756062834753,1,87.51424187262188,0.5565489672343884,48.70596093250818,1.1859680736708251,0.9969060989918829
NTU,1983,baseline,102.12250790485596,0.6694917383097057,81.791,20.277975413624922,0.5733616379977109,0.6371624514790446,1,87.51424187262188,0.5565489672343884,48.70596093250818,1.1669244424638519,1.2029341131231528
NTU,1984,baseline,95.57601011076258,0.9657305430185907,69.064,23.620372709274378,0.697058686759159,0.5963175616632477,1,87.51424187262188,0.5565489672343884,48.70596093250818,1.0921195003880022,1.7352121733645713
NTU,1985,baseline,81.48572118018014,0.8511427682542667,81.021,18.921541425783833,0.6490166387828434,0.5084054723379221,1,87.51424187262188,0.5565489672343884,48.70596093250818,0.931113832863726,1.5293223388478794
NTU,1986,baseline,81.53236975983089,1.0672022038490407,87.121,23.00722379215344,0.57414737242723,0.5086965220191146,1,87.51424187262188,0.5565489672343884,48.70596093250818,0.9316468727284676,1.9175351436769315
NTU,1987,baseline,75.2214034257336,1.1148559269650602,88.81700000000001,21.833769104997977,0.4556137213454794,0.46932115939698354,1,87.51424187262188,0.5565489672343884,48.70596093250818,0.8595332807112622,2.0031587382239144
NTU,1988,baseline,72.94249736536302,1.4788851735822064,141.414,25.583108046389746,0.3549274665913786,0.45510261539619407,1,87.51424187262188,0.5565489672343884,48.70596093250818,0.8334928784680758,2.657241789399242
NTU,1989,baseline,66.12914984653546,1.1289895632324245,113.707,20.943876434585473,0.2769152625176885,0.4125927975613305,1,87.51424187262188,0.5565489672343884,48.70596093250818,0.7556387215555989,2.0285538734221658
NTU,1990,baseline,70.60353217703648,1.5446119222334835,136.65699999999998,27.769129583678804,NA,0.44050935066060076,1,87.51424187262188,0.5565489672343884,48.70596093250818,0.806766197892691,2.775338762928611
NTU,1991,baseline,64.87921178579134,0.8219637163102114,27.838,18.130503513274515,0.3122733118460516,0.40479418768266723,1,87.51424187262188,0.5565489672343884,48.70596093250818,0.7413560398571912,1.476893794978591
NTU,1992,baseline,78.02393909071485,1.0817461799617383,27.114,26.78132276704402,NA,0.486806731689436,1,87.51424187262188,0.5565489672343884,48.70596093250818,0.8915570474149763,1.943667572212321
NTU,1993,baseline,77.12972576114693,1.35478650195471,29.77,27.471929987224552,NA,0.48122755850908716,1,87.51424187262188,0.5565489672343884,48.70596093250818,0.8813391296174428,2.4342628981721695
NTU,1994,baseline,70.59566403582585,1.258432822540125,29.6665,26.96308843990782,NA,0.44046025977706094,1,87.51424187262188,0.5565489672343884,48.70596093250818,0.806676290912498,2.2611358508013204
NTU,1995,baseline,70.3386156075725,1.7253333157132467,29.563000000000002,27.858238514712525,NA,0.43885648397822014,1,87.51424187262188,0.5565489672343884,48.70596093250818,0.8037390726637531,3.100056629853792
NTU,1996,baseline,63.09861078403666,1.4825954297892832,20.079,20.451919115738956,NA,0.3936846671405252,1,87.51424187262188,0.5565489672343884,48.70596093250818,0.7210096257918512,2.6639083298575126
NTU,1997,baseline,64.0739279543254,1.5917806682507694,18.18,22.192707245963433,NA,0.3997698631657711,1,87.51424187262188,0.5565489672343884,48.70596093250818,0.7321542937843858,2.860090956885016
NTU,1998,baseline,63.02060932164484,1.7389500517255674,14.995999999999999,24.617836734429986,NA,0.39319800064538957,1,87.51424187262188,0.5565489672343884,48.70596093250818,0.7201183255791915,3.124523005346294
NTU,1999,baseline,60.94184601621688,2.008755844883005,12.013,28.442153565035664,NA,0.38022818673360076,1,87.51424187262188,0.5565489672343884,48.70596093250818,0.6963648968692265,3.6093065716480353
NTU,2000,baseline,57.75587733294236,1.6101455347497469,8.459,25.290643398900936,NA,0.360350300279207,1,87.51424187262188,0.5565489672343884,48.70596093250818,0.6599597516596989,2.8930887119437245
NTU,2001,baseline,60.04195866378148,1.7889801213217331,8.443,28.735854007625502,NA,0.3746136122064366,1,87.51424187262188,0.5565489672343884,48.70596093250818,0.6860821436489541,3.214416388573247
NTU,2002,baseline,59.891871041180465,2.540487849716264,10.642,29.55389687539273,NA,0.37367718595217514,1,87.51424187262188,0.5565489672343884,48.70596093250818,0.6843671356755151,4.564715773960547
NTU,2003,baseline,54.77560301574173,3.0427664674757806,19.531,28.366349770898104,0.3968874458874457,0.34175578150968416,1,87.51424187262188,0.5565489672343884,48.70596093250818,0.6259050166425293,5.467203510584059
NTU,2004,baseline,51.301060990973035,3.723520629418063,14.024000000000001,26.12772985981911,0.37725296442687734,0.3200774291103174,1,87.51424187262188,0.5565489672343884,48.70596093250818,0.586202427093437,6.690373801106915
NTU,2005,baseline,49.21045284599159,3.3203389915687076,13.559000000000001,27.00114329969702,0.2851290322580644,0.3070337129103641,1,87.51424187262188,0.5565489672343884,48.70596093250818,0.5623136508183211,5.965942238772245
NTU,2006,baseline,48.363051240688584,3.3478311119071105,10.611,27.335436970121844,0.19346443514644343,0.3017466073026054,1,87.51424187262188,0.5565489672343884,48.70596093250818,0.5526306370919791,6.0153397257086
NTU,2007,baseline,48.224333362141415,3.7249354636552683,10.679,27.98533562335927,0.415720930232558,0.30088111912206217,1,87.51424187262188,0.5565489672343884,48.70596093250818,0.5510455479044492,6.692915957000647
NTU,2008,baseline,47.89284856384793,4.104012012913648,16.903,28.055502275674122,0.3748346774193546,0.29881292014181876,1,87.51424187262188,0.5565489672343884,48.70596093250818,0.5472577667250617,7.374035807320543
NTU,2009,baseline,46.6401659277862,4.6015940894356495,16.090999999999998,27.40988791258419,0.2532024793388429,0.29099718631689214,1,87.51424187262188,0.5565489672343884,48.70596093250818,0.5329437235561221,8.268084859274756
NTU,2010,baseline,46.03960459684613,4.98985435106898,14.878,26.00190329251364,0.3257202375269699,0.2872501658241933,1,87.51424187262188,0.5565489672343884,48.70596093250818,0.5260812824483743,8.965705885440126
NTU,2011,baseline,45.61224756192183,4.996597666813924,15.365999999999998,28.016329563211297,0.1701867797868954,0.2845838010666526,1,87.51424187262188,0.5565489672343884,48.70596093250818,0.5211979968735952,8.977822188123163
NTU,2012,baseline,46.11020048230822,4.99794622290776,22.929,29.68549266654262,0.2339093444661894,0.2876906274654925,1,87.51424187262188,0.5565489672343884,48.70596093250818,0.5268879612694608,8.980245256304455
NTU,2013,baseline,46.632395598690096,4.999985067215523,28.191000000000003,30.552278738394588,0.48206645966290834,0.2909487057024101,1,87.51424187262188,0.5565489672343884,48.70596093250818,0.5328549342467499,8.983908625437802
NTU,2014,baseline,46.7492179630613,4.9999999859456015,29.988,29.603140130696804,0.23426333990365156,0.29167758345519385,1,87.51424187262188,0.5565489672343884,48.70596093250818,0.5341898297091506,8.983935431219427
NTU,2015,baseline,46.96821849329246,5,30.541999999999998,32.15372326939625,0.23257557306410256,0.29304397092040674,1,87.51424187262188,0.5565489672343884,48.70596093250818,0.5366922856014146,8.983935456472189
NTU,2016,baseline,47.31090874437506,5,28.124799999999993,25.29680484090338,0.1993840475176056,0.2951820829287917,1,87.51424187262188,0.5565489672343884,48.70596093250818,0.540608108257816,8.983935456472189
NTU,2017,baseline,48.232067841465664,5,31.564839999999997,21.776182823960127,0.5005212978763105,0.3009293760627529,1,87.51424187262188,0.5565489672343884,48.70596093250818,0.5511339275688186,8.983935456472189
NTU,2018,baseline,48.25493108336561,5,28.586879999999997,23.872262909272507,0.515669359008297,0.30107202433448643,1,87.51424187262188,0.5565489672343884,48.70596093250818,0.5513951792395264,8.983935456472189
NTU,2019,baseline,48.35324807770157,5,28.08343,23.815492519667032,0.347744517636968,0.3016854434368798,1,87.51424187262188,0.5565489672343884,48.70596093250818,0.5525186191760691,8.983935456472189
NTU,2020,baseline,49.22909799148748,5,24.790200000000002,28.346076257375184,0.3415946700420802,0.3071500436473981,1,87.51424187262188,0.5565489672343884,48.70596093250818,0.5625267035180522,8.983935456472189
NTU,2021,baseline,50.61663722351693,5,33.43908999999999,27.365353050828144,0.4298561958845015,0.31580717434993544,1,87.51424187262188,0.5565489672343884,48.70596093250818,0.5783817141122025,8.983935456472189
NTU,2022,baseline,51.066853666721215,5,33.835260000000005,28.09552869912049,0.262905487759869,0.31861616346049937,1,87.51424187262188,0.5565489672343884,48.70596093250818,0.5835262075520198,8.983935456472189
NTU,2023,baseline,50.934316410839635,5,36.342620000000004,28.85793342146876,0.31066452314777493,0.3177892374027444,1,87.51424187262188,0.5565489672343884,48.70596093250818,0.5820117425570023,8.983935456472189
SAR,1971,baseline,480.00637989391123,NA,NA,NA,NA,1.932185712941886,0,372.2216509348927,0.5215159041025162,194.1195108138418,1.2895713580558799,NA
SAR,1972,baseline,480.00637989391123,0.06286804136345836,5.8180000000000005,18.137199985678027,2.401529112001412,1.932185712941886,1,372.2216509348927,0.5215159041025162,194.1195108138418,1.2895713580558799,0.12054865607914454
SAR,1973,baseline,547.8070838429738,0.08355720610460438,19.570999999999994,27.224398346620287,1.9757878753528053,2.2051061510550944,1,372.2216509348927,0.5215159041025162,194.1195108138418,1.4717227825599908,0.16021986184371328
SAR,1974,baseline,588.8103154717857,0.08571287446570075,41.042,43.27426564010375,2.1947405113435177,2.370157828816434,1,372.2216509348927,0.5215159041025162,194.1195108138418,1.581880887350042,0.16435332804127076
SAR,1975,baseline,615.3268633797087,0.17230359443522758,48.041,69.70237218535252,1.78230368834018,2.4768957747486353,1,372.2216509348927,0.5215159041025162,194.1195108138418,1.6531194836039746,0.33038991348067737
SAR,1976,baseline,578.4812716428853,0.22271737923514667,90.276,83.80573141167318,2.177254710552593,2.328579983707453,1,372.2216509348927,0.5215159041025162,194.1195108138418,1.5541311747716433,0.4270576937024078
SAR,1977,baseline,535.3028032449128,0.3371845945522143,201.653,104.51473534728716,1.7994093630269543,2.154772252727472,1,372.2216509348927,0.5215159041025162,194.1195108138418,1.4381291413339776,0.646547098371774
SAR,1978,baseline,471.6210431480902,0.3176328747584618,60.512,75.4219956404929,1.9845307757482682,1.8984319368731954,1,372.2216509348927,0.5215159041025162,194.1195108138418,1.2670435531182576,0.6090569285803096
SAR,1979,baseline,457.4148727068439,0.36491087247733134,132.29500000000002,86.16226862854035,1.9643840922282896,1.8412473645175944,1,372.2216509348927,0.5215159041025162,194.1195108138418,1.228877663504998,0.6997118776373874
SAR,1980,baseline,434.73707218318737,0.35807361376588887,93.475,88.8885185777902,1.833620712400503,1.7499616566433793,1,372.2216509348927,0.5215159041025162,194.1195108138418,1.1679521357537301,0.6866015225021805
SAR,1981,baseline,432.5341547533014,0.4322671976820658,127.401,105.11832244941574,1.478963057228048,1.741094179536602,1,372.2216509348927,0.5215159041025162,194.1195108138418,1.1620338410377915,0.8288667599235736
SAR,1982,baseline,408.36153600567854,0.3511649971276727,85.979,108.1977823688727,1.5342386778543475,1.64379132993933,1,372.2216509348927,0.5215159041025162,194.1195108138418,1.0970923775659338,0.6733543394654421
SAR,1983,baseline,420.8057944478295,0.541939682122571,95.973,113.96473812323207,1.4800549889480654,1.6938836190780595,1,372.2216509348927,0.5215159041025162,194.1195108138418,1.130524764991263,1.0391623301598105
SAR,1984,baseline,383.69082024133115,0.780505220519168,80.084,129.8436805482942,1.7993620754439088,1.544483473784465,1,372.2216509348927,0.5215159041025162,194.1195108138418,1.030812740950538,1.49660866404899
SAR,1985,baseline,323.24234009354973,0.7142143136812589,68.286,102.47025217508771,1.6753480708883546,1.3011581876988745,1,372.2216509348927,0.5215159041025162,194.1195108138418,0.8684135898104697,1.3694967076993747
SAR,1986,baseline,307.32598534819607,0.9934043046714196,93.56200000000001,121.88220564475331,1.482083255377712,1.2370895533447146,1,372.2216509348927,0.5215159041025162,194.1195108138418,0.8256531681494049,1.9048399039353987
SAR,1987,baseline,262.3614109155885,1.0694527378580871,79.938,106.31544132214775,1.17610477684812,1.0560921500885365,1,372.2216509348927,0.5215159041025162,194.1195108138418,0.7048526335225985,2.0506617908393854
SAR,1988,baseline,240.65921675661303,1.4750068570342192,88.21,120.57836020288198,0.9161969215062222,0.9687335830987998,1,372.2216509348927,0.5215159041025162,194.1195108138418,0.6465481418186177,2.8283065682772963
SAR,1989,baseline,216.599251033134,1.2233164168084754,101.42099999999999,96.71437388514066,0.7148190402769924,0.8718841994821647,1,372.2216509348927,0.5215159041025162,194.1195108138418,0.5819093287268788,2.345693404909093
SAR,1990,baseline,222.92464104102456,1.7368008233425618,75.666,124.96281074106929,NA,0.8973460031455509,1,372.2216509348927,0.5215159041025162,194.1195108138418,0.5989029399045288,3.330293112213799
SAR,1991,baseline,196.61898761612207,0.9924174063984683,66.32900000000001,78.44378995898494,0.8060910296111038,0.7914569778196144,1,372.2216509348927,0.5215159041025162,194.1195108138418,0.5282309267133786,1.9029475392631272
SAR,1992,baseline,232.3507085365773,1.29589267611391,90.49000000000001,114.8083558231802,NA,0.9352890674609838,1,372.2216509348927,0.5215159041025162,194.1195108138418,0.6242267421924337,2.484857443310438
SAR,1993,baseline,223.5365452537229,1.5622094647201625,86.06,109.92170254320828,NA,0.899809121610197,1,372.2216509348927,0.5215159041025162,194.1195108138418,0.600546864193085,2.995516440497802
SAR,1994,baseline,208.43503814471924,1.589384197999363,110.2,111.93470169613175,NA,0.8390205206621093,1,372.2216509348927,0.5215159041025162,194.1195108138418,0.5599755887955528,3.0476236400394265
SAR,1995,baseline,200.5262847870938,2.0846203784092427,139.289,105.28089094763581,NA,0.8071851516235511,1,372.2216509348927,0.5215159041025162,194.1195108138418,0.5387281591047721,3.9972326098025603
SAR,1996,baseline,180.58305526045902,1.7045614109022016,152.882,73.29579149956778,NA,0.7269070037168479,1,372.2216509348927,0.5215159041025162,194.1195108138418,0.4851492512778247,3.26847445589527
SAR,1997,baseline,185.21056054010785,1.9212785963815424,143.73499999999999,79.99983342184277,NA,0.7455342552752058,1,372.2216509348927,0.5215159041025162,194.1195108138418,0.49758137409503894,3.684026855686974
SAR,1998,baseline,179.50710639616221,2.492016209921589,116.463,82.23515047387271,NA,0.7225759508172805,1,372.2216509348927,0.5215159041025162,194.1195108138418,0.4822586379521507,4.778408846821524
SAR,1999,baseline,162.85295249397487,2.805729241856538,117.416,95.41895688530735,NA,0.6555374288750228,1,372.2216509348927,0.5215159041025162,194.1195108138418,0.4375160662603701,5.379949527493232
SAR,2000,baseline,151.75463031410334,2.6663657580890896,119.45600000000002,77.00513317531122,NA,0.610862981926394,1,372.2216509348927,0.5215159041025162,194.1195108138418,0.40769963255213104,5.112721850118214
SAR,2001,baseline,149.66774094008815,3.3922767289342053,109.575,74.76149026036414,NA,0.6024625564281881,1,372.2216509348927,0.5215159041025162,194.1195108138418,0.4020930554796431,6.504646746626108
SAR,2002,baseline,139.75118594536968,4.664744099074943,106.326,66.08823175978894,NA,0.5625451164003444,1,372.2216509348927,0.5215159041025162,194.1195108138418,0.37545152355958555,8.94458646875317
SAR,2003,baseline,132.20269005906286,4.997723544283795,100.12799999999999,61.541718915649014,0.46843722943722943,0.5321599037934909,1,372.2216509348927,0.5215159041025162,194.1195108138418,0.3551719512473689,9.58307024765514
SAR,2004,baseline,124.97578826809074,4.999996984265088,99.65,54.76574929417141,0.6455849802371542,0.5030692146396577,1,372.2216509348927,0.5215159041025162,194.1195108138418,0.3357563643979187,9.58742953941098
SAR,2005,baseline,132.09701242247192,4.999991916939388,106.14699999999999,60.616977275801005,0.48249596774193537,0.5317345160733451,1,372.2216509348927,0.5215159041025162,194.1195108138418,0.35488804074316926,9.587419822879498
SAR,2006,baseline,140.74450573893822,4.999998385922989,87.471,65.01978559028473,0.43390376569037653,0.5665435597417428,1,372.2216509348927,0.5215159041025162,194.1195108138418,0.37812014799632543,9.587432227071874
SAR,2007,baseline,151.49821696590158,4.999733046730304,79.148,90.24481269828217,0.4710279069767441,0.6098308327118096,1,372.2216509348927,0.5215159041025162,194.1195108138418,0.40701075981311186,9.58692344260222
SAR,2008,baseline,160.69858625397458,4.999999999992211,77.148,70.45780025636596,0.7211129032258063,0.6468653864944758,1,372.2216509348927,0.5215159041025162,194.1195108138418,0.4317282077771538,9.587435322028727
SAR,2009,baseline,168.0266970124668,5,81.775,68.86400141293568,0.570784297520661,0.6763634754855926,1,372.2216509348927,0.5215159041025162,194.1195108138418,0.4514156997327844,9.587435322043664
SAR,2010,baseline,175.2687635628401,5,74.594,67.44196845177756,0.5156506024096383,0.705515207851938,1,372.2216509348927,0.5215159041025162,194.1195108138418,0.47087202778942405,9.587435322043664
SAR,2011,baseline,183.58412254493234,5,40.323,77.80965455172048,0.8944797573037846,0.7389873000910716,1,372.2216509348927,0.5215159041025162,194.1195108138418,0.4932118324762469,9.587435322043664
SAR,2012,baseline,190.75153605718072,4.999999999999978,54.086000000000006,117.74986077691958,0.8138371018072605,0.7678385290896814,1,372.2216509348927,0.5215159041025162,194.1195108138418,0.512467599824133,9.587435322043621
SAR,2013,baseline,197.8915452379145,5,54.764,123.70066389593156,0.7238373368960961,0.7965794465173557,1,372.2216509348927,0.5215159041025162,194.1195108138418,0.531649743481818,9.587435322043664
SAR,2014,baseline,200.74418388548398,5,55.761,81.44939579023011,0.7653203032683538,0.8080622681420137,1,372.2216509348927,0.5215159041025162,194.1195108138418,0.5393135605660866,9.587435322043664
SAR,2015,baseline,204.82337671976347,5,63.620999999999995,100.47581192600454,1.133882127504273,0.8244823793006857,1,372.2216509348927,0.5215159041025162,194.1195108138418,0.5502726029109742,9.587435322043664
SAR,2016,baseline,211.07745447738628,5,56.36256999999999,67.20254933250845,1.0930731531190845,0.8496571273812782,1,372.2216509348927,0.5215159041025162,194.1195108138418,0.5670746286446056,9.587435322043664
SAR,2017,baseline,227.10571306953648,5,54.5492,43.307361429623676,1.4374682284505669,0.9141762120274768,1,372.2216509348927,0.5215159041025162,194.1195108138418,0.6101356879674384,9.587435322043664
SAR,2018,baseline,239.48668116782883,5,52.29685,46.32432987970995,0.9698245108921388,0.9640137364312087,1,372.2216509348927,0.5215159041025162,194.1195108138418,0.6433980413721789,9.587435322043664
SAR,2019,baseline,257.54232934299864,5,63.857350000000004,47.524371155956246,1.2096015716470407,1.0366937400796579,1,372.2216509348927,0.5215159041025162,194.1195108138418,0.6919058273373968,9.587435322043664
SAR,2020,baseline,270.9716583575769,5,54.0931,51.59588214356013,1.285029171299113,1.090751266694406,1,372.2216509348927,0.5215159041025162,194.1195108138418,0.7279846770788033,9.587435322043664
SAR,2021,baseline,289.3226485510726,5,29.00633,47.16094024671217,1.7757065090593287,1.1646201204334867,1,372.2216509348927,0.5215159041025162,194.1195108138418,0.7772859204304576,9.587435322043664
SAR,2022,baseline,298.9114947195951,5,45.40488,46.92706411890063,0.9396314451618436,1.2032184231779453,1,372.2216509348927,0.5215159041025162,194.1195108138418,0.8030470392273859,9.587435322043664
SAR,2023,baseline,300.419473151275,5,54.371939999999995,46.586925293908834,0.7877984966191534,1.209288539124655,1,372.2216509348927,0.5215159041025162,194.1195108138418,0.8070983307841568,9.587435322043664
SCP,1971,baseline,177.4702002745241,NA,NA,NA,4.865921294493222,2.8715395998616646,0,111.80987410315652,0.7124746338716973,79.66169911488699,1.5872497996982713,NA
SCP,1972,baseline,177.4702002745241,NA,NA,NA,4.6327342861918055,2.8715395998616646,0,111.80987410315652,0.7124746338716973,79.66169911488699,1.5872497996982713,NA
SCP,1973,baseline,177.4702002745241,NA,NA,NA,3.811446709784304,2.8715395998616646,0,111.80987410315652,0.7124746338716973,79.66169911488699,1.5872497996982713,NA
SCP,1974,baseline,177.4702002745241,NA,NA,NA,4.233823177651019,2.8715395998616646,0,111.80987410315652,0.7124746338716973,79.66169911488699,1.5872497996982713,NA
SCP,1975,baseline,177.4702002745241,0.13036357265162213,25.78,20.562604923367935,3.438200838006252,2.8715395998616646,1,111.80987410315652,0.7124746338716973,79.66169911488699,1.5872497996982713,0.18297293188279043
SCP,1976,baseline,203.33980095085704,0.18600316822816154,81.8,28.29584005348646,4.200091723619997,3.2901201990821964,1,111.80987410315652,0.7124746338716973,79.66169911488699,1.8186211422012193,0.26106637259124804
SCP,1977,baseline,192.04988847934635,0.21220976249158774,125.742,34.8105023499836,3.471198999558339,3.1074448502587533,1,111.80987410315652,0.7124746338716973,79.66169911488699,1.7176469432579797,0.2978488670374229
SCP,1978,baseline,186.96239927169506,0.19060040687326119,26.112,25.775131635528542,3.8283124367998154,3.025127217771489,1,111.80987410315652,0.7124746338716973,79.66169911488699,1.6721456917052098,0.26751886707532185
SCP,1979,baseline,195.03679809723707,0.18000818994580126,22.328,30.458167969403707,3.7894479354162462,3.1557742556220947,1,111.80987410315652,0.7124746338716973,79.66169911488699,1.74436112786689,0.2526520684218734
SCP,1980,baseline,191.80909055776442,0.18410918945619237,40.805,30.575677686599875,3.5371953226625137,3.1035486425218077,1,111.80987410315652,0.7124746338716973,79.66169911488699,1.7154933059024833,0.25840806213087836
SCP,1981,baseline,196.26084780673955,0.21248190699525082,60.36899999999999,35.61471657001891,2.853033439815907,3.1755798748618234,1,111.80987410315652,0.7124746338716973,79.66169911488699,1.7553087272566643,0.2982308378343118
SCP,1982,baseline,190.9171175294058,0.3921007497923581,48.173,32.647172395150506,2.9596643615841547,3.0891161582569664,1,111.80987410315652,0.7124746338716973,79.66169911488699,1.7075157186320093,0.5503364346624132
SCP,1983,baseline,166.97243418712523,0.45804250717347994,45.547000000000004,28.385029735980076,2.8551398600513425,2.701681499834615,1,111.80987410315652,0.7124746338716973,79.66169911488699,1.4933603630845285,0.642889564621278
SCP,1984,baseline,163.37261099013398,0.28116199335096503,49.771,37.958488376769544,3.471107778175184,2.643434904932085,1,111.80987410315652,0.7124746338716973,79.66169911488699,1.4611644302488467,0.3946273733607712
SCP,1985,baseline,183.442326120205,0.23938955505334203,40.017,37.02162900365915,3.231875229212385,2.968171010851805,1,111.80987410315652,0.7124746338716973,79.66169911488699,1.6406630236517386,0.3359973024617904
SCP,1986,baseline,189.7700196525803,0.3167123195348731,37.685,48.83486500560743,2.859052541926902,3.070555650785141,1,111.80987410315652,0.7124746338716973,79.66169911488699,1.697256357497525,0.4445243444160382
SCP,1987,baseline,178.18906153569,0.6997817555996173,53.590999999999994,39.210094874142875,2.2687965332710256,2.8831710657362244,1,111.80987410315652,0.7124746338716973,79.66169911488699,1.5936791179220149,0.9821847997547577
SCP,1988,baseline,139.44554564408483,0.8202265817818155,25.318,39.430625658142624,1.7674142986457215,2.2562853128125298,1,111.80987410315652,0.7124746338716973,79.66169911488699,1.2471666457242538,1.151236188332176
SCP,1989,baseline,136.2771554626412,0.7220296781284619,16.195999999999998,30.616223443510762,1.3789408838579995,2.2050194785499064,1,111.80987410315652,0.7124746338716973,79.66169911488699,1.2188293436133466,1.0134110658857298
SCP,1990,baseline,142.70399442162187,0.8969506877030984,14.636,42.405312409268966,NA,2.3090083315748045,1,111.80987410315652,0.7124746338716973,79.66169911488699,1.2763094097571583,1.2589229778314066
SCP,1991,baseline,132.0878113051603,0.6470209393755155,5.923,22.20677038889181,1.5550115682581902,2.1372341961360317,1,111.80987410315652,0.7124746338716973,79.66169911488699,1.1813608803753346,0.9081318949693742
SCP,1992,baseline,147.6778587487782,0.707787989660142,14.788,31.48564568888683,NA,2.38948746755186,1,111.80987410315652,0.7124746338716973,79.66169911488699,1.3207944283393938,0.9934220195516473
SCP,1993,baseline,144.86886142801964,0.7603198578656585,14.253,30.980795515528243,NA,2.344036755094297,1,111.80987410315652,0.7124746338716973,79.66169911488699,1.2956714475356863,1.0671535823443465
SCP,1994,baseline,141.1850105831117,0.8504771835883185,16.890000000000004,30.376495542346817,NA,2.2844305588722063,1,111.80987410315652,0.7124746338716973,79.66169911488699,1.2627239920944147,1.193694684913474
SCP,1995,baseline,135.5451387768721,0.9282274322753512,19.526999999999997,30.447635094334615,NA,2.19317515258592,1,111.80987410315652,0.7124746338716973,79.66169911488699,1.2122823665092162,1.3028217260609263
SCP,1996,baseline,130.94372122791182,0.7999379486491494,12.901,19.774199041265234,NA,2.118722356077555,1,111.80987410315652,0.7124746338716973,79.66169911488699,1.171128420260113,1.1227598999590525
SCP,1997,baseline,138.0460881552554,0.8522134014201885,11.628,21.968726880974764,NA,2.2336415247778034,1,111.80987410315652,0.7124746338716973,79.66169911488699,1.2346502423202192,1.1961315686274039
SCP,1998,baseline,135.7569967436381,1.0068925259335626,4.877,24.234801784798307,NA,2.19660310015218,1,111.80987410315652,0.7124746338716973,79.66169911488699,1.2141771720303325,1.4132328058641934
SCP,1999,baseline,127.52395219417319,1.0997446190046003,20.782,28.999389216988707,NA,2.0633891103406885,1,111.80987410315652,0.7124746338716973,79.66169911488699,1.1405428475531487,1.5435561726996765
SCP,2000,baseline,122.61528283150489,1.0030487743759835,31.477,22.63035606878273,NA,1.9839648552503923,1,111.80987410315652,0.7124746338716973,79.66169911488699,1.0966409166902311,1.4078378747679219
SCP,2001,baseline,126.4078370052517,1.1632515860905883,35.364000000000004,24.61786903608813,NA,2.0453299152868856,1,111.80987410315652,0.7124746338716973,79.66169911488699,1.1305605879551122,1.6326919314576849
SCP,2002,baseline,120.65852827115489,1.2837055146913419,28.062,26.406323942940983,NA,1.952303775257452,1,111.80987410315652,0.7124746338716973,79.66169911488699,1.079140185417207,1.8017560958142294
SCP,2003,baseline,115.80268931198552,1.454017238725315,28.011,27.211131257330393,1.085307359307359,1.8737343374575468,1,111.80987410315652,0.7124746338716973,79.66169911488699,1.0357107566827704,2.0407986047502638
SCP,2004,baseline,109.0062001267225,1.472172612315903,32.65800000000001,27.09621441002717,2.5774071146245054,1.7637643943046972,1,111.80987410315652,0.7124746338716973,79.66169911488699,0.9749246298779719,2.0662807380466157
SCP,2005,baseline,108.65166954364788,1.4880367409308963,27.95,25.904117599702037,1.75216129032258,1.7580279461174182,1,111.80987410315652,0.7124746338716973,79.66169911488699,0.9717537955852195,2.0885469744300575
SCP,2006,baseline,108.53088156345734,1.4640723615776388,26.404,25.764755094157184,1.7344225941422589,1.7560735477577616,1,111.80987410315652,0.7124746338716973,79.66169911488699,0.9706734976136906,2.0549115603198995
SCP,2007,baseline,109.1407382479426,1.5003221498078765,26.421999999999997,27.145233338756388,1.138623255813953,1.7659412755060304,1,111.80987410315652,0.7124746338716973,79.66169911488699,0.9761279057272584,2.1057902674441813
SCP,2008,baseline,108.31072623924483,1.5967275053874168,17.583000000000002,26.928575270878987,1.625983870967741,1.7525113455930112,1,111.80987410315652,0.7124746338716973,79.66169911488699,0.9687044825693717,2.2411008469319853
SCP,2009,baseline,105.89058484013249,1.7995033450266842,20.419,25.825807881506833,1.4316985123966943,1.7133524791801393,1,111.80987410315652,0.7124746338716973,79.66169911488699,0.9470593334398816,2.525708649089589
SCP,2010,baseline,101.33420681996147,1.8971849677931036,30.963,25.21219983351638,1.3683585781004493,1.6396284404591521,1,111.80987410315652,0.7124746338716973,79.66169911488699,0.9063082096530211,2.662810544543189
SCP,2011,baseline,98.82485292276212,1.8317736449775968,32.395,27.55552237319106,2.0679004632803353,1.5990260797544884,1,111.80987410315652,0.7124746338716973,79.66169911488699,0.8838651658938965,2.571001910655339
SCP,2012,baseline,98.9960467152827,1.7349481819724644,27.776,29.02540535843874,1.8263510605983355,1.6017960645390492,1,111.80987410315652,0.7124746338716973,79.66169911488699,0.885396281047131,2.435101685718252
SCP,2013,baseline,100.76761426895457,2.0087477732948797,33.021,30.124763382010048,1.865489591411553,1.6304607438842555,1,111.80987410315652,0.7124746338716973,79.66169911488699,0.9012407453029213,2.819395495358247
SCP,2014,baseline,97.0778637707341,2.0911209626179734,34.754999999999995,30.12092313667443,1.946835128150035,1.570759088886065,1,111.80987410315652,0.7124746338716973,79.66169911488699,0.8682405248141987,2.935011105243844
SCP,2015,baseline,95.03251276139666,2.79431823071299,26.203,41.77291770955878,1.6336057506538455,1.5376644825248609,1,111.80987410315652,0.7124746338716973,79.66169911488699,0.8499474087030905,3.9219897774159804
SCP,2016,baseline,88.40697779918445,2.312875168037131,23.826449999999998,30.950457170463704,1.394336493954225,1.4304606478256814,1,111.80987410315652,0.7124746338716973,79.66169911488699,0.7906902544011416,3.246256158578741
SCP,2017,baseline,89.15387607577523,2.9143830755859512,33.502030000000005,19.342892605356386,1.7570958168813389,1.4425457639464794,1,111.80987410315652,0.7124746338716973,79.66169911488699,0.7973703287915456,4.090507839905461
SCP,2018,baseline,84.37308988916391,3.2385072253154323,34.5,17.424176154268746,1.2441045134099813,1.365190710353875,1,111.80987410315652,0.7124746338716973,79.66169911488699,0.7546121535860129,4.545435123376791
SCP,2019,baseline,81.59391203629512,3.4538527726710466,32.931000000000004,17.010823229424346,1.9560199988394813,1.32022248894416,1,111.80987410315652,0.7124746338716973,79.66169911488699,0.7297558707651889,4.847685248669523
SCP,2020,baseline,80.15601448968249,3.4339863040720786,26.695,15.443002688736657,0.951875864518764,1.2969567252314067,1,111.80987410315652,0.7124746338716973,79.66169911488699,0.7168956689436036,4.819801493017746
SCP,2021,baseline,79.54204911937127,3.500625658218036,27.442,13.943549929624119,1.439682798305725,1.287022517285142,1,111.80987410315652,0.7124746338716973,79.66169911488699,0.7114045137550665,4.91333374101348
SCP,2022,baseline,78.2553680641448,3.6837225321637357,15.553,13.848759863695419,1.3023615838579825,1.2662034975468461,1,111.80987410315652,0.7124746338716973,79.66169911488699,0.699896755021349,5.170320958861115
SCP,2023,baseline,79.26441908919799,4.221789761077791,20.489,14.488884874188988,1.2720672101834425,1.2825303511382609,1,111.80987410315652,0.7124746338716973,79.66169911488699,0.7089214590839099,5.925529921164959
ANC,1971,post_1987,794.7779594634086,NA,NA,NA,NA,5.661541229900208,0,1964.5796487119665,0.25951359088375237,509.8351192143832,0.40455369675873787,NA
ANC,1972,post_1987,794.7779594634086,NA,NA,NA,16.17089495242375,5.661541229900208,0,1964.5796487119665,0.25951359088375237,509.8351192143832,0.40455369675873787,NA
ANC,1973,post_1987,794.7779594634086,NA,NA,NA,13.30413111418653,5.661541229900208,0,1964.5796487119665,0.25951359088375237,509.8351192143832,0.40455369675873787,NA
ANC,1974,post_1987,794.7779594634086,NA,NA,NA,14.778466802422814,5.661541229900208,0,1964.5796487119665,0.25951359088375237,509.8351192143832,0.40455369675873787,NA
ANC,1975,post_1987,794.7779594634086,NA,NA,NA,12.001289334130506,5.661541229900208,0,1964.5796487119665,0.25951359088375237,509.8351192143832,0.40455369675873787,NA
ANC,1976,post_1987,794.7779594634086,NA,NA,NA,14.660724716209504,5.661541229900208,0,1964.5796487119665,0.25951359088375237,509.8351192143832,0.40455369675873787,NA
ANC,1977,post_1987,794.7779594634086,NA,NA,NA,12.116471809773966,5.661541229900208,0,1964.5796487119665,0.25951359088375237,509.8351192143832,0.40455369675873787,NA
ANC,1978,post_1987,794.7779594634086,NA,NA,NA,13.363002157293186,5.661541229900208,0,1964.5796487119665,0.25951359088375237,509.8351192143832,0.40455369675873787,NA
ANC,1979,post_1987,794.7779594634086,NA,NA,NA,13.22734279709089,5.661541229900208,0,1964.5796487119665,0.25951359088375237,509.8351192143832,0.40455369675873787,NA
ANC,1980,post_1987,794.7779594634086,NA,NA,NA,12.346836761060883,5.661541229900208,0,1964.5796487119665,0.25951359088375237,509.8351192143832,0.40455369675873787,NA
ANC,1981,post_1987,794.7779594634086,NA,NA,NA,9.958720099386484,5.661541229900208,0,1964.5796487119665,0.25951359088375237,509.8351192143832,0.40455369675873787,NA
ANC,1982,post_1987,794.7779594634086,NA,NA,NA,10.330923063785692,5.661541229900208,0,1964.5796487119665,0.25951359088375237,509.8351192143832,0.40455369675873787,NA
ANC,1983,post_1987,794.7779594634086,NA,NA,NA,9.966072711957942,5.661541229900208,0,1964.5796487119665,0.25951359088375237,509.8351192143832,0.40455369675873787,NA
ANC,1984,post_1987,794.7779594634086,NA,NA,NA,12.11615339492146,5.661541229900208,0,1964.5796487119665,0.25951359088375237,509.8351192143832,0.40455369675873787,NA
ANC,1985,post_1987,794.7779594634086,NA,NA,NA,11.281094835657951,5.661541229900208,0,1964.5796487119665,0.25951359088375237,509.8351192143832,0.40455369675873787,NA
ANC,1986,post_1987,794.7779594634086,NA,NA,NA,9.97973021175898,5.661541229900208,0,1964.5796487119665,0.25951359088375237,509.8351192143832,0.40455369675873787,NA
ANC,1987,post_1987,794.7779594634086,NA,NA,NA,7.919398813202289,5.661541229900208,0,1964.5796487119665,0.25951359088375237,509.8351192143832,0.40455369675873787,NA
ANC,1988,post_1987,794.7779594634086,NA,NA,NA,6.169287767269189,5.661541229900208,0,1964.5796487119665,0.25951359088375237,509.8351192143832,0.40455369675873787,NA
ANC,1989,post_1987,794.7779594634086,NA,NA,NA,4.813293144166062,5.661541229900208,0,1964.5796487119665,0.25951359088375237,509.8351192143832,0.40455369675873787,NA
ANC,1990,post_1987,794.7779594634086,NA,NA,NA,NA,5.661541229900208,0,1964.5796487119665,0.25951359088375237,509.8351192143832,0.40455369675873787,NA
ANC,1991,post_1987,794.7779594634086,NA,NA,NA,5.427880635212803,5.661541229900208,0,1964.5796487119665,0.25951359088375237,509.8351192143832,0.40455369675873787,NA
ANC,1992,post_1987,794.7779594634086,NA,NA,NA,NA,5.661541229900208,0,1964.5796487119665,0.25951359088375237,509.8351192143832,0.40455369675873787,NA
ANC,1993,post_1987,794.7779594634086,NA,NA,NA,NA,5.661541229900208,0,1964.5796487119665,0.25951359088375237,509.8351192143832,0.40455369675873787,NA
ANC,1994,post_1987,794.7779594634086,NA,NA,NA,NA,5.661541229900208,0,1964.5796487119665,0.25951359088375237,509.8351192143832,0.40455369675873787,NA
ANC,1995,post_1987,794.7779594634086,NA,NA,NA,NA,5.661541229900208,0,1964.5796487119665,0.25951359088375237,509.8351192143832,0.40455369675873787,NA
ANC,1996,post_1987,794.7779594634086,NA,NA,NA,NA,5.661541229900208,0,1964.5796487119665,0.25951359088375237,509.8351192143832,0.40455369675873787,NA
ANC,1997,post_1987,794.7779594634086,NA,NA,NA,NA,5.661541229900208,0,1964.5796487119665,0.25951359088375237,509.8351192143832,0.40455369675873787,NA
ANC,1998,post_1987,794.7779594634086,NA,NA,NA,NA,5.661541229900208,0,1964.5796487119665,0.25951359088375237,509.8351192143832,0.40455369675873787,NA
ANC,1999,post_1987,794.7779594634086,NA,NA,NA,NA,5.661541229900208,0,1964.5796487119665,0.25951359088375237,509.8351192143832,0.40455369675873787,NA
ANC,2000,post_1987,794.7779594634086,NA,NA,NA,NA,5.661541229900208,0,1964.5796487119665,0.25951359088375237,509.8351192143832,0.40455369675873787,NA
ANC,2001,post_1987,794.7779594634086,0.6341494098650786,111.393,143.63036780034722,NA,5.661541229900208,1,1964.5796487119665,0.25951359088375237,509.8351192143832,0.40455369675873787,2.4436077035716495
ANC,2002,post_1987,740.4429253528646,0.6995923502148971,114.04400000000001,150.81479077219925,NA,5.27448968653259,1,1964.5796487119665,0.25951359088375237,509.8351192143832,0.37689636347313266,2.695783091099362
ANC,2003,post_1987,669.5672353661485,0.8595990956496671,123.52699999999999,165.20502494505834,4.619813852813851,4.7696120206643355,1,1964.5796487119665,0.25951359088375237,509.8351192143832,0.3408195925296974,3.3123471210982536
ANC,2004,post_1987,562.8770804940689,0.653298452680974,128.926,109.99530080621405,3.889292490118572,4.009612698286893,1,1964.5796487119665,0.25951359088375237,509.8351192143832,0.2865127310379637,2.5173959115444373
ANC,2005,post_1987,532.960821293855,0.6966552416030165,120.77000000000002,114.40098863794695,3.284314516129031,3.796506467937045,1,1964.5796487119665,0.25951359088375237,509.8351192143832,0.271284914125665,2.684465346229513
ANC,2006,post_1987,491.9607349853085,0.631144199544182,111.579,100.47773602080144,3.0604728033472792,3.5044454258542714,1,1964.5796487119665,0.25951359088375237,509.8351192143832,0.25041526583452683,2.432027538114177
ANC,2007,post_1987,470.97038019281536,0.5465592150418965,103.443,85.06558704462135,3.461148837209301,3.3549222066042477,1,1964.5796487119665,0.25951359088375237,509.8351192143832,0.2397308658376853,2.106090911002517
ANC,2008,post_1987,472.2045514064301,0.5341250936654349,97.236,83.84980159790894,4.5688346774193525,3.3637137327499325,1,1964.5796487119665,0.25951359088375237,509.8351192143832,0.24035907717766528,2.058177731064163
ANC,2009,post_1987,468.9544645260218,0.5209364046649769,91.893,79.77189800109142,6.26608909090909,3.340561982433891,1,1964.5796487119665,0.25951359088375237,509.8351192143832,0.23870473504776532,2.0073569283634454
ANC,2010,post_1987,473.58715201907773,0.480766522878481,92.682,77.03976866770337,4.443626735838689,3.373562584595641,1,1964.5796487119665,0.25951359088375237,509.8351192143832,0.24106284126967045,1.852567802870246
ANC,2011,post_1987,493.5466199958869,0.45232269241581324,90.266,78.57609638437157,2.6398291142673544,3.5157423588735663,1,1964.5796487119665,0.25951359088375237,509.8351192143832,0.25122250468158414,1.7429634065617343
ANC,2012,post_1987,517.5103803079514,0.23191683785751405,85.053,59.550300057243604,1.6210895000512866,3.68644640950149,1,1964.5796487119665,0.25951359088375237,509.8351192143832,0.26342041191724946,0.8936597003175832
ANC,2013,post_1987,630.6801868524095,0.27652219185932925,74.642,59.1910117032882,5.25953372129402,4.492603044952046,1,1964.5796487119665,0.25951359088375237,509.8351192143832,0.3210255116232631,1.0655403091516535
ANC,2014,post_1987,742.7830610503813,0.2084460589901953,85.983,77.69588606153916,3.881145234022571,5.291159467793253,1,1964.5796487119665,0.25951359088375237,509.8351192143832,0.3780875270378428,0.8032182756993546
ANC,2015,post_1987,902.457341651751,0.25843079174796646,63.919,79.1184375043152,2.93538333759829,6.4285872389277765,1,1964.5796487119665,0.25951359088375237,509.8351192143832,0.4593640895361139,0.9958275821620806
ANC,2016,post_1987,1037.6042948864228,0.44633596969405875,106.95349999999999,156.89667189767093,6.891503458917371,7.391296431757018,1,1964.5796487119665,0.25951359088375237,509.8351192143832,0.5281558808606743,1.7198943923287333
ANC,2017,post_1987,1053.1077533354685,0.40003219880527663,103.24466,119.2976867422593,13.891529698336257,7.501734156117892,1,1964.5796487119665,0.25951359088375237,509.8351192143832,0.536047369739331,1.5414691671561385
ANC,2018,post_1987,1101.7880347742823,0.34869789105787596,106.32996,101.19292245978916,17.190188776339156,7.848504492621768,1,1964.5796487119665,0.25951359088375237,509.8351192143832,0.5608263505613761,1.3436594587220412
ANC,2019,post_1987,1182.7065428675173,0.3450475411430469,107.51836,109.96326850454881,11.169724519839384,8.424921420616554,1,1964.5796487119665,0.25951359088375237,509.8351192143832,0.6020150639567772,1.3295933363952757
ANC,2020,post_1987,1261.226061412445,0.28636772916349074,98.1738,94.2783454362719,5.958320968763964,8.98424932635535,1,1964.5796487119665,0.25951359088375237,509.8351192143832,0.6419826563098829,1.103478735692758
ANC,2021,post_1987,1387.9675933621675,0.2663511401021941,110.96576999999999,95.54301812302296,10.34666461209007,9.887083130602417,1,1964.5796487119665,0.25951359088375237,509.8351192143832,0.706495964300637,1.0263475573481797
ANC,2022,post_1987,1525.831368517722,0.2576591067871732,136.22233,103.06060584966934,9.670712896110878,10.869145400773862,1,1964.5796487119665,0.25951359088375237,509.8351192143832,0.7766706580301287,0.9928540000920033
ANC,2023,post_1987,1658.7431780676613,0.27275432496615526,122.09251,119.83760319530847,11.620189588654467,11.81593271507692,1,1964.5796487119665,0.25951359088375237,509.8351192143832,0.8443247282721166,1.0510213512799567
CMA,1971,post_1987,500.9294074848511,NA,NA,NA,0.04971053422961269,0.012566795121985662,0,295.0328287541086,0.2690973614780861,79.39255576714665,1.6978768417068069,NA
CMA,1972,post_1987,500.9294074848511,NA,NA,NA,0.04732828222500525,0.012566795121985662,0,295.0328287541086,0.2690973614780861,79.39255576714665,1.6978768417068069,NA
CMA,1973,post_1987,500.9294074848511,NA,NA,NA,0.03893796069934382,0.012566795121985662,0,295.0328287541086,0.2690973614780861,79.39255576714665,1.6978768417068069,NA
CMA,1974,post_1987,500.9294074848511,NA,NA,NA,0.04325298319825541,0.012566795121985662,0,295.0328287541086,0.2690973614780861,79.39255576714665,1.6978768417068069,NA
CMA,1975,post_1987,500.9294074848511,NA,NA,NA,0.03512485922027091,0.012566795121985662,0,295.0328287541086,0.2690973614780861,79.39255576714665,1.6978768417068069,NA
CMA,1976,post_1987,500.9294074848511,NA,NA,NA,0.04290838070702289,0.012566795121985662,0,295.0328287541086,0.2690973614780861,79.39255576714665,1.6978768417068069,NA
CMA,1977,post_1987,500.9294074848511,NA,NA,NA,0.03546197035299838,0.012566795121985662,0,295.0328287541086,0.2690973614780861,79.39255576714665,1.6978768417068069,NA
CMA,1978,post_1987,500.9294074848511,NA,NA,NA,0.03911026194496009,0.012566795121985662,0,295.0328287541086,0.2690973614780861,79.39255576714665,1.6978768417068069,NA
CMA,1979,post_1987,500.9294074848511,NA,NA,NA,0.03871321994419217,0.012566795121985662,0,295.0328287541086,0.2690973614780861,79.39255576714665,1.6978768417068069,NA
CMA,1980,post_1987,500.9294074848511,NA,NA,NA,0.03613619261845331,0.012566795121985662,0,295.0328287541086,0.2690973614780861,79.39255576714665,1.6978768417068069,NA
CMA,1981,post_1987,500.9294074848511,NA,NA,NA,0.02914675513323715,0.012566795121985662,0,295.0328287541086,0.2690973614780861,79.39255576714665,1.6978768417068069,NA
CMA,1982,post_1987,500.9294074848511,NA,NA,NA,0.03023610281596567,0.012566795121985662,0,295.0328287541086,0.2690973614780861,79.39255576714665,1.6978768417068069,NA
CMA,1983,post_1987,500.9294074848511,NA,NA,NA,0.02916827444456141,0.012566795121985662,0,295.0328287541086,0.2690973614780861,79.39255576714665,1.6978768417068069,NA
CMA,1984,post_1987,500.9294074848511,NA,NA,NA,0.03546103843005606,0.012566795121985662,0,295.0328287541086,0.2690973614780861,79.39255576714665,1.6978768417068069,NA
CMA,1985,post_1987,500.9294074848511,NA,NA,NA,0.03301702483133401,0.012566795121985662,0,295.0328287541086,0.2690973614780861,79.39255576714665,1.6978768417068069,NA
CMA,1986,post_1987,500.9294074848511,NA,NA,NA,0.02920824662958724,0.012566795121985662,0,295.0328287541086,0.2690973614780861,79.39255576714665,1.6978768417068069,NA
CMA,1987,post_1987,500.9294074848511,NA,NA,NA,0.02317815700283375,0.012566795121985662,0,295.0328287541086,0.2690973614780861,79.39255576714665,1.6978768417068069,NA
CMA,1988,post_1987,500.9294074848511,0.13380011502654643,18.348,24.333251164885503,0.0180560070073812,0.012566795121985662,1,295.0328287541086,0.2690973614780861,79.39255576714665,1.6978768417068069,0.49721823466278176
CMA,1989,post_1987,477.4917616462955,0.10712262062941047,26.203,17.713834553828395,0.01408734006553113,0.011978815879813311,1,295.0328287541086,0.2690973614780861,79.39255576714665,1.618436035280179,0.39808127452834197
CMA,1990,post_1987,476.6063328518955,0.12853327906530865,19.467000000000002,23.339357565912806,NA,0.011956603164632144,1,295.0328287541086,0.2690973614780861,79.39255576714665,1.615434915716166,0.4776460027675735
CMA,1991,post_1987,466.24260519072186,0.07561850500070122,15.552000000000001,12.032199041206574,0.01588608839169339,0.011696608761684331,1,295.0328287541086,0.2690973614780861,79.39255576714665,1.5803075446200798,0.2810079763894645
CMA,1992,post_1987,482.7419751043199,0.08610057382678349,29.438000000000002,15.338258799688155,NA,0.01211052776553581,1,295.0328287541086,0.2690973614780861,79.39255576714665,1.6362313886996458,0.3199606765144558
CMA,1993,post_1987,488.5064136834402,0.09284465363527339,30.422,15.99751426055289,NA,0.012255139995392302,1,295.0328287541086,0.2690973614780861,79.39255576714665,1.6557696841614182,0.3450225343173206
CMA,1994,post_1987,487.82073044273994,0.08734600566933981,33.8185,15.728533392335665,NA,0.012237938288573523,1,295.0328287541086,0.2690973614780861,79.39255576714665,1.653445592826919,0.32458885954722677
CMA,1995,post_1987,489.574542854234,0.11050055442568851,40.147999999999996,17.652319302550442,NA,0.012281936107284749,1,295.0328287541086,0.2690973614780861,79.39255576714665,1.6593900581221885,0.41063410588173715
CMA,1996,post_1987,480.2113866020057,0.09134659281254365,14.49,12.125277746904276,NA,0.01204704299747975,1,295.0328287541086,0.2690973614780861,79.39255576714665,1.6276540771068966,0.33945554988276033
CMA,1997,post_1987,481.8767514634037,0.09038080884380406,13.323,12.475493118665767,NA,0.012088821936196132,1,295.0328287541086,0.2690973614780861,79.39255576714665,1.633298753560126,0.3358665738949068
CMA,1998,post_1987,483.91961841726953,0.08868175046877447,13.155,13.616371037298299,NA,0.012140071254138168,1,295.0328287541086,0.2690973614780861,79.39255576714665,1.640222955732788,0.3295526570073644
CMA,1999,post_1987,485.2410698146879,0.09426516742604818,19.997999999999998,16.443394585455778,NA,0.012173222450148796,1,295.0328287541086,0.2690973614780861,79.39255576714665,1.6447019535548226,0.3503013441241959
CMA,2000,post_1987,484.19635124887986,0.07722317765878017,14.523,12.751634357151385,NA,0.012147013639125775,1,295.0328287541086,0.2690973614780861,79.39255576714665,1.6411609287467708,0.2869711439555264
CMA,2001,post_1987,491.7559822710309,0.09901772204330594,9.956999999999999,14.729946697474325,NA,0.01233666178681623,1,295.0328287541086,0.2690973614780861,79.39255576714665,1.6667839451889563,0.36796244117528976
CMA,2002,post_1987,487.9353874420672,0.11512430198675805,10.147,17.02929218169286,NA,0.012240814683926475,1,295.0328287541086,0.2690973614780861,79.39255576714665,1.6538342173735887,0.4278165395394751
CMA,2003,post_1987,478.8289995551906,0.1269718914202933,8.262,18.522034096730014,0.00145021645021645,0.01201236311137796,1,295.0328287541086,0.2690973614780861,79.39255576714665,1.6229685407458998,0.47184368781197894
CMA,2004,post_1987,467.3416779252273,0.132806977585199,11.523,19.024491283948066,0.01075098814229249,0.011724181153467116,1,295.0328287541086,0.2690973614780861,79.39255576714665,1.5840328003455078,0.4935276096938398
CMA,2005,post_1987,459.3493718165015,0.11651607399099895,8.404,17.065985327639403,0.04241935483870967,0.011523678503952398,1,295.0328287541086,0.2690973614780861,79.39255576714665,1.5569432518960133,0.4329885412142453
CMA,2006,post_1987,460.1856153316716,0.10637392485610775,10.092,16.223790056405157,0.02696652719665271,0.011544657310087969,1,295.0328287541086,0.2690973614780861,79.39255576714665,1.5597776602522002,0.39529902586863636
CMA,2007,post_1987,465.891075698189,0.10672117386968694,8.338,16.88210961996064,0.01339534883720929,0.011687789955988383,1,295.0328287541086,0.2690973614780861,79.39255576714665,1.5791160518156442,0.3965894473416372
CMA,2008,post_1987,469.98965380607245,0.1091209217054212,12.582,17.27140812078481,0.0139516129032258,0.011790610813785166,1,295.0328287541086,0.2690973614780861,79.39255576714665,1.593007990977775,0.4055072153292274
CMA,2009,post_1987,470.8996624778085,0.11664954884703693,9.872,17.958274829281063,0.01735537190082644,0.011813440163322373,1,295.0328287541086,0.2690973614780861,79.39255576714665,1.596092422888552,0.4334845507451632
CMA,2010,post_1987,468.30566122159127,0.1228844662486166,14.526,18.695978148845683,0.00935341365461847,0.011748364562157868,1,295.0328287541086,0.2690973614780861,79.39255576714665,1.5873001767267558,0.4566542963247288
CMA,2011,post_1987,463.1591345198807,0.11346668348886979,26.240000000000002,18.846433753466357,0.00293172690763052,0.011619253861760066,1,295.0328287541086,0.2690973614780861,79.39255576714665,1.5698562647273901,0.4216566185027791
CMA,2012,post_1987,464.9968255010127,0.10009852149689902,22.389,18.207766439546628,NA,0.011665355938644234,1,295.0328287541086,0.2690973614780861,79.39255576714665,1.5760850325187319,0.37197882932438386
CMA,2013,post_1987,471.8513499399373,0.1104941024698558,27.493000000000002,20.115914620172422,NA,0.011837315106933258,1,295.0328287541086,0.2690973614780861,79.39255576714665,1.5993181231136682,0.41061012959376
CMA,2014,post_1987,472.2393981023248,0.12006860019629695,25.998,21.353240259154024,NA,0.011847050054974483,1,295.0328287541086,0.2690973614780861,79.39255576714665,1.60063339424477,0.4461901801518582
CMA,2015,post_1987,468.6582922651296,0.16646940619423134,24.797,33.731270880420645,NA,0.01175721100241788,1,295.0328287541086,0.2690973614780861,79.39255576714665,1.5884954031869007,0.6186214732090108
CMA,2016,post_1987,446.31928703409363,0.18171112242327858,26.273619999999998,25.99818027275911,NA,0.01119679331127667,1,295.0328287541086,0.2690973614780861,79.39255576714665,1.5127783878114553,0.6752616280783422
CMA,2017,post_1987,428.25298221845287,0.21730680744438136,25.75736,22.12599601226575,NA,0.010743564676987782,1,295.0328287541086,0.2690973614780861,79.39255576714665,1.4515434910308742,0.8075397181554219
CMA,2018,post_1987,403.04116686468836,0.19540996185652304,36.70039,19.672956399865722,NA,0.010111076918293617,1,295.0328287541086,0.2690973614780861,79.39255576714665,1.3660892198562689,0.7261682566606519
CMA,2019,post_1987,397.9414461794107,0.20781529389630204,36.89228,20.442771408970913,NA,0.009983140438475,1,295.0328287541086,0.2690973614780861,79.39255576714665,1.3488039546645503,0.7722680473521679
CMA,2020,post_1987,389.8019345215776,0.1500307129611116,27.741439999999997,16.06883935147487,NA,0.009778944849498532,1,295.0328287541086,0.2690973614780861,79.39255576714665,1.3212154598783754,0.5575331996457695
CMA,2021,post_1987,404.8070040510941,0.15650368625160382,30.47185,16.14291655848011,NA,0.010155376402030784,1,295.0328287541086,0.2690973614780861,79.39255576714665,1.3720744425647473,0.5815875911676253
CMA,2022,post_1987,412.70299753101403,0.15856783781849781,18.68675,16.823802172789883,NA,0.010353462860649584,1,295.0328287541086,0.2690973614780861,79.39255576714665,1.398837543855081,0.5892582407628354
CMA,2023,post_1987,418.88252769887913,0.17250467382372037,27.71638,18.956286095389004,NA,0.010508488475854734,1,295.0328287541086,0.2690973614780861,79.39255576714665,1.4197827728791208,0.641049294858167
DMF,1971,post_1987,502.7964477255896,NA,NA,NA,1.6747497608281134,0.5066453083142897,0,853.1009721900281,0.2297363551381016,195.98830791570805,0.589375072958646,NA
DMF,1972,post_1987,502.7964477255896,NA,NA,NA,1.5944916015309247,0.5066453083142897,0,853.1009721900281,0.2297363551381016,195.98830791570805,0.589375072958646,NA
DMF,1973,post_1987,502.7964477255896,NA,NA,NA,1.3118213549496314,0.5066453083142897,0,853.1009721900281,0.2297363551381016,195.98830791570805,0.589375072958646,NA
DMF,1974,post_1987,502.7964477255896,NA,NA,NA,1.457194624620011,0.5066453083142897,0,853.1009721900281,0.2297363551381016,195.98830791570805,0.589375072958646,NA
DMF,1975,post_1987,502.7964477255896,NA,NA,NA,1.183357823244383,0.5066453083142897,0,853.1009721900281,0.2297363551381016,195.98830791570805,0.589375072958646,NA
DMF,1976,post_1987,502.7964477255896,NA,NA,NA,1.4455849537782792,0.5066453083142897,0,853.1009721900281,0.2297363551381016,195.98830791570805,0.589375072958646,NA
DMF,1977,post_1987,502.7964477255896,NA,NA,NA,1.1947151099373816,0.5066453083142897,0,853.1009721900281,0.2297363551381016,195.98830791570805,0.589375072958646,NA
DMF,1978,post_1987,502.7964477255896,NA,NA,NA,1.317626190370497,0.5066453083142897,0,853.1009721900281,0.2297363551381016,195.98830791570805,0.589375072958646,NA
DMF,1979,post_1987,502.7964477255896,NA,NA,NA,1.3042498304876324,0.5066453083142897,0,853.1009721900281,0.2297363551381016,195.98830791570805,0.589375072958646,NA
DMF,1980,post_1987,502.7964477255896,NA,NA,NA,1.2174296833233784,0.5066453083142897,0,853.1009721900281,0.2297363551381016,195.98830791570805,0.589375072958646,NA
DMF,1981,post_1987,502.7964477255896,NA,NA,NA,0.9819552725552118,0.5066453083142897,0,853.1009721900281,0.2297363551381016,195.98830791570805,0.589375072958646,NA
DMF,1982,post_1987,502.7964477255896,NA,NA,NA,1.0186554368037275,0.5066453083142897,0,853.1009721900281,0.2297363551381016,195.98830791570805,0.589375072958646,NA
DMF,1983,post_1987,502.7964477255896,NA,NA,NA,0.9826802589600454,0.5066453083142897,0,853.1009721900281,0.2297363551381016,195.98830791570805,0.589375072958646,NA
DMF,1984,post_1987,502.7964477255896,NA,NA,NA,1.1946837134185362,0.5066453083142897,0,853.1009721900281,0.2297363551381016,195.98830791570805,0.589375072958646,NA
DMF,1985,post_1987,502.7964477255896,NA,NA,NA,1.1123448037014454,0.5066453083142897,0,853.1009721900281,0.2297363551381016,195.98830791570805,0.589375072958646,NA
DMF,1986,post_1987,502.7964477255896,NA,NA,NA,0.9840269233713064,0.5066453083142897,0,853.1009721900281,0.2297363551381016,195.98830791570805,0.589375072958646,NA
DMF,1987,post_1987,502.7964477255896,NA,NA,NA,0.7808729779011012,0.5066453083142897,0,853.1009721900281,0.2297363551381016,195.98830791570805,0.589375072958646,NA
DMF,1988,post_1987,502.7964477255896,0.5621805878270356,63.382,104.4988401944585,0.6083075526295348,0.5066453083142897,1,853.1009721900281,0.2297363551381016,195.98830791570805,0.589375072958646,2.447068455878877
DMF,1989,post_1987,444.1890227143818,0.5161094296390658,59.766,87.58294350473318,0.4746030146543525,0.4475892488520009,1,853.1009721900281,0.2297363551381016,195.98830791570805,0.5206757900815506,2.2465291979095627
DMF,1990,post_1987,412.6848329607892,0.5173813723520944,53.886,81.2332735506499,NA,0.4158438974218093,1,853.1009721900281,0.2297363551381016,195.98830791570805,0.48374676200563954,2.252065730045558
DMF,1991,post_1987,385.3341969183584,0.4355709931813472,66.537,70.1892717959067,0.5352029131610898,0.38828389477463066,1,853.1009721900281,0.2297363551381016,195.98830791570805,0.45168650544278743,1.8959602319777036
DMF,1992,post_1987,383.7013534328336,0.39741674222094137,55.830999999999996,62.912761426084195,NA,0.3866385520223203,1,853.1009721900281,0.2297363551381016,195.98830791570805,0.44977249580177975,1.7298818116185484
DMF,1993,post_1987,388.73088128896774,0.4117647250197738,74.27199999999999,65.09992527822531,NA,0.391706580451863,1,853.1009721900281,0.2297363551381016,195.98830791570805,0.45566807911499835,1.7923359355651367
DMF,1994,post_1987,389.49564598368494,0.4280543296618582,75.4975,70.18034222420428,NA,0.39247719935001874,1,853.1009721900281,0.2297363551381016,195.98830791570805,0.4565645318440979,1.8632415814403496
DMF,1995,post_1987,386.44606569875236,0.4583018950317337,76.774,66.95635315018484,NA,0.389404274808332,1,853.1009721900281,0.2297363551381016,195.98830791570805,0.45298983156318756,1.9949036570909047
DMF,1996,post_1987,375.11971724275276,0.4245207775425328,62.223,61.21474157354563,NA,0.3779912241960555,1,853.1009721900281,0.2297363551381016,195.98830791570805,0.4397131517501013,1.8478606805063147
DMF,1997,post_1987,373.6996008002928,0.4113827146180826,56.65799999999999,60.10458054913538,NA,0.3765602368927701,1,853.1009721900281,0.2297363551381016,195.98830791570805,0.4380484995122609,1.79067311471355
DMF,1998,post_1987,374.4705033642707,0.4302601249001379,62.834,66.5956796002928,NA,0.3773370406450115,1,853.1009721900281,0.2297363551381016,195.98830791570805,0.4389521470160246,1.8728430014548427
DMF,1999,post_1987,369.84950141063683,0.3930382404807107,57.980000000000004,60.58701174742927,NA,0.3726806653461997,1,853.1009721900281,0.2297363551381016,195.98830791570805,0.43353543539070416,1.7108230007586014
DMF,2000,post_1987,376.29806501114274,0.3511625066549593,55.057,56.45554892813286,NA,0.3791785921082951,1,853.1009721900281,0.2297363551381016,195.98830791570805,0.441094404153747,1.52854565157467
DMF,2001,post_1987,392.9623849271088,0.38428294822881703,59.513,56.27049606362105,NA,0.3959704758613809,1,853.1009721900281,0.2297363551381016,195.98830791570805,0.46062822307929163,1.6727128277011827
DMF,2002,post_1987,400.3299923149936,0.3912026694939046,56.638,55.79899288795389,NA,0.40339448160656616,1,853.1009721900281,0.2297363551381016,195.98830791570805,0.4692644896269327,1.7028330986566782
DMF,2003,post_1987,405.4346323527501,0.4058033685603535,62.61,57.02357622583735,0.218073593073593,0.408538197194577,1,853.1009721900281,0.2297363551381016,195.98830791570805,0.4752481190027757,1.766387249925736
DMF,2004,post_1987,405.9567701168991,0.382205814600324,55.061,52.28028044647201,0.34598023715415005,0.40906433187531405,1,853.1009721900281,0.2297363551381016,195.98830791570805,0.4758601658544029,1.663671447954192
DMF,2005,post_1987,415.0376439549198,0.30621519340457937,57.962,51.59319852113717,0.46099677419354823,0.41821471896782214,1,853.1009721900281,0.2297363551381016,195.98830791570805,0.48650471337462065,1.332898283427993
DMF,2006,post_1987,444.4894611446932,0.3108008696836162,54.892,50.85344472153038,0.7168786610878659,0.44789198711087913,1,853.1009721900281,0.2297363551381016,195.98830791570805,0.5210279622629281,1.352858886860916
DMF,2007,post_1987,470.95988980888336,0.2892588133671561,47.153999999999996,49.60975175263472,0.6185069767441858,0.47456504447324815,1,853.1009721900281,0.2297363551381016,195.98830791570805,0.5520564448541938,1.259090287182774
DMF,2008,post_1987,504.6172954978684,0.2871339727028719,55.598,52.09704578112249,0.6899838709677415,0.5084800945088872,1,853.1009721900281,0.2297363551381016,195.98830791570805,0.5915094601316021,1.249841247504196
DMF,2009,post_1987,536.3618311670768,0.3054404632085008,58.602000000000004,57.76521414398631,0.5510971900826442,0.5404676316805854,1,853.1009721900281,0.2297363551381016,195.98830791570805,0.6287202202925193,1.3295260257127834
DMF,2010,post_1987,558.407341931808,0.3104460571478542,64.1,60.173227459555264,0.42898203996489354,0.5626818988037274,1,853.1009721900281,0.2297363551381016,195.98830791570805,0.654561839846811,1.3513144533055534
DMF,2011,post_1987,572.9820898188264,0.2531327949077058,80.304,50.99151505263593,0.3355715582423232,0.5773682150460641,1,853.1009721900281,0.2297363551381016,195.98830791570805,0.6716462745879918,1.101840388977791
DMF,2012,post_1987,608.9611610762352,0.2102844862750306,65.116,47.5294942480028,1.1035647590943034,0.6136227027866383,1,853.1009721900281,0.2297363551381016,195.98830791570805,0.7138207327474352,0.9153296009620338
DMF,2013,post_1987,664.769531316355,0.2229748852265887,77.83899999999998,53.17666366121488,0.45009393262987313,0.6698582809708644,1,853.1009721900281,0.2297363551381016,195.98830791570805,0.7792389798944899,0.9705685680115872
DMF,2014,post_1987,706.1799728361291,0.22520596038620244,66.836,53.00615367244841,0.5441553134091036,0.7115857156138936,1,853.1009721900281,0.2297363551381016,195.98830791570805,0.8277800586995787,0.9802800268630718
DMF,2015,post_1987,741.2804121781207,0.22571997413266054,56.956999999999994,52.26416620172136,0.5828982109829055,0.746954845592505,1,853.1009721900281,0.2297363551381016,195.98830791570805,0.8689245896357983,0.9825174339384523
DMF,2016,post_1987,768.2604047492655,0.3047138407690628,49.08813,54.578968886630506,0.2810601831082906,0.7741413675266956,1,853.1009721900281,0.2297363551381016,195.98830791570805,0.9005503800763875,1.3263631721931428
DMF,2017,post_1987,748.4049134713227,0.41029449711358446,51.828160000000004,59.6030846026153,0.4091229897537634,0.7541338842881997,1,853.1009721900281,0.2297363551381016,195.98830791570805,0.8772758886325775,1.7859363045389303
DMF,2018,post_1987,678.76435896621,0.37235703351734006,59.4426,54.33694456072638,1.055181899380611,0.6839602377399302,1,853.1009721900281,0.2297363551381016,195.98830791570805,0.795643635505101,1.620801519609314
DMF,2019,post_1987,646.14032836805,0.3849127374016126,58.036359999999995,49.91050760395829,0.5974387098186917,0.6510864731864453,1,853.1009721900281,0.2297363551381016,195.98830791570805,0.7574019365015122,1.6754541838631927
DMF,2020,post_1987,612.6018689411885,0.2797001710493161,50.255399999999995,42.59918079116608,2.9020302341101365,0.6172912799356325,1,853.1009721900281,0.2297363551381016,195.98830791570805,0.7180883493410574,1.217483279392936
DMF,2021,post_1987,635.8110551702782,0.28876792658670425,49.07711,40.9094451423489,0.3833456358538275,0.6406781303518442,1,853.1009721900281,0.2297363551381016,195.98830791570805,0.7452940225095084,1.2569535475267595
DMF,2022,post_1987,651.1458512138782,0.2811593629140674,41.6522,38.736146573320546,1.0582687169226213,0.6561303128495349,1,853.1009721900281,0.2297363551381016,195.98830791570805,0.7632693812812062,1.2238348725653536
DMF,2023,post_1987,668.461782684333,0.2953016578698042,42.670500000000004,40.30455724093873,0.4915860924243927,0.6735787961836609,1,853.1009721900281,0.2297363551381016,195.98830791570805,0.7835670154827034,1.2853936752513084
LPF,1971,post_1987,686.7034961970181,NA,NA,NA,12.837852733417394,4.358987407020642,0,516.0685164310622,0.22660092759765785,116.94160452722582,1.3306440411168732,NA
LPF,1972,post_1987,686.7034961970181,NA,NA,NA,12.222631012649396,4.358987407020642,0,516.0685164310622,0.22660092759765785,116.94160452722582,1.3306440411168732,NA
LPF,1973,post_1987,686.7034961970181,NA,NA,NA,10.055812373466518,4.358987407020642,0,516.0685164310622,0.22660092759765785,116.94160452722582,1.3306440411168732,NA
LPF,1974,post_1987,686.7034961970181,NA,NA,NA,11.170176245046283,4.358987407020642,0,516.0685164310622,0.22660092759765785,116.94160452722582,1.3306440411168732,NA
LPF,1975,post_1987,686.7034961970181,NA,NA,NA,9.071070688337873,4.358987407020642,0,516.0685164310622,0.22660092759765785,116.94160452722582,1.3306440411168732,NA
LPF,1976,post_1987,686.7034961970181,NA,NA,NA,11.081181908079843,4.358987407020642,0,516.0685164310622,0.22660092759765785,116.94160452722582,1.3306440411168732,NA
LPF,1977,post_1987,686.7034961970181,NA,NA,NA,9.15813036580504,4.358987407020642,0,516.0685164310622,0.22660092759765785,116.94160452722582,1.3306440411168732,NA
LPF,1978,post_1987,686.7034961970181,NA,NA,NA,10.100309541949738,4.358987407020642,0,516.0685164310622,0.22660092759765785,116.94160452722582,1.3306440411168732,NA
LPF,1979,post_1987,686.7034961970181,NA,NA,NA,9.997772588488406,4.358987407020642,0,516.0685164310622,0.22660092759765785,116.94160452722582,1.3306440411168732,NA
LPF,1980,post_1987,686.7034961970181,NA,NA,NA,9.332249720739378,4.358987407020642,0,516.0685164310622,0.22660092759765785,116.94160452722582,1.3306440411168732,NA
LPF,1981,post_1987,686.7034961970181,NA,NA,NA,7.527212407920071,4.358987407020642,0,516.0685164310622,0.22660092759765785,116.94160452722582,1.3306440411168732,NA
LPF,1982,post_1987,686.7034961970181,NA,NA,NA,7.808538797649906,4.358987407020642,0,516.0685164310622,0.22660092759765785,116.94160452722582,1.3306440411168732,NA
LPF,1983,post_1987,686.7034961970181,NA,NA,NA,7.532769816505329,4.358987407020642,0,516.0685164310622,0.22660092759765785,116.94160452722582,1.3306440411168732,NA
LPF,1984,post_1987,686.7034961970181,NA,NA,NA,9.157889694694225,4.358987407020642,0,516.0685164310622,0.22660092759765785,116.94160452722582,1.3306440411168732,NA
LPF,1985,post_1987,686.7034961970181,NA,NA,NA,8.526717908972948,4.358987407020642,0,516.0685164310622,0.22660092759765785,116.94160452722582,1.3306440411168732,NA
LPF,1986,post_1987,686.7034961970181,NA,NA,NA,7.543092719542827,4.358987407020642,0,516.0685164310622,0.22660092759765785,116.94160452722582,1.3306440411168732,NA
LPF,1987,post_1987,686.7034961970181,NA,NA,NA,5.985809061314631,4.358987407020642,0,516.0685164310622,0.22660092759765785,116.94160452722582,1.3306440411168732,NA
LPF,1988,post_1987,686.7034961970181,0.20390202449248385,58.129,56.441770427824146,4.66300277208102,4.358987407020642,1,516.0685164310622,0.22660092759765785,116.94160452722582,1.3306440411168732,0.8998287282147532
LPF,1989,post_1987,656.4510248821992,0.17089034857546537,48.705999999999996,41.14200292910188,3.63808597050091,4.166953811410821,1,516.0685164310622,0.22660092759765785,116.94160452722582,1.2720230046621914,0.7541467300561557
LPF,1990,post_1987,651.5329947415108,0.20434798773725227,43.29,53.577075920355746,NA,4.135735634178098,1,516.0685164310622,0.22660092759765785,116.94160452722582,1.262493203901045,0.9017967839040938
LPF,1991,post_1987,631.8889560086122,0.14017547268829755,41.813,27.918366128132625,4.102616607188298,4.011041180263211,1,516.0685164310622,0.22660092759765785,116.94160452722582,1.2244284157819219,0.6186006128676872
LPF,1992,post_1987,654.1674316120163,0.14707813839198103,43.187000000000005,34.762812258188134,NA,4.152458247659347,1,516.0685164310622,0.22660092759765785,116.94160452722582,1.2675980238748041,0.6490623844802885
LPF,1993,post_1987,668.8450903510575,0.15124279861267542,41.454,35.21932071866776,NA,4.2456276140050075,1,516.0685164310622,0.22660092759765785,116.94160452722582,1.296039322407306,0.6674412157800834
LPF,1994,post_1987,677.3774213325543,0.16200240623154816,41.568999999999996,36.04438894759459,NA,4.299788286707053,1,516.0685164310622,0.22660092759765785,116.94160452722582,1.3125726522071999,0.7149238440858996
LPF,1995,post_1987,677.7287835721822,0.16777453928662034,41.684,37.67849874289971,NA,4.302018628603261,1,516.0685164310622,0.22660092759765785,116.94160452722582,1.3132534963750593,0.7403965246978735
LPF,1996,post_1987,674.7404033298053,0.1372739768096034,38.11200000000001,25.141714453585127,NA,4.283049288974076,1,516.0685164310622,0.22660092759765785,116.94160452722582,1.3074628307032927,0.6057961821468831
LPF,1997,post_1987,689.639535686834,0.1402966189125383,35.43,26.398998338785297,NA,4.377624503283439,1,516.0685164310622,0.22660092759765785,116.94160452722582,1.3363332846888711,0.6191352365584422
LPF,1998,post_1987,699.983116040686,0.159823420250909,27.138,30.050385762848173,NA,4.443282442635201,1,516.0685164310622,0.22660092759765785,116.94160452722582,1.3563763216588152,0.705307881769505
LPF,1999,post_1987,693.5228123898203,0.16779067425905403,26.687,35.967834730269196,NA,4.402274376685915,1,516.0685164310622,0.22660092759765785,116.94160452722582,1.3438580155711997,0.740467729050851
LPF,2000,post_1987,685.4651582281409,0.14568879568371695,22.558,28.050619309344754,NA,4.351126809773263,1,516.0685164310622,0.22660092759765785,116.94160452722582,1.3282444799550317,0.6429311531433589
LPF,2001,post_1987,693.189205182582,0.1596911279553339,35.205,31.65623715526963,NA,4.40015673839909,1,516.0685164310622,0.22660092759765785,116.94160452722582,1.343211575812492,0.7047240699688313
LPF,2002,post_1987,688.5077974130662,0.16929324025009862,30.597,34.790715227975284,NA,4.370440568862371,1,516.0685164310622,0.22660092759765785,116.94160452722582,1.3341402846554753,0.7470986197845045
LPF,2003,post_1987,679.7423949838658,0.18381823891847748,39.173,37.55560949710117,4.2929523809523795,4.314800428659283,1,516.0685164310622,0.22660092759765785,116.94160452722582,1.3171553259724333,0.8111980867300626
LPF,2004,post_1987,664.8482593799182,0.17890079474359233,35.955,37.106496130939746,5.040936758893278,4.220256932236719,1,516.0685164310622,0.22660092759765785,116.94160452722582,1.2882945543311988,0.7894971862658935
LPF,2005,post_1987,656.3305682560396,0.17319991946724045,23.656,34.51951349938053,5.613892558651024,4.166189188950865,1,516.0685164310622,0.22660092759765785,116.94160452722582,1.2717895925815772,0.7643389694095438
LPF,2006,post_1987,653.4179879363535,0.16363652858202737,19.869,32.58842527536743,4.4988577405857715,4.1477010044494635,1,516.0685164310622,0.22660092759765785,116.94160452722582,1.2661458064815678,0.7221352989012156
LPF,2007,post_1987,656.7597319858878,0.1610681413230921,19.439,33.17537302479395,3.260753488372092,4.1689133913239695,1,516.0685164310622,0.22660092759765785,116.94160452722582,1.272621194813033,0.7108008913762139
LPF,2008,post_1987,660.9088132072327,0.16432441107758056,26.142000000000003,33.50823533547922,5.151786290322578,4.195250511922172,1,516.0685164310622,0.22660092759765785,116.94160452722582,1.2806609823397717,0.7251709550339855
LPF,2009,post_1987,662.3216232396551,0.17733662516763804,23.598,34.63918356686775,3.8389900826446266,4.204218605391838,1,516.0685164310622,0.22660092759765785,116.94160452722582,1.2833986227643277,0.7825944361644838
LPF,2010,post_1987,656.0503596127087,0.17950600637161962,34.872,34.49248218736974,3.95987127544066,4.164410508698935,1,516.0685164310622,0.22660092759765785,116.94160452722582,1.2712466246724539,0.7921680121731108
LPF,2011,post_1987,649.287733320704,0.16715112075104344,34.925000000000004,34.940713413061836,3.256608175500181,4.121483389485931,1,516.0685164310622,0.22660092759765785,116.94160452722582,1.2581424997807196,0.7376453508956029
LPF,2012,post_1987,651.4911580152424,0.15233454569748517,32.007,33.55466159734185,3.2112040456180293,4.135470067213658,1,516.0685164310622,0.22660092759765785,116.94160452722582,1.2624121357387053,0.6722591443577997
LPF,2013,post_1987,662.2664246706419,0.1692693951848634,33.979,37.08460480569627,3.2479481672462156,4.20386822146552,1,516.0685164310622,0.22660092759765785,116.94160452722582,1.2832916629958944,0.74699339044812
LPF,2014,post_1987,660.7510373923741,0.16940671636102422,32.888999999999996,37.684739396955976,3.918725295144031,4.1942489984685345,1,516.0685164310622,0.22660092759765785,116.94160452722582,1.2803552558522313,0.7475993949231089
LPF,2015,post_1987,660.8541818844741,0.22029581288929467,58.809,58.10822695095779,4.5032520155213644,4.194903728704593,1,516.0685164310622,0.22660092759765785,116.94160452722582,1.2805551217398334,0.972175247580812
LPF,2016,post_1987,633.9366583813301,0.1730024440659781,69.31465,38.96105535687807,4.291889781332916,4.024039379493935,1,516.0685164310622,0.22660092759765785,116.94160452722582,1.2283963043616768,0.7634675016562741
LPF,2017,post_1987,628.8886606222848,0.2083647729112732,60.669610000000006,34.09060052314739,4.207916584287845,3.9919962068812915,1,516.0685164310622,0.22660092759765785,116.94160452722582,1.2186146618116616,0.9195230360276198
LPF,2018,post_1987,601.7889521230584,0.22277261521112468,70.4,33.573154672399674,3.606002657964865,3.8199754020707,1,516.0685164310622,0.22660092759765785,116.94160452722582,1.1661028196116414,0.9831054866936355
LPF,2019,post_1987,579.7837501308866,0.22879289410154957,44.744,33.19392951625036,4.604601765476087,3.6802929934270394,1,516.0685164310622,0.22660092759765785,116.94160452722582,1.1234627412275704,1.009673245944446
LPF,2020,post_1987,556.2084571137824,0.21922234200791824,36.935,29.61634515793073,3.391696528557638,3.5306441188436257,1,516.0685164310622,0.22660092759765785,116.94160452722582,1.0777802547621256,0.9674379727039746
LPF,2021,post_1987,536.8633680610186,0.21542611118300403,38.771,26.993512397791193,4.970937032567688,3.407847307649735,1,516.0685164310622,0.22660092759765785,116.94160452722582,1.0402947495688477,0.9506850367598878
LPF,2022,post_1987,528.0633554813681,0.21894872688004519,19.623,27.121652665523033,3.0040670153152296,3.351987472613575,1,516.0685164310622,0.22660092759765785,116.94160452722582,1.023242725855973,0.9662304969413031
LPF,2023,post_1987,528.2117456986313,0.24230119172707454,21.544999999999998,30.02639049531202,2.971088139469183,3.3529294091144917,1,516.0685164310622,0.22660092759765785,116.94160452722582,1.023530265615789,1.0692859658425289
MPF,1971,post_1987,501.39730721571885,NA,NA,NA,0.35332632132570485,0.1417820986164797,0,596.3043348469091,0.30768070205687303,183.47133638525364,0.8408412917951434,NA
MPF,1972,post_1987,501.39730721571885,NA,NA,NA,0.3363940483114808,0.1417820986164797,0,596.3043348469091,0.30768070205687303,183.47133638525364,0.8408412917951434,NA
MPF,1973,post_1987,501.39730721571885,NA,NA,NA,0.27675836977081736,0.1417820986164797,0,596.3043348469091,0.30768070205687303,183.47133638525364,0.8408412917951434,NA
MPF,1974,post_1987,501.39730721571885,NA,NA,NA,0.3074281473060157,0.1417820986164797,0,596.3043348469091,0.30768070205687303,183.47133638525364,0.8408412917951434,NA
MPF,1975,post_1987,501.39730721571885,NA,NA,NA,0.24965608371974807,0.1417820986164797,0,596.3043348469091,0.30768070205687303,183.47133638525364,0.8408412917951434,NA
MPF,1976,post_1987,501.39730721571885,NA,NA,NA,0.3049788247945242,0.1417820986164797,0,596.3043348469091,0.30768070205687303,183.47133638525364,0.8408412917951434,NA
MPF,1977,post_1987,501.39730721571885,NA,NA,NA,0.25205216008968545,0.1417820986164797,0,596.3043348469091,0.30768070205687303,183.47133638525364,0.8408412917951434,NA
MPF,1978,post_1987,501.39730721571885,NA,NA,NA,0.2779830310265632,0.1417820986164797,0,596.3043348469091,0.30768070205687303,183.47133638525364,0.8408412917951434,NA
MPF,1979,post_1987,501.39730721571885,NA,NA,NA,0.27516098552419255,0.1417820986164797,0,596.3043348469091,0.30768070205687303,183.47133638525364,0.8408412917951434,NA
MPF,1980,post_1987,501.39730721571885,NA,NA,NA,0.2568443128295602,0.1417820986164797,0,596.3043348469091,0.30768070205687303,183.47133638525364,0.8408412917951434,NA
MPF,1981,post_1987,501.39730721571885,NA,NA,NA,0.20716566275952547,0.1417820986164797,0,596.3043348469091,0.30768070205687303,183.47133638525364,0.8408412917951434,NA
MPF,1982,post_1987,501.39730721571885,NA,NA,NA,0.21490839204916296,0.1417820986164797,0,596.3043348469091,0.30768070205687303,183.47133638525364,0.8408412917951434,NA
MPF,1983,post_1987,501.39730721571885,NA,NA,NA,0.2073186150306184,0.1417820986164797,0,596.3043348469091,0.30768070205687303,183.47133638525364,0.8408412917951434,NA
MPF,1984,post_1987,501.39730721571885,NA,NA,NA,0.25204553628428744,0.1417820986164797,0,596.3043348469091,0.30768070205687303,183.47133638525364,0.8408412917951434,NA
MPF,1985,post_1987,501.39730721571885,NA,NA,NA,0.23467428193168277,0.1417820986164797,0,596.3043348469091,0.30768070205687303,183.47133638525364,0.8408412917951434,NA
MPF,1986,post_1987,501.39730721571885,NA,NA,NA,0.2076027243307778,0.1417820986164797,0,596.3043348469091,0.30768070205687303,183.47133638525364,0.8408412917951434,NA
MPF,1987,post_1987,501.39730721571885,NA,NA,NA,0.164742807049585,0.1417820986164797,0,596.3043348469091,0.30768070205687303,183.47133638525364,0.8408412917951434,NA
MPF,1988,post_1987,501.39730721571885,0.5890206289561961,91.798,88.50552568402058,0.12833622958629903,0.1417820986164797,1,596.3043348469091,0.30768070205687303,183.47133638525364,0.8408412917951434,1.914389251644775
MPF,1989,post_1987,450.4495313283465,0.4478825096483421,93.34100000000001,62.021455314253714,0.1001282347847564,0.12737539462904496,1,596.3043348469091,0.30768070205687303,183.47133638525364,0.7554020740835159,1.455673061892434
MPF,1990,post_1987,456.40728378598465,0.5485758228687798,68.322,79.07089739107353,NA,0.12906009184286146,1,596.3043348469091,0.30768070205687303,183.47133638525364,0.7653932012806168,1.782938673766347
MPF,1991,post_1987,435.72431911817034,0.30270017682057837,50.427,42.28165496420355,0.11291315329193038,0.12321148816268344,1,596.3043348469091,0.30768070205687303,183.47133638525364,0.7307079517207183,0.9838126824236963
MPF,1992,post_1987,491.60236841101795,0.35265531882684176,77.711,57.51358825577354,NA,0.13901234505066526,1,596.3043348469091,0.30768070205687303,183.47133638525364,0.8244152183418697,1.146173017902356
MPF,1993,post_1987,520.091273297216,0.39330904028383085,59.193,63.92569986047553,NA,0.14706826530376835,1,596.3043348469091,0.30768070205687303,183.47133638525364,0.8721909986294842,1.2783025963426524
MPF,1994,post_1987,527.7197199886901,0.3559983332256058,61.45049999999999,61.75948379888862,NA,0.149225391330446,1,596.3043348469091,0.30768070205687303,183.47133638525364,0.88498387341788,1.1570382245156263
MPF,1995,post_1987,546.7110234684975,0.4568759427375815,84.462,71.39014041562676,NA,0.15459563728924824,1,596.3043348469091,0.30768070205687303,183.47133638525364,0.9168322138876555,1.4849028219297633
MPF,1996,post_1987,523.3373630430548,0.3801537288759791,68.454,51.44267957457522,NA,0.14798617493319607,1,596.3043348469091,0.30768070205687303,183.47133638525364,0.8776346782342487,1.2355462215687152
MPF,1997,post_1987,534.4131425493082,0.37673619177793416,69.755,53.28841295497703,NA,0.15111811688743237,1,596.3043348469091,0.30768070205687303,183.47133638525364,0.8962087164543413,1.2244388070471075
MPF,1998,post_1987,543.9001659995771,0.3700376426795584,88.879,57.45153001806699,NA,0.15380080001126528,1,596.3043348469091,0.30768070205687303,183.47133638525364,0.9121184170817979,1.2026677013079587
MPF,1999,post_1987,550.7641645293418,0.38742296084134953,77.149,66.38317587021523,NA,0.15574176000934473,1,596.3043348469091,0.30768070205687303,183.47133638525364,0.9236293153406994,1.2591721165851233
MPF,2000,post_1987,549.4755718505115,0.31062151887095446,71.881,51.978834978815314,NA,0.155377379563664,1,596.3043348469091,0.30768070205687303,183.47133638525364,0.9214683505387898,1.0095580151579926
MPF,2001,post_1987,579.7767544301227,0.3824879783787969,63.958999999999996,58.41603856670792,NA,0.16394576474418115,1,596.3043348469091,0.30768070205687303,183.47133638525364,0.9722833133167988,1.2431328186065311
MPF,2002,post_1987,572.2078856473058,0.4600182284845573,68.935,67.86038004893751,NA,0.1618054857982497,1,596.3043348469091,0.30768070205687303,183.47133638525364,0.9595903504444763,1.4951156358175677
MPF,2003,post_1987,537.4035535121197,0.5088203222387424,76.239,69.12094084261763,0.17380519480519468,0.1519637272166692,1,596.3043348469091,0.30768070205687303,183.47133638525364,0.9012236237559615,1.6537284231257696
MPF,2004,post_1987,496.4456438663243,0.5432448333511539,81.153,68.00381110282811,0.23283399209486164,0.14038189719693472,1,596.3043348469091,0.30768070205687303,183.47133638525364,0.8325373720346645,1.7656123043125993
MPF,2005,post_1987,458.7313094717983,0.46843915061867225,66.55499999999999,56.50048011148203,0.11832661290322578,0.12971726577305867,1,596.3043348469091,0.30768070205687303,183.47133638525364,0.7692905831207308,1.522484665067112
MPF,2006,post_1987,451.3704390299112,0.42813612152574354,71.648,52.93592031359352,0.1253849372384937,0.12763580334022248,1,596.3043348469091,0.30768070205687303,183.47133638525364,0.7569464326396232,1.39149487980109
MPF,2007,post_1987,460.5806841526707,0.43067854480210954,67.149,55.18179472965346,0.17824186046511625,0.13024022076226344,1,596.3043348469091,0.30768070205687303,183.47133638525364,0.7723919771116822,1.3997580671227832
MPF,2008,post_1987,468.65001522030894,0.4414518051412779,77.961,56.62210462798046,0.1372822580645161,0.13252201740683273,1,596.3043348469091,0.30768070205687303,183.47133638525364,0.7859242132469602,1.434772483909888
MPF,2009,post_1987,470.53814718678365,0.4731254955251343,72.02499999999999,58.300556533287754,0.10015289256198344,0.1330559319468972,1,596.3043348469091,0.30768070205687303,183.47133638525364,0.7890906030518564,1.5377158605081436
MPF,2010,post_1987,459.3162417172705,0.502512547697763,76.08800000000001,60.24357667067225,0.10226907630522082,0.12988266937638482,1,596.3043348469091,0.30768070205687303,183.47133638525364,0.7702715121720388,1.633227382602879
MPF,2011,post_1987,446.01078114445556,0.4598100258539022,108.012,58.33446721172959,0.09471480375575088,0.12612023169288744,1,596.3043348469091,0.30768070205687303,183.47133638525364,0.7479583076634202,1.4944389517445553
MPF,2012,post_1987,447.38377273289234,0.4028700343570941,97.675,56.23353509931749,0.2653379667441039,0.1265084779518718,1,596.3043348469091,0.30768070205687303,183.47133638525364,0.7502608091013634,1.3093769991548767
MPF,2013,post_1987,465.85826881798874,0.4451231857372955,109.39500000000001,62.16201493438392,0.11337955077709172,0.13173258424069953,1,596.3043348469091,0.30768070205687303,183.47133638525364,0.7812424656238494,1.446704920918365
MPF,2014,post_1987,466.59858048971233,0.4837789058357336,111.33500000000001,66.10130746986636,0.05657093837215155,0.1319419250986114,1,596.3043348469091,0.30768070205687303,183.47133638525364,0.7824839653555486,1.572340750010086
MPF,2015,post_1987,456.0224980923913,0.6575564173863935,47.239999999999995,93.51760490179474,0.14918956006837605,0.12895128447120202,1,596.3043348469091,0.30768070205687303,183.47133638525364,0.764747917201486,2.1371389657868365
MPF,2016,post_1987,404.75567972506354,0.7221197592675122,25.790239999999997,73.90617135189574,0.07872484909507042,0.11445436358051532,1,596.3043348469091,0.30768070205687303,183.47133638525364,0.6787736665187544,2.346977741665554
MPF,2017,post_1987,358.4374148388205,0.8847752570637271,20.56303,58.885672768427604,0.11957211972120065,0.10135676471961809,1,596.3043348469091,0.30768070205687303,183.47133638525364,0.6010981203597038,2.875628049302167
MPF,2018,post_1987,300.0385013378466,0.8005778753462858,10.7386,45.76583010347066,0.1108619298161498,0.08484307309436961,1,596.3043348469091,0.30768070205687303,183.47133638525364,0.5031633744786985,2.601976237035183
MPF,2019,post_1987,272.8198363314546,0.8454998159658453,18.80011,43.2320909823988,0.11601638667606916,0.07714634359341747,1,596.3043348469091,0.30768070205687303,183.47133638525364,0.45751778142195865,2.7479780509911844
MPF,2020,post_1987,246.89569996457462,0.6277716832703613,14.918000000000001,31.387403774945973,0.05797671431916668,0.06981567307321325,1,596.3043348469091,0.30768070205687303,183.47133638525364,0.4140431077496038,2.0403349286245493
MPF,2021,post_1987,253.518327744033,0.6528197417548744,19.23225,31.74320956998418,0.05882532751091702,0.07168837971007484,1,596.3043348469091,0.30768070205687303,183.47133638525364,0.42514922821937806,2.121744189319369
MPF,2022,post_1987,255.32927078711296,0.6613294649092154,35.39228,32.321461688829494,0.11967652359302516,0.07220046723313832,1,596.3043348469091,0.30768070205687303,183.47133638525364,0.42818617250646746,2.14940183277069
MPF,2023,post_1987,255.66605561193376,0.7186491209195225,40.77256,34.78336836816482,0.06544736842105262,0.0722957012093845,1,596.3043348469091,0.30768070205687303,183.47133638525364,0.428750959319408,2.3356977415719893
NTU,1971,post_1987,283.1938783512576,NA,NA,NA,0.9771614493618556,0.25570389452248077,0,193.44315689425594,0.7120052763386071,137.73254838030718,1.4639643133308826,NA
NTU,1972,post_1987,283.1938783512576,NA,NA,NA,0.9303334508773676,0.25570389452248077,0,193.44315689425594,0.7120052763386071,137.73254838030718,1.4639643133308826,NA
NTU,1973,post_1987,283.1938783512576,NA,NA,NA,0.7654046511835733,0.25570389452248077,0,193.44315689425594,0.7120052763386071,137.73254838030718,1.4639643133308826,NA
NTU,1974,post_1987,283.1938783512576,NA,NA,NA,0.8502251767403818,0.25570389452248077,0,193.44315689425594,0.7120052763386071,137.73254838030718,1.4639643133308826,NA
NTU,1975,post_1987,283.1938783512576,NA,NA,NA,0.6904504020370188,0.25570389452248077,0,193.44315689425594,0.7120052763386071,137.73254838030718,1.4639643133308826,NA
NTU,1976,post_1987,283.1938783512576,NA,NA,NA,0.8434513153243867,0.25570389452248077,0,193.44315689425594,0.7120052763386071,137.73254838030718,1.4639643133308826,NA
NTU,1977,post_1987,283.1938783512576,NA,NA,NA,0.6970770055961444,0.25570389452248077,0,193.44315689425594,0.7120052763386071,137.73254838030718,1.4639643133308826,NA
NTU,1978,post_1987,283.1938783512576,NA,NA,NA,0.7687915818915709,0.25570389452248077,0,193.44315689425594,0.7120052763386071,137.73254838030718,1.4639643133308826,NA
NTU,1979,post_1987,283.1938783512576,NA,NA,NA,0.7609869154774896,0.25570389452248077,0,193.44315689425594,0.7120052763386071,137.73254838030718,1.4639643133308826,NA
NTU,1980,post_1987,283.1938783512576,NA,NA,NA,0.7103302127143958,0.25570389452248077,0,193.44315689425594,0.7120052763386071,137.73254838030718,1.4639643133308826,NA
NTU,1981,post_1987,283.1938783512576,NA,NA,NA,0.5729386322551904,0.25570389452248077,0,193.44315689425594,0.7120052763386071,137.73254838030718,1.4639643133308826,NA
NTU,1982,post_1987,283.1938783512576,NA,NA,NA,0.5943519720434376,0.25570389452248077,0,193.44315689425594,0.7120052763386071,137.73254838030718,1.4639643133308826,NA
NTU,1983,post_1987,283.1938783512576,NA,NA,NA,0.5733616379977109,0.25570389452248077,0,193.44315689425594,0.7120052763386071,137.73254838030718,1.4639643133308826,NA
NTU,1984,post_1987,283.1938783512576,NA,NA,NA,0.697058686759159,0.25570389452248077,0,193.44315689425594,0.7120052763386071,137.73254838030718,1.4639643133308826,NA
NTU,1985,post_1987,283.1938783512576,NA,NA,NA,0.6490166387828434,0.25570389452248077,0,193.44315689425594,0.7120052763386071,137.73254838030718,1.4639643133308826,NA
NTU,1986,post_1987,283.1938783512576,NA,NA,NA,0.57414737242723,0.25570389452248077,0,193.44315689425594,0.7120052763386071,137.73254838030718,1.4639643133308826,NA
NTU,1987,post_1987,283.1938783512576,NA,NA,NA,0.4556137213454794,0.25570389452248077,0,193.44315689425594,0.7120052763386071,137.73254838030718,1.4639643133308826,NA
NTU,1988,post_1987,283.1938783512576,0.4719182128050363,141.414,34.68647137837633,0.3549274665913786,0.25570389452248077,1,193.44315689425594,0.7120052763386071,137.73254838030718,1.4639643133308826,0.6628015669094662
NTU,1989,post_1987,284.6047977761063,0.3130164544833187,113.70700000000001,26.095035932106498,0.2769152625176885,0.2569778542347869,1,193.44315689425594,0.7120052763386071,137.73254838030718,1.471258029208462,0.4396265939108828
NTU,1990,post_1987,315.13755773078,0.36386643024850773,136.657,36.041452722362216,NA,0.2845467610077162,1,193.44315689425594,0.7120052763386071,137.73254838030718,1.6290964373738341,0.5110445699498783
NTU,1991,post_1987,301.85762195860633,0.17187536373939238,27.838,18.00121140970328,0.3122733118460516,0.27255592520390926,1,193.44315689425594,0.7120052763386071,137.73254838030718,1.5604461114311439,0.24139619389232436
NTU,1992,post_1987,348.3578149642503,0.19545147485256464,27.114,24.91768451841145,NA,0.3145422863386021,1,193.44315689425594,0.7120052763386071,137.73254838030718,1.800827801598984,0.2745084641193222
NTU,1993,post_1987,335.6786690055761,0.22735979632754866,29.77,25.082816080686534,NA,0.30309392092997334,1,193.44315689425594,0.7120052763386071,137.73254838030718,1.7352832449331461,0.31932319026723555
NTU,1994,post_1987,330.5048451159196,0.17606406530873642,29.6665,22.78261368108102,NA,0.2984223265937508,1,193.44315689425594,0.7120052763386071,137.73254838030718,1.708537280006174,0.24727915811821308
NTU,1995,post_1987,345.56796059583144,0.22679326570423175,29.563000000000002,26.453176346481023,NA,0.31202324662168274,1,193.44315689425594,0.7120052763386071,137.73254838030718,1.7864057128923576,0.31852750708602345
NTU,1996,post_1987,327.87852194910573,0.18371499537297353,20.079,17.736656331083825,NA,0.29605094390024517,1,193.44315689425594,0.7120052763386071,137.73254838030718,1.6949605621269805,0.25802476677940306
NTU,1997,post_1987,343.92176063497146,0.17189365098719822,18.18,18.462097022622952,NA,0.3105368453491505,1,193.44315689425594,0.7120052763386071,137.73254838030718,1.7778957196349592,0.24142187803879567
NTU,1998,post_1987,343.82949313984795,0.16035847458961872,14.995999999999999,19.43306866200826,NA,0.3104535343751341,1,193.44315689425594,0.7120052763386071,137.73254838030718,1.7774187449173993,0.22522090765147268
NTU,1999,post_1987,347.177398661728,0.15474633773472668,12.013000000000002,22.692764596742517,NA,0.3134764545223564,1,193.44315689425594,0.7120052763386071,137.73254838030718,1.7947256663698348,0.2173387513790477
NTU,2000,post_1987,347.8676960660587,0.10948479586873816,8.459,16.958228491188205,NA,0.3140997438946189,1,193.44315689425594,0.7120052763386071,137.73254838030718,1.7982941431017778,0.15376964119107267
NTU,2001,post_1987,361.16452722812903,0.10572486947199167,8.443,18.389483361766054,NA,0.32610583503170215,1,193.44315689425594,0.7120052763386071,137.73254838030718,1.8670318093782794,0.14848888482353365
NTU,2002,post_1987,358.8038120924856,0.13802894586432135,10.642000000000001,21.55457950319719,NA,0.3239742774657103,1,193.44315689425594,0.7120052763386071,137.73254838030718,1.8548281461753784,0.19385944241047895
NTU,2003,post_1987,349.18989980672376,0.14617659182474352,19.531,22.795589142058013,0.3968874458874457,0.31529359966512005,1,193.44315689425594,0.7120052763386071,137.73254838030718,1.8051292452676704,0.20530268058747725
NTU,2004,post_1987,349.6824584797501,0.16165342896151103,14.024,23.982337990219953,0.37725296442687734,0.31573834505194454,1,193.44315689425594,0.7120052763386071,137.73254838030718,1.8076755161253961,0.22703965031381845
NTU,2005,post_1987,345.0778671619112,0.12432531534679114,13.559000000000001,20.965209718828447,0.2851290322580644,0.31158072717012214,1,193.44315689425594,0.7120052763386071,137.73254838030718,1.7838721860321225,0.1746129129633949
NTU,2006,post_1987,356.84289653517715,0.1106470918069764,10.611,20.35382397872151,0.1934644351464434,0.32220371043314344,1,193.44315689425594,0.7120052763386071,137.73254838030718,1.844691237799858,0.15540206720933927
NTU,2007,post_1987,358.29983168610437,0.10934502032700522,10.679,20.78484340197797,0.415720930232558,0.32351921906746745,1,193.44315689425594,0.7120052763386071,137.73254838030718,1.852222830926844,0.15357332868275572
NTU,2008,post_1987,358.63888859549303,0.10759193371823983,16.903,20.698040342633696,0.3748346774193546,0.323825363298763,1,193.44315689425594,0.7120052763386071,137.73254838030718,1.8539755779086047,0.15111114663576247
NTU,2009,post_1987,358.4657046347898,0.10849259282681345,16.091,20.92798435992894,0.2532024793388429,0.32366899052164483,1,193.44315689425594,0.7120052763386071,137.73254838030718,1.8530803073625501,0.15237610791976466
NTU,2010,post_1987,358.57847178499225,0.1182078820517205,14.878,21.674798698871964,0.3257202375269699,0.32377081122359236,1,193.44315689425594,0.7120052763386071,137.73254838030718,1.8536632545808076,0.16602107593863474
NTU,2011,post_1987,355.2583676762788,0.10777226648953953,15.366000000000001,22.03182735396117,0.1701867797868954,0.3207729937716024,1,193.44315689425594,0.7120052763386071,137.73254838030718,1.8365000519014367,0.15136442112303455
NTU,2012,post_1987,360.09481305538156,0.09724312426127568,22.929,21.616946906223095,0.2339093444661894,0.3251399593510911,1,193.44315689425594,0.7120052763386071,137.73254838030718,1.8615019462912525,0.13657640960378212
NTU,2013,post_1987,362.1622916030045,0.10140439099091303,28.191000000000003,23.24750265228747,0.48206645966290834,0.3270067451712744,1,193.44315689425594,0.7120052763386071,137.73254838030718,1.8721897296215935,0.14242084203697433
NTU,2014,post_1987,360.1379482490418,0.10983255373525225,29.988,24.064431208229013,0.23426333990365156,0.3251789073575738,1,193.44315689425594,0.7120052763386071,137.73254838030718,1.861724932693836,0.1542580615414139
NTU,2015,post_1987,358.03057902391373,0.16775150154346719,30.541999999999998,39.16242237911539,0.23257557306410256,0.3232761030978232,1,193.44315689425594,0.7120052763386071,137.73254838030718,1.850830935413384,0.23560429552728468
NTU,2016,post_1987,340.6729828875281,0.16197979328955636,28.1248,27.22637581184836,0.1993840475176056,0.30760343051936784,1,193.44315689425594,0.7120052763386071,137.73254838030718,1.7611012369579666,0.22749802378223377
NTU,2017,post_1987,347.4115275051275,0.147172361928539,31.564839999999997,21.070877544481665,0.5005212978763105,0.3136878561862125,1,193.44315689425594,0.7120052763386071,137.73254838030718,1.7959359901008907,0.2067012237400169
NTU,2018,post_1987,349.2023349658398,0.1224943111119785,28.586879999999997,20.03193739289559,0.515669359008297,0.31530482772779383,1,193.44315689425594,0.7120052763386071,137.73254838030718,1.8051935285399021,0.17204129685932848
NTU,2019,post_1987,355.75793424501444,0.12553126675868942,28.08343,20.974185582964203,0.347744517636968,0.3212240667889382,1,193.44315689425594,0.7120052763386071,137.73254838030718,1.839082549916648,0.17630665239479312
NTU,2020,post_1987,353.48988960740655,0.08470081373127236,24.790200000000002,17.215920692969785,0.3415946700420803,0.3191761840798783,1,193.44315689425594,0.7120052763386071,137.73254838030718,1.8273579447456951,0.11896093546783121
NTU,2021,post_1987,367.7256549486595,0.08120943842954276,33.43908999999999,16.18209169582281,0.4298561958845015,0.3320300658814881,1,193.44315689425594,0.7120052763386071,137.73254838030718,1.9009494099068782,0.1140573548094356
NTU,2022,post_1987,364.20711787829305,0.0798527690022901,33.83526,16.1964603092299,0.262905487759869,0.32885307760351945,1,193.44315689425594,0.7120052763386071,137.73254838030718,1.8827604125452926,0.11215193434088354
NTU,2023,post_1987,365.49766905586233,0.08596632419593941,36.342620000000004,18.128248846275078,0.31066452314777493,0.33001835336479746,1,193.44315689425594,0.7120052763386071,137.73254838030718,1.8894318875061502,0.12073832463434801
SAR,1971,post_1987,252.4206900156689,NA,NA,NA,NA,0.8919817880931391,0,901.925555053561,0.5407968049595934,487.7584584843737,0.27986865279660345,NA
SAR,1972,post_1987,252.4206900156689,NA,NA,NA,2.401529112001412,0.8919817880931391,0,901.925555053561,0.5407968049595934,487.7584584843737,0.27986865279660345,NA
SAR,1973,post_1987,252.4206900156689,NA,NA,NA,1.9757878753528053,0.8919817880931391,0,901.925555053561,0.5407968049595934,487.7584584843737,0.27986865279660345,NA
SAR,1974,post_1987,252.4206900156689,NA,NA,NA,2.1947405113435177,0.8919817880931391,0,901.925555053561,0.5407968049595934,487.7584584843737,0.27986865279660345,NA
SAR,1975,post_1987,252.4206900156689,NA,NA,NA,1.7823036883401802,0.8919817880931391,0,901.925555053561,0.5407968049595934,487.7584584843737,0.27986865279660345,NA
SAR,1976,post_1987,252.4206900156689,NA,NA,NA,2.177254710552593,0.8919817880931391,0,901.925555053561,0.5407968049595934,487.7584584843737,0.27986865279660345,NA
SAR,1977,post_1987,252.4206900156689,NA,NA,NA,1.799409363026954,0.8919817880931391,0,901.925555053561,0.5407968049595934,487.7584584843737,0.27986865279660345,NA
SAR,1978,post_1987,252.4206900156689,NA,NA,NA,1.9845307757482678,0.8919817880931391,0,901.925555053561,0.5407968049595934,487.7584584843737,0.27986865279660345,NA
SAR,1979,post_1987,252.4206900156689,NA,NA,NA,1.9643840922282896,0.8919817880931391,0,901.925555053561,0.5407968049595934,487.7584584843737,0.27986865279660345,NA
SAR,1980,post_1987,252.4206900156689,NA,NA,NA,1.833620712400503,0.8919817880931391,0,901.925555053561,0.5407968049595934,487.7584584843737,0.27986865279660345,NA
SAR,1981,post_1987,252.4206900156689,NA,NA,NA,1.478963057228048,0.8919817880931391,0,901.925555053561,0.5407968049595934,487.7584584843737,0.27986865279660345,NA
SAR,1982,post_1987,252.4206900156689,NA,NA,NA,1.5342386778543475,0.8919817880931391,0,901.925555053561,0.5407968049595934,487.7584584843737,0.27986865279660345,NA
SAR,1983,post_1987,252.4206900156689,NA,NA,NA,1.4800549889480654,0.8919817880931391,0,901.925555053561,0.5407968049595934,487.7584584843737,0.27986865279660345,NA
SAR,1984,post_1987,252.4206900156689,NA,NA,NA,1.7993620754439086,0.8919817880931391,0,901.925555053561,0.5407968049595934,487.7584584843737,0.27986865279660345,NA
SAR,1985,post_1987,252.4206900156689,NA,NA,NA,1.6753480708883544,0.8919817880931391,0,901.925555053561,0.5407968049595934,487.7584584843737,0.27986865279660345,NA
SAR,1986,post_1987,252.4206900156689,NA,NA,NA,1.482083255377712,0.8919817880931391,0,901.925555053561,0.5407968049595934,487.7584584843737,0.27986865279660345,NA
SAR,1987,post_1987,252.4206900156689,NA,NA,NA,1.17610477684812,0.8919817880931391,0,901.925555053561,0.5407968049595934,487.7584584843737,0.27986865279660345,NA
SAR,1988,post_1987,252.4206900156689,5,88.21000000000001,184.1183982934105,0.9161969215062222,0.8919817880931391,1,901.925555053561,0.5407968049595934,487.7584584843737,0.27986865279660345,9.24561675317883
SAR,1989,post_1987,233.69115190054063,5,101.42099999999999,168.84040987351912,0.7148190402769925,0.8257970118093343,1,901.925555053561,0.5407968049595934,487.7584584843737,0.2591024842251674,9.24561675317883
SAR,1990,post_1987,216.56849666402562,5,75.666,161.60072579899793,NA,0.7652904953513492,1,901.925555053561,0.5407968049595934,487.7584584843737,0.24011792930200837,9.24561675317883
SAR,1991,post_1987,199.53015692666233,5,66.32900000000001,143.87774223323404,0.8060910296111038,0.7050819255065861,1,901.925555053561,0.5407968049595934,487.7584584843737,0.2212268582575124,9.24561675317883
SAR,1992,post_1987,190.52398641502643,5,90.49000000000001,140.99360173162623,NA,0.6732567210182296,1,901.925555053561,0.5407968049595934,487.7584584843737,0.21124136614990593,9.24561675317883
SAR,1993,post_1987,179.01327352622624,5,86.06,123.50311753506426,NA,0.6325811873916424,1,901.925555053561,0.5407968049595934,487.7584584843737,0.19847899033706337,9.24561675317883
SAR,1994,post_1987,174.43077881305845,4.99999999999933,110.2,127.20587531754789,NA,0.6163879750684962,1,901.925555053561,0.5407968049595934,487.7584584843737,0.19339819992427187,9.24561675317759
SAR,1995,post_1987,170.49610384095263,4.9999999999996705,139.289,112.9821821840761,NA,0.6024839705395235,1,901.925555053561,0.5407968049595934,487.7584584843737,0.18903567249608277,9.24561675317822
SAR,1996,post_1987,166.38109195314885,4.999905267136212,152.882,93.74469159978744,NA,0.5879427074541564,1,901.925555053561,0.5407968049595934,487.7584584843737,0.18447319850391453,9.245441580428325
SAR,1997,post_1987,163.64530909829838,4.998060932421657,143.73499999999999,92.9398506766962,NA,0.5782752412787309,1,901.925555053561,0.5407968049595934,487.7584584843737,0.1814399294724278,9.242031178041254
SAR,1998,post_1987,161.23864520656798,4.9980758577844036,116.463,93.05002301094378,NA,0.5697707864285693,1,901.925555053561,0.5407968049595934,487.7584584843737,0.178771567457131,9.242058776878025
SAR,1999,post_1987,156.97121638483483,4.996070342343551,117.41599999999998,104.74735577594305,NA,0.5546909259356221,1,901.925555053561,0.5407968049595934,487.7584584843737,0.17404010287247385,9.238350331446284
SAR,2000,post_1987,153.37435285212558,4.092788062700025,119.456,93.97401951839356,NA,0.5419806494316087,1,901.925555053561,0.5407968049595934,487.7584584843737,0.170052120147563,7.568069975941936
SAR,2001,post_1987,152.79143934547466,4.022243359592534,109.575,90.98497869889817,NA,0.5399208015168683,1,901.925555053561,0.5407968049595934,487.7584584843737,0.1694058212336617,7.437624118162206
SAR,2002,post_1987,152.36807239821846,4.457478900586053,106.326,83.42340486029916,NA,0.5384247450461817,1,901.925555053561,0.5407968049595934,487.7584584843737,0.16893641780575788,8.242428320039911
SAR,2003,post_1987,150.7478838647168,4.461051722473064,100.128,80.55657539132287,0.46843722943722943,0.5326994668803107,1,901.925555053561,0.5407968049595934,487.7584584843737,0.16714005165954593,8.249034908418846
SAR,2004,post_1987,142.67815808561298,4.402216386058525,99.65,70.68062994651966,0.6455849802371542,0.5041833875152653,1,901.925555053561,0.5407968049595934,487.7584584843737,0.15819283230880404,8.14024111401221
SAR,2005,post_1987,141.8437801993577,3.4243739476565,106.14699999999999,71.96834523997808,0.48249596774193537,0.5012349371371241,1,901.925555053561,0.5407968049595934,487.7584584843737,0.157267725040715,6.332089827920412
SAR,2006,post_1987,142.47517646863005,2.879983462593508,87.471,70.24087136777395,0.4339037656903765,0.5034661091271299,1,901.925555053561,0.5407968049595934,487.7584584843737,0.15796777868232056,5.325444670126502
SAR,2007,post_1987,148.09467109426532,2.177279274024799,79.148,80.58222448113588,0.4710279069767442,0.5233237795266632,1,901.925555053561,0.5407968049595934,487.7584584843737,0.16419833129738817,4.026057946454544
SAR,2008,post_1987,162.52672904640215,2.4735501034838934,77.148,72.35686571464036,0.7211129032258063,0.5743225025600712,1,901.925555053561,0.5407968049595934,487.7584584843737,0.1801997161913773,4.573899255319582
SAR,2009,post_1987,172.09635189970015,2.394672192425084,81.775,70.60111144313015,0.570784297520661,0.6081387848288973,1,901.925555053561,0.5407968049595934,487.7584584843737,0.19080992986109613,4.428044268131366
SAR,2010,post_1987,182.3873784259904,2.367661996011926,74.594,68.37055552819466,0.5156506024096383,0.6445042992471666,1,901.925555053561,0.5407968049595934,487.7584584843737,0.2022199918874228,4.378099083238538
SAR,2011,post_1987,191.53945087732433,2.0213732282144363,40.323,74.82638750258933,0.8944797573037847,0.6768450790358284,1,901.925555053561,0.5407968049595934,487.7584584843737,0.21236725115960345,3.737768436641313
SAR,2012,post_1987,205.12745082101145,1.2438815986122185,54.086000000000006,89.34022188767581,0.8138371018072605,0.7248611449360807,1,901.925555053561,0.5407968049595934,487.7584584843737,0.22743279605690953,2.300090509419998
SAR,2013,post_1987,251.35968520504483,1.1747956586152353,54.764,106.89194058728384,0.7238373368960961,0.8882325036422603,1,901.925555053561,0.5407968049595934,487.7584584843737,0.27869227542856106,2.172342084570955
SAR,2014,post_1987,306.9391453217075,1.6794311053792477,55.761,102.39971149648136,0.7653203032683538,1.0846342574487118,1,901.925555053561,0.5407968049595934,487.7584584843737,0.3403153881181245,3.105475272740802
SAR,2015,post_1987,326.9271075457462,2.1046582253659945,63.62099999999999,140.30710217589032,1.133882127504273,1.1552659409443455,1,901.925555053561,0.5407968049595934,487.7584584843737,0.36247682052465136,3.891772669631892
SAR,2016,post_1987,323.7916188539946,2.1256616437315876,56.36256999999999,85.45020729106105,1.0930731531190845,1.144186029825963,1,901.925555053561,0.5407968049595934,487.7584584843737,0.35900038206009827,3.9306105809748826
SAR,2017,post_1987,319.11153801040695,2.524670269928135,54.54920000000001,51.93806944370632,1.4374682284505669,1.1276479763128986,1,901.925555053561,0.5407968049595934,487.7584584843737,0.353811394102761,4.668426748780016
SAR,2018,post_1987,299.294155280113,2.201366277245503,52.29685,47.397942610940454,0.9698245108921388,1.0576190714636313,1,901.925555053561,0.5407968049595934,487.7584584843737,0.3318390898263653,4.070597786556787
SAR,2019,post_1987,292.7923441529497,2.203367080862602,63.857350000000004,43.27744917873536,1.2096015716470407,1.0346435494702044,1,901.925555053561,0.5407968049595934,487.7584584843737,0.3246302785328687,4.074297519245201
SAR,2020,post_1987,283.6561863647539,1.6522794729396444,54.0931,39.077456514682765,1.285029171299113,1.0023590075029432,1,901.925555053561,0.5407968049595934,487.7584584843737,0.3145006644677109,3.055268555188852
SAR,2021,post_1987,303.8768294442117,1.6623531549985535,29.00633,35.250204114457624,1.7757065090593287,1.0738129179145195,1,901.925555053561,0.5407968049595934,487.7584584843737,0.33692007920339495,3.073896035910862
SAR,2022,post_1987,321.16724325664256,1.63652278498131,45.40488,34.994932450148156,0.9396314451618436,1.1349122447102946,1,901.925555053561,0.5407968049595934,487.7584584843737,0.3560906345951912,3.0261324955564146
SAR,2023,post_1987,333.6677594967419,1.7275281007215466,54.371939999999995,35.92951144612811,0.7877984966191535,1.1790854574023244,1,901.925555053561,0.5407968049595934,487.7584584843737,0.36995044394426435,3.194412549923667
SCP,1971,post_1987,187.54004038868712,NA,NA,NA,4.865921294493222,1.583928322867542,0,339.83347288910124,0.24085694972869554,81.8512536957783,0.5518586465138693,NA
SCP,1972,post_1987,187.54004038868712,NA,NA,NA,4.6327342861918055,1.583928322867542,0,339.83347288910124,0.24085694972869554,81.8512536957783,0.5518586465138693,NA
SCP,1973,post_1987,187.54004038868712,NA,NA,NA,3.8114467097843034,1.583928322867542,0,339.83347288910124,0.24085694972869554,81.8512536957783,0.5518586465138693,NA
SCP,1974,post_1987,187.54004038868712,NA,NA,NA,4.233823177651019,1.583928322867542,0,339.83347288910124,0.24085694972869554,81.8512536957783,0.5518586465138693,NA
SCP,1975,post_1987,187.54004038868712,NA,NA,NA,3.438200838006252,1.583928322867542,0,339.83347288910124,0.24085694972869554,81.8512536957783,0.5518586465138693,NA
SCP,1976,post_1987,187.54004038868712,NA,NA,NA,4.200091723619997,1.583928322867542,0,339.83347288910124,0.24085694972869554,81.8512536957783,0.5518586465138693,NA
SCP,1977,post_1987,187.54004038868712,NA,NA,NA,3.4711989995583385,1.583928322867542,0,339.83347288910124,0.24085694972869554,81.8512536957783,0.5518586465138693,NA
SCP,1978,post_1987,187.54004038868712,NA,NA,NA,3.8283124367998154,1.583928322867542,0,339.83347288910124,0.24085694972869554,81.8512536957783,0.5518586465138693,NA
SCP,1979,post_1987,187.54004038868712,NA,NA,NA,3.7894479354162462,1.583928322867542,0,339.83347288910124,0.24085694972869554,81.8512536957783,0.5518586465138693,NA
SCP,1980,post_1987,187.54004038868712,NA,NA,NA,3.537195322662514,1.583928322867542,0,339.83347288910124,0.24085694972869554,81.8512536957783,0.5518586465138693,NA
SCP,1981,post_1987,187.54004038868712,NA,NA,NA,2.853033439815907,1.583928322867542,0,339.83347288910124,0.24085694972869554,81.8512536957783,0.5518586465138693,NA
SCP,1982,post_1987,187.54004038868712,NA,NA,NA,2.9596643615841542,1.583928322867542,0,339.83347288910124,0.24085694972869554,81.8512536957783,0.5518586465138693,NA
SCP,1983,post_1987,187.54004038868712,NA,NA,NA,2.8551398600513425,1.583928322867542,0,339.83347288910124,0.24085694972869554,81.8512536957783,0.5518586465138693,NA
SCP,1984,post_1987,187.54004038868712,NA,NA,NA,3.471107778175184,1.583928322867542,0,339.83347288910124,0.24085694972869554,81.8512536957783,0.5518586465138693,NA
SCP,1985,post_1987,187.54004038868712,NA,NA,NA,3.231875229212385,1.583928322867542,0,339.83347288910124,0.24085694972869554,81.8512536957783,0.5518586465138693,NA
SCP,1986,post_1987,187.54004038868712,NA,NA,NA,2.859052541926902,1.583928322867542,0,339.83347288910124,0.24085694972869554,81.8512536957783,0.5518586465138693,NA
SCP,1987,post_1987,187.54004038868712,NA,NA,NA,2.2687965332710256,1.583928322867542,0,339.83347288910124,0.24085694972869554,81.8512536957783,0.5518586465138693,NA
SCP,1988,post_1987,187.54004038868712,0.5402591813580901,25.318,27.66514936776823,1.7674142986457215,1.583928322867542,1,339.83347288910124,0.24085694972869554,81.8512536957783,0.5518586465138693,2.2430707603274276
SCP,1989,post_1987,174.99634815062853,0.47134976737620526,16.195999999999998,20.033781310141883,1.3789408838579995,1.4779866297335504,1,339.83347288910124,0.24085694972869554,81.8512536957783,0.5149473554293916,1.9569697611264276
SCP,1990,post_1987,171.81006534489788,0.5345555215391453,14.635999999999997,26.259027848789415,NA,1.4510758773939285,1,339.83347288910124,0.24085694972869554,81.8512536957783,0.5055713431765596,2.219390065934472
SCP,1991,post_1987,162.36421647442435,0.40130920053604235,5.923,13.481290852480408,1.5550115682581902,1.3712979935433078,1,339.83347288910124,0.24085694972869554,81.8512536957783,0.4777758208868645,1.6661723939794237
SCP,1992,post_1987,168.35740739183575,0.3989632362568294,14.788000000000002,17.459395962849765,NA,1.4219153700713605,1,339.83347288910124,0.24085694972869554,81.8512536957783,0.4954114906943739,1.6564323209532748
SCP,1993,post_1987,174.4734577524461,0.4112186926854262,14.253,18.066705610310244,NA,1.4735703946206642,1,339.83347288910124,0.24085694972869554,81.8512536957783,0.513408688876809,1.7073150396890286
SCP,1994,post_1987,178.70805220602057,0.4430293119034099,16.89,18.69367581987988,NA,1.5093349922872377,1,339.83347288910124,0.24085694972869554,81.8512536957783,0.5258694815632209,1.8393877046207052
SCP,1995,post_1987,178.78780687758132,0.451395202305517,19.526999999999997,19.568206176526694,NA,1.5100085854191594,1,339.83347288910124,0.24085694972869554,81.8512536957783,0.5261041690732026,1.8741215597638954
SCP,1996,post_1987,177.9615092634408,0.3810278351536782,12.901,12.770105087994176,NA,1.503029829354894,1,339.83347288910124,0.24085694972869554,81.8512536957783,0.5236726910698272,1.5819673693570937
SCP,1997,post_1987,185.37299015518414,0.38457259272966304,11.628,13.917343065195995,NA,1.5656258193871753,1,339.83347288910124,0.24085694972869554,81.8512536957783,0.5454818460913572,1.5966846427427182
SCP,1998,post_1987,191.67748206765185,0.43468555737472414,4.877000000000001,16.394883448250486,NA,1.6188723862576457,1,339.83347288910124,0.24085694972869554,81.8512536957783,0.5640335557239309,1.8047457541265042
SCP,1999,post_1987,191.1564391582707,0.44246428005667315,20.782,20.73587750989773,NA,1.6144717546917806,1,339.83347288910124,0.24085694972869554,81.8512536957783,0.562500325624637,1.837041781667794
SCP,2000,post_1987,189.49324369109402,0.3851567362563477,31.476999999999997,16.175017419338474,NA,1.600424714915815,1,339.83347288910124,0.24085694972869554,81.8512536957783,0.5576061771670499,1.5991099143711376
SCP,2001,post_1987,195.36075662805612,0.4139313870774055,35.364000000000004,18.038114086225036,NA,1.6499806385808855,1,339.83347288910124,0.24085694972869554,81.8512536957783,0.5748720247219694,1.718577718200215
SCP,2002,post_1987,197.0857476064885,0.4331678967283228,28.062,20.66005865667678,NA,1.6645495917589228,1,339.83347288910124,0.24085694972869554,81.8512536957783,0.5799480137461445,1.7984446669122434
SCP,2003,post_1987,196.10957429869475,0.4659014566866988,28.010999999999996,22.629797311932677,1.085307359307359,1.6563050134436081,1,339.83347288910124,0.24085694972869554,81.8512536957783,0.5770755088704629,1.934349235973869
SCP,2004,post_1987,189.7492379955728,0.44960812464767397,32.658,22.87636449946797,2.5774071146245054,1.602586795229525,1,339.83347288910124,0.24085694972869554,81.8512536957783,0.5583594705442514,1.8667018956858772
SCP,2005,post_1987,187.33914943157825,0.4327373867262967,27.949999999999996,21.449187711889817,1.75216129032258,1.5822316351836045,1,339.83347288910124,0.24085694972869554,81.8512536957783,0.5512675012232039,1.7966572574041888
SCP,2006,post_1987,187.33086617285184,0.4064499212710668,26.404,20.892800990419023,1.7344225941422589,1.5821616763200186,1,339.83347288910124,0.24085694972869554,81.8512536957783,0.5512431267592761,1.6875158542400268
SCP,2007,post_1987,190.58831125634566,0.39776119664832166,26.421999999999997,22.09603665609854,1.138623255813953,1.6096734520306244,1,339.83347288910124,0.24085694972869554,81.8512536957783,0.5608285423918228,1.6514416424203875
SCP,2008,post_1987,194.58412714336964,0.40327127645214045,17.583000000000002,22.762117071545266,1.625983870967741,1.6434213703061245,1,339.83347288910124,0.24085694972869554,81.8512536957783,0.5725867010365656,1.6743186231760825
SCP,2009,post_1987,197.48782783159814,0.4316162166907054,20.419,23.513282906686122,1.431698512396694,1.6679454866051444,1,339.83347288910124,0.24085694972869554,81.8512536957783,0.5811311821423926,1.7920023365606996
SCP,2010,post_1987,196.2990708997939,0.43472698596269854,30.963,24.040829225722373,1.3683585781004493,1.6579054665145685,1,339.83347288910124,0.24085694972869554,81.8512536957783,0.5776331249271983,1.8049177590780785
SCP,2011,post_1987,194.96182806810242,0.40643293079749476,32.395,25.83312215395163,2.0679004632803353,1.6466113621127678,1,339.83347288910124,0.24085694972869554,81.8512536957783,0.5736981304714642,1.6874453124782416
SCP,2012,post_1987,197.1478421980921,0.3718695683458142,27.776,26.31361914171457,1.8263510605983355,1.665074031138023,1,339.83347288910124,0.24085694972869554,81.8512536957783,0.5801307343918646,1.5439436925722634
SCP,2013,post_1987,203.797931209137,0.4110735056027206,33.021,29.28324873068649,1.8654895914115532,1.721239446866597,1,339.83347288910124,0.24085694972869554,81.8512536957783,0.5996994041715336,1.706712245861119
SCP,2014,post_1987,204.55244635094536,0.41208500769363354,34.754999999999995,30.618614488480574,1.9468351281500351,1.727611941511825,1,339.83347288910124,0.24085694972869554,81.8512536957783,0.6019196537996641,1.7109118427257821
SCP,2015,post_1987,205.06726481590061,0.5605701090584114,26.203,49.55984679807719,1.6336057506538457,1.7319600025770128,1,339.83347288910124,0.24085694972869554,81.8512536957783,0.603434567738478,2.327398523023085
SCP,2016,post_1987,186.6368809178463,0.4267491920115125,23.826449999999998,32.13447896622979,1.394336493954225,1.5763004058479768,1,339.83347288910124,0.24085694972869554,81.8512536957783,0.5492009934487884,1.771795219080074
SCP,2017,post_1987,186.3892215606592,0.4749331049835144,33.50203,22.688827639443378,1.7570958168813389,1.5742087209498676,1,339.83347288910124,0.24085694972869554,81.8512536957783,0.5484722266352028,1.9718472127064854
SCP,2018,post_1987,179.0581145176882,0.5009116101449553,34.5,21.85552686299103,1.2441045134099813,1.5122915535051498,1,339.83347288910124,0.24085694972869554,81.8512536957783,0.5268995811254906,2.079705861546403
SCP,2019,post_1987,169.75727344047502,0.5116979489300126,32.931000000000004,21.488065127860704,1.9560199988394813,1.4337383785236621,1,339.83347288910124,0.24085694972869554,81.8512536957783,0.49953076133813445,2.1244890359460085
SCP,2020,post_1987,160.95285153172736,0.48244405467180673,26.695,18.49043412357242,0.9518758645187639,1.3593778675691057,1,339.83347288910124,0.24085694972869554,81.8512536957783,0.4736227133936613,2.0030314890861076
SCP,2021,post_1987,156.04551075372632,0.4650533020466483,27.442,16.271058585619823,1.439682798305725,1.3179313794904588,1,339.83347288910124,0.24085694972869554,81.8512536957783,0.45918228545028894,1.930827831916374
SCP,2022,post_1987,152.72291758582307,0.47016917764199917,15.552999999999999,16.385293649655168,1.3023615838579825,1.2898693751680708,1,339.83347288910124,0.24085694972869554,81.8512536957783,0.4494051639099764,1.9520681390825716
SCP,2023,post_1987,151.28368256728706,0.5189586828385258,20.489,18.165938240197647,1.2720672101834425,1.2777138637135714,1,339.83347288910124,0.24085694972869554,81.8512536957783,0.44517004543768374,2.154634455941951
ANC,1971,thai_dof,234.42137515989734,NA,NA,NA,NA,4.497378150490648,0,1194.2957265309196,0.557882971633317,666.2772489260404,0.19628419490440863,NA
ANC,1972,thai_dof,234.42137515989734,NA,NA,NA,16.17089495242375,4.497378150490648,0,1194.2957265309196,0.557882971633317,666.2772489260404,0.19628419490440863,NA
ANC,1973,thai_dof,234.42137515989734,NA,NA,NA,13.30413111418653,4.497378150490648,0,1194.2957265309196,0.557882971633317,666.2772489260404,0.19628419490440863,NA
ANC,1974,thai_dof,234.42137515989734,NA,NA,NA,14.778466802422814,4.497378150490648,0,1194.2957265309196,0.557882971633317,666.2772489260404,0.19628419490440863,NA
ANC,1975,thai_dof,234.42137515989734,NA,NA,NA,12.001289334130506,4.497378150490648,0,1194.2957265309196,0.557882971633317,666.2772489260404,0.19628419490440863,NA
ANC,1976,thai_dof,234.42137515989734,NA,NA,NA,14.660724716209504,4.497378150490648,0,1194.2957265309196,0.557882971633317,666.2772489260404,0.19628419490440863,NA
ANC,1977,thai_dof,234.42137515989734,NA,NA,NA,12.116471809773966,4.497378150490648,0,1194.2957265309196,0.557882971633317,666.2772489260404,0.19628419490440863,NA
ANC,1978,thai_dof,234.42137515989734,NA,NA,NA,13.363002157293186,4.497378150490648,0,1194.2957265309196,0.557882971633317,666.2772489260404,0.19628419490440863,NA
ANC,1979,thai_dof,234.42137515989734,NA,NA,NA,13.22734279709089,4.497378150490648,0,1194.2957265309196,0.557882971633317,666.2772489260404,0.19628419490440863,NA
ANC,1980,thai_dof,234.42137515989734,NA,NA,NA,12.346836761060883,4.497378150490648,0,1194.2957265309196,0.557882971633317,666.2772489260404,0.19628419490440863,NA
ANC,1981,thai_dof,234.42137515989734,NA,NA,NA,9.958720099386484,4.497378150490648,0,1194.2957265309196,0.557882971633317,666.2772489260404,0.19628419490440863,NA
ANC,1982,thai_dof,234.42137515989734,NA,NA,NA,10.330923063785692,4.497378150490648,0,1194.2957265309196,0.557882971633317,666.2772489260404,0.19628419490440863,NA
ANC,1983,thai_dof,234.42137515989734,NA,NA,NA,9.966072711957942,4.497378150490648,0,1194.2957265309196,0.557882971633317,666.2772489260404,0.19628419490440863,NA
ANC,1984,thai_dof,234.42137515989734,NA,NA,NA,12.11615339492146,4.497378150490648,0,1194.2957265309196,0.557882971633317,666.2772489260404,0.19628419490440863,NA
ANC,1985,thai_dof,234.42137515989734,NA,NA,NA,11.281094835657951,4.497378150490648,0,1194.2957265309196,0.557882971633317,666.2772489260404,0.19628419490440863,NA
ANC,1986,thai_dof,234.42137515989734,NA,NA,NA,9.97973021175898,4.497378150490648,0,1194.2957265309196,0.557882971633317,666.2772489260404,0.19628419490440863,NA
ANC,1987,thai_dof,234.42137515989734,NA,NA,NA,7.919398813202289,4.497378150490648,0,1194.2957265309196,0.557882971633317,666.2772489260404,0.19628419490440863,NA
ANC,1988,thai_dof,234.42137515989734,NA,NA,NA,6.169287767269189,4.497378150490648,0,1194.2957265309196,0.557882971633317,666.2772489260404,0.19628419490440863,NA
ANC,1989,thai_dof,234.42137515989734,NA,NA,NA,4.813293144166062,4.497378150490648,0,1194.2957265309196,0.557882971633317,666.2772489260404,0.19628419490440863,NA
ANC,1990,thai_dof,234.42137515989734,NA,NA,NA,NA,4.497378150490648,0,1194.2957265309196,0.557882971633317,666.2772489260404,0.19628419490440863,NA
ANC,1991,thai_dof,234.42137515989734,NA,NA,NA,5.427880635212803,4.497378150490648,0,1194.2957265309196,0.557882971633317,666.2772489260404,0.19628419490440863,NA
ANC,1992,thai_dof,234.42137515989734,NA,NA,NA,NA,4.497378150490648,0,1194.2957265309196,0.557882971633317,666.2772489260404,0.19628419490440863,NA
ANC,1993,thai_dof,234.42137515989734,NA,NA,NA,NA,4.497378150490648,0,1194.2957265309196,0.557882971633317,666.2772489260404,0.19628419490440863,NA
ANC,1994,thai_dof,234.42137515989734,NA,NA,NA,NA,4.497378150490648,0,1194.2957265309196,0.557882971633317,666.2772489260404,0.19628419490440863,NA
ANC,1995,thai_dof,234.42137515989734,NA,NA,NA,NA,4.497378150490648,0,1194.2957265309196,0.557882971633317,666.2772489260404,0.19628419490440863,NA
ANC,1996,thai_dof,234.42137515989734,5,108.556,125.53091471822037,NA,4.497378150490648,1,1194.2957265309196,0.557882971633317,666.2772489260404,0.19628419490440863,8.962453156369826
ANC,1997,thai_dof,228.4294018700965,5,105.175,122.88155271663727,NA,4.382422038943684,1,1194.2957265309196,0.557882971633317,666.2772489260404,0.19126703445018364,8.962453156369826
ANC,1998,thai_dof,224.6605246107692,4.999999999999871,111.37100000000001,119.344998316201,NA,4.3101160633200095,1,1194.2957265309196,0.557882971633317,666.2772489260404,0.1881113024354047,8.962453156369595
ANC,1999,thai_dof,222.3362313073347,4.9999820130074655,93.80600000000001,114.05329630755989,NA,4.26552445595883,1,1194.2957265309196,0.557882971633317,666.2772489260404,0.186165140147622,8.962420914854222
ANC,2000,thai_dof,219.7811798397663,4.999809587201451,108.537,112.71469692896808,NA,4.216505749214262,1,1194.2957265309196,0.557882971633317,666.2772489260404,0.18402576092118028,8.962111843212352
ANC,2001,thai_dof,219.60398572996925,4.989517618921803,111.39299999999999,102.13189574350208,NA,4.213106277142855,1,1194.2957265309196,0.557882971633317,666.2772489260404,0.18387739389125565,8.943663586493713
ANC,2002,thai_dof,216.638942908604,4.999103043993242,114.044,102.88721848283677,NA,4.156221879160881,1,1194.2957265309196,0.557882971633317,666.2772489260404,0.18139472334701964,8.960845371131047
ANC,2003,thai_dof,213.57848016686486,4.999998606170824,123.527,104.08377301538103,4.619813852813851,4.097506848350658,1,1194.2957265309196,0.557882971633317,666.2772489260404,0.17883215641007774,8.962450657944087
ANC,2004,thai_dof,212.494452280705,4.959358158310445,128.926,99.31368330300779,3.889292490118572,4.076709754542927,1,1194.2957265309196,0.557882971633317,666.2772489260404,0.17792448516745457,8.889603035903578
ANC,2005,thai_dof,210.5939718000023,4.987415764549173,120.77000000000001,100.82309678483075,3.284314516129031,4.040249003540522,1,1194.2957265309196,0.557882971633317,666.2772489260404,0.17633318710074958,8.939896032222473
ANC,2006,thai_dof,206.675229585691,4.789500703293445,111.579,99.29891934411758,3.0604728033472792,3.9650678661547873,1,1194.2957265309196,0.557882971633317,666.2772489260404,0.17305197112780618,8.585135139133568
ANC,2007,thai_dof,201.5147111127425,4.048005959592239,103.443,93.80661008897407,3.461148837209301,3.8660632296978465,1,1194.2957265309196,0.557882971633317,666.2772489260404,0.16873099906175157,7.256012757910266
ANC,2008,thai_dof,196.73408110964306,3.8186574062205523,97.23600000000002,90.25317373306538,4.5688346774193525,3.77434676012738,1,1194.2957265309196,0.557882971633317,666.2772489260404,0.1647281127607298,6.8449076246952805
ANC,2009,thai_dof,185.15878189689786,3.5794108558428945,91.893,81.84976725796693,6.26608909090909,3.552274443858085,1,1194.2957265309196,0.557882971633317,666.2772489260404,0.15503595783159174,6.416060424578713
ANC,2010,thai_dof,179.32031773886663,3.2027067662146473,92.682,78.45988308360205,4.443626735838689,3.440263407668052,1,1194.2957265309196,0.557882971633317,666.2772489260404,0.15014733265414906,5.7408218731574925
ANC,2011,thai_dof,179.86350462153908,2.921648203870811,90.266,78.56704599007819,2.6398291142673544,3.450684457438356,1,1194.2957265309196,0.557882971633317,666.2772489260404,0.15060215039368016,5.237027033316837
ANC,2012,thai_dof,178.10837845350355,1.472030814194476,85.053,78.67037870574555,1.6210895000512866,3.417012331446887,1,1194.2957265309196,0.557882971633317,666.2772489260404,0.14913255946318787,2.638601443390185
ANC,2013,thai_dof,215.092596933378,1.665852990736524,74.642,69.76361626422327,5.25953372129402,4.126555204791545,1,1194.2957265309196,0.557882971633317,666.2772489260404,0.18009994690189438,2.9860258789749348
ANC,2014,thai_dof,252.43108632868189,1.2050147352658618,85.983,101.3364799735501,3.881145234022571,4.842894771796584,1,1194.2957265309196,0.557882971633317,666.2772489260404,0.21136397018008302,2.1599776235111348
ANC,2015,thai_dof,318.8940119574754,1.4755563709604949,63.919,93.97074016021895,2.93538333759829,6.117987153354098,1,1194.2957265309196,0.557882971633317,666.2772489260404,0.26701427868604155,2.6449209708632986
ANC,2016,thai_dof,366.993070039079,2.55483384304756,106.9535,139.44415289040856,6.891503458917371,7.04076841734009,1,1194.2957265309196,0.557882971633317,666.2772489260404,0.3072882719802462,4.579515728124411
ANC,2017,thai_dof,376.0390862069111,2.2713725304345505,103.24466,109.83189833541866,13.891529698336257,7.214316394500634,1,1194.2957265309196,0.557882971633317,666.2772489260404,0.31486262393251196,4.0714139809369705
ANC,2018,thai_dof,396.4320020956043,1.9632434724211865,106.32996,97.94472761268436,17.190188776339156,7.605554839715131,1,1194.2957265309196,0.557882971633317,666.2772489260404,0.3319378888235023,3.519095531224744
ANC,2019,thai_dof,426.6088077084837,1.8914750720957914,107.51836,104.45753590920943,11.169724519839384,8.184497379073568,1,1194.2957265309196,0.557882971633317,666.2772489260404,0.357205337197059,3.3904513460199537
ANC,2020,thai_dof,458.2346257212164,1.5562867863653875,98.1738,95.06567679155559,5.958320968763964,8.791239246468727,1,1194.2957265309196,0.557882971633317,666.2772489260404,0.38368606329376576,2.789629484135424
ANC,2021,thai_dof,515.1250590802869,1.427373103779578,110.96576999999999,98.35680976511567,10.34666461209007,9.882683197714679,1,1194.2957265309196,0.557882971633317,666.2772489260404,0.4313211942711834,2.558552915857335
ANC,2022,thai_dof,580.014625412275,1.3530341929523253,136.22233,106.60799211586023,9.670712896110878,11.127590653859578,1,1194.2957265309196,0.557882971633317,666.2772489260404,0.485654107711704,2.4253011146603733
ANC,2023,thai_dof,644.8519783343133,1.3994715675161777,122.09251,120.17827747596117,11.620189588654467,12.371496394828501,1,1194.2957265309196,0.557882971633317,666.2772489260404,0.5399433021563429,2.508539673507039
CMA,1971,thai_dof,1111.1842098881295,0.009250343148490714,5.17,7.693430272268072,0.04971053422961269,0.03455417204059324,1,618.5055873280775,0.06928496353608565,42.85313706489109,1.7965629295095078,0.1335115539704782
CMA,1972,thai_dof,1115.0393954107935,0.027074717579940177,7.968,8.380493812778306,0.04732828222500525,0.034674055623002985,1,618.5055873280775,0.06928496353608565,42.85313706489109,1.8027959944997827,0.39077335395924495
CMA,1973,thai_dof,1098.386383043126,0.032038558416637386,11.325,9.982692097531434,0.03893796069934382,0.03415620174312789,1,618.5055873280775,0.06928496353608565,42.85313706489109,1.7758713996232707,0.46241719388292324
CMA,1974,thai_dof,1078.5796645199837,0.0325096508980236,9.991,12.194989754721423,0.04325298319825541,0.033540277980606846,1,618.5055873280775,0.06928496353608565,42.85313706489109,1.7438478917860873,0.46921654048488626
CMA,1975,thai_dof,1060.379504571841,0.038684553986360726,14.889,16.581504674752388,0.03512485922027091,0.032974312902613385,1,618.5055873280775,0.06928496353608565,42.85313706489109,1.7144218682852055,0.5583398188008379
CMA,1976,thai_dof,1038.8368115305614,0.048487107716153055,18.191,19.655539772118072,0.04290838070702289,0.032304406045638695,1,618.5055873280775,0.06928496353608565,42.85313706489109,1.6795916363800367,0.6998215087592496
CMA,1977,thai_dof,1010.199795820692,0.06812284011396041,28.878,25.537102143049555,0.03546197035299838,0.031413889100957104,1,618.5055873280775,0.06928496353608565,42.85313706489109,1.6332913016755755,0.9832269028831924
CMA,1978,thai_dof,966.5519056630519,0.062107799329961466,24.119,19.687959227173984,0.03911026194496009,0.03005658336146334,1,618.5055873280775,0.06928496353608565,42.85313706489109,1.5627213811253062,0.8964109405587533
CMA,1979,thai_dof,934.5235634034834,0.06491290724012,22.554000000000002,20.683837662531403,0.03871321994419217,0.029060607321879806,1,618.5055873280775,0.06928496353608565,42.85313706489109,1.5109379487428602,0.9368974728017493
CMA,1980,thai_dof,903.6613417755676,0.05606415509904039,23.315,19.10115856063109,0.03613619261845331,0.028100893796258988,1,618.5055873280775,0.06928496353608565,42.85313706489109,1.4610399005114134,0.8091821405064394
CMA,1981,thai_dof,885.5672957698139,0.05995345221556736,16.239,20.885435894062898,0.02914675513323715,0.027538228512654778,1,618.5055873280775,0.06928496353608565,42.85313706489109,1.4317854420611358,0.8653169339454416
CMA,1982,thai_dof,866.7380094224505,0.05960096363064071,17.427,20.294880218928594,0.030236102815965674,0.026952699674089038,1,618.5055873280775,0.06928496353608565,42.85313706489109,1.4013422468287287,0.8602294147069699
CMA,1983,thai_dof,850.3545714397862,0.06586659656664118,50.784,20.60760426583725,0.029168274444561406,0.02644322867042317,1,618.5055873280775,0.06928496353608565,42.85313706489109,1.3748534998904185,0.950662210168241
CMA,1984,thai_dof,831.0776231890723,0.08274094883308614,29.316,25.608568949686237,0.03546103843005606,0.025843779019910366,1,618.5055873280775,0.06928496353608565,42.85313706489109,1.3436865247722314,1.1942122014683922
CMA,1985,thai_dof,801.2751921849739,0.07268170430483423,34.707,21.085974854413557,0.03301702483133401,0.024917021494938695,1,618.5055873280775,0.06928496353608565,42.85313706489109,1.2955019463065074,1.0490256557179172
CMA,1986,thai_dof,782.5492701561335,0.09215352892073003,37.849,26.25797819078719,0.02920824662958724,0.024334706946508935,1,618.5055873280775,0.06928496353608565,42.85313706489109,1.2652258705320982,1.3300653448815594
CMA,1987,thai_dof,751.8614065832948,0.09486779522941635,35.323,24.905521731304397,0.02317815700283375,0.023380415382591845,1,618.5055873280775,0.06928496353608565,42.85313706489109,1.2156097244510107,1.3692407470201873
CMA,1988,thai_dof,723.2680762578393,0.11432831370433405,18.348,30.982792497075906,0.0180560070073812,0.022491256909597728,1,618.5055873280775,0.06928496353608565,42.85313706489109,1.1693800202878233,1.6501172529994692
CMA,1989,thai_dof,685.4943044320798,0.0919244732411233,26.203,22.484862207143507,0.01408734006553113,0.021316616918609362,1,618.5055873280775,0.06928496353608565,42.85313706489109,1.108307375836961,1.3267593507968913
CMA,1990,thai_dof,666.7111064162281,0.11240023062123683,19.467000000000002,29.487702550005313,NA,0.020732521275477773,1,618.5055873280775,0.06928496353608565,42.85313706489109,1.0779386962313418,1.6222889482029599
CMA,1991,thai_dof,636.851551732148,0.06636883195240362,15.552000000000001,14.779632410984272,0.01588608839169339,0.01980398739205166,1,618.5055873280775,0.06928496353608565,42.85313706489109,1.0296617601844544,0.9579110468584828
CMA,1992,thai_dof,637.432399701897,0.0769750717596871,29.438000000000002,18.57379715119511,NA,0.019822049852350806,1,618.5055873280775,0.06928496353608565,42.85313706489109,1.0306008753382208,1.1109924553773665
CMA,1993,thai_dof,632.1856655622223,0.08450244609122848,30.422,19.176157624815588,NA,0.01965889368751309,1,618.5055873280775,0.06928496353608565,42.85313706489109,1.022117954169569,1.219636148718143
CMA,1994,thai_dof,622.0221982344059,0.08033335762453397,33.8185,18.823467289991466,NA,0.01934284330140323,1,618.5055873280775,0.06928496353608565,42.85313706489109,1.0056856574594906,1.1594630858497024
CMA,1995,thai_dof,614.9225640919316,0.10317740093916328,40.147999999999996,20.8971999542467,NA,0.019122068044338497,1,618.5055873280775,0.06928496353608565,42.85313706489109,0.9942069670677925,1.4891745001125019
CMA,1996,thai_dof,595.6454572659151,0.08653531635057643,14.49,14.113419564986959,NA,0.018522613462655654,1,618.5055873280775,0.06928496353608565,42.85313706489109,0.9630397355650134,1.2489768621369959
CMA,1997,thai_dof,586.7054306328682,0.08684587505864627,13.323,14.465356358314011,NA,0.018244608055832164,1,618.5055873280775,0.06928496353608565,42.85313706489109,0.9485854980994031,1.2534592013375945
CMA,1998,thai_dof,578.9342053081239,0.0863820288279209,13.155,15.829139770616923,NA,0.01800294852319314,1,618.5055873280775,0.06928496353608565,42.85313706489109,0.9360209789035203,1.2467644409299659
CMA,1999,thai_dof,571.4357340626773,0.09305670167026214,19.997999999999998,19.21916497941091,NA,0.017769770744791583,1,618.5055873280775,0.06928496353608565,42.85313706489109,0.9238974485764303,1.343100969112807
CMA,2000,thai_dof,561.7974510290595,0.077462506129379,14.523,14.790884255657867,NA,0.017470051861859393,1,618.5055873280775,0.06928496353608565,42.85313706489109,0.908314269974512,1.1180276668405005
CMA,2001,thai_dof,561.593976002291,0.10142532277435024,9.956999999999999,16.888289216802725,NA,0.017463724458159486,1,618.5055873280775,0.06928496353608565,42.85313706489109,0.9079852914964881,1.4638865000127328
CMA,2002,thai_dof,549.4069753344841,0.11926553804235063,10.147,19.466710282694176,NA,0.017084748844587168,1,618.5055873280775,0.06928496353608565,42.85313706489109,0.8882813455378843,1.7213769331094995
CMA,2003,thai_dof,530.143254229035,0.13350076566965985,8.262,21.071239876334737,0.00145021645021645,0.016485710514761814,1,618.5055873280775,0.06928496353608565,42.85313706489109,0.8571357560717202,1.9268360529644895
CMA,2004,thai_dof,505.62636168270956,0.1408953752699702,11.523,21.368152470912605,0.01075098814229249,0.015723315841216407,1,618.5055873280775,0.06928496353608565,42.85313706489109,0.8174968376065894,2.033563533544876
CMA,2005,thai_dof,482.0273896337306,0.1261386037181511,8.404,18.890486117404127,0.04241935483870967,0.0149894654742789,1,618.5055873280775,0.06928496353608565,42.85313706489109,0.7793420132485336,1.820576894039273
CMA,2006,thai_dof,466.5202943553987,0.11677164667653539,10.092,17.598093745005794,0.02696652719665271,0.014507245844689941,1,618.5055873280775,0.06928496353608565,42.85313706489109,0.7542701374303667,1.685382234714135
CMA,2007,thai_dof,457.22876755811257,0.1186562794461361,8.338,17.954966533422482,0.01339534883720929,0.014218309939539228,1,618.5055873280775,0.06928496353608565,42.85313706489109,0.7392475944046437,1.7125834147886418
CMA,2008,thai_dof,448.6903654618802,0.12305353884962944,12.582,18.058137486100268,0.0139516129032258,0.013952793734071661,1,618.5055873280775,0.06928496353608565,42.85313706489109,0.7254427035982115,1.7760497021195591
CMA,2009,thai_dof,438.6312559893981,0.13364634432625788,9.872,18.487208583948114,0.01735537190082644,0.013639988533822906,1,618.5055873280775,0.06928496353608565,42.85313706489109,0.7091791326967146,1.928937210981585
CMA,2010,thai_dof,425.444277361849,0.14108397511307746,14.526,18.906678614277574,0.00935341365461847,0.013229916896611798,1,618.5055873280775,0.06928496353608565,42.85313706489109,0.68785842210375725,2.0362856226314787
CMA,2011,thai_dof,409.69429780384996,0.13244291225564186,26.240000000000002,18.930280007500574,0.00293172690763052,0.01274014436525292,1,618.5055873280775,0.06928496353608565,42.85313706489109,0.662393850916877,1.9115679001066614
CMA,2012,thai_dof,399.56207535532343,0.11806253814385315,22.389,18.07614045429498,NA,0.012425065592062653,1,618.5055873280775,0.06928496353608565,42.85313706489109,0.6460120709360406,1.7040138598378953
CMA,2013,thai_dof,395.41316885081613,0.13289389098791915,27.493000000000002,19.68782130544832,NA,0.012296048253747959,1,618.5055873280775,0.06928496353608565,42.85313706489109,0.6393041177832963,1.9180769420294794
CMA,2014,thai_dof,386.95925479715504,0.14458363478766145,25.998,20.557249170111426,NA,0.012033159348355754,1,618.5055873280775,0.06928496353608565,42.85313706489109,0.6256358272668248,2.0867967219519143
CMA,2015,thai_dof,375.52896548612745,0.2018057218147229,24.797,32.276162604596884,NA,0.011677714967656027,1,618.5055873280775,0.06928496353608565,42.85313706489109,0.6071553324334538,2.912691463128454
CMA,2016,thai_dof,345.608938605562,0.21190147337678855,26.273619999999998,23.446238399663482,NA,0.01074730059793211,1,618.5055873280775,0.06928496353608565,42.85313706489109,0.5587806249230189,3.058404920230982
CMA,2017,thai_dof,317.04740192262926,0.2614854330646237,25.75736,18.641135678973416,NA,0.009859130802588158,1,618.5055873280775,0.06928496353608565,42.85313706489109,0.5126023247296164,3.7740574537278113
CMA,2018,thai_dof,277.1774257960394,0.24330244455031202,36.70039,15.769868502023794,NA,0.008619305756414012,1,618.5055873280775,0.06928496353608565,42.85313706489109,0.44814053660119096,3.5116197242940443
CMA,2019,thai_dof,249.63216590515844,0.25984689121469184,36.89228,15.025333268057008,NA,0.00776273882475452,1,618.5055873280775,0.06928496353608565,42.85313706489109,0.4036053529986054,3.7504081398463307
CMA,2020,thai_dof,221.39990007244003,0.1993586434772654,27.74144,11.146474182386632,NA,0.006884808269227881,1,618.5055873280775,0.06928496353608565,42.85313706489109,0.3579594180044191,2.877372424009916
CMA,2021,thai_dof,208.91441740749747,0.20810445608232886,30.47185,10.149230596887959,NA,0.006496550847843442,1,618.5055873280775,0.06928496353608565,42.85313706489109,0.3377728862725403,3.0036020149442946
CMA,2022,thai_dof,195.7883600122252,0.2134960533120962,18.68675,9.828579122405989,NA,0.006088373660465481,1,618.5055873280775,0.06928496353608565,42.85313706489109,0.31655067314431884,3.0814197253766493
CMA,2023,thai_dof,184.67186432912746,0.23524760892188024,27.71638,10.403005060749214,NA,0.005742687228905277,1,618.5055873280775,0.06928496353608565,42.85313706489109,0.29857751993301057,3.3953631050026654
DMF,1971,thai_dof,362.2074019343906,0.1415617876675075,36.882999999999996,21.58375764410258,1.6747497608281134,1.3979808927755266,1,239.38401284861928,0.5220241482374143,124.96423540895476,1.5130810016266285,0.2711786191222821
DMF,1972,thai_dof,385.4387780352449,0.21532939930189787,51.498000000000005,33.995483790021126,1.5944916015309247,1.4876450457675165,1,239.38401284861928,0.5220241482374143,124.96423540895476,1.6101274828197787,0.4124893456154197
DMF,1973,thai_dof,369.36349905357713,0.28937491909729474,43.473,44.99040217721088,1.3118213549496314,1.4256006680369964,1,239.38401284861928,0.5220241482374143,124.96423540895476,1.5429747987688458,0.5543324385937953
DMF,1974,thai_dof,342.78649233569865,0.2532503015626988,28.66,35.83195305471423,1.457194624620011,1.3230236710448395,1,239.38401284861928,0.5220241482374143,124.96423540895476,1.431952319023362,0.48513139175224834
DMF,1975,thai_dof,344.2272122158798,0.24808959688414145,43.447,37.79554750676814,1.183357823244383,1.3285842941949426,1,239.38401284861928,0.5220241482374143,124.96423540895476,1.4379707655479934,0.4752454416559124
DMF,1976,thai_dof,346.70718293086304,0.3559527284139419,41.889,47.98175359003461,1.4455849537782792,1.3381560247992152,1,239.38401284861928,0.5220241482374143,124.96423540895476,1.4483305664614803,0.6818702345778382
DMF,1977,thai_dof,320.93495176878014,0.45319262866732224,46.848,55.86966610332055,1.1947151099373816,1.2386851511053858,1,239.38401284861928,0.5220241482374143,124.96423540895476,1.3406699467926946,0.868144951143548
DMF,1978,thai_dof,292.5032629589292,0.4444888850358151,36.723,52.2083882572327,1.317626190370497,1.1289497964626027,1,239.38401284861928,0.5220241482374143,124.96423540895476,1.2218997395782702,0.851471884081622
DMF,1979,thai_dof,286.03572949830516,0.4772306394632819,36.83500000000001,53.55584412132475,1.3042498304876324,1.1039876113911433,1,239.38401284861928,0.5220241482374143,124.96423540895476,1.1948823402805404,0.9141926500423876
DMF,1980,thai_dof,277.7741177613717,0.4655391309531298,35.29,48.77226358901292,1.2174296833233784,1.0721009760267588,1,239.38401284861928,0.5220241482374143,124.96423540895476,1.1603703791908169,0.8917961602446879
DMF,1981,thai_dof,275.4910004947516,0.49951392879615675,35.32,51.5323509721142,0.9819552725552118,1.063289023820219,1,239.38401284861928,0.5220241482374143,124.96423540895476,1.150832911590322,0.9568789690720975
DMF,1982,thai_dof,268.48186906337423,0.5294793785730922,32.459,57.08725536920389,1.0186554368037275,1.0362364794390502,1,239.38401284861928,0.5220241482374143,124.96423540895476,1.1215530472085273,1.0142813897802432
DMF,1983,thai_dof,267.3112498253494,0.6369885399296074,32.807,60.918632540323976,0.9826802589600454,1.0317183406082744,1,239.38401284861928,0.5220241482374143,124.96423540895476,1.1166629159750558,1.2202281102902308
DMF,1984,thai_dof,249.60086070813912,0.6215649352920405,32.791000000000004,58.440192451336635,1.1946837134185362,0.96336306830502,1,239.38401284861928,0.5220241482374143,124.96423540895476,1.0426797418003881,1.1906823417857588
DMF,1985,thai_dof,247.72449622818132,0.7286776956370806,33.768,61.43436435717505,1.1123448037014454,0.9561210249981889,1,239.38401284861928,0.5220241482374143,124.96423540895476,1.03484143857525,1.3958697085133334
DMF,1986,thai_dof,234.16183740715584,0.9656251622604346,47.797,68.12406714321226,0.9840269233713064,0.9037743921415209,1,239.38401284861928,0.5220241482374143,124.96423540895476,0.9781849448535821,1.849771060440048
DMF,1987,thai_dof,206.46107457620988,1.0940298781703146,66.626,63.88439953122693,0.7808729779011012,0.7968601299090127,1,239.38401284861928,0.5220241482374143,124.96423540895476,0.8624680993495206,2.0957457272125173
DMF,1988,thai_dof,187.7518328915103,1.1511768845377919,63.382,57.98050811720092,0.6083075526295348,0.7246496718845599,1,239.38401284861928,0.5220241482374143,124.96423540895476,0.7843123300395172,2.2052176866236497
DMF,1989,thai_dof,177.69120306076587,1.1533693211516498,59.76599999999999,55.79028620233141,0.4746030146543525,0.685819520436645,1,239.38401284861928,0.5220241482374143,124.96423540895476,0.7422851716214379,2.2094175624747203
DMF,1990,thai_dof,174.68789829502143,1.2586321234270526,53.886,57.34618889648117,NA,0.6742279222106845,1,239.38401284861928,0.5220241482374143,124.96423540895476,0.7297392011115207,2.411061112166467
DMF,1991,thai_dof,168.2801137187642,1.1411035018333475,66.537,56.09627104496012,0.5352029131610898,0.6494963447918112,1,239.38401284861928,0.5220241482374143,124.96423540895476,0.7029713961106522,2.1859209112954265
DMF,1992,thai_dof,172.89331183924727,1.1447050167325221,55.830999999999996,55.91679923318559,NA,0.6673015105409957,1,239.38401284861928,0.5220241482374143,124.96423540895476,0.7222425164565224,2.1928200459644547
DMF,1993,thai_dof,174.46834375644107,1.291750831738895,74.27199999999999,59.72876289192547,NA,0.6733805263589756,1,239.38401284861928,0.5220241482374143,124.96423540895476,0.7288220365274379,2.474503978600263
DMF,1994,thai_dof,167.94568941547524,1.4536963068110125,75.4975,63.82925091702111,NA,0.6482055959457608,1,239.38401284861928,0.5220241482374143,124.96423540895476,0.7015743759032065,2.7847300009383433
DMF,1995,thai_dof,158.66321505137873,1.7343641087243054,76.774,58.63128553032037,NA,0.612378824517616,1,239.38401284861928,0.5220241482374143,124.96423540895476,0.6627978751100373,3.322382910024929
DMF,1996,thai_dof,144.82714642951169,1.749964474401433,62.22299999999999,53.917147979447634,NA,0.5589769352652124,1,239.38401284861928,0.5220241482374143,124.96423540895476,0.604999242456082,3.352267285546256
DMF,1997,thai_dof,150.9798996041598,1.8448569061169962,56.65799999999999,58.1246713568492,NA,0.5827241898220923,1,239.38401284861928,0.5220241482374143,124.96423540895476,0.6307016822365489,3.5340451439766793
DMF,1998,thai_dof,152.31250837758944,2.078799148549546,62.833999999999996,65.57145204172214,NA,0.5878675457912149,1,239.38401284861928,0.5220241482374143,124.96423540895476,0.6362685066772117,3.9821896277566786
DMF,1999,thai_dof,148.0569621648147,2.0785409148284852,57.980000000000004,63.27842473118043,NA,0.5714427784838368,1,239.38401284861928,0.5220241482374143,124.96423540895476,0.6184914372642019,3.981694950025902
DMF,2000,thai_dof,148.03691251844472,2.0284160349430636,55.057,63.33419689621985,NA,0.5713653945806298,1,239.38401284861928,0.5220241482374143,124.96423540895476,0.6184076821038994,3.8856747179070132
DMF,2001,thai_dof,149.4134705359172,2.471507575107867,59.513,59.37050784499081,NA,0.5766783776835319,1,239.38401284861928,0.5220241482374143,124.96423540895476,0.6241580996071058,4.734469819936062
DMF,2002,thai_dof,130.2574177142336,2.7521242891723756,56.638,50.76860257282016,NA,0.5027434009749024,1,239.38401284861928,0.5220241482374143,124.96423540895476,0.5441358266335241,5.272024864107861
DMF,2003,thai_dof,115.98124680505165,3.1175903403978404,62.61,45.281225284781804,0.218073593073593,0.4476428866108991,1,239.38401284861928,0.5220241482374143,124.96423540895476,0.48449871578681997,5.97211901197332
DMF,2004,thai_dof,111.62251643087292,3.2103469825506905,55.061,42.06579421425343,0.34598023715415,0.4308198682315952,1,239.38401284861928,0.5220241482374143,124.96423540895476,0.466290606054216,6.149805508787764
DMF,2005,thai_dof,117.26144364931393,2.7643430441894523,57.962,50.96417238824934,0.46099677419354823,0.4525839527451423,1,239.38401284861928,0.5220241482374143,124.96423540895476,0.48984659524221136,5.295431357961321
DMF,2006,thai_dof,130.06694438531392,3.087913515333293,54.892,51.98565189574918,0.7168786610878658,0.5020082473778446,1,239.38401284861928,0.5220241482374143,124.96423540895476,0.5433401455575279,5.915269486592646
DMF,2007,thai_dof,135.39490300553152,3.1385369116614266,47.154,53.19310943647329,0.6185069767441858,0.5225721130216284,1,239.38401284861928,0.5220241482374143,124.96423540895476,0.565597098128487,6.012244686876121
DMF,2008,thai_dof,138.08163440172873,3.400326582090383,55.598,54.16959055521184,0.6899838709677415,0.5329418601218938,1,239.38401284861928,0.5220241482374143,124.96423540895476,0.5768206187146184,6.513734266070637
DMF,2009,thai_dof,138.19819479693848,3.9453834594231947,58.602000000000004,54.528634068077515,0.5510971900826442,0.5333917382980089,1,239.38401284861928,0.5220241482374143,124.96423540895476,0.5773075367582367,7.55785622704345
DMF,2010,thai_dof,138.39915815341266,4.383213726966153,64.1,54.25356844012416,0.42898203996489354,0.534167379356139,1,239.38401284861928,0.5220241482374143,124.96423540895476,0.578147038753724,8.396572728993155
DMF,2011,thai_dof,137.07512608332755,3.9026693532513566,80.304,52.68888168623245,0.3355715582423232,0.5290571261544766,1,239.38401284861928,0.5220241482374143,124.96423540895476,0.5726160425341795,7.4760322227017735
DMF,2012,thai_dof,140.4624406915917,3.537901070045058,65.116,55.56397548897211,1.1035647590943034,0.5421308542861576,1,239.38401284861928,0.5220241482374143,124.96423540895476,0.5867661713082601,6.777274733344397
DMF,2013,thai_dof,145.56508993150848,4.085329009957549,77.839,56.82206130494316,0.4500939326298732,0.5618251126084416,1,239.38401284861928,0.5220241482374143,124.96423540895476,0.6080819190860518,7.825938749675541
DMF,2014,thai_dof,141.50642956648105,4.515430281673757,66.836,51.481632991312026,0.5441553134091036,0.5461602487479247,1,239.38401284861928,0.5220241482374143,124.96423540895476,0.5911273183308458,8.649849431141945
DMF,2015,thai_dof,140.17813309488622,4.841012658870628,56.957,47.88318366728251,0.5828982109829055,0.5410335366009237,1,239.38401284861928,0.5220241482374143,124.96423540895476,0.5855785080498734,9.27354160763643
DMF,2016,thai_dof,138.9892060798028,4.999999388961517,49.08813,36.18948674283224,0.2810601831082906,0.5364447368107629,1,239.38401284861928,0.5220241482374143,124.96423540895476,0.5806118981207665,9.578099798340247
DMF,2017,thai_dof,155.53015657310547,4.999999999999979,51.828160000000004,35.18145476533614,0.4091229897537634,0.6002864269984517,1,239.38401284861928,0.5220241482374143,124.96423540895476,0.6497098729456884,9.578100968857864
DMF,2018,thai_dof,170.27830833471796,4.99999999999994,59.4426,42.23426544474535,1.055181899380611,0.65720860544201265,1,239.38401284861928,0.5220241482374143,124.96423540895476,0.7113186311334746,9.57810096885779
DMF,2019,thai_dof,180.91123080410566,5,58.03636,41.99829021726319,0.5974387098186917,0.6982475857808521,1,239.38401284861928,0.5220241482374143,124.96423540895476,0.7557364781854066,9.578100968857905
DMF,2020,thai_dof,183.01295662095077,4.99999999995968,50.2554,50.88887164531284,2.9020302341101365,0.7063594369415712,1,239.38401284861928,0.5220241482374143,124.96423540895476,0.7645162032465542,9.578100968780667
DMF,2021,thai_dof,190.85859409548576,4.999999999999926,49.07711,47.35417319772972,0.3833456358538275,0.7366405720659998,1,239.38401284861928,0.5220241482374143,124.96423540895476,0.7972904782750891,9.578100968857763
DMF,2022,thai_dof,188.1537953712614,4.999999999999997,41.6522,43.9687249018218,1.0582687169226213,0.7262010920468858,1,239.38401284861928,0.5220241482374143,124.96423540895476,0.785991483442319,9.5781009688579
DMF,2023,thai_dof,186.5275822585506,5,42.670500000000004,42.26843476483424,0.4915860924243926,0.7199245365513067,1,239.38401284861928,0.5220241482374143,124.96423540895476,0.7791981596386146,9.578100968857905
LPF,1971,thai_dof,730.9032966604519,NA,NA,NA,12.837852733417394,5.66512183288115,0,619.4024198483693,0.15898706939746676,98.47697550939154,1.180013628037453,NA
LPF,1972,thai_dof,730.9032966604519,NA,NA,NA,12.222631012649396,5.66512183288115,0,619.4024198483693,0.15898706939746676,98.47697550939154,1.180013628037453,NA
LPF,1973,thai_dof,730.9032966604519,NA,NA,NA,10.055812373466518,5.66512183288115,0,619.4024198483693,0.15898706939746676,98.47697550939154,1.180013628037453,NA
LPF,1974,thai_dof,730.9032966604519,NA,NA,NA,11.170176245046283,5.66512183288115,0,619.4024198483693,0.15898706939746676,98.47697550939154,1.180013628037453,NA
LPF,1975,thai_dof,730.9032966604519,NA,NA,NA,9.071070688337873,5.66512183288115,0,619.4024198483693,0.15898706939746676,98.47697550939154,1.180013628037453,NA
LPF,1976,thai_dof,730.9032966604519,NA,NA,NA,11.081181908079843,5.66512183288115,0,619.4024198483693,0.15898706939746676,98.47697550939154,1.180013628037453,NA
LPF,1977,thai_dof,730.9032966604519,NA,NA,NA,9.15813036580504,5.66512183288115,0,619.4024198483693,0.15898706939746676,98.47697550939154,1.180013628037453,NA
LPF,1978,thai_dof,730.9032966604519,NA,NA,NA,10.100309541949738,5.66512183288115,0,619.4024198483693,0.15898706939746676,98.47697550939154,1.180013628037453,NA
LPF,1979,thai_dof,730.9032966604519,NA,NA,NA,9.997772588488406,5.66512183288115,0,619.4024198483693,0.15898706939746676,98.47697550939154,1.180013628037453,NA
LPF,1980,thai_dof,730.9032966604519,NA,NA,NA,9.332249720739378,5.66512183288115,0,619.4024198483693,0.15898706939746676,98.47697550939154,1.180013628037453,NA
LPF,1981,thai_dof,730.9032966604519,NA,NA,NA,7.527212407920071,5.66512183288115,0,619.4024198483693,0.15898706939746676,98.47697550939154,1.180013628037453,NA
LPF,1982,thai_dof,730.9032966604519,NA,NA,NA,7.808538797649906,5.66512183288115,0,619.4024198483693,0.15898706939746676,98.47697550939154,1.180013628037453,NA
LPF,1983,thai_dof,730.9032966604519,NA,NA,NA,7.532769816505329,5.66512183288115,0,619.4024198483693,0.15898706939746676,98.47697550939154,1.180013628037453,NA
LPF,1984,thai_dof,730.9032966604519,NA,NA,NA,9.157889694694225,5.66512183288115,0,619.4024198483693,0.15898706939746676,98.47697550939154,1.180013628037453,NA
LPF,1985,thai_dof,730.9032966604519,NA,NA,NA,8.526717908972948,5.66512183288115,0,619.4024198483693,0.15898706939746676,98.47697550939154,1.180013628037453,NA
LPF,1986,thai_dof,730.9032966604519,NA,NA,NA,7.543092719542827,5.66512183288115,0,619.4024198483693,0.15898706939746676,98.47697550939154,1.180013628037453,NA
LPF,1987,thai_dof,730.9032966604519,NA,NA,NA,5.985809061314631,5.66512183288115,0,619.4024198483693,0.15898706939746676,98.47697550939154,1.180013628037453,NA
LPF,1988,thai_dof,730.9032966604519,NA,NA,NA,4.66300277208102,5.66512183288115,0,619.4024198483693,0.15898706939746676,98.47697550939154,1.180013628037453,NA
LPF,1989,thai_dof,730.9032966604519,NA,NA,NA,3.63808597050091,5.66512183288115,0,619.4024198483693,0.15898706939746676,98.47697550939154,1.180013628037453,NA
LPF,1990,thai_dof,730.9032966604519,NA,NA,NA,NA,5.66512183288115,0,619.4024198483693,0.15898706939746676,98.47697550939154,1.180013628037453,NA
LPF,1991,thai_dof,730.9032966604519,NA,NA,NA,4.102616607188298,5.66512183288115,0,619.4024198483693,0.15898706939746676,98.47697550939154,1.180013628037453,NA
LPF,1992,thai_dof,730.9032966604519,NA,NA,NA,NA,5.66512183288115,0,619.4024198483693,0.15898706939746676,98.47697550939154,1.180013628037453,NA
LPF,1993,thai_dof,730.9032966604519,NA,NA,NA,NA,5.66512183288115,0,619.4024198483693,0.15898706939746676,98.47697550939154,1.180013628037453,NA
LPF,1994,thai_dof,730.9032966604519,NA,NA,NA,NA,5.66512183288115,0,619.4024198483693,0.15898706939746676,98.47697550939154,1.180013628037453,NA
LPF,1995,thai_dof,730.9032966604519,NA,NA,NA,NA,5.66512183288115,0,619.4024198483693,0.15898706939746676,98.47697550939154,1.180013628037453,NA
LPF,1996,thai_dof,730.9032966604519,NA,NA,NA,NA,5.66512183288115,0,619.4024198483693,0.15898706939746676,98.47697550939154,1.180013628037453,NA
LPF,1997,thai_dof,730.9032966604519,NA,NA,NA,NA,5.66512183288115,0,619.4024198483693,0.15898706939746676,98.47697550939154,1.180013628037453,NA
LPF,1998,thai_dof,730.9032966604519,NA,NA,NA,NA,5.66512183288115,0,619.4024198483693,0.15898706939746676,98.47697550939154,1.180013628037453,NA
LPF,1999,thai_dof,730.9032966604519,NA,NA,NA,NA,5.66512183288115,0,619.4024198483693,0.15898706939746676,98.47697550939154,1.180013628037453,NA
LPF,2000,thai_dof,730.9032966604519,NA,NA,NA,NA,5.66512183288115,0,619.4024198483693,0.15898706939746676,98.47697550939154,1.180013628037453,NA
LPF,2001,thai_dof,730.9032966604519,0.21649292761580252,35.205,36.98754088062318,NA,5.66512183288115,1,619.4024198483693,0.15898706939746676,98.47697550939154,1.180013628037453,1.3617014794742297
LPF,2002,thai_dof,681.8272528601615,0.22463628510348777,30.597,37.77175150212714,NA,5.284740777720011,1,619.4024198483693,0.15898706939746676,98.47697550939154,1.1007823524923812,1.4129217297659493
LPF,2003,thai_dof,640.3264836096638,0.24028010142433587,39.173,38.900167478369994,4.2929523809523795,4.963074539468553,1,619.4024198483693,0.15898706939746676,98.47697550939154,1.0337810494289266,1.5113185137316858
LPF,2004,thai_dof,600.2523067410774,0.2298648110344539,35.955,36.6911209354982,5.040936758893278,4.652465604811584,1,619.4024198483693,0.15898706939746676,98.47697550939154,0.9690829217102835,1.4458082151309626
LPF,2005,thai_dof,573.5739134299101,0.22112556672687678,23.656,33.468741724202296,5.613892558651024,4.445685379433156,1,619.4024198483693,0.15898706939746676,98.47697550939154,0.9260117413979784,1.390839944184795
LPF,2006,thai_dof,556.4449158423964,0.20714467465163455,19.869,30.872241902412373,4.4988577405857715,4.312921088107935,1,619.4024198483693,0.15898706939746676,98.47697550939154,0.8983576718647871,1.3029026538867388
LPF,2007,thai_dof,548.5430152299353,0.2008472293860697,19.439,30.91825761987213,3.260753488372092,4.251674641573291,1,619.4024198483693,0.15898706939746676,98.47697550939154,0.8856003748971785,1.26329285864093
LPF,2008,thai_dof,544.693535554775,0.202798744920746,26.142000000000003,31.110762673502517,5.151786290322578,4.221837901949016,1,619.4024198483693,0.15898706939746676,98.47697550939154,0.8793855466178465,1.275567539481782
LPF,2009,thai_dof,540.4488055763254,0.2165792469340131,23.598,32.21465556260562,3.8389900826446266,4.188937636502858,1,619.4024198483693,0.15898706939746676,98.47697550939154,0.8725326028087332,1.3622444124217814
LPF,2010,thai_dof,530.5863928244313,0.21879157323554121,34.87199999999999,31.83100971127746,3.95987127544066,4.1124955544094774,1,619.4024198483693,0.15898706939746676,98.47697550939154,0.8566101387758861,1.3761595459600777
LPF,2011,thai_dof,520.2437073529683,0.20005646228820506,34.925000000000004,32.01864234147185,3.256608175500181,4.032330950497138,1,619.4024198483693,0.15898706939746676,98.47697550939154,0.8399122939821978,1.2583190761763465
LPF,2012,thai_dof,519.8042509742338,0.18255239723474137,32.007,30.754903608275747,3.2112040456180293,4.028924790014427,1,619.4024198483693,0.15898706939746676,98.47697550939154,0.8392028095425955,1.1482216630986601
LPF,2013,thai_dof,527.5560979975405,0.19910707579988163,33.979,34.30359943836955,3.2479481672462156,4.0890081936842995,1,619.4024198483693,0.15898706939746676,98.47697550939154,0.8517178510970091,1.252347606345992
LPF,2014,thai_dof,526.4058284223032,0.19784536143451348,32.888999999999996,35.17091014358806,3.918725295144031,4.080092626721953,1,619.4024198483693,0.15898706939746676,98.47697550939154,0.8498607876784986,1.244411650483985
LPF,2015,thai_dof,526.7608871510251,0.25941657278665264,58.809,54.56222635651341,4.503252015521364,4.082844633677221,1,619.4024198483693,0.15898706939746676,98.47697550939154,0.850434015546754,1.6316834681574808
LPF,2016,thai_dof,501.6597336281555,0.20508854061971693,69.31465,36.838989235617696,4.291889781332916,3.8882893573463613,1,619.4024198483693,0.15898706939746676,98.47697550939154,0.8099092246862106,1.289969941561705
LPF,2017,thai_dof,492.2891544244197,0.21700023821415027,60.669610000000006,31.708632832422992,4.207916584287845,3.8156594033204634,1,619.4024198483693,0.15898706939746676,98.47697550939154,0.7947808059014895,1.364892371666094
LPF,2018,thai_dof,474.75597029676317,0.22516200202593772,70.4,31.426511290224116,3.606002657964865,3.679762322741751,1,619.4024198483693,0.15898706939746676,98.47697550939154,0.766474193647781,1.416228394417624
LPF,2019,thai_dof,461.9596093146642,0.2269390996988898,44.744,31.430605490816458,4.604601765476088,3.580579647944219,1,619.4024198483693,0.15898706939746676,98.47697550939154,0.7458149895955406,1.4274060183570234
LPF,2020,thai_dof,445.85559220640505,0.2089557871827017,36.935,28.035677811585117,3.391696528557638,3.455759826589011,1,619.4024198483693,0.15898706939746676,98.47697550939154,0.7198157093340889,1.3142942251505587
LPF,2021,thai_dof,432.7273712813823,0.1965674467960401,38.771,25.396834202362847,4.970937032567688,3.354004955145622,1,619.4024198483693,0.15898706939746676,98.47697550939154,0.6986207309091796,1.2363737978251716
LPF,2022,thai_dof,429.2865239057912,0.19371887257274079,19.623,25.689127439120917,3.0040670153152296,3.3273354631893852,1,619.4024198483693,0.15898706939746676,98.47697550939154,0.6930656228480367,1.218456779579003
LPF,2023,thai_dof,435.4920977709134,0.21024196464027067,21.544999999999998,28.939333719994167,2.971088139469183,3.3754339355173766,1,619.4024198483693,0.15898706939746676,98.47697550939154,0.703084269314806,1.322384049451638
MPF,1971,thai_dof,2026.7339157856086,NA,NA,NA,0.35332632132570485,0.28729336896778607,0,1193.6003738216818,0.09369388289664456,111.83305365023988,1.6980004030129374,NA
MPF,1972,thai_dof,2026.7339157856086,NA,NA,NA,0.3363940483114808,0.28729336896778607,0,1193.6003738216818,0.09369388289664456,111.83305365023988,1.6980004030129374,NA
MPF,1973,thai_dof,2026.7339157856086,NA,NA,NA,0.27675836977081736,0.28729336896778607,0,1193.6003738216818,0.09369388289664456,111.83305365023988,1.6980004030129374,NA
MPF,1974,thai_dof,2026.7339157856086,NA,NA,NA,0.3074281473060157,0.28729336896778607,0,1193.6003738216818,0.09369388289664456,111.83305365023988,1.6980004030129374,NA
MPF,1975,thai_dof,2026.7339157856086,NA,NA,NA,0.2496560837197481,0.28729336896778607,0,1193.6003738216818,0.09369388289664456,111.83305365023988,1.6980004030129374,NA
MPF,1976,thai_dof,2026.7339157856086,NA,NA,NA,0.3049788247945242,0.28729336896778607,0,1193.6003738216818,0.09369388289664456,111.83305365023988,1.6980004030129374,NA
MPF,1977,thai_dof,2026.7339157856086,NA,NA,NA,0.25205216008968545,0.28729336896778607,0,1193.6003738216818,0.09369388289664456,111.83305365023988,1.6980004030129374,NA
MPF,1978,thai_dof,2026.7339157856086,NA,NA,NA,0.2779830310265632,0.28729336896778607,0,1193.6003738216818,0.09369388289664456,111.83305365023988,1.6980004030129374,NA
MPF,1979,thai_dof,2026.7339157856086,NA,NA,NA,0.27516098552419255,0.28729336896778607,0,1193.6003738216818,0.09369388289664456,111.83305365023988,1.6980004030129374,NA
MPF,1980,thai_dof,2026.7339157856086,NA,NA,NA,0.2568443128295602,0.28729336896778607,0,1193.6003738216818,0.09369388289664456,111.83305365023988,1.6980004030129374,NA
MPF,1981,thai_dof,2026.7339157856086,NA,NA,NA,0.20716566275952547,0.28729336896778607,0,1193.6003738216818,0.09369388289664456,111.83305365023988,1.6980004030129374,NA
MPF,1982,thai_dof,2026.7339157856086,NA,NA,NA,0.21490839204916296,0.28729336896778607,0,1193.6003738216818,0.09369388289664456,111.83305365023988,1.6980004030129374,NA
MPF,1983,thai_dof,2026.7339157856086,NA,NA,NA,0.2073186150306184,0.28729336896778607,0,1193.6003738216818,0.09369388289664456,111.83305365023988,1.6980004030129374,NA
MPF,1984,thai_dof,2026.7339157856086,NA,NA,NA,0.25204553628428744,0.28729336896778607,0,1193.6003738216818,0.09369388289664456,111.83305365023988,1.6980004030129374,NA
MPF,1985,thai_dof,2026.7339157856086,NA,NA,NA,0.23467428193168277,0.28729336896778607,0,1193.6003738216818,0.09369388289664456,111.83305365023988,1.6980004030129374,NA
MPF,1986,thai_dof,2026.7339157856086,NA,NA,NA,0.2076027243307778,0.28729336896778607,0,1193.6003738216818,0.09369388289664456,111.83305365023988,1.6980004030129374,NA
MPF,1987,thai_dof,2026.7339157856086,NA,NA,NA,0.164742807049585,0.28729336896778607,0,1193.6003738216818,0.09369388289664456,111.83305365023988,1.6980004030129374,NA
MPF,1988,thai_dof,2026.7339157856086,NA,NA,NA,0.12833622958629903,0.28729336896778607,0,1193.6003738216818,0.09369388289664456,111.83305365023988,1.6980004030129374,NA
MPF,1989,thai_dof,2026.7339157856086,NA,NA,NA,0.1001282347847564,0.28729336896778607,0,1193.6003738216818,0.09369388289664456,111.83305365023988,1.6980004030129374,NA
MPF,1990,thai_dof,2026.7339157856086,NA,NA,NA,NA,0.28729336896778607,0,1193.6003738216818,0.09369388289664456,111.83305365023988,1.6980004030129374,NA
MPF,1991,thai_dof,2026.7339157856086,NA,NA,NA,0.11291315329193038,0.28729336896778607,0,1193.6003738216818,0.09369388289664456,111.83305365023988,1.6980004030129374,NA
MPF,1992,thai_dof,2026.7339157856086,NA,NA,NA,NA,0.28729336896778607,0,1193.6003738216818,0.09369388289664456,111.83305365023988,1.6980004030129374,NA
MPF,1993,thai_dof,2026.7339157856086,NA,NA,NA,NA,0.28729336896778607,0,1193.6003738216818,0.09369388289664456,111.83305365023988,1.6980004030129374,NA
MPF,1994,thai_dof,2026.7339157856086,NA,NA,NA,NA,0.28729336896778607,0,1193.6003738216818,0.09369388289664456,111.83305365023988,1.6980004030129374,NA
MPF,1995,thai_dof,2026.7339157856086,NA,NA,NA,NA,0.28729336896778607,0,1193.6003738216818,0.09369388289664456,111.83305365023988,1.6980004030129374,NA
MPF,1996,thai_dof,2026.7339157856086,NA,NA,NA,NA,0.28729336896778607,0,1193.6003738216818,0.09369388289664456,111.83305365023988,1.6980004030129374,NA
MPF,1997,thai_dof,2026.7339157856086,NA,NA,NA,NA,0.28729336896778607,0,1193.6003738216818,0.09369388289664456,111.83305365023988,1.6980004030129374,NA
MPF,1998,thai_dof,2026.7339157856086,NA,NA,NA,NA,0.28729336896778607,0,1193.6003738216818,0.09369388289664456,111.83305365023988,1.6980004030129374,NA
MPF,1999,thai_dof,2026.7339157856086,NA,NA,NA,NA,0.28729336896778607,0,1193.6003738216818,0.09369388289664456,111.83305365023988,1.6980004030129374,NA
MPF,2000,thai_dof,2026.7339157856086,NA,NA,NA,NA,0.28729336896778607,0,1193.6003738216818,0.09369388289664456,111.83305365023988,1.6980004030129374,NA
MPF,2001,thai_dof,2026.7339157856086,0.15977979699448408,63.958999999999996,93.93943033823675,NA,0.28729336896778607,1,1193.6003738216818,0.09369388289664456,111.83305365023988,1.6980004030129374,1.7053386203530503
MPF,2002,thai_dof,1779.347673306488,0.18757354147936756,68.93499999999999,96.66046044451517,NA,0.2522259008188856,1,1193.6003738216818,0.09369388289664456,111.83305365023988,1.490739876035188,2.0019827941839425
MPF,2003,thai_dof,1553.7204391448536,0.2032631484067453,76.239,91.61516282758268,0.17380519480519468,0.22024281328662149,1,1193.6003738216818,0.09369388289664456,111.83305365023988,1.301709075517575,2.1694388376556946
MPF,2004,thai_dof,1360.8956183517105,0.21273638688014884,81.153,84.51396965405132,0.23283399209486164,0.19290952994103813,1,1193.6003738216818,0.09369388289664456,111.83305365023988,1.1401601810783462,2.2705472364169417
MPF,2005,thai_dof,1200.3566421953233,0.17964417336551008,66.55499999999999,65.4904643954138,0.11832661290322578,0.17015282618659897,1,1193.6003738216818,0.09369388289664456,111.83305365023988,1.0056604107386538,1.9173522092544597
MPF,2006,thai_dof,1103.1419908901041,0.16093242260750262,71.648,56.00070842848066,0.1253849372384937,0.15637246534644447,1,1193.6003738216818,0.09369388289664456,111.83305365023988,0.9242138450058062,1.7176406573418472
MPF,2007,thai_dof,1042.5840472625293,0.15881274317431693,67.149,53.42039404545306,0.17824186046511625,0.14778826220708793,1,1193.6003738216818,0.09369388289664456,111.83305365023988,0.8734783183121609,1.6950172013844935
MPF,2008,thai_dof,993.857457047293,0.15960831853167345,77.961,50.88860250280995,0.1372822580645161,0.1408811758095024,1,1193.6003738216818,0.09369388289664456,111.83305365023988,0.8326551154346158,1.7035084212246847
MPF,2009,thai_dof,949.7050289768517,0.16749060143602623,72.025,49.7431892187163,0.10015289256198344,0.1346224855543743,1,1193.6003738216818,0.09369388289664456,111.83305365023988,0.7956641517596685,1.7876364631060087
MPF,2010,thai_dof,901.3022889663741,0.17564709352110608,76.08800000000001,49.44266117065607,0.10226907630522082,0.1277613055363295,1,1193.6003738216818,0.09369388289664456,111.83305365023988,0.7551122710196339,1.8746911547562355
MPF,2011,thai_dof,855.6467149753008,0.15766887315000133,108.012,45.952745312179516,0.09471480375575088,0.12128954150164653,1,1193.6003738216818,0.09369388289664456,111.83305365023988,0.716861969668862,1.6828086132787212
MPF,2012,thai_dof,827.4632865416175,0.13617549001325813,97.675,41.59563257166457,0.2653379667441039,0.11729448717275266,1,1193.6003738216818,0.09369388289664456,111.83305365023988,0.693249855386889,1.4534085449684673
MPF,2013,thai_dof,818.6940395711932,0.14697996720442408,109.39500000000001,43.83000607857363,0.11337955077709172,0.11605142981538505,1,1193.6003738216818,0.09369388289664456,111.83305365023988,0.68590296847,1.5687253282752769
MPF,2014,thai_dof,802.8161267584394,0.15809248289326305,111.33500000000001,45.410311773390674,0.05657093837215155,0.11380070561887175,1,1193.6003738216818,0.09369388289664456,111.83305365023988,0.6726004317407965,1.6873298235238876
MPF,2015,thai_dof,781.295588977425,0.21398577365762517,47.24,67.00188763428758,0.14918956006837605,0.11075012865218119,1,1193.6003738216818,0.09369388289664456,111.83305365023988,0.6545704962171425,2.2838820106716766
MPF,2016,thai_dof,727.0538513995018,0.2363510021642563,25.790239999999997,54.32800308081628,0.07872484909507042,0.10306125967631087,1,1193.6003738216818,0.09369388289664456,111.83305365023988,0.6091266954547051,2.522587332888951
MPF,2017,thai_dof,666.7880668636911,0.2762353188259512,20.56303,45.8247847520049,0.11957211972120065,0.09451847064123989,1,1193.6003738216818,0.09369388289664456,111.83305365023988,0.5586359400414415,2.948274853019716
MPF,2018,thai_dof,593.7420256932489,0.24110720046427137,10.7386,36.91147317846827,0.1108619298161498,0.08416405603645867,1,1193.6003738216818,0.09369388289664456,111.83305365023988,0.4974378684150372,2.5733505006964132
MPF,2019,thai_dof,548.5449730791189,0.2511810447167422,18.80011,35.410365829904684,0.11601638667606916,0.07775728827489266,1,1193.6003738216818,0.09369388289664456,111.83305365023988,0.45957171689112497,2.680869198193276
MPF,2020,thai_dof,504.29743626594495,0.17588356706392627,14.918000000000001,24.56368472749656,0.05797671431916668,0.07148511617545088,1,1193.6003738216818,0.09369388289664456,111.83305365023988,0.42250107098348194,1.8772150499723304
MPF,2021,thai_dof,496.2496859394032,0.1801384746981869,19.23225,23.500882930760056,0.05882532751091702,0.07034433233307481,1,1193.6003738216818,0.09369388289664456,111.83305365023988,0.4157586549261089,1.922627914747657
MPF,2022,thai_dof,486.8595507168272,0.17872216348008774,35.39228,23.095902785913403,0.11967652359302516,0.06901326289068517,1,1193.6003738216818,0.09369388289664456,111.83305365023988,0.407891586995734,1.9075115466955237
MPF,2023,thai_dof,478.61651292374296,0.19039099245100033,40.77256,24.593729702209767,0.06544736842105262,0.06784479668026702,1,1193.6003738216818,0.09369388289664456,111.83305365023988,0.4009855588359978,2.0320536044068547
NTU,1971,thai_dof,93.95406882831733,NA,NA,NA,0.9771614493618556,0.23798795826408065,0,88.7859400450006,0.5735072910776662,50.91938396099238,1.0582088648348746,NA
NTU,1972,thai_dof,93.95406882831733,NA,NA,NA,0.9303334508773675,0.23798795826408065,0,88.7859400450006,0.5735072910776662,50.91938396099238,1.0582088648348746,NA
NTU,1973,thai_dof,93.95406882831733,NA,NA,NA,0.7654046511835734,0.23798795826408065,0,88.7859400450006,0.5735072910776662,50.91938396099238,1.0582088648348746,NA
NTU,1974,thai_dof,93.95406882831733,NA,NA,NA,0.8502251767403818,0.23798795826408065,0,88.7859400450006,0.5735072910776662,50.91938396099238,1.0582088648348746,NA
NTU,1975,thai_dof,93.95406882831733,NA,NA,NA,0.6904504020370188,0.23798795826408065,0,88.7859400450006,0.5735072910776662,50.91938396099238,1.0582088648348746,NA
NTU,1976,thai_dof,93.95406882831733,NA,NA,NA,0.8434513153243868,0.23798795826408065,0,88.7859400450006,0.5735072910776662,50.91938396099238,1.0582088648348746,NA
NTU,1977,thai_dof,93.95406882831733,NA,NA,NA,0.6970770055961443,0.23798795826408065,0,88.7859400450006,0.5735072910776662,50.91938396099238,1.0582088648348746,NA
NTU,1978,thai_dof,93.95406882831733,NA,NA,NA,0.7687915818915709,0.23798795826408065,0,88.7859400450006,0.5735072910776662,50.91938396099238,1.0582088648348746,NA
NTU,1979,thai_dof,93.95406882831733,NA,NA,NA,0.7609869154774896,0.23798795826408065,0,88.7859400450006,0.5735072910776662,50.91938396099238,1.0582088648348746,NA
NTU,1980,thai_dof,93.95406882831733,NA,NA,NA,0.7103302127143958,0.23798795826408065,0,88.7859400450006,0.5735072910776662,50.91938396099238,1.0582088648348746,NA
NTU,1981,thai_dof,93.95406882831733,NA,NA,NA,0.5729386322551904,0.23798795826408065,0,88.7859400450006,0.5735072910776662,50.91938396099238,1.0582088648348746,NA
NTU,1982,thai_dof,93.95406882831733,NA,NA,NA,0.5943519720434376,0.23798795826408065,0,88.7859400450006,0.5735072910776662,50.91938396099238,1.0582088648348746,NA
NTU,1983,thai_dof,93.95406882831733,NA,NA,NA,0.5733616379977109,0.23798795826408065,0,88.7859400450006,0.5735072910776662,50.91938396099238,1.0582088648348746,NA
NTU,1984,thai_dof,93.95406882831733,NA,NA,NA,0.6970586867591592,0.23798795826408065,0,88.7859400450006,0.5735072910776662,50.91938396099238,1.0582088648348746,NA
NTU,1985,thai_dof,93.95406882831733,NA,NA,NA,0.6490166387828434,0.23798795826408065,0,88.7859400450006,0.5735072910776662,50.91938396099238,1.0582088648348746,NA
NTU,1986,thai_dof,93.95406882831733,NA,NA,NA,0.57414737242723,0.23798795826408065,0,88.7859400450006,0.5735072910776662,50.91938396099238,1.0582088648348746,NA
NTU,1987,thai_dof,93.95406882831733,NA,NA,NA,0.4556137213454794,0.23798795826408065,0,88.7859400450006,0.5735072910776662,50.91938396099238,1.0582088648348746,NA
NTU,1988,thai_dof,93.95406882831733,NA,NA,NA,0.3549274665913786,0.23798795826408065,0,88.7859400450006,0.5735072910776662,50.91938396099238,1.0582088648348746,NA
NTU,1989,thai_dof,93.95406882831733,NA,NA,NA,0.2769152625176885,0.23798795826408065,0,88.7859400450006,0.5735072910776662,50.91938396099238,1.0582088648348746,NA
NTU,1990,thai_dof,93.95406882831733,NA,NA,NA,NA,0.23798795826408065,0,88.7859400450006,0.5735072910776662,50.91938396099238,1.0582088648348746,NA
NTU,1991,thai_dof,93.95406882831733,NA,NA,NA,0.3122733118460516,0.23798795826408065,0,88.7859400450006,0.5735072910776662,50.91938396099238,1.0582088648348746,NA
NTU,1992,thai_dof,93.95406882831733,NA,NA,NA,NA,0.23798795826408065,0,88.7859400450006,0.5735072910776662,50.91938396099238,1.0582088648348746,NA
NTU,1993,thai_dof,93.95406882831733,NA,NA,NA,NA,0.23798795826408065,0,88.7859400450006,0.5735072910776662,50.91938396099238,1.0582088648348746,NA
NTU,1994,thai_dof,93.95406882831733,NA,NA,NA,NA,0.23798795826408065,0,88.7859400450006,0.5735072910776662,50.91938396099238,1.0582088648348746,NA
NTU,1995,thai_dof,93.95406882831733,NA,NA,NA,NA,0.23798795826408065,0,88.7859400450006,0.5735072910776662,50.91938396099238,1.0582088648348746,NA
NTU,1996,thai_dof,93.95406882831733,NA,NA,NA,NA,0.23798795826408065,0,88.7859400450006,0.5735072910776662,50.91938396099238,1.0582088648348746,NA
NTU,1997,thai_dof,93.95406882831733,NA,NA,NA,NA,0.23798795826408065,0,88.7859400450006,0.5735072910776662,50.91938396099238,1.0582088648348746,NA
NTU,1998,thai_dof,93.95406882831733,NA,NA,NA,NA,0.23798795826408065,0,88.7859400450006,0.5735072910776662,50.91938396099238,1.0582088648348746,NA
NTU,1999,thai_dof,93.95406882831733,NA,NA,NA,NA,0.23798795826408065,0,88.7859400450006,0.5735072910776662,50.91938396099238,1.0582088648348746,NA
NTU,2000,thai_dof,93.95406882831733,NA,NA,NA,NA,0.23798795826408065,0,88.7859400450006,0.5735072910776662,50.91938396099238,1.0582088648348746,NA
NTU,2001,thai_dof,93.95406882831733,0.3358221209976069,8.443,7.583782787374284,NA,0.23798795826408065,1,88.7859400450006,0.5735072910776662,50.91938396099238,1.0582088648348746,0.5855585904872633
NTU,2002,thai_dof,117.8074147988791,0.4701464329337952,10.642,11.869735513384526,NA,0.29840906802649003,1,88.7859400450006,0.5735072910776662,50.91938396099238,1.3268701636674585,0.8197741166469782
NTU,2003,thai_dof,118.90293390817638,0.48359831475531223,19.531,13.167138896499509,0.3968874458874456,0.3011840447711094,1,88.7859400450006,0.5735072910776662,50.91938396099238,1.3392090442237945,0.8432295844863493
NTU,2004,thai_dof,118.33871840673625,0.5501588097936523,14.024000000000001,14.379101087772016,0.37725296442687734,0.29975487308239795,1,88.7859400450006,0.5735072910776662,50.91938396099238,1.3328542598834567,0.9592882572771826
NTU,2005,thai_dof,113.82793156998605,0.38658171258236607,13.559000000000001,12.634291615733186,0.2851290322580644,0.28832893950836286,1,88.7859400450006,0.5735072910776662,50.91938396099238,1.282049066691112,0.6740659074376335
NTU,2006,thai_dof,123.92795676911061,0.3344163108997691,10.611,13.551597573746397,0.19346443514644343,0.3139125507934439,1,88.7859400450006,0.5735072910776662,50.91938396099238,1.395806100676509,0.5831073398759657
NTU,2007,thai_dof,131.61233852980064,0.32806749188746664,10.679,15.369389334404834,0.415720930232558,0.33337727806449075,1,88.7859400450006,0.5735072910776662,50.91938396099238,1.4823556349473097,0.5720371771926414
NTU,2008,thai_dof,134.13666083558553,0.32648562652257596,16.903,16.506897897781847,0.3748346774193546,0.3397714483122103,1,88.7859400450006,0.5735072910776662,50.91938396099238,1.510787189588793,0.56927894658337
NTU,2009,thai_dof,134.02142312743663,0.3357688951250175,16.091,17.687577449502932,0.2532024793388429,0.33947954837408734,1,88.7859400450006,0.5735072910776662,50.91938396099238,1.5094892621456586,0.5854657828221866
NTU,2010,thai_dof,133.4811851745598,0.3828641591988804,14.878,19.289209683390794,0.3257202375269699,0.3381111124033487,1,88.7859400450006,0.5735072910776662,50.91938396099238,1.5034045380034913,0.6675837694747488
NTU,2011,thai_dof,128.87754182604513,0.3429877104443255,15.366000000000001,20.38082730866114,0.1701867797868954,0.32644997100998296,1,88.7859400450006,0.5735072910776662,50.91938396099238,1.4515534977804407,0.5980529206521927
NTU,2012,thai_dof,132.41395005802818,0.315267554192328,22.929,21.85224055162798,0.23390934446618944,0.33540777970537683,1,88.7859400450006,0.5735072910776662,50.91938396099238,1.491384221318319,0.5497184762898393
NTU,2013,thai_dof,135.74565269253335,0.3431360579614937,28.191000000000003,25.527334121275807,0.48206645966290834,0.3438470641069691,1,88.7859400450006,0.5735072910776662,50.91938396099238,1.5289093365878823,0.5983115878382532
NTU,2014,thai_dof,133.44756892498177,0.39334430190992276,29.988,27.66542651249035,0.23426333990365156,0.3380259616195525,1,88.7859400450006,0.5735072910776662,50.91938396099238,1.503025916686186,0.6858575436256394
NTU,2015,thai_dof,128.53802472147055,0.6348577509162237,30.541999999999998,43.566200137560756,0.2325755730641026,0.32558996586575567,1,88.7859400450006,0.5735072910776662,50.91938396099238,1.4477295014990195,1.1069741584684565
NTU,2016,thai_dof,109.37596819232672,0.6315359447500759,28.1248,28.66663746581031,0.19938404751760558,0.27705200719740936,1,88.7859400450006,0.5735072910776662,50.91938396099238,1.2319064047403248,1.1011820679094928
NTU,2017,thai_dof,107.03815265489544,0.5773678859726958,31.564839999999997,22.685307453586955,0.5005212978763105,0.27113026316343913,1,88.7859400450006,0.5735072910776662,50.91938396099238,1.205575484143591,1.0067315532951209
NTU,2018,thai_dof,108.68278715089737,0.5091125586144356,28.586879999999997,24.249010063840533,0.515669359008297,0.27529616263618456,1,88.7859400450006,0.5735072910776662,50.91938396099238,1.2240990757749726,0.88771767427363
NTU,2019,thai_dof,113.02319636071098,0.5439494754692058,28.08343,27.49063600541061,0.347744517636968,0.28629052550685163,1,88.7859400450006,0.5735072910776662,50.91938396099238,1.272985298161239,0.9484613080455894
NTU,2020,thai_dof,112.57177111140385,0.4156871845895136,24.790200000000002,26.28448913122986,0.34159467004208016,0.285147054290211,1,88.7859400450006,0.5735072910776662,50.91938396099238,1.2679008754578434,0.724815867307291
NTU,2021,thai_dof,121.98532713355658,0.40953218032339755,33.43909,27.521817860862864,0.42985619588450147,0.30899182233118216,1,88.7859400450006,0.5735072910776662,50.91938396099238,1.3739261765064275,0.714083651061966
NTU,2022,thai_dof,124.80497946474286,0.43344262791994925,33.835260000000005,30.603418039639866,0.262905487759869,0.3161340707689776,1,88.7859400450006,0.5735072910776662,50.91938396099238,1.4056840463871445,0.7557752702768187
NTU,2023,thai_dof,123.03803796105817,0.5092573521641643,36.342620000000004,35.61454773726381,0.31066452314777493,0.31165836464918856,1,88.7859400450006,0.5735072910776662,50.91938396099238,1.385782905476893,0.8879701445595033
SAR,1971,thai_dof,470.40440837022794,NA,NA,NA,NA,2.0567251879396746,0,299.1555419539604,0.5785039573426295,173.0626648813451,1.5724408957886613,NA
SAR,1972,thai_dof,470.40440837022794,0.09478125818973293,5.8180000000000005,26.140295255155543,2.401529112001412,2.0567251879396746,1,299.1555419539604,0.5785039573426295,173.0626648813451,1.5724408957886613,0.16383856495141833
SAR,1973,thai_dof,532.856647412,0.1232328653446686,19.570999999999994,37.9809072196941,1.9757878753528053,2.3297819254933527,1,299.1555419539604,0.5785039573426295,173.0626648813451,1.7812026611026512,0.21301991763503475
SAR,1974,thai_dof,531.3876680116775,0.12260982549768507,41.042,54.86204310795195,2.1947405113435177,2.323359181829713,1,299.1555419539604,0.5785039573426295,173.0626648813451,1.7762922409555673,0.2119429330456026
SAR,1975,thai_dof,531.701307314664,0.2425237339385724,48.041,81.56679326011324,1.78230368834018,2.3247304909477866,1,299.1555419539604,0.5785039573426295,173.0626648813451,1.777340656441832,0.419225712910609
SAR,1976,thai_dof,480.2558046967279,0.30641931347989004,90.276,91.6688458548,2.177254710552593,2.0997979453385427,1,299.1555419539604,0.5785039573426295,173.0626648813451,1.6053715788111276,0.5296753973601733
SAR,1977,thai_dof,454.57273677042764,0.45476038803956076,201.653,112.79526170860693,1.7994093630269543,1.9875051781627442,1,299.1555419539604,0.5785039573426295,173.0626648813451,1.5195196913329647,0.7860972812156938
SAR,1978,thai_dof,406.0586548906011,0.41959885749754466,60.512,81.37536013887626,1.9845307757482682,1.7753895338436205,1,299.1555419539604,0.5785039573426295,173.0626648813451,1.3573495989357032,0.725317177474431
SAR,1979,thai_dof,409.79112000236677,0.47168807750755626,132.29500000000002,94.51682096488543,1.9643840922282896,1.7917088005679085,1,299.1555419539604,0.5785039573426295,173.0626648813451,1.3698262693907675,0.8153584284440606
SAR,1980,thai_dof,394.6835385876795,0.4523458436577181,93.475,97.26900450709199,1.833620712400503,1.7256546933538843,1,299.1555419539604,0.5785039573426295,173.0626648813451,1.3193255121057417,0.7819235078971258
SAR,1981,thai_dof,399.2890382922946,0.5341931749913842,127.401,114.16265627903174,1.478963057228048,1.7457910846737454,1,299.1555419539604,0.5785039573426295,173.0626648813451,1.3347205125611366,0.9234045302735908
SAR,1982,thai_dof,380.4894282425887,0.42376119367788245,85.979,117.59191502486266,1.5342386778543475,1.6635945090790656,1,299.1555419539604,0.5785039573426295,173.0626648813451,1.2718782535579618,0.7325121778326957
SAR,1983,thai_dof,402.2426396632601,0.6413708503419464,95.973,123.06902971119352,1.4800549889480654,1.7587049652129276,1,299.1555419539604,0.5785039573426295,173.0626648813451,1.3445936419428415,1.108671500343917
SAR,1984,thai_dof,355.3562065055995,0.9037824390469069,80.084,131.8987517632449,1.7993620754439088,1.5537058063357556,1,299.1555419539604,0.5785039573426295,173.0626648813451,1.187864360407832,1.5622752922874568
SAR,1985,thai_dof,302.9874677367919,0.8090552144870502,68.286,104.33270460438354,1.6753480708883546,1.324736642420802,1,299.1555419539604,0.5785039573426295,173.0626648813451,1.0128091418858665,1.39853012968738
SAR,1986,thai_dof,302.62259409341823,1.0992051916846206,93.56200000000001,127.29840981028194,1.482083255377712,1.323141324010964,1,299.1555419539604,0.5785039573426295,173.0626648813451,1.0115894631829734,1.9000824069274194
SAR,1987,thai_dof,270.10159965253,1.157204185187009,79.938,114.54533869920671,1.17610477684812,1.1809514397044838,1,299.1555419539604,0.5785039573426295,173.0626648813451,0.9028801468571767,2.0003392725309115
SAR,1988,thai_dof,253.6622351624901,1.5645238133510837,88.21,130.49109483232237,0.9161969215062222,1.1090744453167627,1,299.1555419539604,0.5785039573426295,173.0626648813451,0.8479275814369782,2.7044306153716873
SAR,1989,thai_dof,219.03378725996092,1.266375395559736,101.42099999999999,99.93121821124898,0.7148190402769924,0.9576702497924416,1,299.1555419539604,0.5785039573426295,173.0626648813451,0.7321735904650896,2.1890522605529945
SAR,1990,thai_dof,217.83721085997783,1.7638571563633851,75.666,123.07367386950997,NA,0.9524385198652798,1,299.1555419539604,0.5785039573426295,173.0626648813451,0.7281737434551778,3.048997563414607
SAR,1991,thai_dof,190.5119207601367,0.982375562467273,66.32900000000001,76.02403286549288,0.8060910296111038,0.8329655484898294,1,299.1555419539604,0.5785039573426295,173.0626648813451,0.6368323298167621,1.6981311017816307
SAR,1992,thai_dof,220.2441439388629,1.2598852032508487,90.49000000000001,107.66534267789723,NA,0.9629622305298531,1,299.1555419539604,0.5785039573426295,173.0626648813451,0.7362195014015758,2.1778333358999977
SAR,1993,thai_dof,218.58600249397972,1.4843979308702249,86.06,105.67054188533427,NA,0.955712423312541,1,299.1555419539604,0.5785039573426295,173.0626648813451,0.7306767612134687,2.5659252837073736
SAR,1994,thai_dof,210.64295546425944,1.4790721656004142,110.2,110.21184916769869,NA,0.9209834441526403,1,299.1555419539604,0.5785039573426295,173.0626648813451,0.7041251988461478,2.5567191837279113
SAR,1995,thai_dof,206.95406146352997,1.8946179846780353,139.289,106.10400539780046,NA,0.9048546811735133,1,299.1555419539604,0.5785039573426295,173.0626648813451,0.6917941754038436,3.2750302925860773
SAR,1996,thai_dof,188.5796364658627,1.5112661047826754,152.882,73.60081865951007,NA,0.8245171204828246,1,299.1555419539604,0.5785039573426295,173.0626648813451,0.6303732006237908,2.6123695189998513
SAR,1997,thai_dof,193.2941906936675,1.6663409181847246,143.73499999999999,80.13488909140634,NA,0.8451303253289026,1,299.1555419539604,0.5785039573426295,173.0626648813451,0.6461327422890103,2.8804313212291546
SAR,1998,thai_dof,190.30209242438934,2.1045135166661697,116.463,84.71604481594825,NA,0.8320481267658913,1,299.1555419539604,0.5785039573426295,173.0626648813451,0.6361309276820168,3.6378550050604637
SAR,1999,thai_dof,173.73177986535018,2.3369246244443644,117.416,98.70474078403478,NA,0.7595985948189328,1,299.1555419539604,0.5785039573426295,173.0626648813451,0.5807406365618567,4.039600066314288
SAR,2000,thai_dof,160.12331309611307,2.1554876654609814,119.45600000000002,78.4659192295622,NA,0.7000989900628872,1,299.1555419539604,0.5785039573426295,173.0626648813451,0.5352510337941719,3.725968747668142
SAR,2001,thai_dof,156.0381566332466,2.6723037121767317,109.575,76.62546167406185,NA,0.682237668943551,1,299.1555419539604,0.5785039573426295,173.0626648813451,0.521595406904615,4.619335232298179
SAR,2002,thai_dof,129.3554940970881,3.6236941487954226,106.326,61.407533983925624,NA,0.5655744252687182,1,299.1555419539604,0.5785039573426295,173.0626648813451,0.4324021318548587,6.263905549481356
SAR,2003,thai_dof,114.47459125126818,4.425071811217681,100.12799999999999,54.223985540826106,0.46843722943722943,0.5005114131929621,1,299.1555419539604,0.5785039573426295,173.0626648813451,0.3826591026981063,7.649164288424826
SAR,2004,thai_dof,104.64517600981993,4.962001938970611,99.65,46.94726524603248,0.6455849802371542,0.45753476257047554,1,299.1555419539604,0.5785039573426295,173.0626648813451,0.3498018967869386,8.577299906060583
SAR,2005,thai_dof,110.94861316068595,4.887054353172924,106.14699999999999,52.140670514076824,0.48249596774193537,0.4850949591334663,1,299.1555419539604,0.5785039573426295,173.0626648813451,0.37087266522296547,8.447745760671568
SAR,2006,thai_dof,122.07420904099406,4.929594427508675,87.471,57.80764934226307,0.43390376569037653,0.5337388342135192,1,299.1555419539604,0.5785039573426295,173.0626648813451,0.4080626694850972,8.521280390462453
SAR,2007,thai_dof,136.1637811103576,4.402520316143695,79.148,81.84744382988903,0.4710279069767441,0.5953419511204172,1,299.1555419539604,0.5785039573426295,173.0626648813451,0.45516048347622795,7.610181849691691
SAR,2008,thai_dof,150.3660577005654,4.999929336767638,77.148,67.78265677199693,0.7211129032258063,0.6574378402520018,1,299.1555419539604,0.5785039573426295,173.0626648813451,0.5026350396801491,8.642861078660415
SAR,2009,thai_dof,161.72510494157595,4.999999822288344,81.775,68.30171225143098,0.570784297520661,0.7071024228024185,1,299.1555419539604,0.5785039573426295,173.0626648813451,0.5406054117709282,8.642982919695056
SAR,2010,thai_dof,171.74421144218013,4.999999999876667,74.594,68.18435193797129,0.5156506024096383,0.7509084508365447,1,299.1555419539604,0.5785039573426295,173.0626648813451,0.5740967067513372,8.6429832266736355
SAR,2011,thai_dof,180.49637093286637,4.999999999978033,40.323,78.84304922899221,0.8944797573037846,0.7891750711170082,1,299.1555419539604,0.5785039573426295,173.0626648813451,0.6033529238801283,8.642983226848855
SAR,2012,thai_dof,187.75438203323984,4.9999821411486,54.086000000000006,117.85231737736281,0.8138371018072605,0.8209089026433811,1,299.1555419539604,0.5785039573426295,173.0626648813451,0.6276145874046183,8.642952356136208
SAR,2013,thai_dof,193.7259272656963,4.999999912831014,54.764,123.15452613077412,0.7238373368960961,0.847017985109394,1,299.1555419539604,0.5785039573426295,173.0626648813451,0.6475759265576649,8.642983076206812
SAR,2014,thai_dof,195.32308364211076,5,55.761,81.88036782525094,0.7653203032683538,0.8540011504241729,1,299.1555419539604,0.5785039573426295,173.0626648813451,0.652914809354161,8.642983226886829
SAR,2015,thai_dof,196.6608209904227,5,63.620999999999995,99.20122895978392,1.133882127504273,0.8598500711616577,1,299.1555419539604,0.5785039573426295,173.0626648813451,0.657386521091722,8.642983226886829
SAR,2016,thai_dof,199.84377751244378,5,56.36256999999999,66.06792367264353,1.0930731531190845,0.873766749522812,1,299.1555419539604,0.5785039573426295,173.0626648813451,0.6680263257272347,8.642983226886829
SAR,2017,thai_dof,211.41011305205475,5,54.5492,42.013943426896375,1.4374682284505669,0.9243376481223782,1,299.1555419539604,0.5785039573426295,173.0626648813451,0.7066896092621626,8.642983226886829
SAR,2018,thai_dof,218.6427867559124,5,52.29685,44.112621746242624,0.9698245108921388,0.9559606982430421,1,299.1555419539604,0.5785039573426295,173.0626648813451,0.7308665763897538,8.642983226886829
SAR,2019,thai_dof,228.40003399395377,5,63.857350000000004,43.976486796163414,1.2096015716470407,0.9986218123872789,1,299.1555419539604,0.5785039573426295,173.0626648813451,0.7634825432353322,8.642983226886829
SAR,2020,thai_dof,233.03416831291912,5,54.0931,46.31642254625393,1.285029171299113,1.018883401370115,1,299.1555419539604,0.5785039573426295,173.0626648813451,0.7789732618384277,8.642983226886829
SAR,2021,thai_dof,245.67272442411232,5,29.00633,41.77768291692037,1.7757065090593287,1.0741423152547434,1,299.1555419539604,0.5785039573426295,173.0626648813451,0.8212207028473536,8.642983226886829
SAR,2022,thai_dof,249.62844618735545,5,45.40488,40.88093864832297,0.9396314451618436,1.0914377156425306,1,299.1555419539604,0.5785039573426295,173.0626648813451,0.8344436628413621,8.642983226886829
SAR,2023,thai_dof,247.38282123888285,5,54.371939999999995,40.020742459629425,0.7877984966191534,1.081619284284306,1,299.1555419539604,0.5785039573426295,173.0626648813451,0.8269371164681774,8.642983226886829
SCP,1971,thai_dof,204.43962606263008,NA,NA,NA,4.865921294493222,1.7799713779417974,0,528.5414856418319,0.26830301702399656,141.8092752200488,0.38679958265597597,NA
SCP,1972,thai_dof,204.43962606263008,NA,NA,NA,4.6327342861918055,1.7799713779417974,0,528.5414856418319,0.26830301702399656,141.8092752200488,0.38679958265597597,NA
SCP,1973,thai_dof,204.43962606263008,NA,NA,NA,3.811446709784304,1.7799713779417974,0,528.5414856418319,0.26830301702399656,141.8092752200488,0.38679958265597597,NA
SCP,1974,thai_dof,204.43962606263008,NA,NA,NA,4.233823177651019,1.7799713779417974,0,528.5414856418319,0.26830301702399656,141.8092752200488,0.38679958265597597,NA
SCP,1975,thai_dof,204.43962606263008,NA,NA,NA,3.438200838006252,1.7799713779417974,0,528.5414856418319,0.26830301702399656,141.8092752200488,0.38679958265597597,NA
SCP,1976,thai_dof,204.43962606263008,NA,NA,NA,4.200091723619997,1.7799713779417974,0,528.5414856418319,0.26830301702399656,141.8092752200488,0.38679958265597597,NA
SCP,1977,thai_dof,204.43962606263008,NA,NA,NA,3.471198999558339,1.7799713779417974,0,528.5414856418319,0.26830301702399656,141.8092752200488,0.38679958265597597,NA
SCP,1978,thai_dof,204.43962606263008,NA,NA,NA,3.828312436799816,1.7799713779417974,0,528.5414856418319,0.26830301702399656,141.8092752200488,0.38679958265597597,NA
SCP,1979,thai_dof,204.43962606263008,NA,NA,NA,3.789447935416246,1.7799713779417974,0,528.5414856418319,0.26830301702399656,141.8092752200488,0.38679958265597597,NA
SCP,1980,thai_dof,204.43962606263008,NA,NA,NA,3.5371953226625137,1.7799713779417974,0,528.5414856418319,0.26830301702399656,141.8092752200488,0.38679958265597597,NA
SCP,1981,thai_dof,204.43962606263008,NA,NA,NA,2.853033439815907,1.7799713779417974,0,528.5414856418319,0.26830301702399656,141.8092752200488,0.38679958265597597,NA
SCP,1982,thai_dof,204.43962606263008,NA,NA,NA,2.9596643615841542,1.7799713779417974,0,528.5414856418319,0.26830301702399656,141.8092752200488,0.38679958265597597,NA
SCP,1983,thai_dof,204.43962606263008,NA,NA,NA,2.8551398600513425,1.7799713779417974,0,528.5414856418319,0.26830301702399656,141.8092752200488,0.38679958265597597,NA
SCP,1984,thai_dof,204.43962606263008,NA,NA,NA,3.4711077781751833,1.7799713779417974,0,528.5414856418319,0.26830301702399656,141.8092752200488,0.38679958265597597,NA
SCP,1985,thai_dof,204.43962606263008,NA,NA,NA,3.231875229212385,1.7799713779417974,0,528.5414856418319,0.26830301702399656,141.8092752200488,0.38679958265597597,NA
SCP,1986,thai_dof,204.43962606263008,NA,NA,NA,2.859052541926902,1.7799713779417974,0,528.5414856418319,0.26830301702399656,141.8092752200488,0.38679958265597597,NA
SCP,1987,thai_dof,204.43962606263008,NA,NA,NA,2.2687965332710256,1.7799713779417974,0,528.5414856418319,0.26830301702399656,141.8092752200488,0.38679958265597597,NA
SCP,1988,thai_dof,204.43962606263008,NA,NA,NA,1.7674142986457215,1.7799713779417974,0,528.5414856418319,0.26830301702399656,141.8092752200488,0.38679958265597597,NA
SCP,1989,thai_dof,204.43962606263008,NA,NA,NA,1.3789408838579995,1.7799713779417974,0,528.5414856418319,0.26830301702399656,141.8092752200488,0.38679958265597597,NA
SCP,1990,thai_dof,204.43962606263008,NA,NA,NA,NA,1.7799713779417974,0,528.5414856418319,0.26830301702399656,141.8092752200488,0.38679958265597597,NA
SCP,1991,thai_dof,204.43962606263008,NA,NA,NA,1.5550115682581902,1.7799713779417974,0,528.5414856418319,0.26830301702399656,141.8092752200488,0.38679958265597597,NA
SCP,1992,thai_dof,204.43962606263008,NA,NA,NA,NA,1.7799713779417974,0,528.5414856418319,0.26830301702399656,141.8092752200488,0.38679958265597597,NA
SCP,1993,thai_dof,204.43962606263008,NA,NA,NA,NA,1.7799713779417974,0,528.5414856418319,0.26830301702399656,141.8092752200488,0.38679958265597597,NA
SCP,1994,thai_dof,204.43962606263008,NA,NA,NA,NA,1.7799713779417974,0,528.5414856418319,0.26830301702399656,141.8092752200488,0.38679958265597597,NA
SCP,1995,thai_dof,204.43962606263008,NA,NA,NA,NA,1.7799713779417974,0,528.5414856418319,0.26830301702399656,141.8092752200488,0.38679958265597597,NA
SCP,1996,thai_dof,204.43962606263008,NA,NA,NA,NA,1.7799713779417974,0,528.5414856418319,0.26830301702399656,141.8092752200488,0.38679958265597597,NA
SCP,1997,thai_dof,204.43962606263008,NA,NA,NA,NA,1.7799713779417974,0,528.5414856418319,0.26830301702399656,141.8092752200488,0.38679958265597597,NA
SCP,1998,thai_dof,204.43962606263008,NA,NA,NA,NA,1.7799713779417974,0,528.5414856418319,0.26830301702399656,141.8092752200488,0.38679958265597597,NA
SCP,1999,thai_dof,204.43962606263008,NA,NA,NA,NA,1.7799713779417974,0,528.5414856418319,0.26830301702399656,141.8092752200488,0.38679958265597597,NA
SCP,2000,thai_dof,204.43962606263008,NA,NA,NA,NA,1.7799713779417974,0,528.5414856418319,0.26830301702399656,141.8092752200488,0.38679958265597597,NA
SCP,2001,thai_dof,204.43962606263008,0.5774461439129501,35.364000000000004,23.604683162414787,NA,1.7799713779417974,1,528.5414856418319,0.26830301702399656,141.8092752200488,0.38679958265597597,2.1522163646087673
SCP,2002,thai_dof,202.0952710202941,0.5973571962721618,28.061999999999998,26.472731293769193,NA,1.7595600469515262,1,528.5414856418319,0.26830301702399656,141.8092752200488,0.38236406509298065,2.2264274285769035
SCP,2003,thai_dof,197.56813012101878,0.6339264692057807,28.011000000000003,28.411343180825202,1.085307359307359,1.7201441011301861,1,528.5414856418319,0.26830301702399656,141.8092752200488,0.37379871871571796,2.362725832296859
SCP,2004,thai_dof,188.068281095318,0.6083670972308157,32.658,28.35146517175002,2.5774071146245054,1.637432839687478,1,528.5414856418319,0.26830301702399656,141.8092752200488,0.3558250131812041,2.267462751551558
SCP,2005,thai_dof,183.2847008306118,0.5831183995095737,27.95,26.28978372065034,1.75216129032258,1.5957841822366186,1,528.5414856418319,0.26830301702399656,141.8092752200488,0.3467744837626906,2.1733575938783445
SCP,2006,thai_dof,181.5862412600617,0.5488177198893291,26.404,25.434042314643936,1.7344225941422589,1.5809963963244866,1,528.5414856418319,0.26830301702399656,141.8092752200488,0.34356099983249816,2.0455145304618165
SCP,2007,thai_dof,183.60842064967713,0.5327964071578295,26.421999999999997,26.797079349331685,1.138623255813953,1.5986026769849522,1,528.5414856418319,0.26830301702399656,141.8092752200488,0.3473869613597372,1.9858010285071714
SCP,2008,thai_dof,187.16783614194094,0.5370744305030479,17.583,27.54099721748236,1.6259838709677412,1.6295930374177736,1,528.5414856418319,0.26830301702399656,141.8092752200488,0.3541213721656202,2.001745774088753
SCP,2009,thai_dof,190.0445595978481,0.5715668027558829,20.419,28.344161185550433,1.431698512396694,1.6546394802839912,1,528.5414856418319,0.26830301702399656,141.8092752200488,0.3595641302727039,2.130303300707062
SCP,2010,thai_dof,188.83667243616418,0.5804360429316793,30.963,28.87400129299618,1.3683585781004493,1.6441229056991693,1,528.5414856418319,0.26830301702399656,141.8092752200488,0.3572788088845122,2.1633601044440214
SCP,2011,thai_dof,186.8641700900871,0.5376513875127635,32.394999999999996,31.10371014994225,2.0679004632803353,1.6269491425371068,1,528.5414856418319,0.26830301702399656,141.8092752200488,0.35354683627751465,2.0038961673870292
SCP,2012,thai_dof,189.3502242787874,0.4948523309658457,27.775999999999996,31.838301650082148,1.8263510605983355,1.6485941894642775,1,528.5414856418319,0.26830301702399656,141.8092752200488,0.35825044849384124,1.844378555465841
SCP,2013,thai_dof,196.5732768462778,0.5420399235910631,33.021,35.42383614397322,1.865489591411553,1.7114823246028303,1,528.5414856418319,0.26830301702399656,141.8092752200488,0.3719164572437866,2.0202528081992606
SCP,2014,thai_dof,198.0498738551428,0.5429002282968884,34.754999999999995,37.1497879417777,1.9468351281500347,1.724338444833304,1,528.5414856418319,0.26830301702399656,141.8092752200488,0.37471017741330537,2.023459274959746
SCP,2015,thai_dof,199.2445425799886,0.7364521580571264,26.203,59.249759816370414,1.6336057506538453,1.7347399319486065,1,528.5414856418319,0.26830301702399656,141.8092752200488,0.3769704895312748,2.744852317449935
SCP,2016,thai_dof,179.81019720141921,0.5670580944141728,23.826449999999998,38.56019839332469,1.394336493954225,1.5655331143217168,1,528.5414856418319,0.26830301702399656,141.8092752200488,0.34020072612288427,2.1134987623469628
SCP,2017,thai_dof,178.76895009069486,0.6148805824616579,33.50203,27.088029092504126,1.7570958168813389,1.5564674058279722,1,528.5414856418319,0.26830301702399656,141.8092752200488,0.3382306875563564,2.2917393523258967
SCP,2018,thai_dof,171.83028336906435,0.6500673923710272,34.5,26.00102875858157,1.2441045134099813,1.496055300780412,1,528.5414856418319,0.26830301702399656,141.8092752200488,0.3251027365626807,2.4228851377876466
SCP,2019,thai_dof,162.43761949514453,0.6674667316900669,32.931000000000004,25.41413821658248,1.9560199988394813,1.4142772561801766,1,528.5414856418319,0.26830301702399656,141.8092752200488,0.30733182523579805,2.4877347228278457
SCP,2020,thai_dof,152.94808747340448,0.6318134796324442,26.695,21.779110749102394,0.951875864518764,1.3316558206293954,1,528.5414856418319,0.26830301702399656,141.8092752200488,0.2893776394631969,2.354850447231221
SCP,2021,thai_dof,147.20861111877963,0.6127136072078345,27.442,19.052020119343712,1.439682798305725,1.2816845707677063,1,528.5414856418319,0.26830301702399656,141.8092752200488,0.27851855553025806,2.2836627556559845
SCP,2022,thai_dof,142.78403421906998,0.6240075108888545,15.553,18.972446143692697,1.3023615838579825,1.2431616073253209,1,528.5414856418319,0.26830301702399656,141.8092752200488,0.2701472601449267,2.3257565934603126
SCP,2023,thai_dof,139.8419813269769,0.6947111751787949,20.489,20.609136422218977,1.2720672101834425,1.2175463680433223,1,528.5414856418319,0.26830301702399656,141.8092752200488,0.26458089880524793,2.5892782827584124
ANC,1971,recent_2016,290.3849849586335,NA,NA,NA,NA,7.992303627833586,0,316.2180739955839,1.0276587155899963,324.9642597686442,0.9183060958200916,NA
ANC,1972,recent_2016,290.3849849586335,NA,NA,NA,16.17089495242375,7.992303627833586,0,316.2180739955839,1.0276587155899963,324.9642597686442,0.9183060958200916,NA
ANC,1973,recent_2016,290.3849849586335,NA,NA,NA,13.304131114186529,7.992303627833586,0,316.2180739955839,1.0276587155899963,324.9642597686442,0.9183060958200916,NA
ANC,1974,recent_2016,290.3849849586335,NA,NA,NA,14.778466802422816,7.992303627833586,0,316.2180739955839,1.0276587155899963,324.9642597686442,0.9183060958200916,NA
ANC,1975,recent_2016,290.3849849586335,NA,NA,NA,12.001289334130508,7.992303627833586,0,316.2180739955839,1.0276587155899963,324.9642597686442,0.9183060958200916,NA
ANC,1976,recent_2016,290.3849849586335,NA,NA,NA,14.660724716209504,7.992303627833586,0,316.2180739955839,1.0276587155899963,324.9642597686442,0.9183060958200916,NA
ANC,1977,recent_2016,290.3849849586335,NA,NA,NA,12.116471809773966,7.992303627833586,0,316.2180739955839,1.0276587155899963,324.9642597686442,0.9183060958200916,NA
ANC,1978,recent_2016,290.3849849586335,NA,NA,NA,13.363002157293186,7.992303627833586,0,316.2180739955839,1.0276587155899963,324.9642597686442,0.9183060958200916,NA
ANC,1979,recent_2016,290.3849849586335,NA,NA,NA,13.22734279709089,7.992303627833586,0,316.2180739955839,1.0276587155899963,324.9642597686442,0.9183060958200916,NA
ANC,1980,recent_2016,290.3849849586335,NA,NA,NA,12.346836761060883,7.992303627833586,0,316.2180739955839,1.0276587155899963,324.9642597686442,0.9183060958200916,NA
ANC,1981,recent_2016,290.3849849586335,NA,NA,NA,9.958720099386484,7.992303627833586,0,316.2180739955839,1.0276587155899963,324.9642597686442,0.9183060958200916,NA
ANC,1982,recent_2016,290.3849849586335,NA,NA,NA,10.330923063785692,7.992303627833586,0,316.2180739955839,1.0276587155899963,324.9642597686442,0.9183060958200916,NA
ANC,1983,recent_2016,290.3849849586335,NA,NA,NA,9.966072711957942,7.992303627833586,0,316.2180739955839,1.0276587155899963,324.9642597686442,0.9183060958200916,NA
ANC,1984,recent_2016,290.3849849586335,NA,NA,NA,12.116153394921458,7.992303627833586,0,316.2180739955839,1.0276587155899963,324.9642597686442,0.9183060958200916,NA
ANC,1985,recent_2016,290.3849849586335,NA,NA,NA,11.281094835657953,7.992303627833586,0,316.2180739955839,1.0276587155899963,324.9642597686442,0.9183060958200916,NA
ANC,1986,recent_2016,290.3849849586335,NA,NA,NA,9.97973021175898,7.992303627833586,0,316.2180739955839,1.0276587155899963,324.9642597686442,0.9183060958200916,NA
ANC,1987,recent_2016,290.3849849586335,NA,NA,NA,7.91939881320229,7.992303627833586,0,316.2180739955839,1.0276587155899963,324.9642597686442,0.9183060958200916,NA
ANC,1988,recent_2016,290.3849849586335,NA,NA,NA,6.16928776726919,7.992303627833586,0,316.2180739955839,1.0276587155899963,324.9642597686442,0.9183060958200916,NA
ANC,1989,recent_2016,290.3849849586335,NA,NA,NA,4.813293144166062,7.992303627833586,0,316.2180739955839,1.0276587155899963,324.9642597686442,0.9183060958200916,NA
ANC,1990,recent_2016,290.3849849586335,NA,NA,NA,NA,7.992303627833586,0,316.2180739955839,1.0276587155899963,324.9642597686442,0.9183060958200916,NA
ANC,1991,recent_2016,290.3849849586335,NA,NA,NA,5.427880635212803,7.992303627833586,0,316.2180739955839,1.0276587155899963,324.9642597686442,0.9183060958200916,NA
ANC,1992,recent_2016,290.3849849586335,NA,NA,NA,NA,7.992303627833586,0,316.2180739955839,1.0276587155899963,324.9642597686442,0.9183060958200916,NA
ANC,1993,recent_2016,290.3849849586335,NA,NA,NA,NA,7.992303627833586,0,316.2180739955839,1.0276587155899963,324.9642597686442,0.9183060958200916,NA
ANC,1994,recent_2016,290.3849849586335,NA,NA,NA,NA,7.992303627833586,0,316.2180739955839,1.0276587155899963,324.9642597686442,0.9183060958200916,NA
ANC,1995,recent_2016,290.3849849586335,NA,NA,NA,NA,7.992303627833586,0,316.2180739955839,1.0276587155899963,324.9642597686442,0.9183060958200916,NA
ANC,1996,recent_2016,290.3849849586335,NA,NA,NA,NA,7.992303627833586,0,316.2180739955839,1.0276587155899963,324.9642597686442,0.9183060958200916,NA
ANC,1997,recent_2016,290.3849849586335,NA,NA,NA,NA,7.992303627833586,0,316.2180739955839,1.0276587155899963,324.9642597686442,0.9183060958200916,NA
ANC,1998,recent_2016,290.3849849586335,NA,NA,NA,NA,7.992303627833586,0,316.2180739955839,1.0276587155899963,324.9642597686442,0.9183060958200916,NA
ANC,1999,recent_2016,290.3849849586335,NA,NA,NA,NA,7.992303627833586,0,316.2180739955839,1.0276587155899963,324.9642597686442,0.9183060958200916,NA
ANC,2000,recent_2016,290.3849849586335,NA,NA,NA,NA,7.992303627833586,0,316.2180739955839,1.0276587155899963,324.9642597686442,0.9183060958200916,NA
ANC,2001,recent_2016,290.3849849586335,NA,NA,NA,NA,7.992303627833586,0,316.2180739955839,1.0276587155899963,324.9642597686442,0.9183060958200916,NA
ANC,2002,recent_2016,290.3849849586335,NA,NA,NA,NA,7.992303627833586,0,316.2180739955839,1.0276587155899963,324.9642597686442,0.9183060958200916,NA
ANC,2003,recent_2016,290.3849849586335,NA,NA,NA,4.619813852813851,7.992303627833586,0,316.2180739955839,1.0276587155899963,324.9642597686442,0.9183060958200916,NA
ANC,2004,recent_2016,290.3849849586335,NA,NA,NA,3.8892924901185726,7.992303627833586,0,316.2180739955839,1.0276587155899963,324.9642597686442,0.9183060958200916,NA
ANC,2005,recent_2016,290.3849849586335,NA,NA,NA,3.284314516129031,7.992303627833586,0,316.2180739955839,1.0276587155899963,324.9642597686442,0.9183060958200916,NA
ANC,2006,recent_2016,290.3849849586335,NA,NA,NA,3.0604728033472792,7.992303627833586,0,316.2180739955839,1.0276587155899963,324.9642597686442,0.9183060958200916,NA
ANC,2007,recent_2016,290.3849849586335,NA,NA,NA,3.4611488372093016,7.992303627833586,0,316.2180739955839,1.0276587155899963,324.9642597686442,0.9183060958200916,NA
ANC,2008,recent_2016,290.3849849586335,NA,NA,NA,4.5688346774193525,7.992303627833586,0,316.2180739955839,1.0276587155899963,324.9642597686442,0.9183060958200916,NA
ANC,2009,recent_2016,290.3849849586335,NA,NA,NA,6.26608909090909,7.992303627833586,0,316.2180739955839,1.0276587155899963,324.9642597686442,0.9183060958200916,NA
ANC,2010,recent_2016,290.3849849586335,NA,NA,NA,4.443626735838689,7.992303627833586,0,316.2180739955839,1.0276587155899963,324.9642597686442,0.9183060958200916,NA
ANC,2011,recent_2016,290.3849849586335,NA,NA,NA,2.6398291142673544,7.992303627833586,0,316.2180739955839,1.0276587155899963,324.9642597686442,0.9183060958200916,NA
ANC,2012,recent_2016,290.3849849586335,NA,NA,NA,1.6210895000512868,7.992303627833586,0,316.2180739955839,1.0276587155899963,324.9642597686442,0.9183060958200916,NA
ANC,2013,recent_2016,290.3849849586335,NA,NA,NA,5.25953372129402,7.992303627833586,0,316.2180739955839,1.0276587155899963,324.9642597686442,0.9183060958200916,NA
ANC,2014,recent_2016,290.3849849586335,NA,NA,NA,3.881145234022571,7.992303627833586,0,316.2180739955839,1.0276587155899963,324.9642597686442,0.9183060958200916,NA
ANC,2015,recent_2016,290.3849849586335,NA,NA,NA,2.9353833375982896,7.992303627833586,0,316.2180739955839,1.0276587155899963,324.9642597686442,0.9183060958200916,NA
ANC,2016,recent_2016,290.3849849586335,1.8227880397946015,106.9535,102.69306947811803,6.891503458917373,7.992303627833586,1,316.2180739955839,1.0276587155899963,324.9642597686442,0.9183060958200916,1.7737289745536853
ANC,2017,recent_2016,365.35506344874324,1.6467895161495516,103.24466000000001,111.87873779884607,13.891529698336257,10.055714827902449,1,316.2180739955839,1.0276587155899963,324.9642597686442,1.155389566549082,1.6024673280799275
ANC,2018,recent_2016,388.82565387428093,1.4971600995031804,106.32996,110.37368236713036,17.190188776339156,10.70169893425059,1,316.2180739955839,1.0276587155899963,324.9642597686442,1.2296123651670556,1.4568650825324196
ANC,2019,recent_2016,393.3914503894038,1.6173863164087683,107.51836,115.21585468215322,11.169724519839384,10.827363944295668,1,316.2180739955839,1.0276587155899963,324.9642597686442,1.2440511240192351,1.5738554948956953
ANC,2020,recent_2016,382.93113851215827,1.4293970986884705,98.1738,101.7128283838006,5.958320968763964,10.539463422935412,1,316.2180739955839,1.0276587155899963,324.9642597686442,1.210971699604704,1.3909258754914848
ANC,2021,recent_2016,402.3463661040307,1.4267587752677846,110.96576999999999,105.26446111166479,10.34666461209007,11.073831251698467,1,316.2180739955839,1.0276587155899963,324.9642597686442,1.2723699218712263,1.3883585607004347
ANC,2022,recent_2016,399.00200237080946,1.5128094124140437,136.22233,106.3815542144145,9.670712896110878,10.981783894629965,1,316.2180739955839,1.0276587155899963,324.9642597686442,1.2617937910038048,1.4720932051313496
ANC,2023,recent_2016,390.03971105826986,1.749904002312665,122.09251,110.72524511952292,11.620189588654465,10.735113587688591,1,316.2180739955839,1.0276587155899963,324.9642597686442,1.2334516687484376,1.7028065599657913
CMA,1971,recent_2016,1097.557095748733,NA,NA,NA,0.04971053422961269,2.8527838981854456,0,670.6715639319657,0.16462956684281457,110.41236906391256,1.6365045944605927,NA
CMA,1972,recent_2016,1097.557095748733,NA,NA,NA,0.04732828222500525,2.8527838981854456,0,670.6715639319657,0.16462956684281457,110.41236906391256,1.6365045944605927,NA
CMA,1973,recent_2016,1097.557095748733,NA,NA,NA,0.03893796069934382,2.8527838981854456,0,670.6715639319657,0.16462956684281457,110.41236906391256,1.6365045944605927,NA
CMA,1974,recent_2016,1097.557095748733,NA,NA,NA,0.04325298319825541,2.8527838981854456,0,670.6715639319657,0.16462956684281457,110.41236906391256,1.6365045944605927,NA
CMA,1975,recent_2016,1097.557095748733,NA,NA,NA,0.03512485922027091,2.8527838981854456,0,670.6715639319657,0.16462956684281457,110.41236906391256,1.6365045944605927,NA
CMA,1976,recent_2016,1097.557095748733,NA,NA,NA,0.04290838070702289,2.8527838981854456,0,670.6715639319657,0.16462956684281457,110.41236906391256,1.6365045944605927,NA
CMA,1977,recent_2016,1097.557095748733,NA,NA,NA,0.03546197035299838,2.8527838981854456,0,670.6715639319657,0.16462956684281457,110.41236906391256,1.6365045944605927,NA
CMA,1978,recent_2016,1097.557095748733,NA,NA,NA,0.03911026194496009,2.8527838981854456,0,670.6715639319657,0.16462956684281457,110.41236906391256,1.6365045944605927,NA
CMA,1979,recent_2016,1097.557095748733,NA,NA,NA,0.03871321994419217,2.8527838981854456,0,670.6715639319657,0.16462956684281457,110.41236906391256,1.6365045944605927,NA
CMA,1980,recent_2016,1097.557095748733,NA,NA,NA,0.03613619261845331,2.8527838981854456,0,670.6715639319657,0.16462956684281457,110.41236906391256,1.6365045944605927,NA
CMA,1981,recent_2016,1097.557095748733,NA,NA,NA,0.02914675513323715,2.8527838981854456,0,670.6715639319657,0.16462956684281457,110.41236906391256,1.6365045944605927,NA
CMA,1982,recent_2016,1097.557095748733,NA,NA,NA,0.03023610281596567,2.8527838981854456,0,670.6715639319657,0.16462956684281457,110.41236906391256,1.6365045944605927,NA
CMA,1983,recent_2016,1097.557095748733,NA,NA,NA,0.02916827444456141,2.8527838981854456,0,670.6715639319657,0.16462956684281457,110.41236906391256,1.6365045944605927,NA
CMA,1984,recent_2016,1097.557095748733,NA,NA,NA,0.03546103843005606,2.8527838981854456,0,670.6715639319657,0.16462956684281457,110.41236906391256,1.6365045944605927,NA
CMA,1985,recent_2016,1097.557095748733,NA,NA,NA,0.03301702483133401,2.8527838981854456,0,670.6715639319657,0.16462956684281457,110.41236906391256,1.6365045944605927,NA
CMA,1986,recent_2016,1097.557095748733,NA,NA,NA,0.02920824662958724,2.8527838981854456,0,670.6715639319657,0.16462956684281457,110.41236906391256,1.6365045944605927,NA
CMA,1987,recent_2016,1097.557095748733,NA,NA,NA,0.02317815700283375,2.8527838981854456,0,670.6715639319657,0.16462956684281457,110.41236906391256,1.6365045944605927,NA
CMA,1988,recent_2016,1097.557095748733,NA,NA,NA,0.0180560070073812,2.8527838981854456,0,670.6715639319657,0.16462956684281457,110.41236906391256,1.6365045944605927,NA
CMA,1989,recent_2016,1097.557095748733,NA,NA,NA,0.01408734006553113,2.8527838981854456,0,670.6715639319657,0.16462956684281457,110.41236906391256,1.6365045944605927,NA
CMA,1990,recent_2016,1097.557095748733,NA,NA,NA,NA,2.8527838981854456,0,670.6715639319657,0.16462956684281457,110.41236906391256,1.6365045944605927,NA
CMA,1991,recent_2016,1097.557095748733,NA,NA,NA,0.01588608839169339,2.8527838981854456,0,670.6715639319657,0.16462956684281457,110.41236906391256,1.6365045944605927,NA
CMA,1992,recent_2016,1097.557095748733,NA,NA,NA,NA,2.8527838981854456,0,670.6715639319657,0.16462956684281457,110.41236906391256,1.6365045944605927,NA
CMA,1993,recent_2016,1097.557095748733,NA,NA,NA,NA,2.8527838981854456,0,670.6715639319657,0.16462956684281457,110.41236906391256,1.6365045944605927,NA
CMA,1994,recent_2016,1097.557095748733,NA,NA,NA,NA,2.8527838981854456,0,670.6715639319657,0.16462956684281457,110.41236906391256,1.6365045944605927,NA
CMA,1995,recent_2016,1097.557095748733,NA,NA,NA,NA,2.8527838981854456,0,670.6715639319657,0.16462956684281457,110.41236906391256,1.6365045944605927,NA
CMA,1996,recent_2016,1097.557095748733,NA,NA,NA,NA,2.8527838981854456,0,670.6715639319657,0.16462956684281457,110.41236906391256,1.6365045944605927,NA
CMA,1997,recent_2016,1097.557095748733,NA,NA,NA,NA,2.8527838981854456,0,670.6715639319657,0.16462956684281457,110.41236906391256,1.6365045944605927,NA
CMA,1998,recent_2016,1097.557095748733,NA,NA,NA,NA,2.8527838981854456,0,670.6715639319657,0.16462956684281457,110.41236906391256,1.6365045944605927,NA
CMA,1999,recent_2016,1097.557095748733,NA,NA,NA,NA,2.8527838981854456,0,670.6715639319657,0.16462956684281457,110.41236906391256,1.6365045944605927,NA
CMA,2000,recent_2016,1097.557095748733,NA,NA,NA,NA,2.8527838981854456,0,670.6715639319657,0.16462956684281457,110.41236906391256,1.6365045944605927,NA
CMA,2001,recent_2016,1097.557095748733,NA,NA,NA,NA,2.8527838981854456,0,670.6715639319657,0.16462956684281457,110.41236906391256,1.6365045944605927,NA
CMA,2002,recent_2016,1097.557095748733,NA,NA,NA,NA,2.8527838981854456,0,670.6715639319657,0.16462956684281457,110.41236906391256,1.6365045944605927,NA
CMA,2003,recent_2016,1097.557095748733,NA,NA,NA,0.00145021645021645,2.8527838981854456,0,670.6715639319657,0.16462956684281457,110.41236906391256,1.6365045944605927,NA
CMA,2004,recent_2016,1097.557095748733,NA,NA,NA,0.01075098814229249,2.8527838981854456,0,670.6715639319657,0.16462956684281457,110.41236906391256,1.6365045944605927,NA
CMA,2005,recent_2016,1097.557095748733,NA,NA,NA,0.04241935483870967,2.8527838981854456,0,670.6715639319657,0.16462956684281457,110.41236906391256,1.6365045944605927,NA
CMA,2006,recent_2016,1097.557095748733,NA,NA,NA,0.02696652719665271,2.8527838981854456,0,670.6715639319657,0.16462956684281457,110.41236906391256,1.6365045944605927,NA
CMA,2007,recent_2016,1097.557095748733,NA,NA,NA,0.01339534883720929,2.8527838981854456,0,670.6715639319657,0.16462956684281457,110.41236906391256,1.6365045944605927,NA
CMA,2008,recent_2016,1097.557095748733,NA,NA,NA,0.0139516129032258,2.8527838981854456,0,670.6715639319657,0.16462956684281457,110.41236906391256,1.6365045944605927,NA
CMA,2009,recent_2016,1097.557095748733,NA,NA,NA,0.01735537190082644,2.8527838981854456,0,670.6715639319657,0.16462956684281457,110.41236906391256,1.6365045944605927,NA
CMA,2010,recent_2016,1097.557095748733,NA,NA,NA,0.00935341365461847,2.8527838981854456,0,670.6715639319657,0.16462956684281457,110.41236906391256,1.6365045944605927,NA
CMA,2011,recent_2016,1097.557095748733,NA,NA,NA,0.00293172690763052,2.8527838981854456,0,670.6715639319657,0.16462956684281457,110.41236906391256,1.6365045944605927,NA
CMA,2012,recent_2016,1097.557095748733,NA,NA,NA,NA,2.8527838981854456,0,670.6715639319657,0.16462956684281457,110.41236906391256,1.6365045944605927,NA
CMA,2013,recent_2016,1097.557095748733,NA,NA,NA,NA,2.8527838981854456,0,670.6715639319657,0.16462956684281457,110.41236906391256,1.6365045944605927,NA
CMA,2014,recent_2016,1097.557095748733,NA,NA,NA,NA,2.8527838981854456,0,670.6715639319657,0.16462956684281457,110.41236906391256,1.6365045944605927,NA
CMA,2015,recent_2016,1097.557095748733,NA,NA,NA,NA,2.8527838981854456,0,670.6715639319657,0.16462956684281457,110.41236906391256,1.6365045944605927,NA
CMA,2016,recent_2016,1097.557095748733,0.09042560124095456,26.273619999999998,38.873637587791926,NA,2.8527838981854456,1,670.6715639319657,0.16462956684281457,110.41236906391256,1.6365045944605927,0.549267078660854
CMA,2017,recent_2016,1065.8750603046499,0.09795158267320403,25.75736,33.08432381288495,NA,2.7704355621155448,1,670.6715639319657,0.16462956684281457,110.41236906391256,1.589265323932497,0.5949817189686618
CMA,2018,recent_2016,1033.6101196024126,0.08753629520751094,36.70039,29.172432260845767,NA,2.6865721315315905,1,670.6715639319657,0.16462956684281457,110.41236906391256,1.5411569167218548,0.5317167316068386
CMA,2019,recent_2016,1022.5380963769439,0.08862543656068489,36.89228,29.802106223339806,NA,2.6577935926288783,1,670.6715639319657,0.16462956684281457,110.41236906391256,1.5246480563184759,0.5383324408871397
CMA,2020,recent_2016,1012.3887379333714,0.06458903853668829,27.74144,22.231181130236564,NA,2.6314132553718137,1,670.6715639319657,0.16462956684281457,110.41236906391256,1.5095149285859244,0.39232951756689477
CMA,2021,recent_2016,1028.6371434284215,0.06260540960028038,30.47185,21.445438011310095,NA,2.673646310715368,1,670.6715639319657,0.16462956684281457,110.41236906391256,1.5337419964517365,0.38028047331288267
CMA,2022,recent_2016,1043.0606810478305,0.06103089209216073,18.68675,21.68055874269173,NA,2.711136147039056,1,670.6715639319657,0.16462956684281457,110.41236906391256,1.555248108228487,0.37071647130331065
CMA,2023,recent_2016,1057.3835166331448,0.06441863686794846,27.71638,23.885668722928006,NA,2.7483642373975514,1,670.6715639319657,0.16462956684281457,110.41236906391256,1.5766040689633414,0.3912944564171407
DMF,1971,recent_2016,248.74997182460237,NA,NA,NA,1.6747497608281134,0.45479444893666154,0,313.9977932269043,0.5657603120725422,177.647489486143,0.7922029300532316,NA
DMF,1972,recent_2016,248.74997182460237,NA,NA,NA,1.5944916015309247,0.45479444893666154,0,313.9977932269043,0.5657603120725422,177.647489486143,0.7922029300532316,NA
DMF,1973,recent_2016,248.74997182460237,NA,NA,NA,1.3118213549496314,0.45479444893666154,0,313.9977932269043,0.5657603120725422,177.647489486143,0.7922029300532316,NA
DMF,1974,recent_2016,248.74997182460237,NA,NA,NA,1.457194624620011,0.45479444893666154,0,313.9977932269043,0.5657603120725422,177.647489486143,0.7922029300532316,NA
DMF,1975,recent_2016,248.74997182460237,NA,NA,NA,1.183357823244383,0.45479444893666154,0,313.9977932269043,0.5657603120725422,177.647489486143,0.7922029300532316,NA
DMF,1976,recent_2016,248.74997182460237,NA,NA,NA,1.4455849537782792,0.45479444893666154,0,313.9977932269043,0.5657603120725422,177.647489486143,0.7922029300532316,NA
DMF,1977,recent_2016,248.74997182460237,NA,NA,NA,1.1947151099373816,0.45479444893666154,0,313.9977932269043,0.5657603120725422,177.647489486143,0.7922029300532316,NA
DMF,1978,recent_2016,248.74997182460237,NA,NA,NA,1.317626190370497,0.45479444893666154,0,313.9977932269043,0.5657603120725422,177.647489486143,0.7922029300532316,NA
DMF,1979,recent_2016,248.74997182460237,NA,NA,NA,1.3042498304876324,0.45479444893666154,0,313.9977932269043,0.5657603120725422,177.647489486143,0.7922029300532316,NA
DMF,1980,recent_2016,248.74997182460237,NA,NA,NA,1.2174296833233784,0.45479444893666154,0,313.9977932269043,0.5657603120725422,177.647489486143,0.7922029300532316,NA
DMF,1981,recent_2016,248.74997182460237,NA,NA,NA,0.9819552725552118,0.45479444893666154,0,313.9977932269043,0.5657603120725422,177.647489486143,0.7922029300532316,NA
DMF,1982,recent_2016,248.74997182460237,NA,NA,NA,1.0186554368037275,0.45479444893666154,0,313.9977932269043,0.5657603120725422,177.647489486143,0.7922029300532316,NA
DMF,1983,recent_2016,248.74997182460237,NA,NA,NA,0.9826802589600454,0.45479444893666154,0,313.9977932269043,0.5657603120725422,177.647489486143,0.7922029300532316,NA
DMF,1984,recent_2016,248.74997182460237,NA,NA,NA,1.1946837134185362,0.45479444893666154,0,313.9977932269043,0.5657603120725422,177.647489486143,0.7922029300532316,NA
DMF,1985,recent_2016,248.74997182460237,NA,NA,NA,1.1123448037014454,0.45479444893666154,0,313.9977932269043,0.5657603120725422,177.647489486143,0.7922029300532316,NA
DMF,1986,recent_2016,248.74997182460237,NA,NA,NA,0.9840269233713065,0.45479444893666154,0,313.9977932269043,0.5657603120725422,177.647489486143,0.7922029300532316,NA
DMF,1987,recent_2016,248.74997182460237,NA,NA,NA,0.7808729779011012,0.45479444893666154,0,313.9977932269043,0.5657603120725422,177.647489486143,0.7922029300532316,NA
DMF,1988,recent_2016,248.74997182460237,NA,NA,NA,0.6083075526295348,0.45479444893666154,0,313.9977932269043,0.5657603120725422,177.647489486143,0.7922029300532316,NA
DMF,1989,recent_2016,248.74997182460237,NA,NA,NA,0.47460301465435256,0.45479444893666154,0,313.9977932269043,0.5657603120725422,177.647489486143,0.7922029300532316,NA
DMF,1990,recent_2016,248.74997182460237,NA,NA,NA,NA,0.45479444893666154,0,313.9977932269043,0.5657603120725422,177.647489486143,0.7922029300532316,NA
DMF,1991,recent_2016,248.74997182460237,NA,NA,NA,0.5352029131610898,0.45479444893666154,0,313.9977932269043,0.5657603120725422,177.647489486143,0.7922029300532316,NA
DMF,1992,recent_2016,248.74997182460237,NA,NA,NA,NA,0.45479444893666154,0,313.9977932269043,0.5657603120725422,177.647489486143,0.7922029300532316,NA
DMF,1993,recent_2016,248.74997182460237,NA,NA,NA,NA,0.45479444893666154,0,313.9977932269043,0.5657603120725422,177.647489486143,0.7922029300532316,NA
DMF,1994,recent_2016,248.74997182460237,NA,NA,NA,NA,0.45479444893666154,0,313.9977932269043,0.5657603120725422,177.647489486143,0.7922029300532316,NA
DMF,1995,recent_2016,248.74997182460237,NA,NA,NA,NA,0.45479444893666154,0,313.9977932269043,0.5657603120725422,177.647489486143,0.7922029300532316,NA
DMF,1996,recent_2016,248.74997182460237,NA,NA,NA,NA,0.45479444893666154,0,313.9977932269043,0.5657603120725422,177.647489486143,0.7922029300532316,NA
DMF,1997,recent_2016,248.74997182460237,NA,NA,NA,NA,0.45479444893666154,0,313.9977932269043,0.5657603120725422,177.647489486143,0.7922029300532316,NA
DMF,1998,recent_2016,248.74997182460237,NA,NA,NA,NA,0.45479444893666154,0,313.9977932269043,0.5657603120725422,177.647489486143,0.7922029300532316,NA
DMF,1999,recent_2016,248.74997182460237,NA,NA,NA,NA,0.45479444893666154,0,313.9977932269043,0.5657603120725422,177.647489486143,0.7922029300532316,NA
DMF,2000,recent_2016,248.74997182460237,NA,NA,NA,NA,0.45479444893666154,0,313.9977932269043,0.5657603120725422,177.647489486143,0.7922029300532316,NA
DMF,2001,recent_2016,248.74997182460237,NA,NA,NA,NA,0.45479444893666154,0,313.9977932269043,0.5657603120725422,177.647489486143,0.7922029300532316,NA
DMF,2002,recent_2016,248.74997182460237,NA,NA,NA,NA,0.45479444893666154,0,313.9977932269043,0.5657603120725422,177.647489486143,0.7922029300532316,NA
DMF,2003,recent_2016,248.74997182460237,NA,NA,NA,0.218073593073593,0.45479444893666154,0,313.9977932269043,0.5657603120725422,177.647489486143,0.7922029300532316,NA
DMF,2004,recent_2016,248.74997182460237,NA,NA,NA,0.34598023715415,0.45479444893666154,0,313.9977932269043,0.5657603120725422,177.647489486143,0.7922029300532316,NA
DMF,2005,recent_2016,248.74997182460237,NA,NA,NA,0.4609967741935483,0.45479444893666154,0,313.9977932269043,0.5657603120725422,177.647489486143,0.7922029300532316,NA
DMF,2006,recent_2016,248.74997182460237,NA,NA,NA,0.7168786610878658,0.45479444893666154,0,313.9977932269043,0.5657603120725422,177.647489486143,0.7922029300532316,NA
DMF,2007,recent_2016,248.74997182460237,NA,NA,NA,0.6185069767441858,0.45479444893666154,0,313.9977932269043,0.5657603120725422,177.647489486143,0.7922029300532316,NA
DMF,2008,recent_2016,248.74997182460237,NA,NA,NA,0.6899838709677415,0.45479444893666154,0,313.9977932269043,0.5657603120725422,177.647489486143,0.7922029300532316,NA
DMF,2009,recent_2016,248.74997182460237,NA,NA,NA,0.5510971900826442,0.45479444893666154,0,313.9977932269043,0.5657603120725422,177.647489486143,0.7922029300532316,NA
DMF,2010,recent_2016,248.74997182460237,NA,NA,NA,0.42898203996489354,0.45479444893666154,0,313.9977932269043,0.5657603120725422,177.647489486143,0.7922029300532316,NA
DMF,2011,recent_2016,248.74997182460237,NA,NA,NA,0.3355715582423232,0.45479444893666154,0,313.9977932269043,0.5657603120725422,177.647489486143,0.7922029300532316,NA
DMF,2012,recent_2016,248.74997182460237,NA,NA,NA,1.1035647590943034,0.45479444893666154,0,313.9977932269043,0.5657603120725422,177.647489486143,0.7922029300532316,NA
DMF,2013,recent_2016,248.74997182460237,NA,NA,NA,0.45009393262987313,0.45479444893666154,0,313.9977932269043,0.5657603120725422,177.647489486143,0.7922029300532316,NA
DMF,2014,recent_2016,248.74997182460237,NA,NA,NA,0.5441553134091036,0.45479444893666154,0,313.9977932269043,0.5657603120725422,177.647489486143,0.7922029300532316,NA
DMF,2015,recent_2016,248.74997182460237,NA,NA,NA,0.5828982109829055,0.45479444893666154,0,313.9977932269043,0.5657603120725422,177.647489486143,0.7922029300532316,NA
DMF,2016,recent_2016,248.74997182460237,0.46692127955970353,49.08813,30.974187609522573,0.2810601831082906,0.45479444893666154,1,313.9977932269043,0.5657603120725422,177.647489486143,0.7922029300532316,0.8252987521327487
DMF,2017,recent_2016,326.57712255586017,0.5891903658090536,51.828160000000004,47.097510564977384,0.4091229897537634,0.5970873540152227,1,313.9977932269043,0.5657603120725422,177.647489486143,1.04006183992467,1.0414133922732762
DMF,2018,recent_2016,368.6552827321933,0.5433511691880613,59.4426,52.257681130845235,1.055181899380611,0.6740196789891436,1,313.9977932269043,0.5657603120725422,177.647489486143,1.1740696612660326,0.9603911013086269
DMF,2019,recent_2016,393.84567430735876,0.5452886072245127,58.03636,54.793808394520866,0.5974387098186917,0.7200757656326598,1,313.9977932269043,0.5657603120725422,177.647489486143,1.2542944020716538,0.9638155868992723
DMF,2020,recent_2016,398.7814894257681,0.4151358247025003,50.255399999999995,48.409301054240395,2.9020302341101365,0.7291000131546376,1,313.9977932269043,0.5657603120725422,177.647489486143,1.2700136689737704,0.7337662537369205
DMF,2021,recent_2016,432.63515631056345,0.4077599215802339,49.07711,49.89146201165458,0.3833456358538275,0.7909953358452151,1,313.9977932269043,0.5657603120725422,177.647489486143,1.377828652438739,0.7207291018461377
DMF,2022,recent_2016,447.6699417209898,0.38415023853937846,41.6522,48.39685752552816,1.0582687169226213,0.8184837286898872,1,313.9977932269043,0.5657603120725422,177.647489486143,1.4257104711480884,0.6789982088565493
DMF,2023,recent_2016,455.7105571319082,0.39501373413215024,42.670500000000004,50.06216844959107,0.49158609242439266,0.8331845434401246,1,313.9977932269043,0.5657603120725422,177.647489486143,1.451317706562982,0.698199795395866
LPF,1971,recent_2016,899.2989269557975,NA,NA,NA,12.837852733417394,4.963708514596465,0,647.4706386432209,0.15957581589862052,103.3206554318929,1.3889416342342324,NA
LPF,1972,recent_2016,899.2989269557975,NA,NA,NA,12.222631012649396,4.963708514596465,0,647.4706386432209,0.15957581589862052,103.3206554318929,1.3889416342342324,NA
LPF,1973,recent_2016,899.2989269557975,NA,NA,NA,10.055812373466518,4.963708514596465,0,647.4706386432209,0.15957581589862052,103.3206554318929,1.3889416342342324,NA
LPF,1974,recent_2016,899.2989269557975,NA,NA,NA,11.170176245046283,4.963708514596465,0,647.4706386432209,0.15957581589862052,103.3206554318929,1.3889416342342324,NA
LPF,1975,recent_2016,899.2989269557975,NA,NA,NA,9.071070688337873,4.963708514596465,0,647.4706386432209,0.15957581589862052,103.3206554318929,1.3889416342342324,NA
LPF,1976,recent_2016,899.2989269557975,NA,NA,NA,11.081181908079843,4.963708514596465,0,647.4706386432209,0.15957581589862052,103.3206554318929,1.3889416342342324,NA
LPF,1977,recent_2016,899.2989269557975,NA,NA,NA,9.15813036580504,4.963708514596465,0,647.4706386432209,0.15957581589862052,103.3206554318929,1.3889416342342324,NA
LPF,1978,recent_2016,899.2989269557975,NA,NA,NA,10.100309541949738,4.963708514596465,0,647.4706386432209,0.15957581589862052,103.3206554318929,1.3889416342342324,NA
LPF,1979,recent_2016,899.2989269557975,NA,NA,NA,9.997772588488406,4.963708514596465,0,647.4706386432209,0.15957581589862052,103.3206554318929,1.3889416342342324,NA
LPF,1980,recent_2016,899.2989269557975,NA,NA,NA,9.332249720739378,4.963708514596465,0,647.4706386432209,0.15957581589862052,103.3206554318929,1.3889416342342324,NA
LPF,1981,recent_2016,899.2989269557975,NA,NA,NA,7.527212407920071,4.963708514596465,0,647.4706386432209,0.15957581589862052,103.3206554318929,1.3889416342342324,NA
LPF,1982,recent_2016,899.2989269557975,NA,NA,NA,7.8085387976499065,4.963708514596465,0,647.4706386432209,0.15957581589862052,103.3206554318929,1.3889416342342324,NA
LPF,1983,recent_2016,899.2989269557975,NA,NA,NA,7.532769816505329,4.963708514596465,0,647.4706386432209,0.15957581589862052,103.3206554318929,1.3889416342342324,NA
LPF,1984,recent_2016,899.2989269557975,NA,NA,NA,9.157889694694225,4.963708514596465,0,647.4706386432209,0.15957581589862052,103.3206554318929,1.3889416342342324,NA
LPF,1985,recent_2016,899.2989269557975,NA,NA,NA,8.526717908972948,4.963708514596465,0,647.4706386432209,0.15957581589862052,103.3206554318929,1.3889416342342324,NA
LPF,1986,recent_2016,899.2989269557975,NA,NA,NA,7.543092719542827,4.963708514596465,0,647.4706386432209,0.15957581589862052,103.3206554318929,1.3889416342342324,NA
LPF,1987,recent_2016,899.2989269557975,NA,NA,NA,5.985809061314631,4.963708514596465,0,647.4706386432209,0.15957581589862052,103.3206554318929,1.3889416342342324,NA
LPF,1988,recent_2016,899.2989269557975,NA,NA,NA,4.66300277208102,4.963708514596465,0,647.4706386432209,0.15957581589862052,103.3206554318929,1.3889416342342324,NA
LPF,1989,recent_2016,899.2989269557975,NA,NA,NA,3.63808597050091,4.963708514596465,0,647.4706386432209,0.15957581589862052,103.3206554318929,1.3889416342342324,NA
LPF,1990,recent_2016,899.2989269557975,NA,NA,NA,NA,4.963708514596465,0,647.4706386432209,0.15957581589862052,103.3206554318929,1.3889416342342324,NA
LPF,1991,recent_2016,899.2989269557975,NA,NA,NA,4.102616607188298,4.963708514596465,0,647.4706386432209,0.15957581589862052,103.3206554318929,1.3889416342342324,NA
LPF,1992,recent_2016,899.2989269557975,NA,NA,NA,NA,4.963708514596465,0,647.4706386432209,0.15957581589862052,103.3206554318929,1.3889416342342324,NA
LPF,1993,recent_2016,899.2989269557975,NA,NA,NA,NA,4.963708514596465,0,647.4706386432209,0.15957581589862052,103.3206554318929,1.3889416342342324,NA
LPF,1994,recent_2016,899.2989269557975,NA,NA,NA,NA,4.963708514596465,0,647.4706386432209,0.15957581589862052,103.3206554318929,1.3889416342342324,NA
LPF,1995,recent_2016,899.2989269557975,NA,NA,NA,NA,4.963708514596465,0,647.4706386432209,0.15957581589862052,103.3206554318929,1.3889416342342324,NA
LPF,1996,recent_2016,899.2989269557975,NA,NA,NA,NA,4.963708514596465,0,647.4706386432209,0.15957581589862052,103.3206554318929,1.3889416342342324,NA
LPF,1997,recent_2016,899.2989269557975,NA,NA,NA,NA,4.963708514596465,0,647.4706386432209,0.15957581589862052,103.3206554318929,1.3889416342342324,NA
LPF,1998,recent_2016,899.2989269557975,NA,NA,NA,NA,4.963708514596465,0,647.4706386432209,0.15957581589862052,103.3206554318929,1.3889416342342324,NA
LPF,1999,recent_2016,899.2989269557975,NA,NA,NA,NA,4.963708514596465,0,647.4706386432209,0.15957581589862052,103.3206554318929,1.3889416342342324,NA
LPF,2000,recent_2016,899.2989269557975,NA,NA,NA,NA,4.963708514596465,0,647.4706386432209,0.15957581589862052,103.3206554318929,1.3889416342342324,NA
LPF,2001,recent_2016,899.2989269557975,NA,NA,NA,NA,4.963708514596465,0,647.4706386432209,0.15957581589862052,103.3206554318929,1.3889416342342324,NA
LPF,2002,recent_2016,899.2989269557975,NA,NA,NA,NA,4.963708514596465,0,647.4706386432209,0.15957581589862052,103.3206554318929,1.3889416342342324,NA
LPF,2003,recent_2016,899.2989269557975,NA,NA,NA,4.2929523809523795,4.963708514596465,0,647.4706386432209,0.15957581589862052,103.3206554318929,1.3889416342342324,NA
LPF,2004,recent_2016,899.2989269557975,NA,NA,NA,5.040936758893278,4.963708514596465,0,647.4706386432209,0.15957581589862052,103.3206554318929,1.3889416342342324,NA
LPF,2005,recent_2016,899.2989269557975,NA,NA,NA,5.613892558651024,4.963708514596465,0,647.4706386432209,0.15957581589862052,103.3206554318929,1.3889416342342324,NA
LPF,2006,recent_2016,899.2989269557975,NA,NA,NA,4.4988577405857715,4.963708514596465,0,647.4706386432209,0.15957581589862052,103.3206554318929,1.3889416342342324,NA
LPF,2007,recent_2016,899.2989269557975,NA,NA,NA,3.260753488372092,4.963708514596465,0,647.4706386432209,0.15957581589862052,103.3206554318929,1.3889416342342324,NA
LPF,2008,recent_2016,899.2989269557975,NA,NA,NA,5.151786290322578,4.963708514596465,0,647.4706386432209,0.15957581589862052,103.3206554318929,1.3889416342342324,NA
LPF,2009,recent_2016,899.2989269557975,NA,NA,NA,3.8389900826446266,4.963708514596465,0,647.4706386432209,0.15957581589862052,103.3206554318929,1.3889416342342324,NA
LPF,2010,recent_2016,899.2989269557975,NA,NA,NA,3.95987127544066,4.963708514596465,0,647.4706386432209,0.15957581589862052,103.3206554318929,1.3889416342342324,NA
LPF,2011,recent_2016,899.2989269557975,NA,NA,NA,3.256608175500181,4.963708514596465,0,647.4706386432209,0.15957581589862052,103.3206554318929,1.3889416342342324,NA
LPF,2012,recent_2016,899.2989269557975,NA,NA,NA,3.2112040456180293,4.963708514596465,0,647.4706386432209,0.15957581589862052,103.3206554318929,1.3889416342342324,NA
LPF,2013,recent_2016,899.2989269557975,NA,NA,NA,3.2479481672462156,4.963708514596465,0,647.4706386432209,0.15957581589862052,103.3206554318929,1.3889416342342324,NA
LPF,2014,recent_2016,899.2989269557975,NA,NA,NA,3.918725295144031,4.963708514596465,0,647.4706386432209,0.15957581589862052,103.3206554318929,1.3889416342342324,NA
LPF,2015,recent_2016,899.2989269557975,NA,NA,NA,4.5032520155213644,4.963708514596465,0,647.4706386432209,0.15957581589862052,103.3206554318929,1.3889416342342324,NA
LPF,2016,recent_2016,899.2989269557975,0.21120148667460814,69.31465,66.0934873483819,4.291889781332916,4.963708514596465,1,647.4706386432209,0.15957581589862052,103.3206554318929,1.3889416342342324,1.323518137665583
LPF,2017,recent_2016,803.2802417219307,0.20652793076696785,60.669610000000006,49.990860707024694,4.207916584287845,4.433730382554138,1,647.4706386432209,0.15957581589862052,103.3206554318929,1.2406435037814376,1.2942307680142227
LPF,2018,recent_2016,732.5718673674954,0.20737952046362818,70.4,45.4903116752499,3.606002657964865,4.0434533019125904,1,647.4706386432209,0.15957581589862052,103.3206554318929,1.1314364291523777,1.2995673517055846
LPF,2019,recent_2016,684.6312204405117,0.20309658879958015,44.744,42.43313798216254,4.604601765476088,3.778843403897636,1,647.4706386432209,0.15957581589862052,103.3206554318929,1.0573934624667476,1.2727278733051168
LPF,2020,recent_2016,645.1335186384288,0.1806330971936454,36.935,35.88945626783122,3.391696528557638,3.5608346051930115,1,647.4706386432209,0.15957581589862052,103.3206554318929,0.9963903845745197,1.1319578482268435
LPF,2021,recent_2016,620.1926801196787,0.16429753930816204,38.771,31.29455682727197,4.970937032567688,3.423172868026522,1,647.4706386432209,0.15957581589862052,103.3206554318929,0.9578699683112992,1.0295892167804503
LPF,2022,recent_2016,611.1845053085935,0.15674843791912174,19.623,30.56898141661251,3.0040670153152296,3.3734519658098168,1,647.4706386432209,0.15957581589862052,103.3206554318929,0.9439570983316475,0.9822819143140398
LPF,2023,recent_2016,615.9782438898952,0.1652256749426213,21.544999999999998,33.24440820768214,2.971088139469183,3.399911155629273,1,647.4706386432209,0.15957581589862052,103.3206554318929,0.9513608913304267,1.035405484297133
MPF,1971,recent_2016,369.0852310318136,NA,NA,NA,0.35332632132570485,0.09641665015333904,0,235.24155804144795,0.3134312324401994,73.73205145808376,1.5689627041442367,NA
MPF,1972,recent_2016,369.0852310318136,NA,NA,NA,0.3363940483114808,0.09641665015333904,0,235.24155804144795,0.3134312324401994,73.73205145808376,1.5689627041442367,NA
MPF,1973,recent_2016,369.0852310318136,NA,NA,NA,0.27675836977081736,0.09641665015333904,0,235.24155804144795,0.3134312324401994,73.73205145808376,1.5689627041442367,NA
MPF,1974,recent_2016,369.0852310318136,NA,NA,NA,0.3074281473060157,0.09641665015333904,0,235.24155804144795,0.3134312324401994,73.73205145808376,1.5689627041442367,NA
MPF,1975,recent_2016,369.0852310318136,NA,NA,NA,0.2496560837197481,0.09641665015333904,0,235.24155804144795,0.3134312324401994,73.73205145808376,1.5689627041442367,NA
MPF,1976,recent_2016,369.0852310318136,NA,NA,NA,0.3049788247945242,0.09641665015333904,0,235.24155804144795,0.3134312324401994,73.73205145808376,1.5689627041442367,NA
MPF,1977,recent_2016,369.0852310318136,NA,NA,NA,0.25205216008968545,0.09641665015333904,0,235.24155804144795,0.3134312324401994,73.73205145808376,1.5689627041442367,NA
MPF,1978,recent_2016,369.0852310318136,NA,NA,NA,0.2779830310265632,0.09641665015333904,0,235.24155804144795,0.3134312324401994,73.73205145808376,1.5689627041442367,NA
MPF,1979,recent_2016,369.0852310318136,NA,NA,NA,0.27516098552419255,0.09641665015333904,0,235.24155804144795,0.3134312324401994,73.73205145808376,1.5689627041442367,NA
MPF,1980,recent_2016,369.0852310318136,NA,NA,NA,0.2568443128295602,0.09641665015333904,0,235.24155804144795,0.3134312324401994,73.73205145808376,1.5689627041442367,NA
MPF,1981,recent_2016,369.0852310318136,NA,NA,NA,0.2071656627595255,0.09641665015333904,0,235.24155804144795,0.3134312324401994,73.73205145808376,1.5689627041442367,NA
MPF,1982,recent_2016,369.0852310318136,NA,NA,NA,0.21490839204916296,0.09641665015333904,0,235.24155804144795,0.3134312324401994,73.73205145808376,1.5689627041442367,NA
MPF,1983,recent_2016,369.0852310318136,NA,NA,NA,0.2073186150306184,0.09641665015333904,0,235.24155804144795,0.3134312324401994,73.73205145808376,1.5689627041442367,NA
MPF,1984,recent_2016,369.0852310318136,NA,NA,NA,0.25204553628428744,0.09641665015333904,0,235.24155804144795,0.3134312324401994,73.73205145808376,1.5689627041442367,NA
MPF,1985,recent_2016,369.0852310318136,NA,NA,NA,0.23467428193168277,0.09641665015333904,0,235.24155804144795,0.3134312324401994,73.73205145808376,1.5689627041442367,NA
MPF,1986,recent_2016,369.0852310318136,NA,NA,NA,0.2076027243307778,0.09641665015333904,0,235.24155804144795,0.3134312324401994,73.73205145808376,1.5689627041442367,NA
MPF,1987,recent_2016,369.0852310318136,NA,NA,NA,0.164742807049585,0.09641665015333904,0,235.24155804144795,0.3134312324401994,73.73205145808376,1.5689627041442367,NA
MPF,1988,recent_2016,369.0852310318136,NA,NA,NA,0.12833622958629903,0.09641665015333904,0,235.24155804144795,0.3134312324401994,73.73205145808376,1.5689627041442367,NA
MPF,1989,recent_2016,369.0852310318136,NA,NA,NA,0.10012823478475638,0.09641665015333904,0,235.24155804144795,0.3134312324401994,73.73205145808376,1.5689627041442367,NA
MPF,1990,recent_2016,369.0852310318136,NA,NA,NA,NA,0.09641665015333904,0,235.24155804144795,0.3134312324401994,73.73205145808376,1.5689627041442367,NA
MPF,1991,recent_2016,369.0852310318136,NA,NA,NA,0.1129131532919304,0.09641665015333904,0,235.24155804144795,0.3134312324401994,73.73205145808376,1.5689627041442367,NA
MPF,1992,recent_2016,369.0852310318136,NA,NA,NA,NA,0.09641665015333904,0,235.24155804144795,0.3134312324401994,73.73205145808376,1.5689627041442367,NA
MPF,1993,recent_2016,369.0852310318136,NA,NA,NA,NA,0.09641665015333904,0,235.24155804144795,0.3134312324401994,73.73205145808376,1.5689627041442367,NA
MPF,1994,recent_2016,369.0852310318136,NA,NA,NA,NA,0.09641665015333904,0,235.24155804144795,0.3134312324401994,73.73205145808376,1.5689627041442367,NA
MPF,1995,recent_2016,369.0852310318136,NA,NA,NA,NA,0.09641665015333904,0,235.24155804144795,0.3134312324401994,73.73205145808376,1.5689627041442367,NA
MPF,1996,recent_2016,369.0852310318136,NA,NA,NA,NA,0.09641665015333904,0,235.24155804144795,0.3134312324401994,73.73205145808376,1.5689627041442367,NA
MPF,1997,recent_2016,369.0852310318136,NA,NA,NA,NA,0.09641665015333904,0,235.24155804144795,0.3134312324401994,73.73205145808376,1.5689627041442367,NA
MPF,1998,recent_2016,369.0852310318136,NA,NA,NA,NA,0.09641665015333904,0,235.24155804144795,0.3134312324401994,73.73205145808376,1.5689627041442367,NA
MPF,1999,recent_2016,369.0852310318136,NA,NA,NA,NA,0.09641665015333904,0,235.24155804144795,0.3134312324401994,73.73205145808376,1.5689627041442367,NA
MPF,2000,recent_2016,369.0852310318136,NA,NA,NA,NA,0.09641665015333904,0,235.24155804144795,0.3134312324401994,73.73205145808376,1.5689627041442367,NA
MPF,2001,recent_2016,369.0852310318136,NA,NA,NA,NA,0.09641665015333904,0,235.24155804144795,0.3134312324401994,73.73205145808376,1.5689627041442367,NA
MPF,2002,recent_2016,369.0852310318136,NA,NA,NA,NA,0.09641665015333904,0,235.24155804144795,0.3134312324401994,73.73205145808376,1.5689627041442367,NA
MPF,2003,recent_2016,369.0852310318136,NA,NA,NA,0.17380519480519468,0.09641665015333904,0,235.24155804144795,0.3134312324401994,73.73205145808376,1.5689627041442367,NA
MPF,2004,recent_2016,369.0852310318136,NA,NA,NA,0.23283399209486164,0.09641665015333904,0,235.24155804144795,0.3134312324401994,73.73205145808376,1.5689627041442367,NA
MPF,2005,recent_2016,369.0852310318136,NA,NA,NA,0.11832661290322578,0.09641665015333904,0,235.24155804144795,0.3134312324401994,73.73205145808376,1.5689627041442367,NA
MPF,2006,recent_2016,369.0852310318136,NA,NA,NA,0.1253849372384937,0.09641665015333904,0,235.24155804144795,0.3134312324401994,73.73205145808376,1.5689627041442367,NA
MPF,2007,recent_2016,369.0852310318136,NA,NA,NA,0.17824186046511625,0.09641665015333904,0,235.24155804144795,0.3134312324401994,73.73205145808376,1.5689627041442367,NA
MPF,2008,recent_2016,369.0852310318136,NA,NA,NA,0.1372822580645161,0.09641665015333904,0,235.24155804144795,0.3134312324401994,73.73205145808376,1.5689627041442367,NA
MPF,2009,recent_2016,369.0852310318136,NA,NA,NA,0.10015289256198344,0.09641665015333904,0,235.24155804144795,0.3134312324401994,73.73205145808376,1.5689627041442367,NA
MPF,2010,recent_2016,369.0852310318136,NA,NA,NA,0.10226907630522082,0.09641665015333904,0,235.24155804144795,0.3134312324401994,73.73205145808376,1.5689627041442367,NA
MPF,2011,recent_2016,369.0852310318136,NA,NA,NA,0.09471480375575088,0.09641665015333904,0,235.24155804144795,0.3134312324401994,73.73205145808376,1.5689627041442367,NA
MPF,2012,recent_2016,369.0852310318136,NA,NA,NA,0.2653379667441039,0.09641665015333904,0,235.24155804144795,0.3134312324401994,73.73205145808376,1.5689627041442367,NA
MPF,2013,recent_2016,369.0852310318136,NA,NA,NA,0.11337955077709173,0.09641665015333904,0,235.24155804144795,0.3134312324401994,73.73205145808376,1.5689627041442367,NA
MPF,2014,recent_2016,369.0852310318136,NA,NA,NA,0.05657093837215155,0.09641665015333904,0,235.24155804144795,0.3134312324401994,73.73205145808376,1.5689627041442367,NA
MPF,2015,recent_2016,369.0852310318136,NA,NA,NA,0.14918956006837605,0.09641665015333904,0,235.24155804144795,0.3134312324401994,73.73205145808376,1.5689627041442367,NA
MPF,2016,recent_2016,369.0852310318136,0.19962122320248277,25.790239999999997,25.698588702537172,0.07872484909507042,0.09641665015333904,1,235.24155804144795,0.3134312324401994,73.73205145808376,1.5689627041442367,0.6368900177826701
MPF,2017,recent_2016,350.9195199729496,0.23866452861027287,20.56303,24.842249691385817,0.11957211972120065,0.09167119609370979,1,235.24155804144795,0.3134312324401994,73.73205145808376,1.4917411825300018,0.7614573913140852
MPF,2018,recent_2016,330.4193231940542,0.23005407916671672,10.738600000000002,22.108929216917687,0.1108619298161498,0.08631590107044455,1,235.24155804144795,0.3134312324401994,73.73205145808376,1.404595879848052,0.7339858168429642
MPF,2019,recent_2016,322.829418127584,0.2503851370706265,18.80011,23.649112213668708,0.11601638667606914,0.08433317957426029,1,235.24155804144795,0.3134312324401994,73.73205145808376,1.372331576169478,0.7988519048381636
MPF,2020,recent_2016,313.3393254827055,0.2012111900911231,14.918,18.07918521764925,0.057976714319166685,0.0818540694242658,1,235.24155804144795,0.3134312324401994,73.73205145808376,1.3319896709215693,0.6419627952345587
MPF,2021,recent_2016,320.7609029509786,0.21046730204732444,19.23225,19.164335851545793,0.05882532751091703,0.08379281846698412,1,235.24155804144795,0.3134312324401994,73.73205145808376,1.3635384224689702,0.6714943511172908
MPF,2022,recent_2016,322.51900050587653,0.22096346982807535,35.39228,20.32455429489781,0.11967652359302518,0.084252088745592,1,235.24155804144795,0.3134312324401994,73.73205145808376,1.3710120065139635,0.7049822958222063
MPF,2023,recent_2016,320.9942235771833,0.25043520197171176,40.77256,22.977857357470707,0.06544736842105262,0.08385376913988815,1,235.24155804144795,0.3134312324401994,73.73205145808376,1.3645302566846047,0.7990116365301698
NTU,1971,recent_2016,87.99985440490056,NA,NA,NA,0.9771614493618556,0.20353878604681247,0,97.87468872612811,1.1276253011233772,110.36597534715705,0.8991073744422401,NA
NTU,1972,recent_2016,87.99985440490056,NA,NA,NA,0.9303334508773676,0.20353878604681247,0,97.87468872612811,1.1276253011233772,110.36597534715705,0.8991073744422401,NA
NTU,1973,recent_2016,87.99985440490056,NA,NA,NA,0.7654046511835734,0.20353878604681247,0,97.87468872612811,1.1276253011233772,110.36597534715705,0.8991073744422401,NA
NTU,1974,recent_2016,87.99985440490056,NA,NA,NA,0.8502251767403818,0.20353878604681247,0,97.87468872612811,1.1276253011233772,110.36597534715705,0.8991073744422401,NA
NTU,1975,recent_2016,87.99985440490056,NA,NA,NA,0.6904504020370188,0.20353878604681247,0,97.87468872612811,1.1276253011233772,110.36597534715705,0.8991073744422401,NA
NTU,1976,recent_2016,87.99985440490056,NA,NA,NA,0.8434513153243868,0.20353878604681247,0,97.87468872612811,1.1276253011233772,110.36597534715705,0.8991073744422401,NA
NTU,1977,recent_2016,87.99985440490056,NA,NA,NA,0.6970770055961444,0.20353878604681247,0,97.87468872612811,1.1276253011233772,110.36597534715705,0.8991073744422401,NA
NTU,1978,recent_2016,87.99985440490056,NA,NA,NA,0.768791581891571,0.20353878604681247,0,97.87468872612811,1.1276253011233772,110.36597534715705,0.8991073744422401,NA
NTU,1979,recent_2016,87.99985440490056,NA,NA,NA,0.7609869154774896,0.20353878604681247,0,97.87468872612811,1.1276253011233772,110.36597534715705,0.8991073744422401,NA
NTU,1980,recent_2016,87.99985440490056,NA,NA,NA,0.7103302127143958,0.20353878604681247,0,97.87468872612811,1.1276253011233772,110.36597534715705,0.8991073744422401,NA
NTU,1981,recent_2016,87.99985440490056,NA,NA,NA,0.5729386322551904,0.20353878604681247,0,97.87468872612811,1.1276253011233772,110.36597534715705,0.8991073744422401,NA
NTU,1982,recent_2016,87.99985440490056,NA,NA,NA,0.5943519720434376,0.20353878604681247,0,97.87468872612811,1.1276253011233772,110.36597534715705,0.8991073744422401,NA
NTU,1983,recent_2016,87.99985440490056,NA,NA,NA,0.5733616379977109,0.20353878604681247,0,97.87468872612811,1.1276253011233772,110.36597534715705,0.8991073744422401,NA
NTU,1984,recent_2016,87.99985440490056,NA,NA,NA,0.697058686759159,0.20353878604681247,0,97.87468872612811,1.1276253011233772,110.36597534715705,0.8991073744422401,NA
NTU,1985,recent_2016,87.99985440490056,NA,NA,NA,0.6490166387828434,0.20353878604681247,0,97.87468872612811,1.1276253011233772,110.36597534715705,0.8991073744422401,NA
NTU,1986,recent_2016,87.99985440490056,NA,NA,NA,0.57414737242723,0.20353878604681247,0,97.87468872612811,1.1276253011233772,110.36597534715705,0.8991073744422401,NA
NTU,1987,recent_2016,87.99985440490056,NA,NA,NA,0.4556137213454794,0.20353878604681247,0,97.87468872612811,1.1276253011233772,110.36597534715705,0.8991073744422401,NA
NTU,1988,recent_2016,87.99985440490056,NA,NA,NA,0.3549274665913786,0.20353878604681247,0,97.87468872612811,1.1276253011233772,110.36597534715705,0.8991073744422401,NA
NTU,1989,recent_2016,87.99985440490056,NA,NA,NA,0.2769152625176885,0.20353878604681247,0,97.87468872612811,1.1276253011233772,110.36597534715705,0.8991073744422401,NA
NTU,1990,recent_2016,87.99985440490056,NA,NA,NA,NA,0.20353878604681247,0,97.87468872612811,1.1276253011233772,110.36597534715705,0.8991073744422401,NA
NTU,1991,recent_2016,87.99985440490056,NA,NA,NA,0.3122733118460516,0.20353878604681247,0,97.87468872612811,1.1276253011233772,110.36597534715705,0.8991073744422401,NA
NTU,1992,recent_2016,87.99985440490056,NA,NA,NA,NA,0.20353878604681247,0,97.87468872612811,1.1276253011233772,110.36597534715705,0.8991073744422401,NA
NTU,1993,recent_2016,87.99985440490056,NA,NA,NA,NA,0.20353878604681247,0,97.87468872612811,1.1276253011233772,110.36597534715705,0.8991073744422401,NA
NTU,1994,recent_2016,87.99985440490056,NA,NA,NA,NA,0.20353878604681247,0,97.87468872612811,1.1276253011233772,110.36597534715705,0.8991073744422401,NA
NTU,1995,recent_2016,87.99985440490056,NA,NA,NA,NA,0.20353878604681247,0,97.87468872612811,1.1276253011233772,110.36597534715705,0.8991073744422401,NA
NTU,1996,recent_2016,87.99985440490056,NA,NA,NA,NA,0.20353878604681247,0,97.87468872612811,1.1276253011233772,110.36597534715705,0.8991073744422401,NA
NTU,1997,recent_2016,87.99985440490056,NA,NA,NA,NA,0.20353878604681247,0,97.87468872612811,1.1276253011233772,110.36597534715705,0.8991073744422401,NA
NTU,1998,recent_2016,87.99985440490056,NA,NA,NA,NA,0.20353878604681247,0,97.87468872612811,1.1276253011233772,110.36597534715705,0.8991073744422401,NA
NTU,1999,recent_2016,87.99985440490056,NA,NA,NA,NA,0.20353878604681247,0,97.87468872612811,1.1276253011233772,110.36597534715705,0.8991073744422401,NA
NTU,2000,recent_2016,87.99985440490056,NA,NA,NA,NA,0.20353878604681247,0,97.87468872612811,1.1276253011233772,110.36597534715705,0.8991073744422401,NA
NTU,2001,recent_2016,87.99985440490056,NA,NA,NA,NA,0.20353878604681247,0,97.87468872612811,1.1276253011233772,110.36597534715705,0.8991073744422401,NA
NTU,2002,recent_2016,87.99985440490056,NA,NA,NA,NA,0.20353878604681247,0,97.87468872612811,1.1276253011233772,110.36597534715705,0.8991073744422401,NA
NTU,2003,recent_2016,87.99985440490056,NA,NA,NA,0.3968874458874457,0.20353878604681247,0,97.87468872612811,1.1276253011233772,110.36597534715705,0.8991073744422401,NA
NTU,2004,recent_2016,87.99985440490056,NA,NA,NA,0.37725296442687734,0.20353878604681247,0,97.87468872612811,1.1276253011233772,110.36597534715705,0.8991073744422401,NA
NTU,2005,recent_2016,87.99985440490056,NA,NA,NA,0.2851290322580644,0.20353878604681247,0,97.87468872612811,1.1276253011233772,110.36597534715705,0.8991073744422401,NA
NTU,2006,recent_2016,87.99985440490056,NA,NA,NA,0.19346443514644343,0.20353878604681247,0,97.87468872612811,1.1276253011233772,110.36597534715705,0.8991073744422401,NA
NTU,2007,recent_2016,87.99985440490056,NA,NA,NA,0.41572093023255796,0.20353878604681247,0,97.87468872612811,1.1276253011233772,110.36597534715705,0.8991073744422401,NA
NTU,2008,recent_2016,87.99985440490056,NA,NA,NA,0.3748346774193546,0.20353878604681247,0,97.87468872612811,1.1276253011233772,110.36597534715705,0.8991073744422401,NA
NTU,2009,recent_2016,87.99985440490056,NA,NA,NA,0.2532024793388429,0.20353878604681247,0,97.87468872612811,1.1276253011233772,110.36597534715705,0.8991073744422401,NA
NTU,2010,recent_2016,87.99985440490056,NA,NA,NA,0.3257202375269699,0.20353878604681247,0,97.87468872612811,1.1276253011233772,110.36597534715705,0.8991073744422401,NA
NTU,2011,recent_2016,87.99985440490056,NA,NA,NA,0.1701867797868954,0.20353878604681247,0,97.87468872612811,1.1276253011233772,110.36597534715705,0.8991073744422401,NA
NTU,2012,recent_2016,87.99985440490056,NA,NA,NA,0.2339093444661894,0.20353878604681247,0,97.87468872612811,1.1276253011233772,110.36597534715705,0.8991073744422401,NA
NTU,2013,recent_2016,87.99985440490056,NA,NA,NA,0.4820664596629084,0.20353878604681247,0,97.87468872612811,1.1276253011233772,110.36597534715705,0.8991073744422401,NA
NTU,2014,recent_2016,87.99985440490056,NA,NA,NA,0.23426333990365156,0.20353878604681247,0,97.87468872612811,1.1276253011233772,110.36597534715705,0.8991073744422401,NA
NTU,2015,recent_2016,87.99985440490056,NA,NA,NA,0.23257557306410256,0.20353878604681247,0,97.87468872612811,1.1276253011233772,110.36597534715705,0.8991073744422401,NA
NTU,2016,recent_2016,87.99985440490056,0.5446322928774796,28.1248,21.307566938301147,0.19938404751760563,0.20353878604681247,1,97.87468872612811,1.1276253011233772,110.36597534715705,0.8991073744422401,0.4829904865870774
NTU,2017,recent_2016,160.87050458496992,0.5395068306588824,31.564839999999997,29.155872160926414,0.5005212978763105,0.3720845612233142,1,97.87468872612811,1.1276253011233772,110.36597534715705,1.6436374580471567,0.47844512722569105
NTU,2018,recent_2016,158.20832259742156,0.49838922587558887,28.58688,30.307477876490754,0.515669359008297,0.3659270818314947,1,97.87468872612811,1.1276253011233772,110.36597534715705,1.6164375555780142,0.44198123736588496
NTU,2019,recent_2016,163.82316524024347,0.5654326869590163,28.08343,33.33883530415621,0.347744517636968,0.37891390167446265,1,97.87468872612811,1.1276253011233772,110.36597534715705,1.673805223520574,0.5014366797159604
NTU,2020,recent_2016,153.07685687204616,0.40951863882619666,24.790200000000002,30.268589673312473,0.3415946700420802,0.35405828600851474,1,97.87468872612811,1.1276253011233772,110.36597534715705,1.564008620250984,0.3631690761268134
NTU,2021,recent_2016,177.27663397170843,0.43782389825613066,33.43908999999999,32.622345274183196,0.4298561958845016,0.4100310292224446,1,97.87468872612811,1.1276253011233772,110.36597534715705,1.8112612798980334,0.3882707294878504
NTU,2022,recent_2016,151.94074625899907,0.47092118035797625,33.835260000000005,29.710227034169378,0.262905487759869,0.3514305251268828,1,97.87468872612811,1.1276253011233772,110.36597534715705,1.5524008120644757,0.4176220415494661
NTU,2023,recent_2016,171.40568272022577,0.550073679800219,36.342620000000004,38.69987035018635,0.31066452314777493,0.39645184436188136,1,97.87468872612811,1.1276253011233772,110.36597534715705,1.7512769128681602,0.4878160141070067
SAR,1971,recent_2016,302.33185275343635,NA,NA,NA,NA,1.0627303939742552,0,211.16955295354893,1.0363772581774628,218.85132230055964,1.4317019121593748,NA
SAR,1972,recent_2016,302.33185275343635,NA,NA,NA,2.401529112001412,1.0627303939742552,0,211.16955295354893,1.0363772581774628,218.85132230055964,1.4317019121593748,NA
SAR,1973,recent_2016,302.33185275343635,NA,NA,NA,1.9757878753528055,1.0627303939742552,0,211.16955295354893,1.0363772581774628,218.85132230055964,1.4317019121593748,NA
SAR,1974,recent_2016,302.33185275343635,NA,NA,NA,2.1947405113435177,1.0627303939742552,0,211.16955295354893,1.0363772581774628,218.85132230055964,1.4317019121593748,NA
SAR,1975,recent_2016,302.33185275343635,NA,NA,NA,1.78230368834018,1.0627303939742552,0,211.16955295354893,1.0363772581774628,218.85132230055964,1.4317019121593748,NA
SAR,1976,recent_2016,302.33185275343635,NA,NA,NA,2.177254710552593,1.0627303939742552,0,211.16955295354893,1.0363772581774628,218.85132230055964,1.4317019121593748,NA
SAR,1977,recent_2016,302.33185275343635,NA,NA,NA,1.7994093630269543,1.0627303939742552,0,211.16955295354893,1.0363772581774628,218.85132230055964,1.4317019121593748,NA
SAR,1978,recent_2016,302.33185275343635,NA,NA,NA,1.9845307757482682,1.0627303939742552,0,211.16955295354893,1.0363772581774628,218.85132230055964,1.4317019121593748,NA
SAR,1979,recent_2016,302.33185275343635,NA,NA,NA,1.9643840922282896,1.0627303939742552,0,211.16955295354893,1.0363772581774628,218.85132230055964,1.4317019121593748,NA
SAR,1980,recent_2016,302.33185275343635,NA,NA,NA,1.833620712400503,1.0627303939742552,0,211.16955295354893,1.0363772581774628,218.85132230055964,1.4317019121593748,NA
SAR,1981,recent_2016,302.33185275343635,NA,NA,NA,1.478963057228048,1.0627303939742552,0,211.16955295354893,1.0363772581774628,218.85132230055964,1.4317019121593748,NA
SAR,1982,recent_2016,302.33185275343635,NA,NA,NA,1.5342386778543475,1.0627303939742552,0,211.16955295354893,1.0363772581774628,218.85132230055964,1.4317019121593748,NA
SAR,1983,recent_2016,302.33185275343635,NA,NA,NA,1.4800549889480654,1.0627303939742552,0,211.16955295354893,1.0363772581774628,218.85132230055964,1.4317019121593748,NA
SAR,1984,recent_2016,302.33185275343635,NA,NA,NA,1.799362075443909,1.0627303939742552,0,211.16955295354893,1.0363772581774628,218.85132230055964,1.4317019121593748,NA
SAR,1985,recent_2016,302.33185275343635,NA,NA,NA,1.6753480708883541,1.0627303939742552,0,211.16955295354893,1.0363772581774628,218.85132230055964,1.4317019121593748,NA
SAR,1986,recent_2016,302.33185275343635,NA,NA,NA,1.482083255377712,1.0627303939742552,0,211.16955295354893,1.0363772581774628,218.85132230055964,1.4317019121593748,NA
SAR,1987,recent_2016,302.33185275343635,NA,NA,NA,1.17610477684812,1.0627303939742552,0,211.16955295354893,1.0363772581774628,218.85132230055964,1.4317019121593748,NA
SAR,1988,recent_2016,302.33185275343635,NA,NA,NA,0.9161969215062222,1.0627303939742552,0,211.16955295354893,1.0363772581774628,218.85132230055964,1.4317019121593748,NA
SAR,1989,recent_2016,302.33185275343635,NA,NA,NA,0.7148190402769926,1.0627303939742552,0,211.16955295354893,1.0363772581774628,218.85132230055964,1.4317019121593748,NA
SAR,1990,recent_2016,302.33185275343635,NA,NA,NA,NA,1.0627303939742552,0,211.16955295354893,1.0363772581774628,218.85132230055964,1.4317019121593748,NA
SAR,1991,recent_2016,302.33185275343635,NA,NA,NA,0.8060910296111039,1.0627303939742552,0,211.16955295354893,1.0363772581774628,218.85132230055964,1.4317019121593748,NA
SAR,1992,recent_2016,302.33185275343635,NA,NA,NA,NA,1.0627303939742552,0,211.16955295354893,1.0363772581774628,218.85132230055964,1.4317019121593748,NA
SAR,1993,recent_2016,302.33185275343635,NA,NA,NA,NA,1.0627303939742552,0,211.16955295354893,1.0363772581774628,218.85132230055964,1.4317019121593748,NA
SAR,1994,recent_2016,302.33185275343635,NA,NA,NA,NA,1.0627303939742552,0,211.16955295354893,1.0363772581774628,218.85132230055964,1.4317019121593748,NA
SAR,1995,recent_2016,302.33185275343635,NA,NA,NA,NA,1.0627303939742552,0,211.16955295354893,1.0363772581774628,218.85132230055964,1.4317019121593748,NA
SAR,1996,recent_2016,302.33185275343635,NA,NA,NA,NA,1.0627303939742552,0,211.16955295354893,1.0363772581774628,218.85132230055964,1.4317019121593748,NA
SAR,1997,recent_2016,302.33185275343635,NA,NA,NA,NA,1.0627303939742552,0,211.16955295354893,1.0363772581774628,218.85132230055964,1.4317019121593748,NA
SAR,1998,recent_2016,302.33185275343635,NA,NA,NA,NA,1.0627303939742552,0,211.16955295354893,1.0363772581774628,218.85132230055964,1.4317019121593748,NA
SAR,1999,recent_2016,302.33185275343635,NA,NA,NA,NA,1.0627303939742552,0,211.16955295354893,1.0363772581774628,218.85132230055964,1.4317019121593748,NA
SAR,2000,recent_2016,302.33185275343635,NA,NA,NA,NA,1.0627303939742552,0,211.16955295354893,1.0363772581774628,218.85132230055964,1.4317019121593748,NA
SAR,2001,recent_2016,302.33185275343635,NA,NA,NA,NA,1.0627303939742552,0,211.16955295354893,1.0363772581774628,218.85132230055964,1.4317019121593748,NA
SAR,2002,recent_2016,302.33185275343635,NA,NA,NA,NA,1.0627303939742552,0,211.16955295354893,1.0363772581774628,218.85132230055964,1.4317019121593748,NA
SAR,2003,recent_2016,302.33185275343635,NA,NA,NA,0.46843722943722943,1.0627303939742552,0,211.16955295354893,1.0363772581774628,218.85132230055964,1.4317019121593748,NA
SAR,2004,recent_2016,302.33185275343635,NA,NA,NA,0.6455849802371542,1.0627303939742552,0,211.16955295354893,1.0363772581774628,218.85132230055964,1.4317019121593748,NA
SAR,2005,recent_2016,302.33185275343635,NA,NA,NA,0.4824959677419353,1.0627303939742552,0,211.16955295354893,1.0363772581774628,218.85132230055964,1.4317019121593748,NA
SAR,2006,recent_2016,302.33185275343635,NA,NA,NA,0.4339037656903765,1.0627303939742552,0,211.16955295354893,1.0363772581774628,218.85132230055964,1.4317019121593748,NA
SAR,2007,recent_2016,302.33185275343635,NA,NA,NA,0.4710279069767441,1.0627303939742552,0,211.16955295354893,1.0363772581774628,218.85132230055964,1.4317019121593748,NA
SAR,2008,recent_2016,302.33185275343635,NA,NA,NA,0.7211129032258063,1.0627303939742552,0,211.16955295354893,1.0363772581774628,218.85132230055964,1.4317019121593748,NA
SAR,2009,recent_2016,302.33185275343635,NA,NA,NA,0.570784297520661,1.0627303939742552,0,211.16955295354893,1.0363772581774628,218.85132230055964,1.4317019121593748,NA
SAR,2010,recent_2016,302.33185275343635,NA,NA,NA,0.5156506024096383,1.0627303939742552,0,211.16955295354893,1.0363772581774628,218.85132230055964,1.4317019121593748,NA
SAR,2011,recent_2016,302.33185275343635,NA,NA,NA,0.8944797573037847,1.0627303939742552,0,211.16955295354893,1.0363772581774628,218.85132230055964,1.4317019121593748,NA
SAR,2012,recent_2016,302.33185275343635,NA,NA,NA,0.8138371018072605,1.0627303939742552,0,211.16955295354893,1.0363772581774628,218.85132230055964,1.4317019121593748,NA
SAR,2013,recent_2016,302.33185275343635,NA,NA,NA,0.7238373368960961,1.0627303939742552,0,211.16955295354893,1.0363772581774628,218.85132230055964,1.4317019121593748,NA
SAR,2014,recent_2016,302.33185275343635,NA,NA,NA,0.7653203032683538,1.0627303939742552,0,211.16955295354893,1.0363772581774628,218.85132230055964,1.4317019121593748,NA
SAR,2015,recent_2016,302.33185275343635,NA,NA,NA,1.133882127504273,1.0627303939742552,0,211.16955295354893,1.0363772581774628,218.85132230055964,1.4317019121593748,NA
SAR,2016,recent_2016,302.33185275343635,0.5394084801628383,56.36257,55.15313912537888,1.0930731531190845,1.0627303939742552,1,211.16955295354893,1.0363772581774628,218.85132230055964,1.4317019121593748,0.5204750257752889
SAR,2017,recent_2016,349.0566174410944,0.6053042536263167,54.549200000000006,52.254514553265146,1.4374682284505669,1.2269731859018578,1,211.16955295354893,1.0363772581774628,218.85132230055964,1.6529684917118546,0.5840578311133378
SAR,2018,recent_2016,306.65138199310894,0.5796765433793247,52.29685,45.95664153298514,0.9698245108921388,1.0779140240445024,1,211.16955295354893,1.0363772581774628,218.85132230055964,1.452157177510165,0.5593296637932058
SAR,2019,recent_2016,336.198460050263,0.6067692750483484,63.857350000000004,51.425139325037094,1.2096015716470407,1.1817753195662675,1,211.16955295354893,1.0363772581774628,218.85132230055964,1.5920782866089447,0.5854714296948119
SAR,2020,recent_2016,311.5485948198995,0.4861332090852448,54.0931,43.28750203712562,1.2850291712991129,1.095128276758507,1,211.16955295354893,1.0363772581774628,218.85132230055964,1.4753480814936943,0.4690697381184742
SAR,2021,recent_2016,351.7892890556404,0.48530755882689025,29.00633,45.35257346085609,1.7757065090593287,1.2365788333223335,1,211.16955295354893,1.0363772581774628,218.85132230055964,1.6659091433177569,0.46827306851593337
SAR,2022,recent_2016,328.24076763925524,0.49210076787847346,45.404880000000006,42.86697025570549,0.9396314451618436,1.153803137627591,1,211.16955295354893,1.0363772581774628,218.85132230055964,1.5543943861616192,0.47482783320030086
SAR,2023,recent_2016,337.5387268513041,0.5389828275473709,54.371939999999995,48.11521075161583,0.7877984966191535,1.186486507793803,1,211.16955295354893,1.0363772581774628,218.85132230055964,1.5984251618203342,0.5200643137376514
SCP,1971,recent_2016,230.0676070311474,NA,NA,NA,4.865921294493222,1.6113549929375375,0,295.8636305428135,0.28882221929991275,85.45199038350484,0.7776136817122409,NA
SCP,1972,recent_2016,230.0676070311474,NA,NA,NA,4.6327342861918055,1.6113549929375375,0,295.8636305428135,0.28882221929991275,85.45199038350484,0.7776136817122409,NA
SCP,1973,recent_2016,230.0676070311474,NA,NA,NA,3.8114467097843043,1.6113549929375375,0,295.8636305428135,0.28882221929991275,85.45199038350484,0.7776136817122409,NA
SCP,1974,recent_2016,230.0676070311474,NA,NA,NA,4.233823177651019,1.6113549929375375,0,295.8636305428135,0.28882221929991275,85.45199038350484,0.7776136817122409,NA
SCP,1975,recent_2016,230.0676070311474,NA,NA,NA,3.438200838006252,1.6113549929375375,0,295.8636305428135,0.28882221929991275,85.45199038350484,0.7776136817122409,NA
SCP,1976,recent_2016,230.0676070311474,NA,NA,NA,4.200091723619997,1.6113549929375375,0,295.8636305428135,0.28882221929991275,85.45199038350484,0.7776136817122409,NA
SCP,1977,recent_2016,230.0676070311474,NA,NA,NA,3.471198999558339,1.6113549929375375,0,295.8636305428135,0.28882221929991275,85.45199038350484,0.7776136817122409,NA
SCP,1978,recent_2016,230.0676070311474,NA,NA,NA,3.8283124367998154,1.6113549929375375,0,295.8636305428135,0.28882221929991275,85.45199038350484,0.7776136817122409,NA
SCP,1979,recent_2016,230.0676070311474,NA,NA,NA,3.7894479354162462,1.6113549929375375,0,295.8636305428135,0.28882221929991275,85.45199038350484,0.7776136817122409,NA
SCP,1980,recent_2016,230.0676070311474,NA,NA,NA,3.5371953226625137,1.6113549929375375,0,295.8636305428135,0.28882221929991275,85.45199038350484,0.7776136817122409,NA
SCP,1981,recent_2016,230.0676070311474,NA,NA,NA,2.853033439815907,1.6113549929375375,0,295.8636305428135,0.28882221929991275,85.45199038350484,0.7776136817122409,NA
SCP,1982,recent_2016,230.0676070311474,NA,NA,NA,2.9596643615841542,1.6113549929375375,0,295.8636305428135,0.28882221929991275,85.45199038350484,0.7776136817122409,NA
SCP,1983,recent_2016,230.0676070311474,NA,NA,NA,2.8551398600513425,1.6113549929375375,0,295.8636305428135,0.28882221929991275,85.45199038350484,0.7776136817122409,NA
SCP,1984,recent_2016,230.0676070311474,NA,NA,NA,3.4711077781751842,1.6113549929375375,0,295.8636305428135,0.28882221929991275,85.45199038350484,0.7776136817122409,NA
SCP,1985,recent_2016,230.0676070311474,NA,NA,NA,3.231875229212385,1.6113549929375375,0,295.8636305428135,0.28882221929991275,85.45199038350484,0.7776136817122409,NA
SCP,1986,recent_2016,230.0676070311474,NA,NA,NA,2.8590525419269026,1.6113549929375375,0,295.8636305428135,0.28882221929991275,85.45199038350484,0.7776136817122409,NA
SCP,1987,recent_2016,230.0676070311474,NA,NA,NA,2.2687965332710256,1.6113549929375375,0,295.8636305428135,0.28882221929991275,85.45199038350484,0.7776136817122409,NA
SCP,1988,recent_2016,230.0676070311474,NA,NA,NA,1.7674142986457215,1.6113549929375375,0,295.8636305428135,0.28882221929991275,85.45199038350484,0.7776136817122409,NA
SCP,1989,recent_2016,230.0676070311474,NA,NA,NA,1.3789408838579995,1.6113549929375375,0,295.8636305428135,0.28882221929991275,85.45199038350484,0.7776136817122409,NA
SCP,1990,recent_2016,230.0676070311474,NA,NA,NA,NA,1.6113549929375375,0,295.8636305428135,0.28882221929991275,85.45199038350484,0.7776136817122409,NA
SCP,1991,recent_2016,230.0676070311474,NA,NA,NA,1.55501156825819,1.6113549929375375,0,295.8636305428135,0.28882221929991275,85.45199038350484,0.7776136817122409,NA
SCP,1992,recent_2016,230.0676070311474,NA,NA,NA,NA,1.6113549929375375,0,295.8636305428135,0.28882221929991275,85.45199038350484,0.7776136817122409,NA
SCP,1993,recent_2016,230.0676070311474,NA,NA,NA,NA,1.6113549929375375,0,295.8636305428135,0.28882221929991275,85.45199038350484,0.7776136817122409,NA
SCP,1994,recent_2016,230.0676070311474,NA,NA,NA,NA,1.6113549929375375,0,295.8636305428135,0.28882221929991275,85.45199038350484,0.7776136817122409,NA
SCP,1995,recent_2016,230.0676070311474,NA,NA,NA,NA,1.6113549929375375,0,295.8636305428135,0.28882221929991275,85.45199038350484,0.7776136817122409,NA
SCP,1996,recent_2016,230.0676070311474,NA,NA,NA,NA,1.6113549929375375,0,295.8636305428135,0.28882221929991275,85.45199038350484,0.7776136817122409,NA
SCP,1997,recent_2016,230.0676070311474,NA,NA,NA,NA,1.6113549929375375,0,295.8636305428135,0.28882221929991275,85.45199038350484,0.7776136817122409,NA
SCP,1998,recent_2016,230.0676070311474,NA,NA,NA,NA,1.6113549929375375,0,295.8636305428135,0.28882221929991275,85.45199038350484,0.7776136817122409,NA
SCP,1999,recent_2016,230.0676070311474,NA,NA,NA,NA,1.6113549929375375,0,295.8636305428135,0.28882221929991275,85.45199038350484,0.7776136817122409,NA
SCP,2000,recent_2016,230.0676070311474,NA,NA,NA,NA,1.6113549929375375,0,295.8636305428135,0.28882221929991275,85.45199038350484,0.7776136817122409,NA
SCP,2001,recent_2016,230.0676070311474,NA,NA,NA,NA,1.6113549929375375,0,295.8636305428135,0.28882221929991275,85.45199038350484,0.7776136817122409,NA
SCP,2002,recent_2016,230.0676070311474,NA,NA,NA,NA,1.6113549929375375,0,295.8636305428135,0.28882221929991275,85.45199038350484,0.7776136817122409,NA
SCP,2003,recent_2016,230.0676070311474,NA,NA,NA,1.085307359307359,1.6113549929375375,0,295.8636305428135,0.28882221929991275,85.45199038350484,0.7776136817122409,NA
SCP,2004,recent_2016,230.0676070311474,NA,NA,NA,2.5774071146245054,1.6113549929375375,0,295.8636305428135,0.28882221929991275,85.45199038350484,0.7776136817122409,NA
SCP,2005,recent_2016,230.0676070311474,NA,NA,NA,1.75216129032258,1.6113549929375375,0,295.8636305428135,0.28882221929991275,85.45199038350484,0.7776136817122409,NA
SCP,2006,recent_2016,230.0676070311474,NA,NA,NA,1.7344225941422589,1.6113549929375375,0,295.8636305428135,0.28882221929991275,85.45199038350484,0.7776136817122409,NA
SCP,2007,recent_2016,230.0676070311474,NA,NA,NA,1.138623255813953,1.6113549929375375,0,295.8636305428135,0.28882221929991275,85.45199038350484,0.7776136817122409,NA
SCP,2008,recent_2016,230.0676070311474,NA,NA,NA,1.625983870967741,1.6113549929375375,0,295.8636305428135,0.28882221929991275,85.45199038350484,0.7776136817122409,NA
SCP,2009,recent_2016,230.0676070311474,NA,NA,NA,1.431698512396694,1.6113549929375375,0,295.8636305428135,0.28882221929991275,85.45199038350484,0.7776136817122409,NA
SCP,2010,recent_2016,230.0676070311474,NA,NA,NA,1.3683585781004493,1.6113549929375375,0,295.8636305428135,0.28882221929991275,85.45199038350484,0.7776136817122409,NA
SCP,2011,recent_2016,230.0676070311474,NA,NA,NA,2.0679004632803353,1.6113549929375375,0,295.8636305428135,0.28882221929991275,85.45199038350484,0.7776136817122409,NA
SCP,2012,recent_2016,230.0676070311474,NA,NA,NA,1.8263510605983355,1.6113549929375375,0,295.8636305428135,0.28882221929991275,85.45199038350484,0.7776136817122409,NA
SCP,2013,recent_2016,230.0676070311474,NA,NA,NA,1.865489591411553,1.6113549929375375,0,295.8636305428135,0.28882221929991275,85.45199038350484,0.7776136817122409,NA
SCP,2014,recent_2016,230.0676070311474,NA,NA,NA,1.946835128150035,1.6113549929375375,0,295.8636305428135,0.28882221929991275,85.45199038350484,0.7776136817122409,NA
SCP,2015,recent_2016,230.0676070311474,NA,NA,NA,1.6336057506538455,1.6113549929375375,0,295.8636305428135,0.28882221929991275,85.45199038350484,0.7776136817122409,NA
SCP,2016,recent_2016,230.0676070311474,0.5076820900084131,23.826449999999998,40.00749697095845,1.394336493954225,1.6113549929375375,1,295.8636305428135,0.28882221929991275,85.45199038350484,0.7776136817122409,1.757766737057153
SCP,2017,recent_2016,217.2515269115613,0.5163466234289755,33.50203,27.788513798041432,1.7570958168813386,1.5215933139377351,1,295.8636305428135,0.28882221929991275,85.45199038350484,0.7342961570267202,1.7877662760177104
SCP,2018,recent_2016,204.3902711384944,0.5300536454056406,34.5,26.61416949179137,1.2441045134099813,1.4315152322259868,1,295.8636305428135,0.28882221929991275,85.45199038350484,0.6908259415444363,1.8352246121868945
SCP,2019,recent_2016,193.2995712401655,0.5307371434005859,32.931000000000004,26.42907236854473,1.956019998839481,1.3538378273667941,1,295.8636305428135,0.28882221929991275,85.45199038350484,0.6533400907895428,1.8375911129242757
SCP,2020,recent_2016,184.71955363833817,0.48455944956179486,26.695,23.326686773584225,0.951875864518764,1.2937448208779463,1,295.8636305428135,0.28882221929991275,85.45199038350484,0.6243401843593884,1.6777083519970766
SCP,2021,recent_2016,183.25381804786656,0.4527083060192947,27.441999999999997,21.351790040097487,1.439682798305725,1.283479054251735,1,295.8636305428135,0.28882221929991275,85.45199038350484,0.6193860925442422,1.5674289433708795
SCP,2022,recent_2016,184.32260072669573,0.44588546327087286,15.553,22.404882968854775,1.3023615838579825,1.290964629157825,1,295.8636305428135,0.28882221929991275,85.45199038350484,0.6229985091054406,1.5438059590833133
SCP,2023,recent_2016,188.22455754311963,0.4849309745702053,20.489,25.921112073047734,1.2720672101834425,1.3182932812853714,1,295.8636305428135,0.28882221929991275,85.45199038350484,0.6361868716265964,1.6789946969649636
ANC,1971,per_species,213.63839885706096,NA,NA,NA,NA,4.250411016024036,0,1112.591179099,0.5553483658891328,617.8756932152934,0.1920187782093238,NA
ANC,1972,per_species,213.63839885706096,NA,NA,NA,16.17089495242375,4.250411016024036,0,1112.591179099,0.5553483658891328,617.8756932152934,0.1920187782093238,NA
ANC,1973,per_species,213.63839885706096,NA,NA,NA,13.304131114186527,4.250411016024036,0,1112.591179099,0.5553483658891328,617.8756932152934,0.1920187782093238,NA
ANC,1974,per_species,213.63839885706096,NA,NA,NA,14.778466802422818,4.250411016024036,0,1112.591179099,0.5553483658891328,617.8756932152934,0.1920187782093238,NA
ANC,1975,per_species,213.63839885706096,NA,NA,NA,12.001289334130506,4.250411016024036,0,1112.591179099,0.5553483658891328,617.8756932152934,0.1920187782093238,NA
ANC,1976,per_species,213.63839885706096,NA,NA,NA,14.660724716209504,4.250411016024036,0,1112.591179099,0.5553483658891328,617.8756932152934,0.1920187782093238,NA
ANC,1977,per_species,213.63839885706096,NA,NA,NA,12.116471809773966,4.250411016024036,0,1112.591179099,0.5553483658891328,617.8756932152934,0.1920187782093238,NA
ANC,1978,per_species,213.63839885706096,NA,NA,NA,13.363002157293185,4.250411016024036,0,1112.591179099,0.5553483658891328,617.8756932152934,0.1920187782093238,NA
ANC,1979,per_species,213.63839885706096,NA,NA,NA,13.22734279709089,4.250411016024036,0,1112.591179099,0.5553483658891328,617.8756932152934,0.1920187782093238,NA
ANC,1980,per_species,213.63839885706096,NA,NA,NA,12.346836761060883,4.250411016024036,0,1112.591179099,0.5553483658891328,617.8756932152934,0.1920187782093238,NA
ANC,1981,per_species,213.63839885706096,NA,NA,NA,9.958720099386484,4.250411016024036,0,1112.591179099,0.5553483658891328,617.8756932152934,0.1920187782093238,NA
ANC,1982,per_species,213.63839885706096,NA,NA,NA,10.330923063785692,4.250411016024036,0,1112.591179099,0.5553483658891328,617.8756932152934,0.1920187782093238,NA
ANC,1983,per_species,213.63839885706096,NA,NA,NA,9.966072711957942,4.250411016024036,0,1112.591179099,0.5553483658891328,617.8756932152934,0.1920187782093238,NA
ANC,1984,per_species,213.63839885706096,NA,NA,NA,12.11615339492146,4.250411016024036,0,1112.591179099,0.5553483658891328,617.8756932152934,0.1920187782093238,NA
ANC,1985,per_species,213.63839885706096,NA,NA,NA,11.281094835657951,4.250411016024036,0,1112.591179099,0.5553483658891328,617.8756932152934,0.1920187782093238,NA
ANC,1986,per_species,213.63839885706096,NA,NA,NA,9.97973021175898,4.250411016024036,0,1112.591179099,0.5553483658891328,617.8756932152934,0.1920187782093238,NA
ANC,1987,per_species,213.63839885706096,NA,NA,NA,7.919398813202289,4.250411016024036,0,1112.591179099,0.5553483658891328,617.8756932152934,0.1920187782093238,NA
ANC,1988,per_species,213.63839885706096,4.999999979006808,53.991,110.49044188556672,6.169287767269189,4.250411016024036,1,1112.591179099,0.5553483658891328,617.8756932152934,0.1920187782093238,9.003357687028803
ANC,1989,per_species,206.61599542459544,5,87.19800000000001,111.87891770844011,4.813293144166062,4.110697832120767,1,1112.591179099,0.5553483658891328,617.8756932152934,0.18570702276456788,9.003357724830646
ANC,1990,per_species,206.66681942577443,5,115.19399999999999,113.83897641027593,NA,4.111708993483357,1,1112.591179099,0.5553483658891328,617.8756932152934,0.18575270351607281,9.003357724830646
ANC,1991,per_species,208.1639175390466,4.999999999999959,106.35499999999999,113.90584142221027,5.427880635212803,4.141494286514775,1,1112.591179099,0.5553483658891328,617.8756932152934,0.18709829940196196,9.003357724830572
ANC,1992,per_species,209.42797068244934,3.4866660898845243,117.248,119.41635083964142,NA,4.166643067980572,1,1112.591179099,0.5553483658891328,617.8756932152934,0.18823443383044663,6.278340414853379
ANC,1993,per_species,218.15410544811056,4.6929861900805525,110.42299999999999,109.8395896445579,NA,4.34025258543484,1,1112.591179099,0.5553483658891328,617.8756932152934,0.1960775076652831,8.450526693397057
ANC,1994,per_species,214.46994444676804,4.999137431742977,110.1575,112.12533251317964,NA,4.266954907729487,1,1112.591179099,0.5553483658891328,617.8756932152934,0.19276617366358265,9.001804522714632
ANC,1995,per_species,215.43609986300092,5,109.892,118.42104895146294,NA,4.286176909234446,1,1112.591179099,0.5553483658891328,617.8756932152934,0.19363455679872066,9.003357724830646
ANC,1996,per_species,214.85710072326037,5,108.556,118.77496846390648,NA,4.274657517893809,1,1112.591179099,0.5553483658891328,617.8756932152934,0.19311415078560681,9.003357724830646
ANC,1997,per_species,212.7557923691588,5,105.17500000000001,118.0449377221859,NA,4.232851249806617,1,1112.591179099,0.5553483658891328,617.8756932152934,0.19122548907987294,9.003357724830646
ANC,1998,per_species,212.24773732938772,4.999999999992777,111.37100000000001,116.35270602665874,NA,4.222743316264042,1,1112.591179099,0.5553483658891328,617.8756932152934,0.19076884781818101,9.00335772481764
ANC,1999,per_species,212.65134276526717,4.999708699580263,93.80600000000001,112.77273316929184,NA,4.230773188234468,1,1112.591179099,0.5553483658891328,617.8756932152934,0.19113160948972896,9.002833188453788
ANC,2000,per_species,212.58483037263912,4.9972793466863985,108.53699999999999,112.61263419356587,NA,4.22944990081123,1,1112.591179099,0.5553483658891328,617.8756932152934,0.1910718279690073,8.998458721825125
ANC,2001,per_species,214.80432770135616,4.8945431373740735,111.393,103.49835702479547,NA,4.273607580079022,1,1112.591179099,0.5553483658891328,617.8756932152934,0.1930667182489342,8.813464553078738
ANC,2002,per_species,213.98405356146628,4.985777123399753,114.04399999999998,105.10031693450048,NA,4.257287937828378,1,1112.591179099,0.5553483658891328,617.8756932152934,0.19232945360465206,8.977746995649017
ANC,2003,per_species,212.99441946386156,4.9999578741922095,123.52700000000002,107.11539382917344,4.619813852813851,4.237598819707312,1,1112.591179099,0.5553483658891328,617.8756932152934,0.19143996776637126,9.003281870087248
ANC,2004,per_species,213.30760257269722,4.730362004985815,128.926,102.65350345129339,3.8892924901185717,4.243829707707547,1,1112.591179099,0.5553483658891328,617.8756932152934,0.1917214576026373,8.517828259766883
ANC,2005,per_species,212.85552526026237,4.866935842001757,120.77000000000001,104.82499539842648,3.284314516129031,4.234835470720434,1,1112.591179099,0.5553483658891328,617.8756932152934,0.19131512927564037,8.763752881868333
ANC,2006,per_species,207.15165301519733,4.387665044815806,111.579,101.89254140756161,3.0604728033472792,4.12135492811143,1,1112.591179099,0.5553483658891328,617.8756932152934,0.18618847327457075,7.900743595042358
ANC,2007,per_species,199.66057408151514,3.6442370783577713,103.443,94.56746591097075,3.4611488372093016,3.9723172804227684,1,1112.591179099,0.5553483658891328,617.8756932152934,0.17945547100526582,6.562074010109341
ANC,2008,per_species,193.23614902259973,3.430979027562853,97.236,89.8820016673792,4.5688346774193525,3.8445010863859244,1,1112.591179099,0.5553483658891328,617.8756932152934,0.17368118016097023,6.17806630630799
ANC,2009,per_species,180.2496256110256,3.210694604035831,91.893,80.43367347388016,6.26608909090909,3.5861296397559568,1,1112.591179099,0.5553483658891328,617.8756932152934,0.16200885733877163,5.781406413063614
ANC,2010,per_species,173.42560692796033,2.868943645082291,92.682,76.1467485694317,4.443626735838689,3.4503633901527624,1,1112.591179099,0.5553483658891328,617.8756932152934,0.155875410650302,5.166025185811087
ANC,2011,per_species,173.77015666686165,2.613290252878803,90.266,75.76301855089619,2.6398291142673544,3.4572183282801277,1,1112.591179099,0.5553483658891328,617.8756932152934,0.1561850928996079,4.7056773970962
ANC,2012,per_species,172.22203805893932,1.3074807032974345,85.053,73.89940472293526,1.6210895000512866,3.4264179645794637,1,1112.591179099,0.5553483658891328,617.8756932152934,0.1547936396533436,2.3543432980199923
ANC,2013,per_species,211.77219792904384,1.4921647289275382,74.642,66.21741563660063,5.25953372129402,4.213282292793595,1,1112.591179099,0.5553483658891328,617.8756932152934,0.1903414317022911,2.6868985677819155
ANC,2014,per_species,251.49497145856074,1.0631960984940156,85.983,96.84241626819349,3.881145234022571,5.003580830416746,1,1112.591179099,0.5553483658891328,617.8756932152934,0.22604436938123731,1.9144669612771799
ANC,2015,per_species,323.4489525673957,1.32345320359534,63.919,90.69214273660835,2.93538333759829,6.435130568609653,1,1112.591179099,0.5553483658891328,617.8756932152934,0.2907168047380454,2.383104524808394
ANC,2016,per_species,375.4403828029389,2.256270166346011,106.9535,137.65693005064438,6.891503458917371,7.469518342503486,1,1112.591179099,0.5553483658891328,617.8756932152934,0.3374468446774659,4.062801486295257
ANC,2017,per_species,382.9808604976014,2.0455086984106727,103.24466,105.88862078681939,13.891529698336258,7.619538795900166,1,1112.591179099,0.5553483658891328,617.8756932152934,0.3442242466884803,3.683289308208802
ANC,2018,per_species,403.48081579001774,1.7918192867556533,106.32996,93.27979109093256,17.190188776339156,8.027392609957182,1,1112.591179099,0.5553483658891328,617.8756932152934,0.3626496626701328,3.2264780033824096
ANC,2019,per_species,436.59666053696105,1.7400616538573086,107.51836,100.17282590344777,11.169724519839384,8.686243977831014,1,1112.591179099,0.5553483658891328,617.8756932152934,0.39241427465794426,3.1332795065875576
ANC,2020,per_species,470.5148702408406,1.448346721263067,98.1738,90.82504973375269,5.958320968763964,9.361058678467487,1,1112.591179099,0.5553483658891328,617.8756932152934,0.4229000544673323,2.6079967282233945
ANC,2021,per_species,530.5460178426091,1.3420079760763128,110.96576999999999,94.27796081427338,10.34666461209007,10.555399454452424,1,1112.591179099,0.5553483658891328,617.8756932152934,0.4768562144023616,2.4165155756382024
ANC,2022,per_species,595.0818399371788,1.2821663255171352,136.22233,101.96646583473205,9.670712896110878,11.839362312376926,1,1112.591179099,0.5553483658891328,617.8756932152934,0.5348611881132193,2.3087604182724846
ANC,2023,per_species,657.3297215778623,1.3371837575148504,122.09251,114.74761704110405,11.620189588654467,13.077805791008046,1,1112.591179099,0.5553483658891328,617.8756932152934,0.5908097546757308,2.4078287425478795
CMA,1971,per_species,406.5502093913859,NA,NA,NA,0.04971053422961269,0.01497182582500185,0,231.1274705947125,0.28122281564997004,64.99831805470069,1.7589869708922716,NA
CMA,1972,per_species,406.5502093913859,NA,NA,NA,0.04732828222500525,0.01497182582500185,0,231.1274705947125,0.28122281564997004,64.99831805470069,1.7589869708922716,NA
CMA,1973,per_species,406.5502093913859,NA,NA,NA,0.03893796069934382,0.01497182582500185,0,231.1274705947125,0.28122281564997004,64.99831805470069,1.7589869708922716,NA
CMA,1974,per_species,406.5502093913859,NA,NA,NA,0.043252983198255414,0.01497182582500185,0,231.1274705947125,0.28122281564997004,64.99831805470069,1.7589869708922716,NA
CMA,1975,per_species,406.5502093913859,NA,NA,NA,0.03512485922027091,0.01497182582500185,0,231.1274705947125,0.28122281564997004,64.99831805470069,1.7589869708922716,NA
CMA,1976,per_species,406.5502093913859,NA,NA,NA,0.04290838070702289,0.01497182582500185,0,231.1274705947125,0.28122281564997004,64.99831805470069,1.7589869708922716,NA
CMA,1977,per_species,406.5502093913859,NA,NA,NA,0.03546197035299838,0.01497182582500185,0,231.1274705947125,0.28122281564997004,64.99831805470069,1.7589869708922716,NA
CMA,1978,per_species,406.5502093913859,NA,NA,NA,0.03911026194496009,0.01497182582500185,0,231.1274705947125,0.28122281564997004,64.99831805470069,1.7589869708922716,NA
CMA,1979,per_species,406.5502093913859,NA,NA,NA,0.03871321994419217,0.01497182582500185,0,231.1274705947125,0.28122281564997004,64.99831805470069,1.7589869708922716,NA
CMA,1980,per_species,406.5502093913859,NA,NA,NA,0.03613619261845331,0.01497182582500185,0,231.1274705947125,0.28122281564997004,64.99831805470069,1.7589869708922716,NA
CMA,1981,per_species,406.5502093913859,NA,NA,NA,0.029146755133237147,0.01497182582500185,0,231.1274705947125,0.28122281564997004,64.99831805470069,1.7589869708922716,NA
CMA,1982,per_species,406.5502093913859,NA,NA,NA,0.03023610281596567,0.01497182582500185,0,231.1274705947125,0.28122281564997004,64.99831805470069,1.7589869708922716,NA
CMA,1983,per_species,406.5502093913859,NA,NA,NA,0.02916827444456141,0.01497182582500185,0,231.1274705947125,0.28122281564997004,64.99831805470069,1.7589869708922716,NA
CMA,1984,per_species,406.5502093913859,NA,NA,NA,0.03546103843005606,0.01497182582500185,0,231.1274705947125,0.28122281564997004,64.99831805470069,1.7589869708922716,NA
CMA,1985,per_species,406.5502093913859,NA,NA,NA,0.03301702483133401,0.01497182582500185,0,231.1274705947125,0.28122281564997004,64.99831805470069,1.7589869708922716,NA
CMA,1986,per_species,406.5502093913859,NA,NA,NA,0.02920824662958724,0.01497182582500185,0,231.1274705947125,0.28122281564997004,64.99831805470069,1.7589869708922716,NA
CMA,1987,per_species,406.5502093913859,NA,NA,NA,0.02317815700283375,0.01497182582500185,0,231.1274705947125,0.28122281564997004,64.99831805470069,1.7589869708922716,NA
CMA,1988,per_species,406.5502093913859,NA,NA,NA,0.0180560070073812,0.01497182582500185,0,231.1274705947125,0.28122281564997004,64.99831805470069,1.7589869708922716,NA
CMA,1989,per_species,406.5502093913859,NA,NA,NA,0.01408734006553113,0.01497182582500185,0,231.1274705947125,0.28122281564997004,64.99831805470069,1.7589869708922716,NA
CMA,1990,per_species,406.5502093913859,NA,NA,NA,NA,0.01497182582500185,0,231.1274705947125,0.28122281564997004,64.99831805470069,1.7589869708922716,NA
CMA,1991,per_species,406.5502093913859,NA,NA,NA,0.01588608839169339,0.01497182582500185,0,231.1274705947125,0.28122281564997004,64.99831805470069,1.7589869708922716,NA
CMA,1992,per_species,406.5502093913859,NA,NA,NA,NA,0.01497182582500185,0,231.1274705947125,0.28122281564997004,64.99831805470069,1.7589869708922716,NA
CMA,1993,per_species,406.5502093913859,NA,NA,NA,NA,0.01497182582500185,0,231.1274705947125,0.28122281564997004,64.99831805470069,1.7589869708922716,NA
CMA,1994,per_species,406.5502093913859,NA,NA,NA,NA,0.01497182582500185,0,231.1274705947125,0.28122281564997004,64.99831805470069,1.7589869708922716,NA
CMA,1995,per_species,406.5502093913859,NA,NA,NA,NA,0.01497182582500185,0,231.1274705947125,0.28122281564997004,64.99831805470069,1.7589869708922716,NA
CMA,1996,per_species,406.5502093913859,NA,NA,NA,NA,0.01497182582500185,0,231.1274705947125,0.28122281564997004,64.99831805470069,1.7589869708922716,NA
CMA,1997,per_species,406.5502093913859,NA,NA,NA,NA,0.01497182582500185,0,231.1274705947125,0.28122281564997004,64.99831805470069,1.7589869708922716,NA
CMA,1998,per_species,406.5502093913859,NA,NA,NA,NA,0.01497182582500185,0,231.1274705947125,0.28122281564997004,64.99831805470069,1.7589869708922716,NA
CMA,1999,per_species,406.5502093913859,NA,NA,NA,NA,0.01497182582500185,0,231.1274705947125,0.28122281564997004,64.99831805470069,1.7589869708922716,NA
CMA,2000,per_species,406.5502093913859,NA,NA,NA,NA,0.01497182582500185,0,231.1274705947125,0.28122281564997004,64.99831805470069,1.7589869708922716,NA
CMA,2001,per_species,406.5502093913859,NA,NA,NA,NA,0.01497182582500185,0,231.1274705947125,0.28122281564997004,64.99831805470069,1.7589869708922716,NA
CMA,2002,per_species,406.5502093913859,NA,NA,NA,NA,0.01497182582500185,0,231.1274705947125,0.28122281564997004,64.99831805470069,1.7589869708922716,NA
CMA,2003,per_species,406.5502093913859,NA,NA,NA,0.0014502164502164499,0.01497182582500185,0,231.1274705947125,0.28122281564997004,64.99831805470069,1.7589869708922716,NA
CMA,2004,per_species,406.5502093913859,NA,NA,NA,0.01075098814229249,0.01497182582500185,0,231.1274705947125,0.28122281564997004,64.99831805470069,1.7589869708922716,NA
CMA,2005,per_species,406.5502093913859,0.11205851165031255,8.404,12.296486301482863,0.04241935483870967,0.01497182582500185,1,231.1274705947125,0.28122281564997004,64.99831805470069,1.7589869708922716,0.39846877783127155
CMA,2006,per_species,387.56154560533207,0.10610472966594298,10.092,11.743060411936199,0.02696652719665271,0.014272539586089528,1,231.1274705947125,0.28122281564997004,64.99831805470069,1.6768302989173036,0.3772977289225654
CMA,2007,per_species,381.37370041343775,0.11051855962056223,8.338,12.588649632285897,0.01339534883720929,0.014044662836047248,1,231.1274705947125,0.28122281564997004,64.99831805470069,1.6500578638797359,0.3929928635595538
CMA,2008,per_species,377.4878132290234,0.11817972337615235,12.582,13.45986915853797,0.0139516129032258,0.013901559168267191,1,231.1274705947125,0.28122281564997004,64.99831805470069,1.6332451190579473,0.42023519003254434
CMA,2009,per_species,372.3875709921776,0.13262216605081534,9.872,14.69473527062641,0.01735537190082644,0.013713735040591337,1,231.1274705947125,0.28122281564997004,64.99831805470069,1.6111783252505196,0.47159106114592897
CMA,2010,per_species,364.9579063638993,0.14391084329432147,14.526,16.101962764408217,0.009353413654618472,0.013440126413211012,1,231.1274705947125,0.28122281564997004,64.99831805470069,1.5790330133619714,0.5117324601196055
CMA,2011,per_species,356.28163194743314,0.13997599314594122,26.240000000000002,16.90630762367307,0.00293172690763052,0.013120609496548462,1,231.1274705947125,0.28122281564997004,64.99831805470069,1.5414940986057926,0.4977405294176605
CMA,2012,per_species,353.6273098351077,0.12985013678082158,22.389,17.17131935425588,NA,0.01302286007364525,1,231.1274705947125,0.28122281564997004,64.99831805470069,1.5300098639300286,0.46173400433641315
CMA,2013,per_species,355.45464219270616,0.1517751166365926,27.493000000000002,20.00436122632251,NA,0.013090154349113243,1,231.1274705947125,0.28122281564997004,64.99831805470069,1.5379160308296036,0.5396970238200827
CMA,2014,per_species,350.5362480693092,0.17216113099399255,25.998,22.363894937532258,NA,0.012909027053017516,1,231.1274705947125,0.28122281564997004,64.99831805470069,1.516636024127062,0.6121876370382286
CMA,2015,per_species,341.93662550442974,0.2564027490116656,24.797,36.51713537366906,NA,0.012592332956623186,1,231.1274705947125,0.28122281564997004,64.99831805470069,1.4794287525606324,0.9117423435899409
CMA,2016,per_species,312.3956067670413,0.27778093303456686,26.273619999999998,29.14343543116108,NA,0.01150444030028585,1,231.1274705947125,0.28122281564997004,64.99831805470069,1.3516160842465774,0.9877610121801526
CMA,2017,per_species,291.2468068722344,0.34016096465597645,25.75736,25.22455240632646,NA,0.01072560378484812,1,231.1274705947125,0.28122281564997004,64.99831805470069,1.2601133310671782,1.2095781200034816
CMA,2018,per_species,263.16482880412195,0.32528507314219723,36.70039,22.75885989646438,NA,0.009691442506007049,1,231.1274705947125,0.28122281564997004,64.99831805470069,1.138613372642267,1.1566809484870182
CMA,2019,per_species,251.54696000985308,0.36213490591446185,36.89228,24.133846515485907,NA,0.009263596931149492,1,231.1274705947125,0.28122281564997004,64.99831805470069,1.0883473061968763,1.2877152413024724
CMA,2020,per_species,236.4072872546548,0.28162762452694867,27.74144,19.562361554808835,NA,0.008706055603406277,1,231.1274705947125,0.28122281564997004,64.99831805470069,1.0228437435254099,1.0014394595831175
CMA,2021,per_species,241.42225097587232,0.3032187504373569,30.47185,20.35295253905756,NA,0.008890739220874274,1,231.1274705947125,0.28122281564997004,64.99831805470069,1.044541569873414,1.0782153280719746
CMA,2022,per_species,241.27939388983597,0.3233070744527531,18.68675,22.014089172376277,NA,0.008885478292800456,1,231.1274705947125,0.28122281564997004,64.99831805470069,1.0439234820032497,1.149647384425466
CMA,2023,per_species,239.4470402999949,0.3721914316797381,27.71638,25.56450186958233,NA,0.008817999102867222,1,231.1274705947125,0.28122281564997004,64.99831805470069,1.0359955901558364,1.3234752337555502
DMF,1971,per_species,284.78399035184435,NA,NA,NA,1.6747497608281137,0.42777835380254126,0,273.83613704476187,0.7089309867116665,194.13092283245422,1.0399795783903163,NA
DMF,1972,per_species,284.78399035184435,NA,NA,NA,1.5944916015309247,0.42777835380254126,0,273.83613704476187,0.7089309867116665,194.13092283245422,1.0399795783903163,NA
DMF,1973,per_species,284.78399035184435,NA,NA,NA,1.3118213549496314,0.42777835380254126,0,273.83613704476187,0.7089309867116665,194.13092283245422,1.0399795783903163,NA
DMF,1974,per_species,284.78399035184435,NA,NA,NA,1.4571946246200111,0.42777835380254126,0,273.83613704476187,0.7089309867116665,194.13092283245422,1.0399795783903163,NA
DMF,1975,per_species,284.78399035184435,NA,NA,NA,1.183357823244383,0.42777835380254126,0,273.83613704476187,0.7089309867116665,194.13092283245422,1.0399795783903163,NA
DMF,1976,per_species,284.78399035184435,NA,NA,NA,1.4455849537782794,0.42777835380254126,0,273.83613704476187,0.7089309867116665,194.13092283245422,1.0399795783903163,NA
DMF,1977,per_species,284.78399035184435,NA,NA,NA,1.1947151099373816,0.42777835380254126,0,273.83613704476187,0.7089309867116665,194.13092283245422,1.0399795783903163,NA
DMF,1978,per_species,284.78399035184435,NA,NA,NA,1.317626190370497,0.42777835380254126,0,273.83613704476187,0.7089309867116665,194.13092283245422,1.0399795783903163,NA
DMF,1979,per_species,284.78399035184435,NA,NA,NA,1.3042498304876324,0.42777835380254126,0,273.83613704476187,0.7089309867116665,194.13092283245422,1.0399795783903163,NA
DMF,1980,per_species,284.78399035184435,NA,NA,NA,1.2174296833233784,0.42777835380254126,0,273.83613704476187,0.7089309867116665,194.13092283245422,1.0399795783903163,NA
DMF,1981,per_species,284.78399035184435,NA,NA,NA,0.9819552725552118,0.42777835380254126,0,273.83613704476187,0.7089309867116665,194.13092283245422,1.0399795783903163,NA
DMF,1982,per_species,284.78399035184435,NA,NA,NA,1.0186554368037275,0.42777835380254126,0,273.83613704476187,0.7089309867116665,194.13092283245422,1.0399795783903163,NA
DMF,1983,per_species,284.78399035184435,NA,NA,NA,0.9826802589600453,0.42777835380254126,0,273.83613704476187,0.7089309867116665,194.13092283245422,1.0399795783903163,NA
DMF,1984,per_species,284.78399035184435,NA,NA,NA,1.1946837134185362,0.42777835380254126,0,273.83613704476187,0.7089309867116665,194.13092283245422,1.0399795783903163,NA
DMF,1985,per_species,284.78399035184435,NA,NA,NA,1.1123448037014454,0.42777835380254126,0,273.83613704476187,0.7089309867116665,194.13092283245422,1.0399795783903163,NA
DMF,1986,per_species,284.78399035184435,NA,NA,NA,0.9840269233713063,0.42777835380254126,0,273.83613704476187,0.7089309867116665,194.13092283245422,1.0399795783903163,NA
DMF,1987,per_species,284.78399035184435,NA,NA,NA,0.7808729779011012,0.42777835380254126,0,273.83613704476187,0.7089309867116665,194.13092283245422,1.0399795783903163,NA
DMF,1988,per_species,284.78399035184435,NA,NA,NA,0.6083075526295348,0.42777835380254126,0,273.83613704476187,0.7089309867116665,194.13092283245422,1.0399795783903163,NA
DMF,1989,per_species,284.78399035184435,NA,NA,NA,0.4746030146543525,0.42777835380254126,0,273.83613704476187,0.7089309867116665,194.13092283245422,1.0399795783903163,NA
DMF,1990,per_species,284.78399035184435,NA,NA,NA,NA,0.42777835380254126,0,273.83613704476187,0.7089309867116665,194.13092283245422,1.0399795783903163,NA
DMF,1991,per_species,284.78399035184435,NA,NA,NA,0.5352029131610898,0.42777835380254126,0,273.83613704476187,0.7089309867116665,194.13092283245422,1.0399795783903163,NA
DMF,1992,per_species,284.78399035184435,NA,NA,NA,NA,0.42777835380254126,0,273.83613704476187,0.7089309867116665,194.13092283245422,1.0399795783903163,NA
DMF,1993,per_species,284.78399035184435,NA,NA,NA,NA,0.42777835380254126,0,273.83613704476187,0.7089309867116665,194.13092283245422,1.0399795783903163,NA
DMF,1994,per_species,284.78399035184435,NA,NA,NA,NA,0.42777835380254126,0,273.83613704476187,0.7089309867116665,194.13092283245422,1.0399795783903163,NA
DMF,1995,per_species,284.78399035184435,NA,NA,NA,NA,0.42777835380254126,0,273.83613704476187,0.7089309867116665,194.13092283245422,1.0399795783903163,NA
DMF,1996,per_species,284.78399035184435,NA,NA,NA,NA,0.42777835380254126,0,273.83613704476187,0.7089309867116665,194.13092283245422,1.0399795783903163,NA
DMF,1997,per_species,284.78399035184435,NA,NA,NA,NA,0.42777835380254126,0,273.83613704476187,0.7089309867116665,194.13092283245422,1.0399795783903163,NA
DMF,1998,per_species,284.78399035184435,NA,NA,NA,NA,0.42777835380254126,0,273.83613704476187,0.7089309867116665,194.13092283245422,1.0399795783903163,NA
DMF,1999,per_species,284.78399035184435,NA,NA,NA,NA,0.42777835380254126,0,273.83613704476187,0.7089309867116665,194.13092283245422,1.0399795783903163,NA
DMF,2000,per_species,284.78399035184435,NA,NA,NA,NA,0.42777835380254126,0,273.83613704476187,0.7089309867116665,194.13092283245422,1.0399795783903163,NA
DMF,2001,per_species,284.78399035184435,NA,NA,NA,NA,0.42777835380254126,0,273.83613704476187,0.7089309867116665,194.13092283245422,1.0399795783903163,NA
DMF,2002,per_species,284.78399035184435,NA,NA,NA,NA,0.42777835380254126,0,273.83613704476187,0.7089309867116665,194.13092283245422,1.0399795783903163,NA
DMF,2003,per_species,284.78399035184435,NA,NA,NA,0.218073593073593,0.42777835380254126,0,273.83613704476187,0.7089309867116665,194.13092283245422,1.0399795783903163,NA
DMF,2004,per_species,284.78399035184435,NA,NA,NA,0.34598023715415,0.42777835380254126,0,273.83613704476187,0.7089309867116665,194.13092283245422,1.0399795783903163,NA
DMF,2005,per_species,284.78399035184435,0.5406104369756459,57.962,54.69548161027667,0.46099677419354823,0.42777835380254126,1,273.83613704476187,0.7089309867116665,194.13092283245422,1.0399795783903163,0.7625713180957637
DMF,2006,per_species,372.7655510731318,0.5040776305021835,54.892,66.20212019516828,0.7168786610878658,0.5599367913742301,1,273.83613704476187,0.7089309867116665,194.13092283245422,1.3612723108645033,0.7110390714339022
DMF,2007,per_species,404.23914681724784,0.46222228276752464,47.154,66.4940466575082,0.6185069767441858,0.6072137571862145,1,273.83613704476187,0.7089309867116665,194.13092283245422,1.4762081848648412,0.6519989835844455
DMF,2008,per_species,414.6940374544577,0.4536015230457444,55.598,66.79715353481875,0.6899838709677415,0.6229182070762723,1,273.83613704476187,0.7089309867116665,194.13092283245422,1.5143875528256918,0.6398387594111913
DMF,2009,per_species,415.43365546222685,0.4784424792240296,58.602000000000004,69.37347483880635,0.5510971900826442,0.6240291985102194,1,273.83613704476187,0.7089309867116665,194.13092283245422,1.5170885038972015,0.6748787797289777
DMF,2010,per_species,409.12700972830936,0.47542920443340453,64.1,67.91714025990278,0.42898203996489354,0.614555890243354,1,273.83613704476187,0.7089309867116665,194.13092283245422,1.4940577753674364,0.6706283310293066
DMF,2011,per_species,408.1329407372033,0.3870263604665105,80.304,56.74491089970427,0.3355715582423232,0.6130626841257766,1,273.83613704476187,0.7089309867116665,194.13092283245422,1.490427615367978,0.5459295301249404
DMF,2012,per_species,430.1523507479366,0.32397700556018183,65.116,52.58911479982259,1.1035647590943034,0.6461383740704858,1,273.83613704476187,0.7089309867116665,194.13092283245422,1.5708385145588837,0.4569937153726762
DMF,2013,per_species,448.5561796711294,0.3411735129615563,77.839,56.11110971811055,0.45009393262987313,0.6737830447933744,1,273.83613704476187,0.7089309867116665,194.13092283245422,1.638045966145832,0.4812506708785138
DMF,2014,per_species,436.3414309017002,0.33543136368364834,66.836,51.32457056441253,0.5441553134091036,0.6554350852952214,1,273.83613704476187,0.7089309867116665,194.13092283245422,1.5934399148727945,0.47315094130604507
DMF,2015,per_species,441.0373396977781,0.3307571168189778,56.957,48.85227528441028,0.5828982109829055,0.6624888811631395,1,273.83613704476187,0.7089309867116665,194.13092283245422,1.6105885236968749,0.4665575676881817
DMF,2016,per_species,438.68296475022987,0.42301108448957336,49.08813,49.12501457700455,0.2810601831082906,0.658952338824324,1,273.83613704476187,0.7089309867116665,194.13092283245422,1.601990772600337,0.5966886656368128
DMF,2017,per_species,414.8287713016151,0.5610350540256599,51.828160000000004,51.581175532177475,0.40912298975376343,0.6231205928328145,1,273.83613704476187,0.7089309867116665,194.13092283245422,1.514879576444676,0.7913817628821488
DMF,2018,per_species,386.83434918363525,0.522899940787636,59.4426,48.00302447898,1.055181899380611,0.5810697465247495,1,273.83613704476187,0.7089309867116665,194.13092283245422,1.412649014693055,0.7375893430939953
DMF,2019,per_species,401.85791489144475,0.5458617231315932,58.03636,48.13650069109435,0.5974387098186917,0.6036368725727796,1,273.83613704476187,0.7089309867116665,194.13092283245422,1.467512356945629,0.7699786486460971
DMF,2020,per_species,392.9970873841863,0.4039016652118601,50.2554,42.195050902063514,2.902030234110136,0.5903268891017978,1,273.83613704476187,0.7089309867116665,194.13092283245422,1.4351542189625108,0.5697334053422232
DMF,2021,per_species,433.20786472778536,0.41970100021580414,49.07711,43.173946927663536,0.3833456358538276,0.6507281079902384,1,273.83613704476187,0.7089309867116665,194.13092283245422,1.581996698474359,0.5920195450371859
DMF,2022,per_species,422.4084614069698,0.4132657082071196,41.6522,38.96018891885012,1.0582687169226213,0.634506160369796,1,273.83613704476187,0.7089309867116665,194.13092283245422,1.5425592325600255,0.5829420859765597
DMF,2023,per_species,427.5212978970397,0.44224114456488284,42.670500000000004,39.803963715352985,0.49158609242439266,0.6421862296541736,1,273.83613704476187,0.7089309867116665,194.13092283245422,1.5612303858462482,0.6238140987688966
LPF,1971,per_species,661.1821038412163,NA,NA,NA,12.837852733417394,4.375803537614683,0,518.0546545919677,0.21639235250387273,112.10306543273714,1.2762786667016421,NA
LPF,1972,per_species,661.1821038412163,NA,NA,NA,12.222631012649396,4.375803537614683,0,518.0546545919677,0.21639235250387273,112.10306543273714,1.2762786667016421,NA
LPF,1973,per_species,661.1821038412163,NA,NA,NA,10.055812373466518,4.375803537614683,0,518.0546545919677,0.21639235250387273,112.10306543273714,1.2762786667016421,NA
LPF,1974,per_species,661.1821038412163,NA,NA,NA,11.170176245046283,4.375803537614683,0,518.0546545919677,0.21639235250387273,112.10306543273714,1.2762786667016421,NA
LPF,1975,per_species,661.1821038412163,NA,NA,NA,9.071070688337873,4.375803537614683,0,518.0546545919677,0.21639235250387273,112.10306543273714,1.2762786667016421,NA
LPF,1976,per_species,661.1821038412163,NA,NA,NA,11.081181908079843,4.375803537614683,0,518.0546545919677,0.21639235250387273,112.10306543273714,1.2762786667016421,NA
LPF,1977,per_species,661.1821038412163,NA,NA,NA,9.15813036580504,4.375803537614683,0,518.0546545919677,0.21639235250387273,112.10306543273714,1.2762786667016421,NA
LPF,1978,per_species,661.1821038412163,NA,NA,NA,10.100309541949738,4.375803537614683,0,518.0546545919677,0.21639235250387273,112.10306543273714,1.2762786667016421,NA
LPF,1979,per_species,661.1821038412163,NA,NA,NA,9.997772588488406,4.375803537614683,0,518.0546545919677,0.21639235250387273,112.10306543273714,1.2762786667016421,NA
LPF,1980,per_species,661.1821038412163,NA,NA,NA,9.332249720739378,4.375803537614683,0,518.0546545919677,0.21639235250387273,112.10306543273714,1.2762786667016421,NA
LPF,1981,per_species,661.1821038412163,NA,NA,NA,7.527212407920071,4.375803537614683,0,518.0546545919677,0.21639235250387273,112.10306543273714,1.2762786667016421,NA
LPF,1982,per_species,661.1821038412163,NA,NA,NA,7.808538797649906,4.375803537614683,0,518.0546545919677,0.21639235250387273,112.10306543273714,1.2762786667016421,NA
LPF,1983,per_species,661.1821038412163,NA,NA,NA,7.532769816505329,4.375803537614683,0,518.0546545919677,0.21639235250387273,112.10306543273714,1.2762786667016421,NA
LPF,1984,per_species,661.1821038412163,NA,NA,NA,9.157889694694225,4.375803537614683,0,518.0546545919677,0.21639235250387273,112.10306543273714,1.2762786667016421,NA
LPF,1985,per_species,661.1821038412163,NA,NA,NA,8.526717908972948,4.375803537614683,0,518.0546545919677,0.21639235250387273,112.10306543273714,1.2762786667016421,NA
LPF,1986,per_species,661.1821038412163,NA,NA,NA,7.543092719542827,4.375803537614683,0,518.0546545919677,0.21639235250387273,112.10306543273714,1.2762786667016421,NA
LPF,1987,per_species,661.1821038412163,NA,NA,NA,5.985809061314631,4.375803537614683,0,518.0546545919677,0.21639235250387273,112.10306543273714,1.2762786667016421,NA
LPF,1988,per_species,661.1821038412163,0.2211146417467562,58.129,58.69151067858946,4.66300277208102,4.375803537614683,1,518.0546545919677,0.21639235250387273,112.10306543273714,1.2762786667016421,1.0218228102252318
LPF,1989,per_species,625.9327142887904,0.18484665059700234,48.705999999999996,42.3287755636471,3.63808597050091,4.1425177263288635,1,518.0546545919677,0.21639235250387273,112.10306543273714,1.2082368312698397,0.8542198855834989
LPF,1990,per_species,618.3463970229975,0.22078181480598325,43.29,54.69491561890144,NA,4.092310326981139,1,518.0546545919677,0.21639235250387273,112.10306543273714,1.1935929762276183,1.0202847385839662
LPF,1991,per_species,596.2626356010696,0.15094280720977782,41.813,28.334230783982594,4.102616607188298,3.9461566413436997,1,518.0546545919677,0.21639235250387273,112.10306543273714,1.1509647299100139,0.6975422442762917
LPF,1992,per_species,617.464370799211,0.15821282160817063,43.187000000000005,35.21934680983604,NA,4.086472943531269,1,518.0546545919677,0.21639235250387273,112.10306543273714,1.191890402539749,0.7311386921833992
LPF,1993,per_species,630.8000433904098,0.16237653989085032,41.454,35.5729646589389,NA,4.174730449235102,1,518.0546545919677,0.21639235250387273,112.10306543273714,1.2176322281811038,0.7503802145130998
LPF,1994,per_species,638.8168641205023,0.17358396038870882,41.568999999999996,36.315031510601685,NA,4.227786985864512,1,518.0546545919677,0.21639235250387273,112.10306543273714,1.233107083312763,0.8021723428770535
LPF,1995,per_species,639.187621564403,0.17949216033984694,41.684,37.88087646180369,NA,4.230240714913124,1,518.0546545919677,0.21639235250387273,112.10306543273714,1.233822755762792,0.8294755256502635
LPF,1996,per_species,636.116663634411,0.14653938396664312,38.11200000000001,25.234944945049747,NA,4.209916649128742,1,518.0546545919677,0.21639235250387273,112.10306543273714,1.2278948910041774,0.6771929888974266
LPF,1997,per_species,651.4873601968674,0.14951134121614906,35.43,26.49555067707875,NA,4.31164225241239,1,518.0546545919677,0.21639235250387273,112.10306543273714,1.2575649198828152,0.6909271029505226
LPF,1998,per_species,662.4063391671197,0.17002412478863338,27.138,30.134711695926025,NA,4.383905712853303,1,518.0546545919677,0.21639235250387273,112.10306543273714,1.2786418060249778,0.7857215045785433
LPF,1999,per_species,656.7534869043315,0.17821957453284654,26.687,36.016601462977235,NA,4.3464942784157765,1,518.0546545919677,0.21639235250387273,112.10306543273714,1.2677301151200084,0.8235946070675347
LPF,2000,per_species,649.2541699069508,0.15446971538468812,22.558,28.0550584950719,NA,4.29686266005196,1,518.0546545919677,0.21639235250387273,112.10306543273714,1.2532541965448007,0.7138409171919493
LPF,2001,per_species,657.3238854219843,0.1689922266457895,35.205,31.61978548376609,NA,4.350269262398093,1,518.0546545919677,0.21639235250387273,112.10306543273714,1.2688311543879638,0.7809528603501137
LPF,2002,per_species,654.7810294424268,0.1788197271368892,30.597,34.77254249048096,NA,4.333440255493114,1,518.0546545919677,0.21639235250387273,112.10306543273714,1.2639226839070639,0.826368053527626
LPF,2003,per_species,647.8288795002396,0.19379031812916825,39.173,37.52638686647216,4.2929523809523795,4.287429871766279,1,518.0546545919677,0.21639235250387273,112.10306543273714,1.2505029609481748,0.8955506786021933
LPF,2004,per_species,634.755044000877,0.1882438533584354,35.955,37.07299127903116,5.040936758893278,4.20090524368584,1,518.0546545919677,0.21639235250387273,112.10306543273714,1.2252665589904317,0.8699191592506322
LPF,2005,per_species,627.9765120657405,0.18190560969057135,23.656,34.498380604041394,5.613892558651024,4.156043890286705,1,518.0546545919677,0.21639235250387273,112.10306543273714,1.2121819705690124,0.8406286432295051
LPF,2006,per_species,626.8552281274847,0.17154822397500613,19.869,32.59703289427799,4.4988577405857715,4.148623062960641,1,518.0546545919677,0.21639235250387273,112.10306543273714,1.2100175581304464,0.7927647256939728
LPF,2007,per_species,630.9211948748649,0.1685151039623669,19.439,33.16303550857796,3.260753488372092,4.1755322481512955,1,518.0546545919677,0.21639235250387273,112.10306543273714,1.2178660866811313,0.7787479641146331
LPF,2008,per_species,635.4179161353527,0.1715881200567102,26.142000000000003,33.4524683407788,5.151786290322578,4.205292232102758,1,518.0546545919677,0.21639235250387273,112.10306543273714,1.226546099920332,0.7929490948791239
LPF,2009,per_species,636.1379765896107,0.1848220698123706,23.598,34.468778030429526,3.8389900826446266,4.210057701501785,1,518.0546545919677,0.21639235250387273,112.10306543273714,1.227936031364583,0.8541062919913627
LPF,2010,per_species,629.5401299778855,0.18677328512325264,34.872,34.22280558702428,3.95987127544066,4.166392151002917,1,518.0546545919677,0.21639235250387273,112.10306543273714,1.2152002195091296,0.8631233172619166
LPF,2011,per_species,622.7317656947924,0.1734959207917086,34.925000000000004,34.58278356026602,3.256608175500181,4.1213333625961415,1,518.0546545919677,0.21639235250387273,112.10306543273714,1.2020580457582626,0.8017654911746642
LPF,2012,per_species,625.1292057989696,0.15782210732755342,32.007,33.166230844380806,3.2112040456180293,4.137199985162194,1,518.0546545919677,0.21639235250387273,112.10306543273714,1.2066858202274744,0.7293331095179479
LPF,2013,per_species,635.9008391819,0.17496838416195093,33.979,36.59387284546597,3.2479481672462156,4.208488290137604,1,518.0546545919677,0.21639235250387273,112.10306543273714,1.22747828543834,0.8085700910286077
LPF,2014,per_species,634.3782797650573,0.17473882270572894,32.888999999999996,37.10505049580444,3.918725295144031,4.198411760776415,1,518.0546545919677,0.21639235250387273,112.10306543273714,1.2245392916403943,0.8075092335002997
LPF,2015,per_species,634.508773939963,0.22649516118206225,58.809,57.046809055096745,4.5032520155213644,4.199275391036328,1,518.0546545919677,0.21639235250387273,112.10306543273714,1.224791184319572,1.0466874571180085
LPF,2016,per_species,608.3062912876844,0.17778421913271458,69.31465,38.18220321039479,4.291889781332916,4.02586338303125,1,518.0546545919677,0.21639235250387273,112.10306543273714,1.174212577564429,0.8215827272802204
LPF,2017,per_species,603.4479670448445,0.21347441346296936,60.669610000000006,33.332078067802456,4.207916584287845,3.993710255647445,1,518.0546545919677,0.21639235250387273,112.10306543273714,1.1648345627164274,0.9865155168048226
LPF,2018,per_species,577.5215592258514,0.22772877988923224,70.4,32.760557849907656,3.606002657964865,3.8221253528001116,1,518.0546545919677,0.21639235250387273,112.10306543273714,1.1147888627324878,1.0523882995595077
LPF,2019,per_species,557.1792304284261,0.23336966990144958,44.744,32.36894478335573,4.604601765476087,3.687496732639406,1,518.0546545919677,0.21639235250387273,112.10306543273714,1.075522100785435,1.0784561801798103
LPF,2020,per_species,535.0212513020675,0.22307138923038927,36.935,28.85212146232413,3.391696528557638,3.540851862967016,1,518.0546545919677,0.21639235250387273,112.10306543273714,1.0327505921618696,1.0308654009683498
LPF,2021,per_species,517.0500675006077,0.21868967290950625,38.771,26.2780600979102,4.970937032567688,3.421915840354346,1,518.0546545919677,0.21639235250387273,112.10306543273714,0.9980608472823177,1.0106164583870514
LPF,2022,per_species,508.71592655425934,0.22170252959713288,19.623,26.354787498990817,3.0040670153152296,3.3667592303612106,1,518.0546545919677,0.21639235250387273,112.10306543273714,0.9819734694883423,1.0245395783714912
LPF,2023,per_species,509.4146889626236,0.24477575527503692,21.544999999999998,29.146478882503413,2.971088139469183,3.371383746059244,1,518.0546545919677,0.21639235250387273,112.10306543273714,0.9833222893515952,1.1311663857005123
MPF,1971,per_species,902.1566548842391,NA,NA,NA,0.3533263213257048,0.27850338634043903,0,753.2463972441387,0.26388172209410465,198.7679564659635,1.1976912975420926,NA
MPF,1972,per_species,902.1566548842391,NA,NA,NA,0.3363940483114808,0.27850338634043903,0,753.2463972441387,0.26388172209410465,198.7679564659635,1.1976912975420926,NA
MPF,1973,per_species,902.1566548842391,NA,NA,NA,0.27675836977081736,0.27850338634043903,0,753.2463972441387,0.26388172209410465,198.7679564659635,1.1976912975420926,NA
MPF,1974,per_species,902.1566548842391,NA,NA,NA,0.3074281473060157,0.27850338634043903,0,753.2463972441387,0.26388172209410465,198.7679564659635,1.1976912975420926,NA
MPF,1975,per_species,902.1566548842391,NA,NA,NA,0.2496560837197481,0.27850338634043903,0,753.2463972441387,0.26388172209410465,198.7679564659635,1.1976912975420926,NA
MPF,1976,per_species,902.1566548842391,NA,NA,NA,0.3049788247945242,0.27850338634043903,0,753.2463972441387,0.26388172209410465,198.7679564659635,1.1976912975420926,NA
MPF,1977,per_species,902.1566548842391,NA,NA,NA,0.25205216008968545,0.27850338634043903,0,753.2463972441387,0.26388172209410465,198.7679564659635,1.1976912975420926,NA
MPF,1978,per_species,902.1566548842391,NA,NA,NA,0.2779830310265632,0.27850338634043903,0,753.2463972441387,0.26388172209410465,198.7679564659635,1.1976912975420926,NA
MPF,1979,per_species,902.1566548842391,NA,NA,NA,0.27516098552419255,0.27850338634043903,0,753.2463972441387,0.26388172209410465,198.7679564659635,1.1976912975420926,NA
MPF,1980,per_species,902.1566548842391,NA,NA,NA,0.2568443128295602,0.27850338634043903,0,753.2463972441387,0.26388172209410465,198.7679564659635,1.1976912975420926,NA
MPF,1981,per_species,902.1566548842391,NA,NA,NA,0.20716566275952547,0.27850338634043903,0,753.2463972441387,0.26388172209410465,198.7679564659635,1.1976912975420926,NA
MPF,1982,per_species,902.1566548842391,NA,NA,NA,0.21490839204916293,0.27850338634043903,0,753.2463972441387,0.26388172209410465,198.7679564659635,1.1976912975420926,NA
MPF,1983,per_species,902.1566548842391,NA,NA,NA,0.2073186150306184,0.27850338634043903,0,753.2463972441387,0.26388172209410465,198.7679564659635,1.1976912975420926,NA
MPF,1984,per_species,902.1566548842391,0.6373298313171327,92.301,160.912024924973,0.25204553628428744,0.27850338634043903,1,753.2463972441387,0.26388172209410465,198.7679564659635,1.1976912975420926,2.415210217136033
MPF,1985,per_species,671.1857363322094,0.530905003189031,98.224,102.93335825932547,0.23467428193168277,0.20720071111807864,1,753.2463972441387,0.26388172209410465,198.7679564659635,0.8910573469555777,2.0119051784863724
MPF,1986,per_species,599.4231191446797,0.6319215861598471,82.744,105.67053437552121,0.2076027243307778,0.18504698449956344,1,753.2463972441387,0.26388172209410465,198.7679564659635,0.7957862411791895,2.3947152578248416
MPF,1987,per_species,516.4221794122017,0.6233251601051206,91.314,87.9943468633257,0.164742807049585,0.15942389270083362,1,753.2463972441387,0.26388172209410465,198.7679564659635,0.6855952863519921,2.3621384427786642
MPF,1988,per_species,464.865808275842,0.7400033205283156,91.79800000000002,93.8001935104018,0.12833622958629903,0.14350800506517344,1,753.2463972441387,0.26388172209410465,198.7679564659635,0.6171497268046964,2.804299269596316
MPF,1989,per_species,401.9587490149259,0.5545959633421536,93.34100000000001,63.559626662699934,0.1001282347847564,0.12408806404491694,1,753.2463972441387,0.26388172209410465,198.7679564659635,0.5336351431424702,2.1016838867846075
MPF,1990,per_species,398.8906470242453,0.6690290579246385,68.322,77.54001272674941,NA,0.12314091502216544,1,753.2463972441387,0.26388172209410465,198.7679564659635,0.5295619713332114,2.5353368646201706
MPF,1991,per_species,375.17650903260414,0.36609041333283,50.427,41.57587513415376,0.11291315329193038,0.11582016014100349,1,753.2463972441387,0.26388172209410465,198.7679564659635,0.49807939394764034,1.3873276649387485
MPF,1992,per_species,425.0871662783907,0.42169403150317386,77.711,55.996666577217894,NA,0.13122800198551346,1,753.2463972441387,0.26388172209410465,198.7679564659635,0.5643401254007105,1.5980418353977193
MPF,1993,per_species,455.8908476959215,0.46916240848283053,59.193,63.38889610472331,NA,0.1407373588583896,1,753.2463972441387,0.26388172209410465,198.7679564659635,0.6052346873000181,1.7779268861809205
MPF,1994,per_species,468.3179384431808,0.41847938424612074,61.4505,60.97435305444181,NA,0.1445737068326954,1,753.2463972441387,0.26388172209410465,198.7679564659635,0.6217327293653045,1.5858596833655798
MPF,1995,per_species,493.3420186912534,0.535654493003439,84.462,71.77074535230471,NA,0.15229885196288057,1,753.2463972441387,0.26388172209410465,198.7679564659635,0.6549543688442676,2.029903733963111
MPF,1996,per_species,478.43368825735695,0.44401832912963535,68.454,53.296367169771315,NA,0.1476965243205099,1,753.2463972441387,0.26388172209410465,198.7679564659635,0.6351622656381445,1.6826414713607598
MPF,1997,per_species,493.68428489753506,0.43514630241627206,69.755,55.220311446359936,NA,0.15240451243433337,1,753.2463972441387,0.26388172209410465,198.7679564659635,0.6554087569535688,1.6490202465068482
MPF,1998,per_species,509.281655499164,0.4222474865494066,88.879,59.492036249595515,NA,0.15721955260173961,1,753.2463972441387,0.26388172209410465,198.7679564659635,0.6761156208147093,1.60013919569172
MPF,1999,per_species,523.4744791703179,0.43767510284099576,77.149,68.50571188709691,NA,0.1616009972574422,1,753.2463972441387,0.26388172209410465,198.7679564659635,0.6949578266627298,1.658603329429969
MPF,2000,per_species,530.3927012004399,0.34969198177675676,71.88099999999999,54.32658509719396,NA,0.16373671088590427,1,753.2463972441387,0.26388172209410465,198.7679564659635,0.7041423671470034,1.325184552388402
MPF,2001,per_species,569.193640235477,0.4323264374372755,63.959,61.20820153525855,NA,0.17571488879540867,1,753.2463972441387,0.26388172209410465,198.7679564659635,0.7556539829701868,1.6383341521589003
MPF,2002,per_species,569.0131563733919,0.5123638638926957,68.935,71.83042285364841,NA,0.17565917190134336,1,753.2463972441387,0.26388172209410465,198.7679564659635,0.7554143749710707,1.9416421108165203
MPF,2003,per_species,539.8863117189621,0.562731953441987,76.239,73.34150974029791,0.17380519480519468,0.1666674687134846,1,753.2463972441387,0.26388172209410465,198.7679564659635,0.7167459594818038,2.1325158445089554
MPF,2004,per_species,500.60698393562495,0.5913956706036982,81.153,72.22054036592395,0.23283399209486164,0.15454160815300444,1,753.2463972441387,0.26388172209410465,198.7679564659635,0.6645992410546778,2.241139196419207
MPF,2005,per_species,463.9100030375461,0.511559868302677,66.55499999999999,59.774987778450395,0.11832661290322578,0.14321293990758005,1,753.2463972441387,0.26388172209410465,198.7679564659635,0.6158808123541356,1.9385953079396918
MPF,2006,per_species,439.69101831904885,0.4647948109710347,71.648,53.742053747835755,0.1253849372384937,0.1357363345737821,1,753.2463972441387,0.26388172209410465,198.7679564659635,0.5837280071006277,1.7613755408390168
MPF,2007,per_species,432.9795852394282,0.4641552386696386,67.149,53.80733442151157,0.17824186046511625,0.1336644584425669,1,753.2463972441387,0.26388172209410465,198.7679564659635,0.5748179969045281,1.7589518326097366
MPF,2008,per_species,427.9415358821072,0.4726464656291407,77.961,53.3564578942686,0.1372822580645161,0.13210917001348113,1,753.2463972441387,0.26388172209410465,198.7679564659635,0.5681295489069624,1.791129987625998
MPF,2009,per_species,424.0261926948034,0.5038744985237287,72.02499999999999,53.89058049097846,0.10015289256198344,0.13090047047061848,1,753.2463972441387,0.26388172209410465,198.7679564659635,0.562931590839551,1.9094710104401948
MPF,2010,per_species,409.2648211427416,0.5235827210388786,76.088,54.78152025773093,0.10226907630522082,0.12634351027748422,1,753.2463972441387,0.26388172209410465,198.7679564659635,0.5433345883101417,1.9841568293697893
MPF,2011,per_species,396.15596502266743,0.4814021831156001,108.012,52.7647630140226,0.09471480375575088,0.1222966955688362,1,753.2463972441387,0.26388172209410465,198.7679564659635,0.5259314435117931,1.8243104497549247
MPF,2012,per_species,395.11099534839207,0.42078498760826477,97.675,50.516282553732196,0.2653379667441039,0.12197410459604546,1,753.2463972441387,0.26388172209410465,198.7679564659635,0.5245441555299342,1.5945969439224963
MPF,2013,per_species,409.0633513326751,0.46570589790025796,109.39500000000001,55.25596990913308,0.11337955077709172,0.1262813148438585,1,753.2463972441387,0.26388172209410465,198.7679564659635,0.5430671196427792,1.7648281745492755
MPF,2014,per_species,406.80805864337106,0.4952601784436519,111.33500000000001,57.98248942496995,0.05657093837215155,0.12558508692406267,1,753.2463972441387,0.26388172209410465,198.7679564659635,0.540073022760862,1.8768263846142166
MPF,2015,per_species,398.2963736747691,0.6768018897429826,47.24,82.22147108659306,0.14918956006837605,0.1229574578150995,1,753.2463972441387,0.26388172209410465,198.7679564659635,0.5287730218584439,2.5647926062178104
MPF,2016,per_species,352.3828829205767,0.672903286468169,25.790239999999997,63.727502770810176,0.07872484909507044,0.10878357505923401,1,753.2463972441387,0.26388172209410465,198.7679564659635,0.4678188760143037,2.5500185504633035
MPF,2017,per_species,322.14925466171013,0.8198684003211492,20.56303,51.12244515536889,0.11957211972120065,0.09945019841575872,1,753.2463972441387,0.26388172209410465,198.7679564659635,0.4276811091833163,3.1069541073737965
MPF,2018,per_species,278.2207136677841,0.7594422931650078,10.7386,40.80439062990571,0.1108619298161498,0.08588908643197245,1,753.2463972441387,0.26388172209410465,198.7679564659635,0.3693621565077443,2.8779647454861537
MPF,2019,per_species,256.97574190622413,0.7894363361782792,18.80011,38.90787952514574,0.11601638667606916,0.07933058404076561,1,753.2463972441387,0.26388172209410465,198.7679564659635,0.3411576117010412,2.991629469117808
MPF,2020,per_species,236.47297376412624,0.6202701449806236,14.918,28.851549000991803,0.05797671431916668,0.07300120618159565,1,753.2463972441387,0.26388172209410465,198.7679564659635,0.3139384066479401,2.3505612289411424
MPF,2021,per_species,241.44621437187465,0.6294557576923232,19.23225,28.572423082173287,0.05882532751091702,0.07453648760178473,1,753.2463972441387,0.26388172209410465,198.7679564659635,0.3205408154028226,2.385370811957369
MPF,2022,per_species,242.79090891520656,0.6349288956690851,35.39228,28.913265835152124,0.11967652359302516,0.07495160617557556,1,753.2463972441387,0.26388172209410465,198.7679564659635,0.32232601417476714,2.4061116875789477
MPF,2023,per_species,243.63714581954488,0.6884570128305061,40.77256,31.139231454932318,0.06544736842105262,0.0752128466621679,1,753.2463972441387,0.26388172209410465,198.7679564659635,0.32344946714770456,2.6089605879750577
NTU,1971,per_species,813.3166957937735,0.013718001518506995,3.203,8.756967149285641,0.9771614493618557,0.7605971738403007,1,1947.1115921773776,0.058631866210225536,114.16278636892326,0.41770420301605504,0.23396835893506904
NTU,1972,per_species,870.1405537339158,0.08241969896662571,4.074999999999999,19.431394164974297,0.9303334508773676,0.8137376859919582,1,1947.1115921773776,0.058631866210225536,114.16278636892326,0.44688787084918546,1.4057150879541938
NTU,1973,per_species,873.0215636849549,0.0944031451107179,5.824,22.574912833127584,0.7654046511835734,0.8164319476957923,1,1947.1115921773776,0.058631866210225536,114.16278636892326,0.4483675035331126,1.6100996132757202
NTU,1974,per_species,866.2460763074735,0.07909089175970418,6.395,22.34705095077689,0.8502251767403818,0.8100956501903372,1,1947.1115921773776,0.058631866210225536,114.16278636892326,0.44488774027521705,1.3489403778505442
NTU,1975,per_species,871.7232671166579,0.10565629890394401,7.962,30.634611404557113,0.6904504020370188,0.8152178072437885,1,1947.1115921773776,0.058631866210225536,114.16278636892326,0.4477007227622965,1.8020285850208415
NTU,1976,per_species,856.1921229041016,0.11067866023150952,7.3759999999999994,33.34861635482514,0.8434513153243868,0.8006933981720585,1,1947.1115921773776,0.058631866210225536,114.16278636892326,0.4397242183467543,1.8876878289131942
NTU,1977,per_species,837.3460494689052,0.17555054084773758,11.174,46.1830635999826,0.6970770055961444,0.7830689349501309,1,1947.1115921773776,0.058631866210225536,114.16278636892326,0.4300452284465804,2.994114842230984
NTU,1978,per_species,772.143100951626,0.18251959048667832,6.345999999999999,39.108107918242666,0.7687915818915709,0.7220924683107788,1,1947.1115921773776,0.058631866210225536,114.16278636892326,0.3965582168242186,3.1129759682601827
NTU,1979,per_species,708.4977996815126,0.17260536586547914,13.316,35.954026436055706,0.7609869154774896,0.6625726815848741,1,1947.1115921773776,0.058631866210225536,114.16278636892326,0.3638711836177954,2.9438831990542433
NTU,1980,per_species,656.8341179848888,0.1234133288547925,12.341999999999999,27.81111642321404,0.7103302127143958,0.6142578609352306,1,1947.1115921773776,0.058631866210225536,114.16278636892326,0.3373376855357208,2.1048848831161533
NTU,1981,per_species,637.448653076329,0.12481707726095159,19.857,28.66867550957421,0.5729386322551904,0.596128969816574,1,1947.1115921773776,0.058631866210225536,114.16278636892326,0.32738167428991344,2.1288266147527675
NTU,1982,per_species,618.0846591240565,0.12053170660643531,39.298,27.1361661069735,0.5943519720434376,0.5780201578980079,1,1947.1115921773776,0.058631866210225536,114.16278636892326,0.3174366901246153,2.0557371681513064
NTU,1983,per_species,601.8755129342653,0.1343688346908749,81.791,27.86551064890807,0.5733616379977109,0.5628616952154152,1,1947.1115921773776,0.058631866210225536,114.16278636892326,0.3091119766079826,2.291737298776969
NTU,1984,per_species,578.7423545505618,0.17774103003471176,69.064,34.13187079305759,0.697058686759159,0.5412280376504824,1,1947.1115921773776,0.058631866210225536,114.16278636892326,0.29723122027298765,3.031474887690225
NTU,1985,per_species,536.2718940574877,0.14265532499316258,81.021,26.268147470646767,0.6490166387828434,0.5015105298336762,1,1947.1115921773776,0.058631866210225536,114.16278636892326,0.27541918820266287,2.4330681285441185
NTU,1986,per_species,511.96884649357634,0.16144370158589982,87.121,29.906483010459578,0.57414737242723,0.4787828157852431,1,1947.1115921773776,0.058631866210225536,114.16278636892326,0.26293759872337974,2.7535146332719607
NTU,1987,per_species,480.3165431600783,0.15397395890446752,88.81700000000001,27.031379394745432,0.4556137213454794,0.44918222774186306,1,1947.1115921773776,0.058631866210225536,114.16278636892326,0.24668156929976437,2.626113901140232
NTU,1988,per_species,453.4837385407289,0.18471796591128609,141.414,31.823384140221528,0.3549274665913786,0.42408873652837265,1,1947.1115921773776,0.058631866210225536,114.16278636892326,0.23290074403676886,3.1504705180110886
NTU,1989,per_species,413.38577695450107,0.12808266096888588,113.707,21.376997531299804,0.2769152625176885,0.38658994126575197,1,1947.1115921773776,0.058631866210225536,114.16278636892326,0.21230718291406614,2.184523011934216
NTU,1990,per_species,396.5177595733616,0.15792547747877173,136.65699999999998,26.76825135521071,NA,0.3708153156927921,1,1947.1115921773776,0.058631866210225536,114.16278636892326,0.20364408550921909,2.693509309639357
NTU,1991,per_species,369.8298620644458,0.07690443559562254,27.838,12.642232813714104,0.3122733118460516,0.3458573386513765,1,1947.1115921773776,0.058631866210225536,114.16278636892326,0.1899376818207321,1.3116491179025482
NTU,1992,per_species,371.538587638712,0.0917492590705633,27.114,15.743495784036277,NA,0.34745530393276924,1,1947.1115921773776,0.058631866210225536,114.16278636892326,0.19081525123233187,1.5648360695461203
NTU,1993,per_species,368.576303281917,0.1068311820723693,29.77,16.64598371004059,NA,0.3446850360635099,1,1947.1115921773776,0.058631866210225536,114.16278636892326,0.18929387753772897,1.8220668891780507
NTU,1994,per_species,360.9529681712293,0.08880981530419163,29.6665,15.33140025599496,NA,0.3375558486628165,1,1947.1115921773776,0.058631866210225536,114.16278636892326,0.185378675583555,1.514702175533055
NTU,1995,per_species,359.5511880818078,0.11366398251028809,29.563000000000002,17.369068839098706,NA,0.33624493253399046,1,1947.1115921773776,0.058631866210225536,114.16278636892326,0.18465874761689235,1.938604207185628
NTU,1996,per_species,350.22556946676957,0.09139087843753924,20.079,11.961790098845693,NA,0.3275238043442046,1,1947.1115921773776,0.058631866210225536,114.16278636892326,0.1798692847774206,1.5587236829517879
NTU,1997,per_species,348.14461700339126,0.08916461876739756,18.18,12.074716840509598,NA,0.3255777400733896,1,1947.1115921773776,0.058631866210225536,114.16278636892326,0.1788005466158593,1.5207535514509523
NTU,1998,per_species,346.9358795023594,0.08783443408177849,14.995999999999999,12.980349529303536,NA,0.3244473534331616,1,1947.1115921773776,0.058631866210225536,114.16278636892326,0.1781797617025097,1.4980664911269694
NTU,1999,per_species,346.280005628556,0.0907531385816247,12.013,15.344574637810528,NA,0.3238339935729861,1,1947.1115921773776,0.058631866210225536,114.16278636892326,0.17784291718037837,1.5478466650921157
NTU,2000,per_species,344.6471585667278,0.06638878582138208,8.459,11.516886989878849,NA,0.3223069883277194,1,1947.1115921773776,0.058631866210225536,114.16278636892326,0.1770043175498342,1.1322986988567612
NTU,2001,per_species,350.458554930445,0.06692391821962573,8.443,12.466482131042012,NA,0.3277416875945225,1,1947.1115921773776,0.058631866210225536,114.16278636892326,0.17998894174244073,1.1414256878617663
NTU,2002,per_species,356.6994807554406,0.08804952333629501,10.642,15.350180069165692,NA,0.333578074046673,1,1947.1115921773776,0.058631866210225536,114.16278636892326,0.1831941642114912,1.5017349613364168
NTU,2003,per_species,355.92112590610634,0.09627834795228818,19.531,16.985027243221143,0.3968874458874457,0.3328501724780587,1,1947.1115921773776,0.058631866210225536,114.16278636892326,0.18279441575718516,1.6420822698544262
NTU,2004,per_species,352.30138259377117,0.10849377182262021,14.024000000000001,18.06787560722575,0.37725296442687734,0.32946506241253565,1,1947.1115921773776,0.058631866210225536,114.16278636892326,0.18093538347219562,1.8504233079263412
NTU,2005,per_species,344.75292558080275,0.087410928009243,13.559000000000001,15.81594130259611,0.2851290322580644,0.3224058994805422,1,1947.1115921773776,0.058631866210225536,114.16278636892326,0.17705863750483825,1.4908433529273937
NTU,2006,per_species,345.09161232015293,0.08035316025410566,10.611,15.087734584695326,0.19346443514644343,0.32272263240647275,1,1947.1115921773776,0.058631866210225536,114.16278636892326,0.17723258066285286,1.3704690887033693
NTU,2007,per_species,349.68795848823777,0.08170394216222832,10.679,15.815296491184842,0.415720930232558,0.3270210415299017,1,1947.1115921773776,0.058631866210225536,114.16278636892326,0.1795931778605435,1.3935074464332666
NTU,2008,per_species,354.95175577669386,0.0824655670001988,16.903,16.25329859058061,0.3748346774193546,0.33194363731820103,1,1947.1115921773776,0.058631866210225536,114.16278636892326,0.1822965654370972,1.4064973934910605
NTU,2009,per_species,359.20209246704877,0.08521616919643638,16.090999999999998,16.942225554987367,0.2532024793388429,0.33591846544022613,1,1947.1115921773776,0.058631866210225536,114.16278636892326,0.18447945865566304,1.4534104865584931
NTU,2010,per_species,362.9345264466942,0.0947073024470777,14.878,18.124482569754466,0.3257202375269699,0.3394089615177635,1,1947.1115921773776,0.058631866210225536,114.16278636892326,0.1863963667541206,1.6152871905441843
NTU,2011,per_species,363.0598628352925,0.08931192447158853,15.365999999999998,18.769539108645326,0.1701867797868954,0.339526173550223,1,1947.1115921773776,0.058631866210225536,114.16278636892326,0.18646073717289982,1.523265934455491
NTU,2012,per_species,365.29040818170876,0.0828212776091588,22.929,18.49857700416628,0.2339093444661894,0.34161213403201424,1,1947.1115921773776,0.058631866210225536,114.16278636892326,0.18760630343390797,1.4125642412984387
NTU,2013,per_species,370.455574355054,0.08839785347107743,28.191000000000003,20.370668412859395,0.48206645966290834,0.34644249201455596,1,1947.1115921773776,0.058631866210225536,114.16278636892326,0.19025903591934773,1.5076759309370342
NTU,2014,per_species,374.69861021836033,0.09772855749985965,29.988,21.8976812775967,0.23426333990365156,0.35041049255213763,1,1947.1115921773776,0.058631866210225536,114.16278636892326,0.19243817957005216,1.6668164228212057
NTU,2015,per_species,375.5642647189544,0.1527442609565295,30.541999999999998,36.309505066769404,0.23257557306410256,0.3512200349727951,1,1947.1115921773776,0.058631866210225536,114.16278636892326,0.19288276348813466,2.6051406995790036
NTU,2016,per_species,358.4580453906588,0.15104035190217058,28.124799999999993,26.540443806821905,0.1993840475176056,0.33522264780063615,1,1947.1115921773776,0.058631866210225536,114.16278636892326,0.1840973300301753,2.5760795564755328
NTU,2017,per_species,341.8035307937176,0.1414910517263861,31.564839999999997,20.09474419994647,0.5005212978763105,0.3196476856737951,1,1947.1115921773776,0.058631866210225536,114.16278636892326,0.17554388365152315,2.413210782325563
NTU,2018,per_species,327.00720533501516,0.1206693360424902,28.586879999999997,18.21090898373602,0.515669359008297,0.30581046410277263,1,1947.1115921773776,0.058631866210225536,114.16278636892326,0.16794476836807076,2.0580845168705406
NTU,2019,per_species,317.1424752130068,0.1270458908030072,28.08343,18.49435073435922,0.347744517636968,0.29658516983511457,1,1947.1115921773776,0.058631866210225536,114.16278636892326,0.16287842796845503,2.166840303999229
NTU,2020,per_species,306.3826820668604,0.08681605659962255,24.790200000000002,14.626544250483365,0.3415946700420802,0.28652283089581865,1,1947.1115921773776,0.058631866210225536,114.16278636892326,0.157352399984556,1.4806974809285811
NTU,2021,per_species,307.1567604831601,0.08582260714117496,33.43908999999999,13.627537985971086,0.4298561958845015,0.28724673323154254,1,1947.1115921773776,0.058631866210225536,114.16278636892326,0.15774995214305046,1.4637536324267177
NTU,2022,per_species,308.8689913017535,0.0862881003063487,33.835260000000005,14.047581501616996,0.262905487759869,0.2888479765458869,1,1947.1115921773776,0.058631866210225536,114.16278636892326,0.15862932178240363,1.4716928844966537
NTU,2023,per_species,309.9718537250447,0.09472850546629275,36.342620000000004,15.906044095719347,0.31066452314777493,0.2898793509743575,1,1947.1115921773776,0.058631866210225536,114.16278636892326,0.15919573124127698,1.615648820159367
SAR,1971,per_species,524.2784104637908,NA,NA,NA,NA,0.5716827676504779,0,835.6046952370069,0.22384387934206568,187.0449965782962,0.6274239642886246,NA
SAR,1972,per_species,524.2784104637908,NA,NA,NA,2.401529112001412,0.5716827676504779,0,835.6046952370069,0.22384387934206568,187.0449965782962,0.6274239642886246,NA
SAR,1973,per_species,524.2784104637908,NA,NA,NA,1.9757878753528058,0.5716827676504779,0,835.6046952370069,0.22384387934206568,187.0449965782962,0.6274239642886246,NA
SAR,1974,per_species,524.2784104637908,NA,NA,NA,2.1947405113435177,0.5716827676504779,0,835.6046952370069,0.22384387934206568,187.0449965782962,0.6274239642886246,NA
SAR,1975,per_species,524.2784104637908,NA,NA,NA,1.78230368834018,0.5716827676504779,0,835.6046952370069,0.22384387934206568,187.0449965782962,0.6274239642886246,NA
SAR,1976,per_species,524.2784104637908,NA,NA,NA,2.177254710552593,0.5716827676504779,0,835.6046952370069,0.22384387934206568,187.0449965782962,0.6274239642886246,NA
SAR,1977,per_species,524.2784104637908,NA,NA,NA,1.7994093630269543,0.5716827676504779,0,835.6046952370069,0.22384387934206568,187.0449965782962,0.6274239642886246,NA
SAR,1978,per_species,524.2784104637908,NA,NA,NA,1.984530775748268,0.5716827676504779,0,835.6046952370069,0.22384387934206568,187.0449965782962,0.6274239642886246,NA
SAR,1979,per_species,524.2784104637908,NA,NA,NA,1.9643840922282896,0.5716827676504779,0,835.6046952370069,0.22384387934206568,187.0449965782962,0.6274239642886246,NA
SAR,1980,per_species,524.2784104637908,NA,NA,NA,1.833620712400503,0.5716827676504779,0,835.6046952370069,0.22384387934206568,187.0449965782962,0.6274239642886246,NA
SAR,1981,per_species,524.2784104637908,NA,NA,NA,1.478963057228048,0.5716827676504779,0,835.6046952370069,0.22384387934206568,187.0449965782962,0.6274239642886246,NA
SAR,1982,per_species,524.2784104637908,NA,NA,NA,1.5342386778543475,0.5716827676504779,0,835.6046952370069,0.22384387934206568,187.0449965782962,0.6274239642886246,NA
SAR,1983,per_species,524.2784104637908,NA,NA,NA,1.4800549889480654,0.5716827676504779,0,835.6046952370069,0.22384387934206568,187.0449965782962,0.6274239642886246,NA
SAR,1984,per_species,524.2784104637908,NA,NA,NA,1.7993620754439088,0.5716827676504779,0,835.6046952370069,0.22384387934206568,187.0449965782962,0.6274239642886246,NA
SAR,1985,per_species,524.2784104637908,NA,NA,NA,1.6753480708883544,0.5716827676504779,0,835.6046952370069,0.22384387934206568,187.0449965782962,0.6274239642886246,NA
SAR,1986,per_species,524.2784104637908,NA,NA,NA,1.482083255377712,0.5716827676504779,0,835.6046952370069,0.22384387934206568,187.0449965782962,0.6274239642886246,NA
SAR,1987,per_species,524.2784104637908,NA,NA,NA,1.17610477684812,0.5716827676504779,0,835.6046952370069,0.22384387934206568,187.0449965782962,0.6274239642886246,NA
SAR,1988,per_species,524.2784104637908,NA,NA,NA,0.9161969215062222,0.5716827676504779,0,835.6046952370069,0.22384387934206568,187.0449965782962,0.6274239642886246,NA
SAR,1989,per_species,524.2784104637908,NA,NA,NA,0.7148190402769925,0.5716827676504779,0,835.6046952370069,0.22384387934206568,187.0449965782962,0.6274239642886246,NA
SAR,1990,per_species,524.2784104637908,NA,NA,NA,NA,0.5716827676504779,0,835.6046952370069,0.22384387934206568,187.0449965782962,0.6274239642886246,NA
SAR,1991,per_species,524.2784104637908,NA,NA,NA,0.8060910296111038,0.5716827676504779,0,835.6046952370069,0.22384387934206568,187.0449965782962,0.6274239642886246,NA
SAR,1992,per_species,524.2784104637908,NA,NA,NA,NA,0.5716827676504779,0,835.6046952370069,0.22384387934206568,187.0449965782962,0.6274239642886246,NA
SAR,1993,per_species,524.2784104637908,NA,NA,NA,NA,0.5716827676504779,0,835.6046952370069,0.22384387934206568,187.0449965782962,0.6274239642886246,NA
SAR,1994,per_species,524.2784104637908,NA,NA,NA,NA,0.5716827676504779,0,835.6046952370069,0.22384387934206568,187.0449965782962,0.6274239642886246,NA
SAR,1995,per_species,524.2784104637908,NA,NA,NA,NA,0.5716827676504779,0,835.6046952370069,0.22384387934206568,187.0449965782962,0.6274239642886246,NA
SAR,1996,per_species,524.2784104637908,NA,NA,NA,NA,0.5716827676504779,0,835.6046952370069,0.22384387934206568,187.0449965782962,0.6274239642886246,NA
SAR,1997,per_species,524.2784104637908,NA,NA,NA,NA,0.5716827676504779,0,835.6046952370069,0.22384387934206568,187.0449965782962,0.6274239642886246,NA
SAR,1998,per_species,524.2784104637908,NA,NA,NA,NA,0.5716827676504779,0,835.6046952370069,0.22384387934206568,187.0449965782962,0.6274239642886246,NA
SAR,1999,per_species,524.2784104637908,NA,NA,NA,NA,0.5716827676504779,0,835.6046952370069,0.22384387934206568,187.0449965782962,0.6274239642886246,NA
SAR,2000,per_species,524.2784104637908,NA,NA,NA,NA,0.5716827676504779,0,835.6046952370069,0.22384387934206568,187.0449965782962,0.6274239642886246,NA
SAR,2001,per_species,524.2784104637908,NA,NA,NA,NA,0.5716827676504779,0,835.6046952370069,0.22384387934206568,187.0449965782962,0.6274239642886246,NA
SAR,2002,per_species,524.2784104637908,NA,NA,NA,NA,0.5716827676504779,0,835.6046952370069,0.22384387934206568,187.0449965782962,0.6274239642886246,NA
SAR,2003,per_species,524.2784104637908,NA,NA,NA,0.4684372294372294,0.5716827676504779,0,835.6046952370069,0.22384387934206568,187.0449965782962,0.6274239642886246,NA
SAR,2004,per_species,524.2784104637908,NA,NA,NA,0.6455849802371542,0.5716827676504779,0,835.6046952370069,0.22384387934206568,187.0449965782962,0.6274239642886246,NA
SAR,2005,per_species,524.2784104637908,NA,NA,NA,0.48249596774193537,0.5716827676504779,0,835.6046952370069,0.22384387934206568,187.0449965782962,0.6274239642886246,NA
SAR,2006,per_species,524.2784104637908,NA,NA,NA,0.4339037656903765,0.5716827676504779,0,835.6046952370069,0.22384387934206568,187.0449965782962,0.6274239642886246,NA
SAR,2007,per_species,524.2784104637908,NA,NA,NA,0.4710279069767441,0.5716827676504779,0,835.6046952370069,0.22384387934206568,187.0449965782962,0.6274239642886246,NA
SAR,2008,per_species,524.2784104637908,0.21775081069069024,77.148,54.56734298614289,0.7211129032258063,0.5716827676504779,1,835.6046952370069,0.22384387934206568,187.0449965782962,0.6274239642886246,0.9727798290965806
SAR,2009,per_species,581.4212762528987,0.21021889126389315,81.775,56.17740083071879,0.570784297520661,0.6339923936312586,1,835.6046952370069,0.22384387934206568,187.0449965782962,0.695809010608763,0.9391317371812004
SAR,2010,per_species,639.4666905601717,0.20856381424672765,74.594,57.70501046970598,0.5156506024096383,0.6972861750235638,1,835.6046952370069,0.22384387934206568,187.0449965782962,0.7652741711543357,0.931737847198458
SAR,2011,per_species,693.1752893911897,0.18382084757580408,40.323,60.133602957684374,0.8944797573037847,0.7558510135016231,1,835.6046952370069,0.22384387934206568,187.0449965782962,0.8295492992587611,0.8212011340944434
SAR,2012,per_species,753.1710423921719,0.13027955417749482,54.086,57.16075340816673,0.8138371018072605,0.8212714798766061,1,835.6046952370069,0.22384387934206568,187.0449965782962,0.9013485044845829,0.5820107950256209
SAR,2013,per_species,842.2129695032268,0.1259390418162747,54.763999999999996,62.45947275301567,0.7238373368960961,0.9183644257462428,1,835.6046952370069,0.22384387934206568,187.0449965782962,1.0079083737847423,0.5626199929452692
SAR,2014,per_species,925.216509411523,0.15651141988743866,55.761,66.62579794378124,0.7653203032683538,1.0088730037698632,1,835.6046952370069,0.22384387934206568,187.0449965782962,1.1072418748785262,0.6991990147216252
SAR,2015,per_species,970.6115996887462,0.21061621442651024,63.620999999999995,103.91020454554939,1.133882127504273,1.0583726404695104,1,835.6046952370069,0.22384387934206568,187.0449965782962,1.1615679103064955,0.9409067384177091
SAR,2016,per_species,963.2004088916998,0.19433022869161043,56.36257,66.97968325907394,1.0930731531190845,1.050291342476154,1,835.6046952370069,0.22384387934206568,187.0449965782962,1.1526986556944876,0.8681507364096646
SAR,2017,per_species,968.9287157013879,0.20712728477265774,54.549200000000006,48.86433835750588,1.4374682284505669,1.056537592990297,1,835.6046952370069,0.22384387934206568,187.0449965782962,1.1595539388712572,0.925320296366636
SAR,2018,per_species,959.5064135281036,0.17924722299148144,52.29685,43.849818796274754,0.9698245108921388,1.0462633423697207,1,835.6046952370069,0.22384387934206568,187.0449965782962,1.1482779105925844,0.8007689266212451
SAR,2019,per_species,974.3492550386209,0.17909966095607643,63.857350000000004,42.57247366401645,1.2096015716470407,1.0624482482235085,1,835.6046952370069,0.22384387934206568,187.0449965782962,1.1660409049787126,0.8001097080809003
SAR,2020,per_species,982.0846147542807,0.13213165913315716,54.0931,34.32632409249308,1.285029171299113,1.070883025934665,1,835.6046952370069,0.22384387934206568,187.0449965782962,1.175298104896032,0.5902848874917905
SAR,2021,per_species,1032.2451625812655,0.1304943772224174,29.00633,31.233416827813127,1.7757065090593287,1.1255790047052332,1,835.6046952370069,0.22384387934206568,187.0449965782962,1.2353271450784327,0.5829704953558422
SAR,2022,per_species,1072.267091898205,0.12796721294755375,45.40488,30.824065740112797,0.9396314451618436,1.1692196484204296,1,835.6046952370069,0.22384387934206568,187.0449965782962,1.2832229139091569,0.571680643329101
SAR,2023,per_species,1100.4610759353134,0.1350824193907938,54.371939999999995,32.825974504611274,0.7877984966191535,1.1999628842732448,1,835.6046952370069,0.22384387934206568,187.0449965782962,1.3169637296295755,0.6034671119346016
SCP,1971,per_species,190.64222831812808,NA,NA,NA,4.865921294493222,1.5921800782296611,0,333.64935447190834,0.24869205551909915,82.97594378623941,0.5713849757625689,NA
SCP,1972,per_species,190.64222831812808,NA,NA,NA,4.6327342861918055,1.5921800782296611,0,333.64935447190834,0.24869205551909915,82.97594378623941,0.5713849757625689,NA
SCP,1973,per_species,190.64222831812808,NA,NA,NA,3.8114467097843034,1.5921800782296611,0,333.64935447190834,0.24869205551909915,82.97594378623941,0.5713849757625689,NA
SCP,1974,per_species,190.64222831812808,NA,NA,NA,4.233823177651019,1.5921800782296611,0,333.64935447190834,0.24869205551909915,82.97594378623941,0.5713849757625689,NA
SCP,1975,per_species,190.64222831812808,NA,NA,NA,3.438200838006252,1.5921800782296611,0,333.64935447190834,0.24869205551909915,82.97594378623941,0.5713849757625689,NA
SCP,1976,per_species,190.64222831812808,NA,NA,NA,4.200091723619997,1.5921800782296611,0,333.64935447190834,0.24869205551909915,82.97594378623941,0.5713849757625689,NA
SCP,1977,per_species,190.64222831812808,NA,NA,NA,3.4711989995583385,1.5921800782296611,0,333.64935447190834,0.24869205551909915,82.97594378623941,0.5713849757625689,NA
SCP,1978,per_species,190.64222831812808,NA,NA,NA,3.8283124367998154,1.5921800782296611,0,333.64935447190834,0.24869205551909915,82.97594378623941,0.5713849757625689,NA
SCP,1979,per_species,190.64222831812808,NA,NA,NA,3.7894479354162462,1.5921800782296611,0,333.64935447190834,0.24869205551909915,82.97594378623941,0.5713849757625689,NA
SCP,1980,per_species,190.64222831812808,NA,NA,NA,3.537195322662514,1.5921800782296611,0,333.64935447190834,0.24869205551909915,82.97594378623941,0.5713849757625689,NA
SCP,1981,per_species,190.64222831812808,NA,NA,NA,2.853033439815907,1.5921800782296611,0,333.64935447190834,0.24869205551909915,82.97594378623941,0.5713849757625689,NA
SCP,1982,per_species,190.64222831812808,NA,NA,NA,2.9596643615841542,1.5921800782296611,0,333.64935447190834,0.24869205551909915,82.97594378623941,0.5713849757625689,NA
SCP,1983,per_species,190.64222831812808,NA,NA,NA,2.8551398600513425,1.5921800782296611,0,333.64935447190834,0.24869205551909915,82.97594378623941,0.5713849757625689,NA
SCP,1984,per_species,190.64222831812808,NA,NA,NA,3.471107778175184,1.5921800782296611,0,333.64935447190834,0.24869205551909915,82.97594378623941,0.5713849757625689,NA
SCP,1985,per_species,190.64222831812808,NA,NA,NA,3.231875229212385,1.5921800782296611,0,333.64935447190834,0.24869205551909915,82.97594378623941,0.5713849757625689,NA
SCP,1986,per_species,190.64222831812808,NA,NA,NA,2.859052541926902,1.5921800782296611,0,333.64935447190834,0.24869205551909915,82.97594378623941,0.5713849757625689,NA
SCP,1987,per_species,190.64222831812808,NA,NA,NA,2.2687965332710256,1.5921800782296611,0,333.64935447190834,0.24869205551909915,82.97594378623941,0.5713849757625689,NA
SCP,1988,per_species,190.64222831812808,0.5151903577030854,25.318,27.390923187985706,1.7674142986457215,1.5921800782296611,1,333.64935447190834,0.24869205551909915,82.97594378623941,0.5713849757625689,2.0715995797602775
SCP,1989,per_species,178.7946489818332,0.44999899993247894,16.195999999999998,19.935967676179327,1.3789408838579995,1.4932330612916493,1,333.64935447190834,0.24869205551909915,82.97594378623941,0.5358759026068695,1.8094627067727933
SCP,1990,per_species,175.95020439441785,0.511888090038358,14.635999999999997,26.262243402041346,NA,1.4694772122037258,1,333.64935447190834,0.24869205551909915,82.97594378623941,0.527350651323475,2.058321038723514
SCP,1991,per_species,166.4929624623448,0.3840035903482626,5.923,13.483375500675141,1.5550115682581902,1.3904934931605453,1,333.64935447190834,0.24869205551909915,82.97594378623941,0.4990057982454832,1.544092711553352
SCP,1992,per_species,172.50635333125794,0.3830830101961604,14.788000000000002,17.478943077371927,NA,1.4407153208666017,1,333.64935447190834,0.24869205551909915,82.97594378623941,0.517028883824147,1.5403910245405499
SCP,1993,per_species,178.3529326298733,0.39548063940674716,14.253,18.07494238747479,NA,1.4895439941735016,1,333.64935447190834,0.24869205551909915,82.97594378623941,0.534552008686382,1.5902423524597669
SCP,1994,per_species,182.3413206321667,0.4266514026693411,16.89,18.704032355556233,NA,1.5228536757562463,1,333.64935447190834,0.24869205551909915,82.97594378623941,0.5465058397033973,1.7155811502654734
SCP,1995,per_species,182.18875629684294,0.4360168838182199,19.526999999999997,19.584136248958583,NA,1.52157950949469,1,333.64935447190834,0.24869205551909915,82.97594378623941,0.5460485802084246,1.7532400981129632
SCP,1996,per_species,180.97451933451376,0.36820516403174874,12.901,12.755208929724967,NA,1.5114386088205514,1,333.64935447190834,0.24869205551909915,82.97594378623941,0.5424093195713074,1.480566652051622
SCP,1997,per_species,188.0891956857652,0.3723008612266261,11.628,13.892715318924742,NA,1.5708580042475249,1,333.64935447190834,0.24869205551909915,82.97594378623941,0.5637331322983314,1.4970356027236824
SCP,1998,per_species,194.03537116660434,0.42135507689937857,4.877000000000001,16.36476720338632,NA,1.6205184715310448,1,333.64935447190834,0.24869205551909915,82.97594378623941,0.5815547627050517,1.694284427461412
SCP,1999,per_species,193.21149981582968,0.43023404044220914,20.782,20.704297855726644,NA,1.613637773779555,1,333.64935447190834,0.24869205551909915,82.97594378623941,0.5790854896801461,1.7299870699294126
SCP,2000,per_species,191.11324461101967,0.3749723304111443,31.476999999999997,16.125922947588116,NA,1.5961138486470532,1,333.64935447190834,0.24869205551909915,82.97594378623941,0.5727966862501767,1.5077776796225284
SCP,2001,per_species,196.47992654067858,0.40418711606824154,35.364000000000004,17.965089984356418,NA,1.6409345797619839,1,333.64935447190834,0.24869205551909915,82.97594378623941,0.5888814826321542,1.625251418765971
SCP,2002,per_species,197.62324649922954,0.4238524432185393,28.062,20.551461634279395,NA,1.6504832053582474,1,333.64935447190834,0.24869205551909915,82.97594378623941,0.5923081937683427,1.70432643026664
SCP,2003,per_species,196.08673434533412,0.4567251275628239,28.010999999999996,22.48732609506666,1.085307359307359,1.6376507701576493,1,333.64935447190834,0.24869205551909915,82.97594378623941,0.5877030233003003,1.8365087160082125
SCP,2004,per_species,189.23290845445908,0.4416101355545736,32.658,22.704874996097374,2.5774071146245054,1.580409910462619,1,333.64935447190834,0.24869205551909915,82.97594378623941,0.56716102074878,1.7757307712656654
SCP,2005,per_species,186.25437741478652,0.4256285593193976,27.949999999999996,21.251700064352143,1.75216129032258,1.5555342162075054,1,333.64935447190834,0.24869205551909915,82.97594378623941,0.5582338911147758,1.7114682591326686
SCP,2006,per_species,187.32935606354832,0.40042444342422634,26.404,20.84898932114017,1.7344225941422589,1.5645120780599415,1,333.64935447190834,0.24869205551909915,82.97594378623941,0.5614557725131776,1.6101215721926203
SCP,2007,per_species,191.82696996030492,0.3926010195016483,26.421999999999997,22.22661938851806,1.138623255813953,1.602074643862703,1,333.64935447190834,0.24869205551909915,82.97594378623941,0.5749358342500729,1.5786632937757723
SCP,2008,per_species,196.97710428931768,0.3986175400913341,17.583000000000002,23.06434237680287,1.625983870967741,1.645086841900891,1,333.64935447190834,0.24869205551909915,82.97594378623941,0.5903716031493242,1.6028559467221135
SCP,2009,per_species,200.42357703399378,0.42712896976087045,20.419,23.924820892356706,1.431698512396694,1.6738706286444969,1,333.64935447190834,0.24869205551909915,82.97594378623941,0.6007012282437024,1.71750146529336
SCP,2010,per_species,199.61612259126474,0.43094104250081244,30.963,24.547981281101155,1.3683585781004493,1.6671270394138573,1,333.64935447190834,0.24869205551909915,82.97594378623941,0.5982811592943497,1.7328299514888077
SCP,2011,per_species,198.42183861782627,0.403864124180628,32.395,26.439462314906745,2.0679004632803353,1.6571527794241736,1,333.64935447190834,0.24869205551909915,82.97594378623941,0.5947017009275599,1.6239526563791336
SCP,2012,per_species,200.6254840760562,0.37038692639423143,27.776,26.96774420839024,1.8263510605983355,1.6755568886765062,1,333.64935447190834,0.24869205551909915,82.97594378623941,0.601306375651771,1.4893395996149394
SCP,2013,per_species,207.42384370634718,0.409902590130824,33.021,30.064235519486168,1.8654895914115532,1.732334512729072,1,333.64935447190834,0.24869205551909915,82.97594378623941,0.6216821370287149,1.6482335524358722
SCP,2014,per_species,208.44167717709144,0.41164910903509,34.754999999999995,31.52107798949442,1.9468351281500351,1.7408351171826144,1,333.64935447190834,0.24869205551909915,82.97594378623941,0.6247327452708775,1.6552563698741716
SCP,2015,per_species,209.0425759500992,0.5623780497649884,26.203,51.099603084597256,1.6336057506538457,1.7458536225990484,1,333.64935447190834,0.24869205551909915,82.97594378623941,0.6265337341382435,2.261343043673539
SCP,2016,per_species,190.11497708463244,0.4282781425765281,23.826449999999998,33.16652224039233,1.394336493954225,1.5877766524115737,1,333.64935447190834,0.24869205551909915,82.97594378623941,0.5698047202445261,1.7221223319039116
SCP,2017,per_species,189.59577441148573,0.4741346667004498,33.50203,23.423456767098795,1.7570958168813389,1.5834404454754676,1,333.64935447190834,0.24869205551909915,82.97594378623941,0.5682485875375755,1.90651312005436
SCP,2018,per_species,181.88327524036853,0.5003377286709734,34.5,22.565263616382015,1.2441045134099813,1.519028233963104,1,333.64935447190834,0.24869205551909915,82.97594378623941,0.5451330050623018,2.011876606297736
SCP,2019,per_species,171.7820827923013,0.5117219396505677,32.931000000000004,22.135666582515725,1.9560199988394813,1.4346664557565532,1,333.64935447190834,0.24869205551909915,82.97594378623941,0.5148581302193543,2.0576529418378153
SCP,2020,per_species,162.2597433716419,0.48254782166643917,26.695,19.00395852224816,0.9518758645187639,1.3551390642784438,1,333.64935447190834,0.24869205551909915,82.97594378623941,0.4863181696498783,1.9403427289191402
SCP,2021,per_species,156.61210988145407,0.4651396421299072,27.442,16.672009294348037,1.439682798305725,1.3079719197714328,1,333.64935447190834,0.24869205551909915,82.97594378623941,0.46939131690914165,1.870343791879533
SCP,2022,per_species,152.9160372476025,0.47064207003164515,15.552999999999999,16.77609611451155,1.3023615838579825,1.2771035583007089,1,333.64935447190834,0.24869205551909915,82.97594378623941,0.4583136013844058,1.8924692590170038
SCP,2023,per_species,151.07268609603855,0.5201134948096113,20.489,18.57881711984724,1.2720672101834425,1.2617085064982079,1,333.64935447190834,0.24869205551909915,82.97594378623941,0.4527887858052432,2.091395697075926
