species,year,cutoff,horizon,B_proj,cpue_pred,cpue_obs,cpue_naive,floor,peel
ANC,2023,2022,1,820.1697981332084,12.627978486602165,11.620189588654467,9.670712896110878,1971,1
CMA,2023,2022,1,60.067666843817356,0.004406286319055232,NA,0.00293172690763052,1971,1
DMF,2023,2022,1,183.8346837953796,0.6205376288255195,0.49158609242439266,1.0582687169226213,1971,1
LPF,2023,2022,1,231.67445699384768,2.749669336057857,2.971088139469183,3.0040670153152296,1971,1
MPF,2023,2022,1,113.02518411635293,0.07837476062030974,0.06544736842105262,0.11967652359302516,1971,1
NTU,2023,2022,1,28.59252059897134,0.3310637832644764,0.31066452314777493,0.262905487759869,1971,1
SAR,2023,2022,1,165.92535152487002,1.4959850976255136,0.7877984966191535,0.9396314451618436,1971,1
SCP,2023,2022,1,90.41578189393056,1.387110599039405,1.2720672101834425,1.3023615838579825,1971,1
ANC,2022,2021,1,839.9031521776182,12.279000468898227,9.670712896110878,10.34666461209007,1971,2
ANC,2023,2021,2,909.5909774052132,13.297804644626785,11.620189588654467,10.34666461209007,1971,2
CMA,2022,2021,1,62.97584578641865,0.004594780671989464,NA,0.00293172690763052,1971,2
CMA,2023,2021,2,57.28561087710762,0.004179615443894654,NA,0.00293172690763052,1971,2
DMF,2022,2021,1,164.06322161941378,0.5320952415039505,1.0582687169226213,0.3833456358538275,1971,2
DMF,2023,2021,2,163.58724323734234,0.5305515327454666,0.49158609242439266,0.3833456358538275,1971,2
LPF,2022,2021,1,246.55742275527516,2.926837911284603,3.0040670153152296,4.970937032567688,1971,2
LPF,2023,2021,2,231.3226261392213,2.74598843691759,2.971088139469183,4.970937032567688,1971,2
MPF,2022,2021,1,109.83816180071716,0.07020327465678186,0.11967652359302516,0.05882532751091702,1971,2
MPF,2023,2021,2,109.88865965573001,0.07023555045898872,0.06544736842105262,0.05882532751091702,1971,2
NTU,2022,2021,1,30.075984689470484,0.3507942433611397,0.262905487759869,0.4298561958845015,1971,2
NTU,2023,2021,2,30.561464299368186,0.3564566831508816,0.31066452314777493,0.4298561958845015,1971,2
SAR,2022,2021,1,185.96749117403252,1.7117621168533226,0.9396314451618436,1.7757065090593287,1971,2
SAR,2023,2021,2,211.6949648772529,1.948574016446568,0.7877984966191535,1.7757065090593287,1971,2
SCP,2022,2021,1,23.965232383831296,1.320089403061251,1.3023615838579825,1.439682798305725,1971,2
SCP,2023,2021,2,24.58005902278342,1.3539562196980073,1.2720672101834425,1.439682798305725,1971,2
ANC,2021,2020,1,753.6866412493325,10.615484954608803,10.34666461209007,5.958320968763964,1971,3
ANC,2022,2020,2,830.721454669075,11.700500739793513,9.670712896110878,5.958320968763964,1971,3
ANC,2023,2020,3,884.544666373419,12.45858700905402,11.620189588654467,5.958320968763964,1971,3
CMA,2021,2020,1,57.13194029986132,0.004492686509633777,NA,0.00293172690763052,1971,3
CMA,2022,2020,2,52.63999965096905,0.004139453606122484,NA,0.00293172690763052,1971,3
CMA,2023,2020,3,47.55472560729279,0.003739562722425845,NA,0.00293172690763052,1971,3
DMF,2021,2020,1,173.5498291898409,0.6217648324748444,0.3833456358538275,2.9020302341101365,1971,3
DMF,2022,2020,2,180.3674608587554,0.6461898845321469,1.0582687169226213,2.9020302341101365,1971,3
DMF,2023,2020,3,184.8508456010495,0.6622521934161475,0.49158609242439266,2.9020302341101365,1971,3
LPF,2021,2020,1,199.70903603051534,2.7749547931512595,4.970937032567688,3.391696528557638,1971,3
LPF,2022,2020,2,187.59490970508057,2.6066291450996184,3.0040670153152296,3.391696528557638,1971,3
LPF,2023,2020,3,173.38611169929354,2.4091980577799035,2.971088139469183,3.391696528557638,1971,3
MPF,2021,2020,1,115.19034111659077,0.07222335996950859,0.05882532751091702,0.05797671431916668,1971,3
MPF,2022,2020,2,119.79068856222125,0.07510773852356016,0.11967652359302516,0.05797671431916668,1971,3
MPF,2023,2020,3,120.99458736633134,0.07586257279050705,0.06544736842105262,0.05797671431916668,1971,3
NTU,2021,2020,1,135.11292511330345,0.26758319510466905,0.4298561958845015,0.3415946700420802,1971,3
NTU,2022,2020,2,136.43909613537596,0.2702095987521647,0.262905487759869,0.3415946700420802,1971,3
NTU,2023,2020,3,136.75254607792604,0.2708303679129433,0.31066452314777493,0.3415946700420802,1971,3
SAR,2021,2020,1,165.4462451023252,1.3785576988023893,1.7757065090593287,1.285029171299113,1971,3
SAR,2022,2020,2,183.32000238273355,1.527488281604029,0.9396314451618436,1.285029171299113,1971,3
SAR,2023,2020,3,192.79604293723224,1.6064460642511265,0.7877984966191535,1.285029171299113,1971,3
SCP,2021,2020,1,93.11067814408217,1.3690481769921523,1.439682798305725,0.951875864518764,1971,3
SCP,2022,2020,2,95.78926426751924,1.4084326334508777,1.3023615838579825,0.951875864518764,1971,3
SCP,2023,2020,3,97.15391410779331,1.428497693799475,1.2720672101834425,0.951875864518764,1971,3
ANC,2020,2019,1,725.0426734188674,12.701831562278894,5.958320968763964,11.169724519839384,1971,4
ANC,2021,2019,2,845.5549044727746,14.81305358569881,10.34666461209007,11.169724519839384,1971,4
ANC,2022,2019,3,955.4340841678638,16.737997983946805,9.670712896110878,11.169724519839384,1971,4
ANC,2023,2019,4,1034.0555706498556,18.115347090532865,11.620189588654467,11.169724519839384,1971,4
CMA,2020,2019,1,56.58784174400957,0.004480712708250752,NA,0.00293172690763052,1971,4
CMA,2021,2019,2,52.33035617405701,0.004143598425207786,NA,0.00293172690763052,1971,4
CMA,2022,2019,3,48.34258137419429,0.0038278402575042344,NA,0.00293172690763052,1971,4
CMA,2023,2019,4,43.82788113255489,0.003470359319493414,NA,0.00293172690763052,1971,4
DMF,2020,2019,1,115.29482363412924,0.46548343398226716,2.9020302341101365,0.5974387098186917,1971,4
DMF,2021,2019,2,116.1946573751398,0.46911636117341227,0.3833456358538275,0.5974387098186917,1971,4
DMF,2022,2019,3,119.10929069798716,0.4808837023701295,1.0582687169226213,0.5974387098186917,1971,4
DMF,2023,2019,4,119.86531278889531,0.48393601424285615,0.49158609242439266,0.5974387098186917,1971,4
LPF,2020,2019,1,200.2085137245439,2.927690357463601,3.391696528557638,4.604601765476088,1971,4
LPF,2021,2019,2,193.15984320501516,2.8246161957855684,4.970937032567688,4.604601765476088,1971,4
LPF,2022,2019,3,186.52366383487345,2.7275739771959353,3.0040670153152296,4.604601765476088,1971,4
LPF,2023,2019,4,177.99123621648675,2.6028025296716013,2.971088139469183,4.604601765476088,1971,4
MPF,2020,2019,1,131.88776381950836,0.07923498463197966,0.05797671431916668,0.11601638667606916,1971,4
MPF,2021,2019,2,138.26434111827777,0.08306587833766163,0.05882532751091702,0.11601638667606916,1971,4
MPF,2022,2019,3,144.24664722529457,0.08665990342934463,0.11967652359302516,0.11601638667606916,1971,4
MPF,2023,2019,4,146.23040784287812,0.08785169891890095,0.06544736842105262,0.11601638667606916,1971,4
NTU,2020,2019,1,125.69014572069739,0.2606512953628743,0.3415946700420802,0.347744517636968,1971,4
NTU,2021,2019,2,126.88159377920952,0.2631220736249893,0.4298561958845015,0.347744517636968,1971,4
NTU,2022,2019,3,128.0546091519877,0.2655546269062514,0.262905487759869,0.347744517636968,1971,4
NTU,2023,2019,4,128.21397696545984,0.265885117628356,0.31066452314777493,0.347744517636968,1971,4
SAR,2020,2019,1,162.2447687211318,1.2829361662187206,1.285029171299113,1.2096015716470407,1971,4
SAR,2021,2019,2,179.2222689648013,1.41718424858388,1.7757065090593287,1.2096015716470407,1971,4
SAR,2022,2019,3,186.61343391309666,1.4756292320332673,0.9396314451618436,1.2096015716470407,1971,4
SAR,2023,2019,4,188.90737836702183,1.4937683950179053,0.7877984966191535,1.2096015716470407,1971,4
SCP,2020,2019,1,30.700292226306242,1.6075532185352632,0.951875864518764,1.9560199988394813,1971,4
SCP,2021,2019,2,31.654600339009853,1.6575234620346548,1.439682798305725,1.9560199988394813,1971,4
SCP,2022,2019,3,32.11357897821165,1.6815568680768147,1.3023615838579825,1.9560199988394813,1971,4
SCP,2023,2019,4,32.22949417629165,1.6876265122475302,1.2720672101834425,1.9560199988394813,1971,4
ANC,2019,2018,1,592.5888578238402,10.030237698179608,11.169724519839384,17.190188776339156,1971,5
ANC,2020,2018,2,693.3897192616822,11.7364064643554,5.958320968763964,17.190188776339156,1971,5
ANC,2021,2018,3,796.8600328455392,13.487758732034697,10.34666461209007,17.190188776339156,1971,5
ANC,2022,2018,4,888.4324707538337,15.037725976094878,9.670712896110878,17.190188776339156,1971,5
ANC,2023,2018,5,950.0919446632101,16.081382419327564,11.620189588654467,17.190188776339156,1971,5
CMA,2019,2018,1,48.694228662644406,0.00430185737680536,NA,0.00293172690763052,1971,5
CMA,2020,2018,2,44.774749892999424,0.003955593782093896,NA,0.00293172690763052,1971,5
CMA,2021,2018,3,41.47838302571838,0.0036643785700630656,NA,0.00293172690763052,1971,5
CMA,2022,2018,4,38.376529938857836,0.0033903475411310043,NA,0.00293172690763052,1971,5
CMA,2023,2018,5,34.80724842383317,0.0030750218765295432,NA,0.00293172690763052,1971,5
DMF,2019,2018,1,103.68509349875175,0.4622273167417303,0.5974387098186917,1.055181899380611,1971,5
DMF,2020,2018,2,104.5175291393461,0.4659383081632381,2.9020302341101365,1.055181899380611,1971,5
DMF,2021,2018,3,107.26760691265513,0.4781981328602473,0.3833456358538275,1.055181899380611,1971,5
DMF,2022,2018,4,111.80490785630452,0.49842538414259324,1.0582687169226213,1.055181899380611,1971,5
DMF,2023,2018,5,114.08462817815347,0.508588359086552,0.49158609242439266,1.055181899380611,1971,5
LPF,2019,2018,1,154.47409489237793,2.75369105553965,4.604601765476088,3.606002657964865,1971,5
LPF,2020,2018,2,147.8089990877493,2.6348775113379013,3.391696528557638,3.606002657964865,1971,5
LPF,2021,2018,3,142.967197607323,2.54856643478725,4.970937032567688,3.606002657964865,1971,5
LPF,2022,2018,4,138.438415904809,2.467835321422301,3.0040670153152296,3.606002657964865,1971,5
LPF,2023,2018,5,132.26502159681658,2.357786962180697,2.971088139469183,3.606002657964865,1971,5
MPF,2019,2018,1,118.67411763527194,0.06873162546698883,0.11601638667606916,0.1108619298161498,1971,5
MPF,2020,2018,2,122.80670185932227,0.07112506421132538,0.05797671431916668,0.1108619298161498,1971,5
MPF,2021,2018,3,128.53501518937514,0.0744426897745403,0.05882532751091702,0.1108619298161498,1971,5
MPF,2022,2018,4,133.988710504312,0.07760126681953114,0.11967652359302516,0.1108619298161498,1971,5
MPF,2023,2018,5,135.86477581921972,0.07868781392133593,0.06544736842105262,0.1108619298161498,1971,5
NTU,2019,2018,1,112.50177474462825,0.2404189792243866,0.347744517636968,0.515669359008297,1971,5
NTU,2020,2018,2,112.70965212207884,0.2408632181442077,0.3415946700420802,0.515669359008297,1971,5
NTU,2021,2018,3,113.36377218137416,0.24226108833161544,0.4298561958845015,0.515669359008297,1971,5
NTU,2022,2018,4,114.003310384615,0.2436277967444132,0.262905487759869,0.515669359008297,1971,5
NTU,2023,2018,5,113.68609700480737,0.24294990417656007,0.31066452314777493,0.515669359008297,1971,5
SAR,2019,2018,1,151.64078055128084,1.160399320760093,1.2096015716470407,0.9698245108921388,1971,5
SAR,2020,2018,2,169.98867837691284,1.3008027669626065,1.285029171299113,0.9698245108921388,1971,5
SAR,2021,2018,3,178.18404058044584,1.3635160601795762,1.7757065090593287,0.9698245108921388,1971,5
SAR,2022,2018,4,180.18649422014718,1.3788394173590601,0.9396314451618436,0.9698245108921388,1971,5
SAR,2023,2018,5,179.94804676630275,1.3770147481475714,0.7877984966191535,0.9698245108921388,1971,5
SCP,2019,2018,1,87.40436168717606,1.3763330005404826,1.9560199988394813,1.2441045134099813,1971,5
SCP,2020,2018,2,89.71094751761727,1.4126541879015602,0.951875864518764,1.2441045134099813,1971,5
SCP,2021,2018,3,93.7157230111546,1.475716311634453,1.439682798305725,1.2441045134099813,1971,5
SCP,2022,2018,4,97.98762454178002,1.542984797304566,1.3023615838579825,1.2441045134099813,1971,5
SCP,2023,2018,5,101.05018674383109,1.5912101414810598,1.2720672101834425,1.2441045134099813,1971,5
ANC,2023,2022,1,822.578758075996,12.622148598127243,11.620189588654467,9.670712896110878,1972,1
CMA,2023,2022,1,63.883222346065345,0.004573342186791068,NA,0.00293172690763052,1972,1
DMF,2023,2022,1,185.28817864256965,0.6172229302813861,0.49158609242439266,1.0582687169226213,1972,1
LPF,2023,2022,1,245.84141178056197,2.7837530665903465,2.971088139469183,3.0040670153152296,1972,1
MPF,2023,2022,1,118.33096054011682,0.07713281414420003,0.06544736842105262,0.11967652359302516,1972,1
NTU,2023,2022,1,28.678312281513055,0.3354162324089888,0.31066452314777493,0.262905487759869,1972,1
SAR,2023,2022,1,165.01029393633408,1.4807144836761583,0.7877984966191535,0.9396314451618436,1972,1
SCP,2023,2022,1,89.85053120827799,1.388682758629554,1.2720672101834425,1.3023615838579825,1972,1
ANC,2022,2021,1,821.3774629619215,12.04445701428971,9.670712896110878,10.34666461209007,1972,2
ANC,2023,2021,2,886.4952975559117,12.999327332745603,11.620189588654467,10.34666461209007,1972,2
CMA,2022,2021,1,66.73542542336776,0.0049164632112403146,NA,0.00293172690763052,1972,2
CMA,2023,2021,2,61.249506839244546,0.004512310293541866,NA,0.00293172690763052,1972,2
DMF,2022,2021,1,163.8266410339449,0.5278503925498571,1.0582687169226213,0.3833456358538275,1972,2
DMF,2023,2021,2,163.031054560214,0.5252870082930853,0.49158609242439266,0.3833456358538275,1972,2
LPF,2022,2021,1,256.6466719167886,2.954657839595843,3.0040670153152296,4.970937032567688,1972,2
LPF,2023,2021,2,241.52615180854647,2.7805820842278983,2.971088139469183,4.970937032567688,1972,2
MPF,2022,2021,1,113.86916358825667,0.06926795584832914,0.11967652359302516,0.05882532751091702,1972,2
MPF,2023,2021,2,113.60352703973842,0.06910636600139745,0.06544736842105262,0.05882532751091702,1972,2
NTU,2022,2021,1,30.163834757328335,0.36143389122331954,0.262905487759869,0.4298561958845015,1972,2
NTU,2023,2021,2,30.8142737858844,0.3692276850491334,0.31066452314777493,0.4298561958845015,1972,2
SAR,2022,2021,1,182.28358728337219,1.6835251526568642,0.9396314451618436,1.7757065090593287,1972,2
SAR,2023,2021,2,205.4437001291064,1.8974261027931554,0.7877984966191535,1.7757065090593287,1972,2
SCP,2022,2021,1,92.94504164837755,1.4097164616490085,1.3023615838579825,1.439682798305725,1972,2
SCP,2023,2021,2,93.97433892317976,1.4253280239925763,1.2720672101834425,1.439682798305725,1972,2
ANC,2021,2020,1,755.3495964434712,10.567469010045196,10.34666461209007,5.958320968763964,1972,3
ANC,2022,2020,2,830.7614551470615,11.622493708002702,9.670712896110878,5.958320968763964,1972,3
ANC,2023,2020,3,882.8298255084537,12.350939043498087,11.620189588654467,5.958320968763964,1972,3
CMA,2021,2020,1,61.10167953434853,0.0046938100100535115,NA,0.00293172690763052,1972,3
CMA,2022,2020,2,56.64210291811409,0.004351226867963047,NA,0.00293172690763052,1972,3
CMA,2023,2020,3,51.55149041810324,0.003960167766282836,NA,0.00293172690763052,1972,3
DMF,2021,2020,1,174.85911728262647,0.6199399198767865,0.3833456358538275,2.9020302341101365,1972,3
DMF,2022,2020,2,181.33748406727443,0.6429081142027117,1.0582687169226213,2.9020302341101365,1972,3
DMF,2023,2020,3,185.51938642944265,0.6577344970395,0.49158609242439266,2.9020302341101365,1972,3
LPF,2021,2020,1,213.3337376558901,2.807219066834689,4.970937032567688,3.391696528557638,1972,3
LPF,2022,2020,2,201.20863890091056,2.647667142295048,3.0040670153152296,3.391696528557638,1972,3
LPF,2023,2020,3,186.97251715029643,2.460336657884906,2.971088139469183,3.391696528557638,1972,3
MPF,2021,2020,1,122.7111515651009,0.07127578746334622,0.05882532751091702,0.05797671431916668,1972,3
MPF,2022,2020,2,127.01056066436419,0.07377306473007035,0.11967652359302516,0.05797671431916668,1972,3
MPF,2023,2020,3,127.84828507413992,0.07425965022961524,0.06544736842105262,0.05797671431916668,1972,3
NTU,2021,2020,1,129.91641010915197,0.27264733224545235,0.4298561958845015,0.3415946700420802,1972,3
NTU,2022,2020,2,131.59467472528965,0.2761693997810888,0.262905487759869,0.3415946700420802,1972,3
NTU,2023,2020,3,132.28867641953667,0.2776258571320216,0.31066452314777493,0.3415946700420802,1972,3
SAR,2021,2020,1,164.6154367970479,1.366424080026689,1.7757065090593287,1.285029171299113,1972,3
SAR,2022,2020,2,181.51931687411357,1.5067381917078613,0.9396314451618436,1.285029171299113,1972,3
SAR,2023,2020,3,189.83695897803207,1.5757804800920934,0.7877984966191535,1.285029171299113,1972,3
SCP,2021,2020,1,92.48581826683589,1.3704465015971792,1.439682798305725,0.951875864518764,1972,3
SCP,2022,2020,2,95.20329436549954,1.410713816979985,1.3023615838579825,0.951875864518764,1972,3
SCP,2023,2020,3,96.60454139214134,1.431477368857682,1.2720672101834425,0.951875864518764,1972,3
ANC,2020,2019,1,721.6752259477847,12.340307474792835,5.958320968763964,11.169724519839384,1972,4
ANC,2021,2019,2,831.5452659560931,14.219033565451813,10.34666461209007,11.169724519839384,1972,4
ANC,2022,2019,3,928.2697104762074,15.872976146256315,9.670712896110878,11.169724519839384,1972,4
ANC,2023,2019,4,993.6795449265699,16.991453599784936,11.620189588654467,11.169724519839384,1972,4
CMA,2020,2019,1,61.42881967825552,0.004886205914053922,NA,0.00293172690763052,1972,4
CMA,2021,2019,2,57.40688803312885,0.004566291152655781,NA,0.00293172690763052,1972,4
CMA,2022,2019,3,53.626973566443276,0.004265627058530678,NA,0.00293172690763052,1972,4
CMA,2023,2019,4,49.25200040314043,0.003917630469041842,NA,0.00293172690763052,1972,4
DMF,2020,2019,1,117.87397438972629,0.4718288543262399,2.9020302341101365,0.5974387098186917,1972,4
DMF,2021,2019,2,118.54880151963673,0.474530069019495,0.3833456358538275,0.5974387098186917,1972,4
DMF,2022,2019,3,121.22597200201085,0.4852463131104782,1.0582687169226213,0.5974387098186917,1972,4
DMF,2023,2019,4,121.76012123733261,0.48738441885473544,0.49158609242439266,0.5974387098186917,1972,4
LPF,2020,2019,1,212.2775974320816,2.962837388206715,3.391696528557638,4.604601765476088,1972,4
LPF,2021,2019,2,205.30500546068734,2.8655183284685974,4.970937032567688,4.604601765476088,1972,4
LPF,2022,2019,3,198.79988698978667,2.7747239702628748,3.0040670153152296,4.604601765476088,1972,4
LPF,2023,2019,4,190.373822174557,2.6571182493954,2.971088139469183,4.604601765476088,1972,4
MPF,2020,2019,1,137.3450460687874,0.07847418666737065,0.05797671431916668,0.11601638667606916,1972,4
MPF,2021,2019,2,143.63005398937742,0.08206522179301519,0.05882532751091702,0.11601638667606916,1972,4
MPF,2022,2019,3,149.49534993035036,0.08541644807824109,0.11967652359302516,0.11601638667606916,1972,4
MPF,2023,2019,4,151.2536312009946,0.08642106889708862,0.06544736842105262,0.11601638667606916,1972,4
NTU,2020,2019,1,122.19665655425707,0.26276343592737395,0.3415946700420802,0.347744517636968,1972,4
NTU,2021,2019,2,123.5306905873927,0.26563205259885486,0.4298561958845015,0.347744517636968,1972,4
NTU,2022,2019,3,124.87177338147215,0.2685158264497289,0.262905487759869,0.347744517636968,1972,4
NTU,2023,2019,4,125.22595656226045,0.2692774380367881,0.31066452314777493,0.347744517636968,1972,4
SAR,2020,2019,1,159.9410240564494,1.2826863185425745,1.285029171299113,1.2096015716470407,1972,4
SAR,2021,2019,2,176.71938863377005,1.4172445334709274,1.7757065090593287,1.2096015716470407,1972,4
SAR,2022,2019,3,183.8559751161401,1.4744781412712695,0.9396314451618436,1.2096015716470407,1972,4
SAR,2023,2019,4,185.7033899559841,1.4892939382421837,0.7877984966191535,1.2096015716470407,1972,4
SCP,2020,2019,1,103.38390993260101,1.5307748778049497,0.951875864518764,1.9560199988394813,1972,4
SCP,2021,2019,2,108.26991458991408,1.6031204989671677,1.439682798305725,1.9560199988394813,1972,4
SCP,2022,2019,3,113.54719317352114,1.6812595970553545,1.3023615838579825,1.9560199988394813,1972,4
SCP,2023,2019,4,117.59130604103254,1.7411395762961284,1.2720672101834425,1.9560199988394813,1972,4
ANC,2019,2018,1,596.144588815402,9.963914203533653,11.169724519839384,17.190188776339156,1972,5
ANC,2020,2018,2,695.6234279476633,11.626595769008544,5.958320968763964,17.190188776339156,1972,5
ANC,2021,2018,3,797.2694205272068,13.325498968328203,10.34666461209007,17.190188776339156,1972,5
ANC,2022,2018,4,886.8081452396111,14.822042235962346,9.670712896110878,17.190188776339156,1972,5
ANC,2023,2018,5,946.7183059623761,15.823375993847694,11.620189588654467,17.190188776339156,1972,5
CMA,2019,2018,1,52.03173082621849,0.004484918895049358,NA,0.00293172690763052,1972,5
CMA,2020,2018,2,48.11151209757521,0.004147012337461633,NA,0.00293172690763052,1972,5
CMA,2021,2018,3,44.8231126128056,0.0038635659721471378,NA,0.00293172690763052,1972,5
CMA,2022,2018,4,41.72503392558906,0.0035965244683952434,NA,0.00293172690763052,1972,5
CMA,2023,2018,5,38.12805651234498,0.003286479968441857,NA,0.00293172690763052,1972,5
DMF,2019,2018,1,105.15732858575436,0.4587359652583292,0.5974387098186917,1.055181899380611,1972,5
DMF,2020,2018,2,105.63209539893437,0.46080707732674914,2.9020302341101365,1.055181899380611,1972,5
DMF,2021,2018,3,108.063808308921,0.47141512703661,0.3833456358538275,1.055181899380611,1972,5
DMF,2022,2018,4,112.30591996943375,0.48992081954031397,1.0582687169226213,1.055181899380611,1972,5
DMF,2023,2018,5,114.34220590924711,0.49880386752855277,0.49158609242439266,1.055181899380611,1972,5
LPF,2019,2018,1,167.14681922578274,2.788614561350376,4.604601765476088,3.606002657964865,1972,5
LPF,2020,2018,2,160.33208833671813,2.6749201585675175,3.391696528557638,3.606002657964865,1972,5
LPF,2021,2018,3,155.46523574090267,2.5937234233888242,4.970937032567688,3.606002657964865,1972,5
LPF,2022,2018,4,150.95659301960265,2.518502926805158,3.0040670153152296,3.606002657964865,1972,5
LPF,2023,2018,5,144.76626943120428,2.415225900188455,2.971088139469183,3.606002657964865,1972,5
MPF,2019,2018,1,127.20417575751395,0.06822316434528106,0.11601638667606916,0.1108619298161498,1972,5
MPF,2020,2018,2,131.02495229295437,0.0702723538781848,0.05797671431916668,0.1108619298161498,1972,5
MPF,2021,2018,3,136.53032427397432,0.07322503915920116,0.05882532751091702,0.1108619298161498,1972,5
MPF,2022,2018,4,141.7612996939467,0.07603055787458673,0.11967652359302516,0.1108619298161498,1972,5
MPF,2023,2018,5,143.34314894358016,0.07687894795835981,0.06544736842105262,0.1108619298161498,1972,5
NTU,2019,2018,1,108.66469681230569,0.2432195122924337,0.347744517636968,0.515669359008297,1972,5
NTU,2020,2018,2,109.04184984443324,0.2440636776858376,0.3415946700420802,0.515669359008297,1972,5
NTU,2021,2018,3,109.86098958142378,0.245897122890901,0.4298561958845015,0.515669359008297,1972,5
NTU,2022,2018,4,110.67989499408195,0.24773004361790013,0.262905487759869,0.515669359008297,1972,5
NTU,2023,2018,5,110.56132945213263,0.24746466347022059,0.31066452314777493,0.515669359008297,1972,5
SAR,2019,2018,1,151.59717757535302,1.1595186767234231,1.2096015716470407,0.9698245108921388,1972,5
SAR,2020,2018,2,169.26090486015656,1.2946229182064042,1.285029171299113,0.9698245108921388,1972,5
SAR,2021,2018,3,176.81553212560203,1.3524058634437184,1.7757065090593287,0.9698245108921388,1972,5
SAR,2022,2018,4,178.51762801632074,1.365424654468911,0.9396314451618436,0.9698245108921388,1972,5
SAR,2023,2018,5,178.22760578689645,1.363206366522783,0.7877984966191535,0.9698245108921388,1972,5
SCP,2019,2018,1,86.57691512103113,1.377530858731533,1.9560199988394813,1.2441045134099813,1972,5
SCP,2020,2018,2,88.92642168484592,1.41491400861534,0.951875864518764,1.2441045134099813,1972,5
SCP,2021,2018,3,92.97667379186525,1.479357830103572,1.439682798305725,1.2441045134099813,1972,5
SCP,2022,2018,4,97.29412548881017,1.5480530814336775,1.3023615838579825,1.2441045134099813,1972,5
SCP,2023,2018,5,100.39779732344591,1.5974358033937959,1.2720672101834425,1.2441045134099813,1972,5
ANC,2023,2022,1,853.8353499988306,12.864713984897834,11.620189588654467,9.670712896110878,1973,1
CMA,2023,2022,1,67.4781437348751,0.004414016764780913,NA,0.00293172690763052,1973,1
DMF,2023,2022,1,190.69628419031037,0.6054311037147351,0.49158609242439266,1.0582687169226213,1973,1
LPF,2023,2022,1,273.0845430819762,2.8400968247777287,2.971088139469183,3.0040670153152296,1973,1
MPF,2023,2022,1,118.78175755417502,0.07694908950323599,0.06544736842105262,0.11967652359302516,1973,1
NTU,2023,2022,1,28.720259770723107,0.34432421707209776,0.31066452314777493,0.262905487759869,1973,1
SAR,2023,2022,1,171.12024932459337,1.5589741452451773,0.7877984966191535,0.9396314451618436,1973,1
SCP,2023,2022,1,22.306663317925043,1.2416864792104851,1.2720672101834425,1.3023615838579825,1973,1
ANC,2022,2021,1,821.1142541985497,12.051729686034749,9.670712896110878,10.34666461209007,1973,2
ANC,2023,2021,2,885.987008295286,13.003885725666013,11.620189588654467,10.34666461209007,1973,2
CMA,2022,2021,1,70.57889671163323,0.004944681034508854,NA,0.00293172690763052,1973,2
CMA,2023,2021,2,64.882317330322,0.004545584855045609,NA,0.00293172690763052,1973,2
DMF,2022,2021,1,171.3143834520439,0.5100464147332899,1.0582687169226213,0.3833456358538275,1973,2
DMF,2023,2021,2,170.1394659107217,0.5065483869116716,0.49158609242439266,0.3833456358538275,1973,2
LPF,2022,2021,1,280.36036556829373,3.0059734795514306,3.0040670153152296,4.970937032567688,1973,2
LPF,2023,2021,2,265.07553871333124,2.8420923115681456,2.971088139469183,4.970937032567688,1973,2
MPF,2022,2021,1,116.4534282857464,0.06846137090345632,0.11967652359302516,0.05882532751091702,1973,2
MPF,2023,2021,2,115.94283393689423,0.06816119949920875,0.06544736842105262,0.05882532751091702,1973,2
NTU,2022,2021,1,30.857263811192347,0.3986928289621018,0.262905487759869,0.4298561958845015,1973,2
NTU,2023,2021,2,32.42015350165863,0.41888622380943413,0.31066452314777493,0.4298561958845015,1973,2
SAR,2022,2021,1,190.88873347287597,1.7781265751100308,0.9396314451618436,1.7757065090593287,1973,2
SAR,2023,2021,2,217.25408569701298,2.0237195579904785,0.7877984966191535,1.7757065090593287,1973,2
SCP,2022,2021,1,93.97142780278152,1.4084106139343564,1.3023615838579825,1.439682798305725,1973,2
SCP,2023,2021,2,94.95543977206495,1.4231586382453822,1.2720672101834425,1.439682798305725,1973,2
ANC,2021,2020,1,755.2043438039743,10.549046816108364,10.34666461209007,5.958320968763964,1973,3
ANC,2022,2020,2,829.4636037672229,11.586334824723428,9.670712896110878,5.958320968763964,1973,3
ANC,2023,2020,3,880.2573526362022,12.295845620285796,11.620189588654467,5.958320968763964,1973,3
CMA,2021,2020,1,65.20969126060407,0.004801671837798483,NA,0.00293172690763052,1973,3
CMA,2022,2020,2,60.62257299370724,0.004463902463752753,NA,0.00293172690763052,1973,3
CMA,2023,2020,3,55.395596455011294,0.004079017555428511,NA,0.00293172690763052,1973,3
DMF,2021,2020,1,175.93996127986443,0.6191104926611509,0.3833456358538275,2.9020302341101365,1973,3
DMF,2022,2020,2,181.8942967366495,0.6400630467671286,1.0582687169226213,2.9020302341101365,1973,3
DMF,2023,2020,3,185.58969125042486,0.653066673125563,0.49158609242439266,2.9020302341101365,1973,3
LPF,2021,2020,1,233.86873900463618,2.866801788105328,4.970937032567688,3.391696528557638,1973,3
LPF,2022,2020,2,221.56184199434705,2.715941803546102,3.0040670153152296,3.391696528557638,1973,3
LPF,2023,2020,3,207.13719414906873,2.5391220780383943,2.971088139469183,3.391696528557638,1973,3
MPF,2021,2020,1,114.15555237281333,0.07159517353109655,0.05882532751091702,0.05797671431916668,1973,3
MPF,2022,2020,2,118.62076438606064,0.0743956297708205,0.11967652359302516,0.05797671431916668,1973,3
MPF,2023,2020,3,119.80298041964193,0.0751370826420665,0.06544736842105262,0.05797671431916668,1973,3
NTU,2021,2020,1,129.0588177949517,0.2769608291368445,0.4298561958845015,0.3415946700420802,1973,3
NTU,2022,2020,2,130.99589886862455,0.28111781421881005,0.262905487759869,0.3415946700420802,1973,3
NTU,2023,2020,3,131.96759280467197,0.2832030739693101,0.31066452314777493,0.3415946700420802,1973,3
SAR,2021,2020,1,174.2830254057903,1.5355296344142515,1.7757065090593287,1.285029171299113,1973,3
SAR,2022,2020,2,200.34327581747274,1.7651348222644339,0.9396314451618436,1.285029171299113,1973,3
SAR,2023,2020,3,218.24821592457766,1.9228872257062348,0.7877984966191535,1.285029171299113,1973,3
SCP,2021,2020,1,91.35173063295133,1.3849635249349421,1.439682798305725,0.951875864518764,1973,3
SCP,2022,2020,2,94.18180940668825,1.4278697276654289,1.3023615838579825,0.951875864518764,1973,3
SCP,2023,2020,3,95.69598100583784,1.4508257507290814,1.2720672101834425,0.951875864518764,1973,3
ANC,2020,2019,1,723.2718188776636,12.271740307336392,5.958320968763964,11.169724519839384,1973,4
ANC,2021,2019,2,831.4793898594572,14.107696272601016,10.34666461209007,11.169724519839384,1973,4
ANC,2022,2019,3,926.2261655617125,15.715263159666737,9.670712896110878,11.169724519839384,1973,4
ANC,2023,2019,4,989.7785134114114,16.793554734669918,11.620189588654467,11.169724519839384,1973,4
CMA,2020,2019,1,65.4185377801262,0.005013826038434025,NA,0.00293172690763052,1973,4
CMA,2021,2019,2,61.300338514457614,0.004698197847858024,NA,0.00293172690763052,1973,4
CMA,2022,2019,3,57.4309226631064,0.004401636985946984,NA,0.00293172690763052,1973,4
CMA,2023,2019,4,52.9531425992101,0.004058449702333249,NA,0.00293172690763052,1973,4
DMF,2020,2019,1,120.78385351860109,0.46765564015874095,2.9020302341101365,0.5974387098186917,1973,4
DMF,2021,2019,2,121.02438357058354,0.4685869338057014,0.3833456358538275,0.5974387098186917,1973,4
DMF,2022,2019,3,123.2928886061289,0.47737022017798053,1.0582687169226213,0.5974387098186917,1973,4
DMF,2023,2019,4,123.45541023563325,0.47799947776888685,0.49158609242439266,0.5974387098186917,1973,4
LPF,2020,2019,1,233.00607464722597,3.0220327126178046,3.391696528557638,4.604601765476088,1973,4
LPF,2021,2019,2,225.89088636373182,2.9297504329317103,4.970937032567688,4.604601765476088,1973,4
LPF,2022,2019,3,219.29969968862977,2.844264327999527,3.0040670153152296,4.604601765476088,1973,4
LPF,2023,2019,4,210.765581425514,2.7335788679593462,2.971088139469183,4.604601765476088,1973,4
MPF,2020,2019,1,127.56347718629713,0.07897703487149135,0.05797671431916668,0.11601638667606916,1973,4
MPF,2021,2019,2,133.96035950839487,0.08293746938899295,0.05882532751091702,0.11601638667606916,1973,4
MPF,2022,2019,3,139.9637017163819,0.08665425555195762,0.11967652359302516,0.11601638667606916,1973,4
MPF,2023,2019,4,142.00342784823195,0.08791708975338151,0.06544736842105262,0.11601638667606916,1973,4
NTU,2020,2019,1,122.57241183827645,0.26567372845872284,0.3415946700420802,0.347744517636968,1973,4
NTU,2021,2019,2,124.06664172803997,0.2689124476781155,0.4298561958845015,0.347744517636968,1973,4
NTU,2022,2019,3,125.58857268672499,0.27221120851823094,0.262905487759869,0.347744517636968,1973,4
NTU,2023,2019,4,126.13558192476175,0.27339684223132404,0.31066452314777493,0.347744517636968,1973,4
SAR,2020,2019,1,168.7243690191646,1.4513247311938888,1.285029171299113,1.2096015716470407,1973,4
SAR,2021,2019,2,194.2590198156101,1.6709673970323469,1.7757065090593287,1.2096015716470407,1973,4
SAR,2022,2019,3,211.09733498465317,1.8158063635582413,0.9396314451618436,1.2096015716470407,1973,4
SAR,2023,2019,4,220.03257033994853,1.8926650184494338,0.7877984966191535,1.2096015716470407,1973,4
SCP,2020,2019,1,76.6061368817144,1.492257999799298,0.951875864518764,1.9560199988394813,1973,4
SCP,2021,2019,2,80.7355453910789,1.5726972848666716,1.439682798305725,1.9560199988394813,1973,4
SCP,2022,2019,3,85.2773363980387,1.6611696219330514,1.3023615838579825,1.9560199988394813,1973,4
SCP,2023,2019,4,88.76322625121324,1.729073411780214,1.2720672101834425,1.9560199988394813,1973,4
ANC,2019,2018,1,599.0071306174688,9.880164251193973,11.169724519839384,17.190188776339156,1973,5
ANC,2020,2018,2,696.7529115022111,11.492406110496987,5.958320968763964,17.190188776339156,1973,5
ANC,2021,2018,3,796.0741550010304,13.130634020053941,10.34666461209007,17.190188776339156,1973,5
ANC,2022,2018,4,883.0382919890209,14.565040913539463,9.670712896110878,17.190188776339156,1973,5
ANC,2023,2018,5,940.7069930891626,15.516242009317862,11.620189588654467,17.190188776339156,1973,5
CMA,2019,2018,1,55.346062812215315,0.0046142536015063166,NA,0.00293172690763052,1973,5
CMA,2020,2018,2,51.33573041248303,0.004279908396473629,NA,0.00293172690763052,1973,5
CMA,2021,2018,3,47.9733487227705,0.003999583454950044,NA,0.00293172690763052,1973,5
CMA,2022,2018,4,44.80683888668953,0.003735588535114174,NA,0.00293172690763052,1973,5
CMA,2023,2018,5,41.125112371675385,0.0034286395134772484,NA,0.00293172690763052,1973,5
DMF,2019,2018,1,107.96722947789625,0.45271378662980893,0.5974387098186917,1.055181899380611,1973,5
DMF,2020,2018,2,107.967160543874,0.45271349758486085,2.9020302341101365,1.055181899380611,1973,5
DMF,2021,2018,3,109.96898263259001,0.46110727097632637,0.3833456358538275,1.055181899380611,1973,5
DMF,2022,2018,4,113.78182118343928,0.47709475705437254,1.0582687169226213,1.055181899380611,1973,5
DMF,2023,2018,5,115.4148465218625,0.48394214110039324,0.49158609242439266,1.055181899380611,1973,5
LPF,2019,2018,1,182.21105508495356,2.8352403191153615,4.604601765476088,3.606002657964865,1973,5
LPF,2020,2018,2,175.11927026583945,2.7248907344303492,3.391696528557638,3.606002657964865,1973,5
LPF,2021,2018,3,170.09378517753635,2.646693185226615,4.970937032567688,3.606002657964865,1973,5
LPF,2022,2018,4,165.4823975143606,2.5749390744586855,3.0040670153152296,3.606002657964865,1973,5
LPF,2023,2018,5,159.16290006985656,2.4766064351857797,2.971088139469183,3.606002657964865,1973,5
MPF,2019,2018,1,119.5703384113512,0.06842477460196106,0.11601638667606916,0.1108619298161498,1973,5
MPF,2020,2018,2,123.82635742977301,0.07086030456621786,0.05797671431916668,0.1108619298161498,1973,5
MPF,2021,2018,3,129.70298107718406,0.07422323431817114,0.05882532751091702,0.1108619298161498,1973,5
MPF,2022,2018,4,135.31369569281242,0.07743399618462625,0.11967652359302516,0.1108619298161498,1973,5
MPF,2023,2018,5,137.29973781561537,0.07857051955997443,0.06544736842105262,0.1108619298161498,1973,5
NTU,2019,2018,1,109.54305080261287,0.24525303049230984,0.347744517636968,0.515669359008297,1973,5
NTU,2020,2018,2,109.96275533136108,0.24619269582783462,0.3415946700420802,0.515669359008297,1973,5
NTU,2021,2018,3,110.86246524907935,0.24820703249517828,0.4298561958845015,0.515669359008297,1973,5
NTU,2022,2018,4,111.7790917813017,0.25025924332197247,0.262905487759869,0.515669359008297,1973,5
NTU,2023,2018,5,111.76606281412599,0.2502300731129942,0.31066452314777493,0.515669359008297,1973,5
SAR,2019,2018,1,161.04439278860474,1.334942420992289,1.2096015716470407,0.9698245108921388,1973,5
SAR,2020,2018,2,187.28990949105386,1.5524989158213354,1.285029171299113,0.9698245108921388,1973,5
SAR,2021,2018,3,204.56309138299127,1.6956811952772315,1.7757065090593287,0.9698245108921388,1973,5
SAR,2022,2018,4,213.90504142307174,1.7731192555992947,0.9396314451618436,0.9698245108921388,1973,5
SAR,2023,2018,5,217.49129767952996,1.802846745804926,0.7877984966191535,0.9698245108921388,1973,5
SCP,2019,2018,1,87.5928001405837,1.380568878080836,1.9560199988394813,1.2441045134099813,1973,5
SCP,2020,2018,2,89.93677307469143,1.4175127373786236,0.951875864518764,1.2441045134099813,1973,5
SCP,2021,2018,3,93.98275335963018,1.481282298960741,1.439682798305725,1.2441045134099813,1973,5
SCP,2022,2018,4,98.30361553934281,1.5493843329431431,1.3023615838579825,1.2441045134099813,1973,5
SCP,2023,2018,5,101.41502944499027,1.5984239937151545,1.2720672101834425,1.2441045134099813,1973,5
ANC,2023,2022,1,822.2053094256748,12.642851977775713,11.620189588654467,9.670712896110878,1974,1
CMA,2023,2022,1,69.23432245173706,0.004560806251436023,NA,0.00293172690763052,1974,1
DMF,2023,2022,1,190.34981365576897,0.6094154511132387,0.49158609242439266,1.0582687169226213,1974,1
LPF,2023,2022,1,276.1197151475531,2.872302418418502,2.971088139469183,3.0040670153152296,1974,1
MPF,2023,2022,1,115.25363928233362,0.07663234373033553,0.06544736842105262,0.11967652359302516,1974,1
NTU,2023,2022,1,28.075579974925823,0.36111178436151825,0.31066452314777493,0.262905487759869,1974,1
SAR,2023,2022,1,167.9908579251144,1.5644540997474015,0.7877984966191535,0.9396314451618436,1974,1
SCP,2023,2022,1,90.08943543689969,1.395913373358455,1.2720672101834425,1.3023615838579825,1974,1
ANC,2022,2021,1,819.4428284695687,12.052073065228964,9.670712896110878,10.34666461209007,1974,2
ANC,2023,2021,2,883.6445326176274,12.996328847843763,11.620189588654467,10.34666461209007,1974,2
CMA,2022,2021,1,72.70027412328984,0.004918043242544191,NA,0.00293172690763052,1974,2
CMA,2023,2021,2,66.81246398558561,0.004519743439547394,NA,0.00293172690763052,1974,2
DMF,2022,2021,1,172.4728610814012,0.510115177699565,1.0582687169226213,0.3833456358538275,1974,2
DMF,2023,2021,2,171.57693929026192,0.5074653503538227,0.49158609242439266,0.3833456358538275,1974,2
LPF,2022,2021,1,292.1326613567213,3.0416655285918415,3.0040670153152296,4.970937032567688,1974,2
LPF,2023,2021,2,276.869646760573,2.8827480520457693,2.971088139469183,4.970937032567688,1974,2
MPF,2022,2021,1,116.89324866784477,0.0676139973927908,0.11967652359302516,0.05882532751091702,1974,2
MPF,2023,2021,2,116.11720896010739,0.06716511649185222,0.06544736842105262,0.05882532751091702,1974,2
NTU,2022,2021,1,31.40145581278356,0.42309306203584307,0.262905487759869,0.4298561958845015,1974,2
NTU,2023,2021,2,33.75397218872506,0.45479010700473754,0.31066452314777493,0.4298561958845015,1974,2
SAR,2022,2021,1,192.0951986536635,1.799571355300338,0.9396314451618436,1.7757065090593287,1974,2
SAR,2023,2021,2,219.06831300875552,2.0522587951575875,0.7877984966191535,1.7757065090593287,1974,2
SCP,2022,2021,1,94.81086252460797,1.4078112623050214,1.3023615838579825,1.439682798305725,1974,2
SCP,2023,2021,2,95.77204407875634,1.4220834899909442,1.2720672101834425,1.439682798305725,1974,2
ANC,2021,2020,1,755.9459397308367,10.52207606400462,10.34666461209007,5.958320968763964,1974,3
ANC,2022,2020,2,829.3563490062111,11.543881817151773,9.670712896110878,5.958320968763964,1974,3
ANC,2023,2020,3,879.2525483943888,12.23839127566422,11.620189588654467,5.958320968763964,1974,3
CMA,2021,2020,1,67.29253633697599,0.004823242130046005,NA,0.00293172690763052,1974,3
CMA,2022,2020,2,62.58839741715842,0.004486069506472507,NA,0.00293172690763052,1974,3
CMA,2023,2020,3,57.2433517543161,0.004102959419806404,NA,0.00293172690763052,1974,3
DMF,2021,2020,1,178.2419482409568,0.6236936118797664,0.3833456358538275,2.9020302341101365,1974,3
DMF,2022,2020,2,184.27235746895596,0.6447948607700634,1.0582687169226213,2.9020302341101365,1974,3
DMF,2023,2020,3,188.03493726641497,0.6579606559547675,0.49158609242439266,2.9020302341101365,1974,3
LPF,2021,2020,1,242.28002577400184,2.9023913779052926,4.970937032567688,3.391696528557638,1974,3
LPF,2022,2020,2,229.97186419839792,2.7549458676087877,3.0040670153152296,3.391696528557638,1974,3
LPF,2023,2020,3,215.53369132725797,2.581983906258363,2.971088139469183,3.391696528557638,1974,3
MPF,2021,2020,1,113.65798466485717,0.07086935091608615,0.05882532751091702,0.05797671431916668,1974,3
MPF,2022,2020,2,117.90405251114267,0.07351690861385131,0.11967652359302516,0.05797671431916668,1974,3
MPF,2023,2020,3,118.92516064537405,0.0741536018554348,0.06544736842105262,0.05797671431916668,1974,3
NTU,2021,2020,1,133.46906157636332,0.2807636595493589,0.4298561958845015,0.3415946700420802,1974,3
NTU,2022,2020,2,135.70962956348737,0.28547688717008485,0.262905487759869,0.3415946700420802,1974,3
NTU,2023,2020,3,136.97581416924692,0.2881404154767907,0.31066452314777493,0.3415946700420802,1974,3
SAR,2021,2020,1,176.89531949234495,1.573905547466986,1.7757065090593287,1.285029171299113,1974,3
SAR,2022,2020,2,205.3324182352067,1.8269213287420434,0.9396314451618436,1.285029171299113,1974,3
SAR,2023,2020,3,226.72120159737847,2.0172255430304746,0.7877984966191535,1.285029171299113,1974,3
SCP,2021,2020,1,91.26098975579009,1.3882520457706775,1.439682798305725,0.951875864518764,1974,3
SCP,2022,2020,2,94.12056983713602,1.4317516605414202,1.3023615838579825,0.951875864518764,1974,3
SCP,2023,2020,3,95.6704346232121,1.4553280316250083,1.2720672101834425,0.951875864518764,1974,3
ANC,2020,2019,1,720.4916599147713,12.25104961199314,5.958320968763964,11.169724519839384,1974,4
ANC,2021,2019,2,827.7168367997633,14.074278158216936,10.34666461209007,11.169724519839384,1974,4
ANC,2022,2019,3,921.3131665359855,15.665765392412773,9.670712896110878,11.169724519839384,1974,4
ANC,2023,2019,4,983.7203312930988,16.726920314974492,11.620189588654467,11.169724519839384,1974,4
CMA,2020,2019,1,67.1443363796768,0.005022452813690822,NA,0.00293172690763052,1974,4
CMA,2021,2019,2,62.91581722273377,0.004706156025567941,NA,0.00293172690763052,1974,4
CMA,2022,2019,3,58.94462432702552,0.004409107458135888,NA,0.00293172690763052,1974,4
CMA,2023,2019,4,54.36499206654563,0.0040665471146654536,NA,0.00293172690763052,1974,4
DMF,2020,2019,1,122.47530168676819,0.4676569488950873,2.9020302341101365,0.5974387098186917,1974,4
DMF,2021,2019,2,122.7014208089247,0.468520357086765,0.3833456358538275,0.5974387098186917,1974,4
DMF,2022,2019,3,124.98464983802045,0.4772385876742383,1.0582687169226213,0.5974387098186917,1974,4
DMF,2023,2019,4,125.16032236541638,0.477909371718329,0.49158609242439266,0.5974387098186917,1974,4
LPF,2020,2019,1,241.7686923258286,3.059269952441276,3.391696528557638,4.604601765476088,1974,4
LPF,2021,2019,2,234.6454193861791,2.9691341509126854,4.970937032567688,4.604601765476088,1974,4
LPF,2022,2019,3,228.07228567025572,2.885959649379615,3.0040670153152296,4.604601765476088,1974,4
LPF,2023,2019,4,219.54482648035062,2.7780556878725244,2.971088139469183,4.604601765476088,1974,4
MPF,2020,2019,1,127.68558168458044,0.07819867242059633,0.05797671431916668,0.11601638667606916,1974,4
MPF,2021,2019,2,133.788086485773,0.08193603859458151,0.05882532751091702,0.11601638667606916,1974,4
MPF,2022,2019,3,139.521655793018,0.08544745705031294,0.11967652359302516,0.11601638667606916,1974,4
MPF,2023,2019,4,141.36938322924033,0.08657906353713327,0.06544736842105262,0.11601638667606916,1974,4
NTU,2020,2019,1,126.39074460212825,0.2694720785765597,0.3415946700420802,0.347744517636968,1974,4
NTU,2021,2019,2,128.165302403864,0.2732555342472523,0.4298561958845015,0.347744517636968,1974,4
NTU,2022,2019,3,129.98135823580685,0.27712746602030464,0.262905487759869,0.347744517636968,1974,4
NTU,2023,2019,4,130.81529541156928,0.2789054663387804,0.31066452314777493,0.347744517636968,1974,4
SAR,2020,2019,1,170.308850884283,1.479070299611489,1.285029171299113,1.2096015716470407,1974,4
SAR,2021,2019,2,196.7333913749841,1.7085578031542898,1.7757065090593287,1.2096015716470407,1974,4
SAR,2022,2019,3,216.25989820826342,1.8781383984216937,0.9396314451618436,1.2096015716470407,1974,4
SAR,2023,2019,4,228.52344495865228,1.984642832408636,0.7877984966191535,1.2096015716470407,1974,4
SCP,2020,2019,1,104.38099904729403,1.5387779180849182,0.951875864518764,1.9560199988394813,1974,4
SCP,2021,2019,2,109.26077306769447,1.6107152302046697,1.439682798305725,1.9560199988394813,1974,4
SCP,2022,2019,3,114.51787601312539,1.688215100864683,1.3023615838579825,1.9560199988394813,1974,4
SCP,2023,2019,4,118.55567440960974,1.7477400629449331,1.2720672101834425,1.9560199988394813,1974,4
ANC,2019,2018,1,601.7429520507897,9.810101647749391,11.169724519839384,17.190188776339156,1974,5
ANC,2020,2018,2,698.2038831779361,11.382685981589647,5.958320968763964,17.190188776339156,1974,5
ANC,2021,2018,3,795.8493109080608,12.974580939737224,10.34666461209007,17.190188776339156,1974,5
ANC,2022,2018,4,881.0242700053975,14.36317220406373,9.670712896110878,17.190188776339156,1974,5
ANC,2023,2018,5,937.215488209804,15.279247017100454,11.620189588654467,17.190188776339156,1974,5
CMA,2019,2018,1,56.872326697702356,0.004637464956785491,NA,0.00293172690763052,1974,5
CMA,2020,2018,2,52.761263606732314,0.00430224197354366,NA,0.00293172690763052,1974,5
CMA,2021,2018,3,49.31472406773487,0.004021205355871361,NA,0.00293172690763052,1974,5
CMA,2022,2018,4,46.07086284021679,0.003756695467833001,NA,0.00293172690763052,1974,5
CMA,2023,2018,5,42.31087801328061,0.0034500999953874165,NA,0.00293172690763052,1974,5
DMF,2019,2018,1,110.4983238948434,0.452965700665151,0.5974387098186917,1.055181899380611,1974,5
DMF,2020,2018,2,110.38683726661048,0.45250868360921476,2.9020302341101365,1.055181899380611,1974,5
DMF,2021,2018,3,112.32007670287891,0.46043361065730454,0.3833456358538275,1.055181899380611,1974,5
DMF,2022,2018,4,116.08541184691059,0.4758688463390561,1.0582687169226213,1.055181899380611,1974,5
DMF,2023,2018,5,117.66700134984421,0.4823522550651717,0.49158609242439266,1.055181899380611,1974,5
LPF,2019,2018,1,189.5350366866201,2.8732576264265743,4.604601765476088,3.606002657964865,1974,5
LPF,2020,2018,2,182.33287438031377,2.764076399909749,3.391696528557638,3.606002657964865,1974,5
LPF,2021,2018,3,177.22567946457997,2.6866538452316826,4.970937032567688,3.606002657964865,1974,5
LPF,2022,2018,4,172.55807726613605,2.6158952992221725,3.0040670153152296,3.606002657964865,1974,5
LPF,2023,2018,5,166.17069918610633,2.5190657995046095,2.971088139469183,3.606002657964865,1974,5
MPF,2019,2018,1,117.68808434417913,0.06795067892266742,0.11601638667606916,0.1108619298161498,1974,5
MPF,2020,2018,2,121.82191226785376,0.07033746612825816,0.05797671431916668,0.1108619298161498,1974,5
MPF,2021,2018,3,127.55525297798788,0.07364777911295456,0.05882532751091702,0.1108619298161498,1974,5
MPF,2022,2018,4,133.04057819880634,0.07681489305608062,0.11967652359302516,0.1108619298161498,1974,5
MPF,2023,2018,5,134.95488827986503,0.0779201763173497,0.06544736842105262,0.1108619298161498,1974,5
NTU,2019,2018,1,112.75116742140035,0.2491547677941644,0.347744517636968,0.515669359008297,1974,5
NTU,2020,2018,2,113.38920991814028,0.25056469847385215,0.3415946700420802,0.515669359008297,1974,5
NTU,2021,2018,3,114.52936135621935,0.2530841771923568,0.4298561958845015,0.515669359008297,1974,5
NTU,2022,2018,4,115.69846714343961,0.25566763852232255,0.262905487759869,0.515669359008297,1974,5
NTU,2023,2018,5,115.92985926158467,0.25617896315677496,0.31066452314777493,0.515669359008297,1974,5
SAR,2019,2018,1,163.0923308362247,1.3817041770414644,1.2096015716470407,0.9698245108921388,1974,5
SAR,2020,2018,2,192.75612133992414,1.6330132547626153,1.285029171299113,0.9698245108921388,1974,5
SAR,2021,2018,3,215.77723601375618,1.8280461550951628,1.7757065090593287,0.9698245108921388,1974,5
SAR,2022,2018,4,230.09770891997704,1.94936796790072,0.9396314451618436,0.9698245108921388,1974,5
SAR,2023,2018,5,237.33813046362917,2.010708195482918,0.7877984966191535,0.9698245108921388,1974,5
SCP,2019,2018,1,87.74261843886255,1.383895166499938,1.9560199988394813,1.2441045134099813,1974,5
SCP,2020,2018,2,90.0889978764822,1.420902760076134,0.951875864518764,1.2441045134099813,1974,5
SCP,2021,2018,3,94.13329228487605,1.4846902282787016,1.439682798305725,1.2441045134099813,1974,5
SCP,2022,2018,4,98.45864486248477,1.5529106054689672,1.3023615838579825,1.2441045134099813,1974,5
SCP,2023,2018,5,101.5837489095543,1.6022004085600656,1.2720672101834425,1.2441045134099813,1974,5
ANC,2023,2022,1,821.8895098570773,12.66586725581851,11.620189588654467,9.670712896110878,1975,1
CMA,2023,2022,1,71.3164264382045,0.004469536731522535,NA,0.00293172690763052,1975,1
DMF,2023,2022,1,192.98323640943894,0.6251973324482706,0.49158609242439266,1.0582687169226213,1975,1
LPF,2023,2022,1,283.2261644888494,2.9297037889624344,2.971088139469183,3.0040670153152296,1975,1
MPF,2023,2022,1,117.6532951756064,0.07582777312022922,0.06544736842105262,0.11967652359302516,1975,1
NTU,2023,2022,1,27.65199884634457,0.36856753914025825,0.31066452314777493,0.262905487759869,1975,1
SAR,2023,2022,1,167.4160405265443,1.5653254610361793,0.7877984966191535,0.9396314451618436,1975,1
SCP,2023,2022,1,91.71600268919234,1.394256395170537,1.2720672101834425,1.3023615838579825,1975,1
ANC,2022,2021,1,821.6156393778847,12.078837356950029,9.670712896110878,10.34666461209007,1975,2
ANC,2023,2021,2,885.996900393623,13.025327106382349,11.620189588654467,10.34666461209007,1975,2
CMA,2022,2021,1,75.06060574266303,0.00482192684551227,NA,0.00293172690763052,1975,2
CMA,2023,2021,2,68.88178695929356,0.004424996766540759,NA,0.00293172690763052,1975,2
DMF,2022,2021,1,174.59611628449167,0.5180475880549759,1.0582687169226213,0.3833456358538275,1975,2
DMF,2023,2021,2,173.97391233111205,0.5162014344051353,0.49158609242439266,0.3833456358538275,1975,2
LPF,2022,2021,1,299.6269843429614,3.102259976219757,3.0040670153152296,4.970937032567688,1975,2
LPF,2023,2021,2,285.16733263782555,2.9525484979519137,2.971088139469183,4.970937032567688,1975,2
MPF,2022,2021,1,122.93437825762827,0.06643085143857047,0.11967652359302516,0.05882532751091702,1975,2
MPF,2023,2021,2,121.60549589509003,0.065712754612798,0.06544736842105262,0.05882532751091702,1975,2
NTU,2022,2021,1,31.366373928078715,0.42526550235918964,0.262905487759869,0.4298561958845015,1975,2
NTU,2023,2021,2,33.72969522811364,0.4573074279639798,0.31066452314777493,0.4298561958845015,1975,2
SAR,2022,2021,1,192.22840794879752,1.7934305747954522,0.9396314451618436,1.7757065090593287,1975,2
SAR,2023,2021,2,218.2318441375545,2.0360344542547315,0.7877984966191535,1.7757065090593287,1975,2
SCP,2022,2021,1,96.42994603732375,1.4040086993206693,1.3023615838579825,1.439682798305725,1975,2
SCP,2023,2021,2,97.36332905301884,1.4175986465070636,1.2720672101834425,1.439682798305725,1975,2
ANC,2021,2020,1,767.6178683502073,10.763871076002305,10.34666461209007,5.958320968763964,1975,3
ANC,2022,2020,2,850.6331622446268,11.927947575076587,9.670712896110878,5.958320968763964,1975,3
ANC,2023,2020,3,910.959829107814,12.77387429373921,11.620189588654467,5.958320968763964,1975,3
CMA,2021,2020,1,68.6769428315676,0.004627402163130767,NA,0.00293172690763052,1975,3
CMA,2022,2020,2,63.62793367371318,0.004287203619989103,NA,0.00293172690763052,1975,3
CMA,2023,2020,3,57.956701154376894,0.0039050801219767317,NA,0.00293172690763052,1975,3
DMF,2021,2020,1,184.88638875192663,0.5761095352143996,0.3833456358538275,2.9020302341101365,1975,3
DMF,2022,2020,2,189.2473420346669,0.589698349327602,1.0582687169226213,2.9020302341101365,1975,3
DMF,2023,2020,3,191.26263100944357,0.5959780284452417,0.49158609242439266,2.9020302341101365,1975,3
LPF,2021,2020,1,245.58611411818066,2.9541876654604207,4.970937032567688,3.391696528557638,1975,3
LPF,2022,2020,2,234.08680251237467,2.815860933799972,3.0040670153152296,3.391696528557638,1975,3
LPF,2023,2020,3,220.3514669017965,2.6506367753110966,2.971088139469183,3.391696528557638,1975,3
MPF,2021,2020,1,126.61685366649549,0.06922381930544826,0.05882532751091702,0.05797671431916668,1975,3
MPF,2022,2020,2,130.1749177176936,0.07116907995460404,0.11967652359302516,0.05797671431916668,1975,3
MPF,2023,2020,3,130.49506228006874,0.07134410901823764,0.06544736842105262,0.05797671431916668,1975,3
NTU,2021,2020,1,27.617137227929586,0.3765458274819992,0.4298561958845015,0.3415946700420802,1975,3
NTU,2022,2020,2,29.623952032365658,0.4039077417493223,0.262905487759869,0.3415946700420802,1975,3
NTU,2023,2020,3,31.13494699015227,0.42450940085704086,0.31066452314777493,0.3415946700420802,1975,3
SAR,2021,2020,1,175.44509844812038,1.5527490455747055,1.7757065090593287,1.285029171299113,1975,3
SAR,2022,2020,2,199.9867766082457,1.7699512796468335,0.9396314451618436,1.285029171299113,1975,3
SAR,2023,2020,3,218.0746853703093,1.9300354502230879,0.7877984966191535,1.285029171299113,1975,3
SCP,2021,2020,1,92.88982974884296,1.3812709430061196,1.439682798305725,0.951875864518764,1975,3
SCP,2022,2020,2,95.68441545589303,1.4228264076390662,1.3023615838579825,0.951875864518764,1975,3
SCP,2023,2020,3,97.16538721118187,1.4448484444812504,1.2720672101834425,0.951875864518764,1975,3
ANC,2020,2019,1,722.6783178935069,12.194417047354898,5.958320968763964,11.169724519839384,1975,4
ANC,2021,2019,2,828.5622372129543,13.981093966836088,10.34666461209007,11.169724519839384,1975,4
ANC,2022,2019,3,920.543021431614,15.53317047907259,9.670712896110878,11.169724519839384,1975,4
ANC,2023,2019,4,981.4351289684521,16.560659108261,11.620189588654467,11.169724519839384,1975,4
CMA,2020,2019,1,70.01919059629246,0.005019175463813086,NA,0.00293172690763052,1975,4
CMA,2021,2019,2,65.6100112065599,0.004703112898393088,NA,0.00293172690763052,1975,4
CMA,2022,2019,3,61.472954497926295,0.004406556863575447,NA,0.00293172690763052,1975,4
CMA,2023,2019,4,56.727103139009806,0.0040663606903160706,NA,0.00293172690763052,1975,4
DMF,2020,2019,1,126.59020211077583,0.4714411028543441,2.9020302341101365,0.5974387098186917,1975,4
DMF,2021,2019,2,126.82560847131953,0.4723177918269751,0.3833456358538275,0.5974387098186917,1975,4
DMF,2022,2019,3,129.18334939441823,0.48109837644171327,1.0582687169226213,0.5974387098186917,1975,4
DMF,2023,2019,4,129.43280954248382,0.48202740384953224,0.49158609242439266,0.5974387098186917,1975,4
LPF,2020,2019,1,248.641654792447,3.119433696632543,3.391696528557638,4.604601765476088,1975,4
LPF,2021,2019,2,242.26891775551002,3.0394819658198053,4.970937032567688,4.604601765476088,1975,4
LPF,2022,2019,3,236.42770575949328,2.9661986957870385,3.0040670153152296,4.604601765476088,1975,4
LPF,2023,2019,4,228.58748226734704,2.8678360245325116,2.971088139469183,4.604601765476088,1975,4
MPF,2020,2019,1,136.2220464675721,0.07713601210341854,0.05797671431916668,0.11601638667606916,1975,4
MPF,2021,2019,2,141.83874012623207,0.08031647636210756,0.05882532751091702,0.11601638667606916,1975,4
MPF,2022,2019,3,147.13975850091944,0.0833181888463468,0.11967652359302516,0.11601638667606916,1975,4
MPF,2023,2019,4,148.59194219048277,0.08414049082726154,0.06544736842105262,0.11601638667606916,1975,4
NTU,2020,2019,1,130.0194875923947,0.27195365813226086,0.3415946700420802,0.347744517636968,1975,4
NTU,2021,2019,2,132.00308755248133,0.27610263053174994,0.4298561958845015,0.347744517636968,1975,4
NTU,2022,2019,3,134.05092223692512,0.28038595870045124,0.262905487759869,0.347744517636968,1975,4
NTU,2023,2019,4,135.1197237401475,0.2826215041867541,0.31066452314777493,0.347744517636968,1975,4
SAR,2020,2019,1,170.65691262196168,1.4734640279712299,1.285029171299113,1.2096015716470407,1975,4
SAR,2021,2019,2,196.18425176280243,1.6938689056638923,1.7757065090593287,1.2096015716470407,1975,4
SAR,2022,2019,3,215.58546465370804,1.8613803697736813,0.9396314451618436,1.2096015716470407,1975,4
SAR,2023,2019,4,228.3554714254714,1.971637524471093,0.7877984966191535,1.2096015716470407,1975,4
SCP,2020,2019,1,104.58123068471409,1.5367774189996968,0.951875864518764,1.9560199988394813,1975,4
SCP,2021,2019,2,109.43893838575543,1.608159400777737,1.439682798305725,1.9560199988394813,1975,4
SCP,2022,2019,3,114.67023978994902,1.6850311856793958,1.3023615838579825,1.9560199988394813,1975,4
SCP,2023,2019,4,118.6855972390014,1.7440351830173029,1.2720672101834425,1.9560199988394813,1975,4
ANC,2019,2018,1,608.0666082693828,9.728975273104313,11.169724519839384,17.190188776339156,1975,5
ANC,2020,2018,2,703.2410623832135,11.25175238027026,5.958320968763964,17.190188776339156,1975,5
ANC,2021,2018,3,799.1248509993651,12.785878733948987,10.34666461209007,17.190188776339156,1975,5
ANC,2022,2018,4,882.4085643784682,14.118405758288796,9.670712896110878,17.190188776339156,1975,5
ANC,2023,2018,5,937.0941263071168,14.99336661383365,11.620189588654467,17.190188776339156,1975,5
CMA,2019,2018,1,59.17031522493503,0.004643952783324524,NA,0.00293172690763052,1975,5
CMA,2020,2018,2,54.89708241589323,0.00430857023006443,NA,0.00293172690763052,1975,5
CMA,2021,2018,3,51.31011671006884,0.004027049009331892,NA,0.00293172690763052,1975,5
CMA,2022,2018,4,47.93788574740483,0.003762381138195096,NA,0.00293172690763052,1975,5
CMA,2023,2018,5,44.04936871747662,0.0034571928116585147,NA,0.00293172690763052,1975,5
DMF,2019,2018,1,114.5652978984566,0.4567447686700256,0.5974387098186917,1.055181899380611,1975,5
DMF,2020,2018,2,114.37197821736736,0.4559740487867959,2.9020302341101365,1.055181899380611,1975,5
DMF,2021,2018,3,116.29976436362823,0.4636596765778538,0.3833456358538275,1.055181899380611,1975,5
DMF,2022,2018,4,120.12497032477427,0.47890986877294073,1.0582687169226213,1.055181899380611,1975,5
DMF,2023,2018,5,121.76836576011108,0.48546169800670735,0.49158609242439266,1.055181899380611,1975,5
LPF,2019,2018,1,194.85419752491828,2.9308317681319225,4.604601765476088,3.606002657964865,1975,5
LPF,2020,2018,2,188.24867250797658,2.831477056707925,3.391696528557638,3.606002657964865,1975,5
LPF,2021,2018,3,183.7571373665432,2.7639191901214972,4.970937032567688,3.606002657964865,1975,5
LPF,2022,2018,4,179.6977895082399,2.70286191851978,3.0040670153152296,3.606002657964865,1975,5
LPF,2023,2018,5,173.87633571510753,2.61530054221716,2.971088139469183,3.606002657964865,1975,5
MPF,2019,2018,1,125.57063870038908,0.06759331775052563,0.11601638667606916,0.1108619298161498,1975,5
MPF,2020,2018,2,129.1339225880273,0.06951139495826474,0.05797671431916668,0.1108619298161498,1975,5
MPF,2021,2018,3,134.40993030904306,0.07235141289583169,0.05882532751091702,0.1108619298161498,1975,5
MPF,2022,2018,4,139.48327213384152,0.0750823379717075,0.11967652359302516,0.1108619298161498,1975,5
MPF,2023,2018,5,141.01648163861213,0.07590764807848618,0.06544736842105262,0.1108619298161498,1975,5
NTU,2019,2018,1,115.74143241501856,0.2516932161718775,0.347744517636968,0.515669359008297,1975,5
NTU,2020,2018,2,116.50432089005203,0.25335220595500996,0.3415946700420802,0.515669359008297,1975,5
NTU,2021,2018,3,117.8043868983614,0.25617935080745835,0.4298561958845015,0.515669359008297,1975,5
NTU,2022,2018,4,119.15425567685642,0.25911479758032313,0.262905487759869,0.515669359008297,1975,5
NTU,2023,2018,5,119.57044819923904,0.2600198566617552,0.31066452314777493,0.515669359008297,1975,5
SAR,2019,2018,1,163.2917934799362,1.380494714502319,1.2096015716470407,0.9698245108921388,1975,5
SAR,2020,2018,2,192.11665636634422,1.6241846759689356,1.285029171299113,0.9698245108921388,1975,5
SAR,2021,2018,3,215.4070082435672,1.8210850037821398,1.7757065090593287,0.9698245108921388,1975,5
SAR,2022,2018,4,230.94753514944122,1.9524670824337298,0.9396314451618436,0.9698245108921388,1975,5
SAR,2023,2018,5,239.6727208471049,2.026231185834039,0.7877984966191535,0.9698245108921388,1975,5
SCP,2019,2018,1,88.21452410516227,1.3829290204759344,1.9560199988394813,1.2441045134099813,1975,5
SCP,2020,2018,2,90.53899617070495,1.4193695035974263,0.951875864518764,1.2441045134099813,1975,5
SCP,2021,2018,3,94.55329057539035,1.4823011385553566,1.439682798305725,1.2441045134099813,1975,5
SCP,2022,2018,4,98.84621736056563,1.5496008615229708,1.3023615838579825,1.2441045134099813,1975,5
SCP,2023,2018,5,101.94447228551802,1.5981718501669873,1.2720672101834425,1.2441045134099813,1975,5
ANC,2023,2022,1,846.688713673874,12.893815559031738,11.620189588654467,9.670712896110878,1976,1
CMA,2023,2022,1,73.54352962033859,0.004390922548551626,NA,0.00293172690763052,1976,1
DMF,2023,2022,1,197.17148056983385,0.6229354295016486,0.49158609242439266,1.0582687169226213,1976,1
LPF,2023,2022,1,288.6794574367083,2.98196924452917,2.971088139469183,3.0040670153152296,1976,1
MPF,2023,2022,1,118.56364774956589,0.07527933246896408,0.06544736842105262,0.11967652359302516,1976,1
NTU,2023,2022,1,28.096768276829348,0.3728774515754754,0.31066452314777493,0.262905487759869,1976,1
SAR,2023,2022,1,170.0979315903657,1.5904739219142499,0.7877984966191535,0.9396314451618436,1976,1
SCP,2023,2022,1,22.600936652263854,1.2613591955331218,1.2720672101834425,1.3023615838579825,1976,1
ANC,2022,2021,1,828.4533519764345,12.122971051308431,9.670712896110878,10.34666461209007,1976,2
ANC,2023,2021,2,894.6382530931273,13.091471737988254,11.620189588654467,10.34666461209007,1976,2
CMA,2022,2021,1,83.23278864517944,0.0056731767359083475,NA,0.00293172690763052,1976,2
CMA,2023,2021,2,77.80903144853757,0.005303491499476151,NA,0.00293172690763052,1976,2
DMF,2022,2021,1,177.55017862858608,0.5132505092179387,1.0582687169226213,0.3833456358538275,1976,2
DMF,2023,2021,2,176.58026184125663,0.5104467368486794,0.49158609242439266,0.3833456358538275,1976,2
LPF,2022,2021,1,284.82796839097745,3.250759828552184,3.0040670153152296,4.970937032567688,1976,2
LPF,2023,2021,2,272.2173452055625,3.1068339792202675,2.971088139469183,4.970937032567688,1976,2
MPF,2022,2021,1,121.63347133066121,0.07185456862433831,0.11967652359302516,0.05882532751091702,1976,2
MPF,2023,2021,2,121.18261581992206,0.07158822723095656,0.06544736842105262,0.05882532751091702,1976,2
NTU,2022,2021,1,29.45468232652359,0.4027700915460619,0.262905487759869,0.4298561958845015,1976,2
NTU,2023,2021,2,31.579782727703826,0.4318292025437448,0.31066452314777493,0.4298561958845015,1976,2
SAR,2022,2021,1,629.4964702419753,1.1153770421174993,0.9396314451618436,1.7757065090593287,1976,2
SAR,2023,2021,2,654.8473505917146,1.1602951493289628,0.7877984966191535,1.7757065090593287,1976,2
SCP,2022,2021,1,96.6844038554509,1.4318075193546174,1.3023615838579825,1.439682798305725,1976,2
SCP,2023,2021,2,97.76336535093888,1.447785951456691,1.2720672101834425,1.439682798305725,1976,2
ANC,2021,2020,1,757.6008944630364,10.508194068282137,10.34666461209007,5.958320968763964,1976,3
ANC,2022,2020,2,829.9111534491395,11.511163098687351,9.670712896110878,5.958320968763964,1976,3
ANC,2023,2020,3,878.5602412581055,12.185943262857888,11.620189588654467,5.958320968763964,1976,3
CMA,2021,2020,1,72.89289746472525,0.004961245074769592,NA,0.00293172690763052,1976,3
CMA,2022,2020,2,68.09665973060302,0.004634802970484285,NA,0.00293172690763052,1976,3
CMA,2023,2020,3,62.63053519899637,0.004262766951150108,NA,0.00293172690763052,1976,3
DMF,2021,2020,1,183.82877750825344,0.6381109375944177,0.3833456358538275,2.9020302341101365,1976,3
DMF,2022,2020,2,190.25254462334397,0.660409274733251,1.0582687169226213,2.9020302341101365,1976,3
DMF,2023,2020,3,194.40258375552978,0.6748149918227514,0.49158609242439266,2.9020302341101365,1976,3
LPF,2021,2020,1,246.63313268418622,2.995688300441689,4.970937032567688,3.391696528557638,1976,3
LPF,2022,2020,2,235.49380850785383,2.8603863531863043,3.0040670153152296,3.391696528557638,1976,3
LPF,2023,2020,3,222.17196709459208,2.6985748235361084,2.971088139469183,3.391696528557638,1976,3
MPF,2021,2020,1,119.15941046334957,0.06933475243397809,0.05882532751091702,0.05797671431916668,1976,3
MPF,2022,2020,2,122.96045454925333,0.07154644893081359,0.11967652359302516,0.05797671431916668,1976,3
MPF,2023,2020,3,123.48393633459408,0.07185104493249876,0.06544736842105262,0.05797671431916668,1976,3
NTU,2021,2020,1,144.52323582918797,0.29051381348247046,0.4298561958845015,0.3415946700420802,1976,3
NTU,2022,2020,2,147.65039427455167,0.29679988035686744,0.262905487759869,0.3415946700420802,1976,3
NTU,2023,2020,3,149.78177008681882,0.30108427180183794,0.31066452314777493,0.3415946700420802,1976,3
SAR,2021,2020,1,177.83565840869323,1.5693841526837309,1.7757065090593287,1.285029171299113,1976,3
SAR,2022,2020,2,205.1614295471001,1.8105316962541145,0.9396314451618436,1.285029171299113,1976,3
SAR,2023,2020,3,226.63000743793825,1.9999900210019408,0.7877984966191535,1.285029171299113,1976,3
SCP,2021,2020,1,97.19142599481523,1.3973516935664803,1.439682798305725,0.951875864518764,1976,3
SCP,2022,2020,2,100.25642063382496,1.4414180852852405,1.3023615838579825,0.951875864518764,1976,3
SCP,2023,2020,3,101.94140573772042,1.4656436459708941,1.2720672101834425,0.951875864518764,1976,3
ANC,2020,2019,1,721.3864212545678,12.209563890870434,5.958320968763964,11.169724519839384,1976,4
ANC,2021,2019,2,827.4005320981842,14.0038672233727,10.34666461209007,11.169724519839384,1976,4
ANC,2022,2019,3,919.528643206031,15.563148110251943,9.670712896110878,11.169724519839384,1976,4
ANC,2023,2019,4,980.5278264777928,16.59556763396886,11.620189588654467,11.169724519839384,1976,4
CMA,2020,2019,1,72.4249992847422,0.0051499902148508,NA,0.00293172690763052,1976,4
CMA,2021,2019,2,68.09917768095718,0.004842390088503594,NA,0.00293172690763052,1976,4
CMA,2022,2019,3,64.03700945180864,0.004553537802168811,NA,0.00293172690763052,1976,4
CMA,2023,2019,4,59.34030918887477,0.004219565270100146,NA,0.00293172690763052,1976,4
DMF,2020,2019,1,127.29797976991179,0.47097985037744927,2.9020302341101365,0.5974387098186917,1976,4
DMF,2021,2019,2,127.44968843638351,0.4715411454205046,0.3833456358538275,0.5974387098186917,1976,4
DMF,2022,2019,3,129.71258819618288,0.47991347145596763,1.0582687169226213,0.5974387098186917,1976,4
DMF,2023,2019,4,129.86092360274316,0.48046228603820773,0.49158609242439266,0.5974387098186917,1976,4
LPF,2020,2019,1,248.1338991435905,3.1588038268092578,3.391696528557638,4.604601765476088,1976,4
LPF,2021,2019,2,242.14878156196838,3.0826118498726807,4.970937032567688,4.604601765476088,1976,4
LPF,2022,2019,3,236.7325055436784,3.0136613619599877,3.0040670153152296,4.604601765476088,1976,4
LPF,2023,2019,4,229.31910832275304,2.9192870439327483,2.971088139469183,4.604601765476088,1976,4
MPF,2020,2019,1,134.88067900032513,0.07640094634621805,0.05797671431916668,0.11601638667606916,1976,4
MPF,2021,2019,2,140.53436330622262,0.07960338300738201,0.05882532751091702,0.11601638667606916,1976,4
MPF,2022,2019,3,145.84364538949737,0.0826107386834328,0.11967652359302516,0.11601638667606916,1976,4
MPF,2023,2019,4,147.23164239908687,0.08339694680341196,0.06544736842105262,0.11601638667606916,1976,4
NTU,2020,2019,1,136.52194054223156,0.278676889409479,0.3415946700420802,0.347744517636968,1976,4
NTU,2021,2019,2,139.09906317679912,0.28393746889271515,0.4298561958845015,0.347744517636968,1976,4
NTU,2022,2019,3,141.75834884040302,0.2893657645486439,0.262905487759869,0.347744517636968,1976,4
NTU,2023,2019,4,143.41616786519097,0.2927498055840762,0.31066452314777493,0.347744517636968,1976,4
SAR,2020,2019,1,171.68485548480538,1.4774037400925077,1.285029171299113,1.2096015716470407,1976,4
SAR,2021,2019,2,197.7459649992032,1.7016680210554807,1.7757065090593287,1.2096015716470407,1976,4
SAR,2022,2019,3,218.07520578841815,1.8766077167579096,0.9396314451618436,1.2096015716470407,1976,4
SAR,2023,2019,4,231.9216928599861,1.9957612188470182,0.7877984966191535,1.2096015716470407,1976,4
SCP,2020,2019,1,112.11489257243325,1.5507605113772351,0.951875864518764,1.9560199988394813,1976,4
SCP,2021,2019,2,117.31762263812804,1.6227240851015914,1.439682798305725,1.9560199988394813,1976,4
SCP,2022,2019,3,122.85627871240395,1.6993341493759484,1.3023615838579825,1.9560199988394813,1976,4
SCP,2023,2019,4,127.08171261649703,1.7577798731469334,1.2720672101834425,1.9560199988394813,1976,4
ANC,2019,2018,1,606.9354734520153,9.738074003810917,11.169724519839384,17.190188776339156,1976,5
ANC,2020,2018,2,702.0919551980276,11.264827508453797,5.958320968763964,17.190188776339156,1976,5
ANC,2021,2018,3,797.9421355529298,12.80271117220781,10.34666461209007,17.190188776339156,1976,5
ANC,2022,2018,4,881.1506209646047,14.137763124395233,9.670712896110878,17.190188776339156,1976,5
ANC,2023,2018,5,935.7074373186327,15.013108755531507,11.620189588654467,17.190188776339156,1976,5
CMA,2019,2018,1,61.47080860687977,0.004782102631909753,NA,0.00293172690763052,1976,5
CMA,2020,2018,2,57.261995408911865,0.004454679304848358,NA,0.00293172690763052,1976,5
CMA,2021,2018,3,53.737914222383594,0.0041805244938235625,NA,0.00293172690763052,1976,5
CMA,2022,2018,4,50.42135705790381,0.003922513950208185,NA,0.00293172690763052,1976,5
CMA,2023,2018,5,46.56328510799957,0.003622376430564927,NA,0.00293172690763052,1976,5
DMF,2019,2018,1,115.87785771409715,0.4556619367709664,0.5974387098186917,1.055181899380611,1976,5
DMF,2020,2018,2,115.57388397814994,0.45446663281918853,2.9020302341101365,1.055181899380611,1976,5
DMF,2021,2018,3,117.39491342644209,0.46162739520895457,0.3833456358538275,1.055181899380611,1976,5
DMF,2022,2018,4,121.10657441934023,0.4762226135709822,1.0582687169226213,1.055181899380611,1976,5
DMF,2023,2018,5,122.63280865370842,0.48222416434968424,0.49158609242439266,1.055181899380611,1976,5
LPF,2019,2018,1,193.15382195986268,2.9596814649344108,4.604601765476088,3.606002657964865,1976,5
LPF,2020,2018,2,186.7461769193542,2.861497602622783,3.391696528557638,3.606002657964865,1976,5
LPF,2021,2018,3,182.47794884832956,2.7960958653869055,4.970937032567688,3.606002657964865,1976,5
LPF,2022,2018,4,178.68529516052016,2.737981318603269,3.0040670153152296,3.606002657964865,1976,5
LPF,2023,2018,5,173.14337864736902,2.653062949306928,2.971088139469183,3.606002657964865,1976,5
MPF,2019,2018,1,125.16285054077674,0.06693258886897276,0.11601638667606916,0.1108619298161498,1976,5
MPF,2020,2018,2,128.6810482358783,0.06881399440478933,0.05797671431916668,0.1108619298161498,1976,5
MPF,2021,2018,3,133.98883853852507,0.07165240967413504,0.05882532751091702,0.1108619298161498,1976,5
MPF,2022,2018,4,139.07696366891724,0.07437335591333465,0.11967652359302516,0.1108619298161498,1976,5
MPF,2023,2018,5,140.5687233572781,0.07517109531828559,0.06544736842105262,0.1108619298161498,1976,5
NTU,2019,2018,1,121.91154401980751,0.2583038181998364,0.347744517636968,0.515669359008297,1976,5
NTU,2020,2018,2,123.16391141606869,0.2609573099822938,0.3415946700420802,0.515669359008297,1976,5
NTU,2021,2018,3,124.99911581099724,0.2648457055087268,0.4298561958845015,0.515669359008297,1976,5
NTU,2022,2018,4,126.89655005369403,0.26886595243129935,0.262905487759869,0.515669359008297,1976,5
NTU,2023,2018,5,127.8306197669745,0.2708450412480727,0.31066452314777493,0.515669359008297,1976,5
SAR,2019,2018,1,164.4030008131306,1.3862954284537985,1.2096015716470407,0.9698245108921388,1976,5
SAR,2020,2018,2,193.83839397294344,1.634503495036301,1.285029171299113,0.9698245108921388,1976,5
SAR,2021,2018,3,218.28268697620712,1.840625107626131,1.7757065090593287,0.9698245108921388,1976,5
SAR,2022,2018,4,235.2266723145369,1.9835018756786442,0.9396314451618436,0.9698245108921388,1976,5
SAR,2023,2018,5,245.2087302701556,2.06767358326301,0.7877984966191535,0.9698245108921388,1976,5
SCP,2019,2018,1,94.43795009646848,1.397195981288614,1.9560199988394813,1.2441045134099813,1976,5
SCP,2020,2018,2,97.0453595560315,1.4357722317764101,0.951875864518764,1.2441045134099813,1976,5
SCP,2021,2018,3,101.38457388830408,1.4999702879689485,1.439682798305725,1.2441045134099813,1976,5
SCP,2022,2018,4,105.97162457073362,1.5678350475588267,1.3023615838579825,1.2441045134099813,1976,5
SCP,2023,2018,5,109.27235990574992,1.6166689553328855,1.2720672101834425,1.2441045134099813,1976,5
ANC,2023,2022,1,826.1095962918112,12.683446389789122,11.620189588654467,9.670712896110878,1977,1
CMA,2023,2022,1,86.72937118989543,0.005890777213918393,NA,0.00293172690763052,1977,1
DMF,2023,2022,1,196.81181563665413,0.6308570927260495,0.49158609242439266,1.0582687169226213,1977,1
LPF,2023,2022,1,262.35425444886243,3.046796511290719,2.971088139469183,3.0040670153152296,1977,1
MPF,2023,2022,1,127.80215305659411,0.07925459125964769,0.06544736842105262,0.11967652359302516,1977,1
NTU,2023,2022,1,26.647586664705454,0.351732294588309,0.31066452314777493,0.262905487759869,1977,1
SAR,2023,2022,1,668.7408065205138,1.1478065952951846,0.7877984966191535,0.9396314451618436,1977,1
SCP,2023,2022,1,90.56124852795469,1.4260402353773067,1.2720672101834425,1.3023615838579825,1977,1
ANC,2022,2021,1,826.5188341526965,12.086928962375096,9.670712896110878,10.34666461209007,1977,2
ANC,2023,2021,2,891.2918836460644,13.03416357525036,11.620189588654467,10.34666461209007,1977,2
CMA,2022,2021,1,89.69780803281618,0.006158692691652247,NA,0.00293172690763052,1977,2
CMA,2023,2021,2,84.75875818768911,0.005819575261115241,NA,0.00293172690763052,1977,2
DMF,2022,2021,1,185.478437236358,0.49736862745744154,1.0582687169226213,0.3833456358538275,1977,2
DMF,2023,2021,2,184.16728990446336,0.49385272793523505,0.49158609242439266,0.3833456358538275,1977,2
LPF,2022,2021,1,294.24810279434365,3.2566487796275356,3.0040670153152296,4.970937032567688,1977,2
LPF,2023,2021,2,281.57547924540876,3.1163920247890426,2.971088139469183,4.970937032567688,1977,2
MPF,2022,2021,1,120.924237138302,0.07165296583252634,0.11967652359302516,0.05882532751091702,1977,2
MPF,2023,2021,2,120.39823958914111,0.07134128898998474,0.06544736842105262,0.05882532751091702,1977,2
NTU,2022,2021,1,30.544343241735792,0.4049333639331722,0.262905487759869,0.4298561958845015,1977,2
NTU,2023,2021,2,32.703132444285814,0.43355292752610386,0.31066452314777493,0.4298561958845015,1977,2
SAR,2022,2021,1,676.516943098923,1.1390097316772898,0.9396314451618436,1.7757065090593287,1977,2
SAR,2023,2021,2,706.0354808068105,1.1887082677703475,0.7877984966191535,1.7757065090593287,1977,2
SCP,2022,2021,1,95.80020214435348,1.4362783351601025,1.3023615838579825,1.439682798305725,1977,2
SCP,2023,2021,2,96.96349525120975,1.4537189318333867,1.2720672101834425,1.439682798305725,1977,2
ANC,2021,2020,1,758.0717902183051,10.498274076091024,10.34666461209007,5.958320968763964,1977,3
ANC,2022,2020,2,829.8587274387299,11.492426545220804,9.670712896110878,5.958320968763964,1977,3
ANC,2023,2020,3,877.9336551701108,12.158199594719141,11.620189588654467,5.958320968763964,1977,3
CMA,2021,2020,1,78.68971014332467,0.005368970485437672,NA,0.00293172690763052,1977,3
CMA,2022,2020,2,74.30254132751658,0.0050696355426121855,NA,0.00293172690763052,1977,3
CMA,2023,2020,3,69.1657788359842,0.004719156094187375,NA,0.00293172690763052,1977,3
DMF,2021,2020,1,188.8875275509082,0.6367259752775152,0.3833456358538275,2.9020302341101365,1977,3
DMF,2022,2020,2,195.28588900924686,0.6582943815802592,1.0582687169226213,2.9020302341101365,1977,3
DMF,2023,2020,3,199.43304438810662,0.672274137615343,0.49158609242439266,2.9020302341101365,1977,3
LPF,2021,2020,1,257.6229985742684,2.995997052898124,4.970937032567688,3.391696528557638,1977,3
LPF,2022,2020,2,246.3185550164519,2.86453332578019,3.0040670153152296,3.391696528557638,1977,3
LPF,2023,2020,3,232.82954137121112,2.7076643919066736,2.971088139469183,3.391696528557638,1977,3
MPF,2021,2020,1,127.18834083763164,0.06897876204357374,0.05882532751091702,0.05797671431916668,1977,3
MPF,2022,2020,2,130.69463506844312,0.07088035014362339,0.11967652359302516,0.05797671431916668,1977,3
MPF,2023,2020,3,130.87648809848682,0.07097897551135501,0.06544736842105262,0.05797671431916668,1977,3
NTU,2021,2020,1,153.65647428148955,0.296042045509865,0.4298561958845015,0.3415946700420802,1977,3
NTU,2022,2020,2,157.34745743644893,0.3031532733852027,0.262905487759869,0.3415946700420802,1977,3
NTU,2023,2020,3,160.02621481905211,0.308314297798126,0.31066452314777493,0.3415946700420802,1977,3
SAR,2021,2020,1,177.88435900204527,1.5573418596704838,1.7757065090593287,1.285029171299113,1977,3
SAR,2022,2020,2,203.50375699007685,1.7816345469542523,0.9396314451618436,1.285029171299113,1977,3
SAR,2023,2020,3,222.96288423005595,1.9519953002744763,0.7877984966191535,1.285029171299113,1977,3
SCP,2021,2020,1,95.78040620624661,1.4031311717551591,1.439682798305725,0.951875864518764,1977,3
SCP,2022,2020,2,98.9596249228088,1.449705007257904,1.3023615838579825,0.951875864518764,1977,3
SCP,2023,2020,3,100.7592142368762,1.476068017845771,1.2720672101834425,0.951875864518764,1977,3
ANC,2020,2019,1,721.2686997307143,12.175168424737649,5.958320968763964,11.169724519839384,1977,4
ANC,2021,2019,2,826.3461408065144,13.948897886748066,10.34666461209007,11.169724519839384,1977,4
ANC,2022,2019,3,917.3629356411833,15.485280661996196,9.670712896110878,11.169724519839384,1977,4
ANC,2023,2019,4,977.2981716132604,16.497000140200193,11.620189588654467,11.169724519839384,1977,4
CMA,2020,2019,1,78.10026881794015,0.005567621359991011,NA,0.00293172690763052,1977,4
CMA,2021,2019,2,74.20024407035527,0.005289595926560501,NA,0.00293172690763052,1977,4
CMA,2022,2019,3,70.52686666358669,0.005027727756030784,NA,0.00293172690763052,1977,4
CMA,2023,2019,4,66.13967894177418,0.004714973389881371,NA,0.00293172690763052,1977,4
DMF,2020,2019,1,132.39568458920743,0.468539116504873,2.9020302341101365,0.5974387098186917,1977,4
DMF,2021,2019,2,132.42750564189052,0.4686517289964104,0.3833456358538275,0.5974387098186917,1977,4
DMF,2022,2019,3,134.65150631789825,0.4765223126568679,1.0582687169226213,0.5974387098186917,1977,4
DMF,2023,2019,4,134.78021245484965,0.476977794720978,0.49158609242439266,0.5974387098186917,1977,4
LPF,2020,2019,1,259.68489179163026,3.1546725236295408,3.391696528557638,4.604601765476088,1977,4
LPF,2021,2019,2,253.4962177161212,3.0794920234124845,4.970937032567688,4.604601765476088,1977,4
LPF,2022,2019,3,247.92035992026808,3.011756063638754,3.0040670153152296,4.604601765476088,1977,4
LPF,2023,2019,4,240.33082132012694,2.919557750815448,2.971088139469183,4.604601765476088,1977,4
MPF,2020,2019,1,146.34253401305452,0.07612908455923907,0.05797671431916668,0.11601638667606916,1977,4
MPF,2021,2019,2,151.68368588395194,0.07890761374875697,0.05882532751091702,0.11601638667606916,1977,4
MPF,2022,2019,3,156.7138883012038,0.08152438342379141,0.11967652359302516,0.11601638667606916,1977,4
MPF,2023,2019,4,157.78173954392162,0.08207989203310864,0.06544736842105262,0.11601638667606916,1977,4
NTU,2020,2019,1,144.69457042742738,0.28410526614648,0.3415946700420802,0.347744517636968,1977,4
NTU,2021,2019,2,147.7907070463146,0.29018447641357153,0.4298561958845015,0.347744517636968,1977,4
NTU,2022,2019,3,150.99928109792748,0.2964844556193661,0.262905487759869,0.347744517636968,1977,4
NTU,2023,2019,4,153.1946216113832,0.3007949684396818,0.31066452314777493,0.347744517636968,1977,4
SAR,2020,2019,1,172.3945308743948,1.4682618732145671,1.285029171299113,1.2096015716470407,1977,4
SAR,2021,2019,2,197.0642414842303,1.678370600724311,1.7757065090593287,1.2096015716470407,1977,4
SAR,2022,2019,3,215.66824748970842,1.8368185083716844,0.9396314451618436,1.2096015716470407,1977,4
SAR,2023,2019,4,227.85702929716257,1.9406287830830984,0.7877984966191535,1.2096015716470407,1977,4
SCP,2020,2019,1,110.28224332800292,1.55702868549522,0.951875864518764,1.9560199988394813,1977,4
SCP,2021,2019,2,115.61263275507031,1.6322862155594178,1.439682798305725,1.9560199988394813,1977,4
SCP,2022,2019,3,121.28439672643195,1.712363469469667,1.3023615838579825,1.9560199988394813,1977,4
SCP,2023,2019,4,125.6398868804867,1.7738568060631676,1.2720672101834425,1.9560199988394813,1977,4
ANC,2019,2018,1,599.6844833857393,10.167086163833353,11.169724519839384,17.190188776339156,1977,5
ANC,2020,2018,2,701.3310511299602,11.890408079182402,5.958320968763964,17.190188776339156,1977,5
ANC,2021,2018,3,804.9828811204462,13.647727329136066,10.34666461209007,17.190188776339156,1977,5
ANC,2022,2018,4,895.9178666952123,15.189444447487599,9.670712896110878,17.190188776339156,1977,5
ANC,2023,2018,5,956.304218765331,16.213238228427493,11.620189588654467,17.190188776339156,1977,5
CMA,2019,2018,1,66.11701923179692,0.005040769048335113,NA,0.00293172690763052,1977,5
CMA,2020,2018,2,62.093353694041205,0.004734004331183172,NA,0.00293172690763052,1977,5
CMA,2021,2018,3,58.751348559676394,0.004479209480531745,NA,0.00293172690763052,1977,5
CMA,2022,2018,4,55.596211060954,0.0042386614396250155,NA,0.00293172690763052,1977,5
CMA,2023,2018,5,51.842763936382156,0.003952498204955098,NA,0.00293172690763052,1977,5
DMF,2019,2018,1,122.7964509211958,0.4392768927274726,0.5974387098186917,1.055181899380611,1977,5
DMF,2020,2018,2,121.99671531887263,0.436416017125966,2.9020302341101365,1.055181899380611,1977,5
DMF,2021,2018,3,123.49861183528026,0.44178871666228364,0.3833456358538275,1.055181899380611,1977,5
DMF,2022,2018,4,127.05511747744394,0.4545113217191674,1.0582687169226213,1.055181899380611,1977,5
DMF,2023,2018,5,128.5070648627054,0.45970533938838115,0.49158609242439266,1.055181899380611,1977,5
LPF,2019,2018,1,210.1269541154965,2.977251971470892,4.604601765476088,3.606002657964865,1977,5
LPF,2020,2018,2,203.39000766157403,2.881797358348723,3.391696528557638,3.606002657964865,1977,5
LPF,2021,2018,3,198.88262253385497,2.817933008750318,4.970937032567688,3.606002657964865,1977,5
LPF,2022,2018,4,194.87597948439245,2.7611635858640193,3.0040670153152296,3.606002657964865,1977,5
LPF,2023,2018,5,189.07738007001274,2.679004247425492,2.971088139469183,3.606002657964865,1977,5
MPF,2019,2018,1,139.9045256583801,0.06766061147474148,0.11601638667606916,0.1108619298161498,1977,5
MPF,2020,2018,2,142.8676857412416,0.06909365463156909,0.05797671431916668,0.1108619298161498,1977,5
MPF,2021,2018,3,147.77207629062693,0.07146551545537567,0.05882532751091702,0.1108619298161498,1977,5
MPF,2022,2018,4,152.48394321836926,0.07374426802623336,0.11967652359302516,0.1108619298161498,1977,5
MPF,2023,2018,5,153.55029609392588,0.0742599774878714,0.06544736842105262,0.1108619298161498,1977,5
NTU,2019,2018,1,129.9271727463202,0.2639850459318811,0.347744517636968,0.515669359008297,1977,5
NTU,2020,2018,2,131.58176946129404,0.26734684301072564,0.3415946700420802,0.515669359008297,1977,5
NTU,2021,2018,3,133.87242071585885,0.2720009708876623,0.4298561958845015,0.515669359008297,1977,5
NTU,2022,2018,4,136.24475588871627,0.2768210635313723,0.262905487759869,0.515669359008297,1977,5
NTU,2023,2018,5,137.63042405642022,0.2796364536238812,0.31066452314777493,0.515669359008297,1977,5
SAR,2019,2018,1,164.8219666152637,1.3658481076535347,1.2096015716470407,0.9698245108921388,1977,5
SAR,2020,2018,2,192.02948062004143,1.5913115715383375,1.285029171299113,0.9698245108921388,1977,5
SAR,2021,2018,3,214.0840886851912,1.7740738896287442,1.7757065090593287,0.9698245108921388,1977,5
SAR,2022,2018,4,229.3251785464437,1.9003738857582735,0.9396314451618436,0.9698245108921388,1977,5
SAR,2023,2018,5,238.65177436435775,1.9776616011662727,0.7877984966191535,0.9698245108921388,1977,5
SCP,2019,2018,1,26.40785545576433,1.5169382706156649,1.9560199988394813,1.2441045134099813,1977,5
SCP,2020,2018,2,27.041413298379588,1.5533315377524706,0.951875864518764,1.2441045134099813,1977,5
SCP,2021,2018,3,27.300072078736157,1.5681895940460195,1.439682798305725,1.2441045134099813,1977,5
SCP,2022,2018,4,27.20429868107979,1.5626881123957888,1.3023615838579825,1.2441045134099813,1977,5
SCP,2023,2018,5,26.845365988557404,1.5420700527894573,1.2720672101834425,1.2441045134099813,1977,5
ANC,2023,2022,1,781.7361999768843,12.288516254063984,11.620189588654467,9.670712896110878,1978,1
CMA,2023,2022,1,85.51569849762723,0.005489303247395322,NA,0.00293172690763052,1978,1
DMF,2023,2022,1,197.77027227874729,0.6556239866289867,0.49158609242439266,1.0582687169226213,1978,1
LPF,2023,2022,1,290.1877655048283,2.9884565777392456,2.971088139469183,3.0040670153152296,1978,1
MPF,2023,2022,1,115.16674519895895,0.07686935127826436,0.06544736842105262,0.11967652359302516,1978,1
NTU,2023,2022,1,180.38706419956515,0.33132233742010214,0.31066452314777493,0.262905487759869,1978,1
SAR,2023,2022,1,166.6561911144297,1.5633624450028616,0.7877984966191535,0.9396314451618436,1978,1
SCP,2023,2022,1,96.61054537319471,1.407961146846841,1.2720672101834425,1.3023615838579825,1978,1
ANC,2022,2021,1,808.3700346891887,11.955365462198115,9.670712896110878,10.34666461209007,1978,2
ANC,2023,2021,2,863.4027864022746,12.76927076655953,11.620189588654467,10.34666461209007,1978,2
CMA,2022,2021,1,88.46157783362366,0.005760519989907485,NA,0.00293172690763052,1978,2
CMA,2023,2021,2,83.22665060455009,0.005419627325687706,NA,0.00293172690763052,1978,2
DMF,2022,2021,1,180.956998460671,0.556708806833087,1.0582687169226213,0.3833456358538275,1978,2
DMF,2023,2021,2,181.48216438605812,0.5583244641339854,0.49158609242439266,0.3833456358538275,1978,2
LPF,2022,2021,1,311.0669176283555,3.183730371216617,3.0040670153152296,4.970937032567688,1978,2
LPF,2023,2021,2,297.782900633696,3.047770145423066,2.971088139469183,4.970937032567688,1978,2
MPF,2022,2021,1,126.03499043689297,0.06862129825899485,0.11967652359302516,0.05882532751091702,1978,2
MPF,2023,2021,2,125.22250113792037,0.0681789284827623,0.06544736842105262,0.05882532751091702,1978,2
NTU,2022,2021,1,179.21589386108965,0.3363069190377706,0.262905487759869,0.4298561958845015,1978,2
NTU,2023,2021,2,184.03893040308466,0.3453575703215354,0.31066452314777493,0.4298561958845015,1978,2
SAR,2022,2021,1,195.2286646246395,1.798371612483314,0.9396314451618436,1.7757065090593287,1978,2
SAR,2023,2021,2,220.51380107414033,2.031288595734607,0.7877984966191535,1.7757065090593287,1978,2
SCP,2022,2021,1,24.81858263827066,1.3993693732765873,1.3023615838579825,1.439682798305725,1978,2
SCP,2023,2021,2,25.860915794358593,1.458140219164095,1.2720672101834425,1.439682798305725,1978,2
ANC,2021,2020,1,767.0126610163173,10.707058294951867,10.34666461209007,5.958320968763964,1978,3
ANC,2022,2020,2,842.4080905643373,11.759535392623157,9.670712896110878,5.958320968763964,1978,3
ANC,2023,2020,3,893.8195836792012,12.477210447793665,11.620189588654467,5.958320968763964,1978,3
CMA,2021,2020,1,81.16893117275276,0.005524586151632819,NA,0.00293172690763052,1978,3
CMA,2022,2020,2,77.04762203456711,0.0052440782397698464,NA,0.00293172690763052,1978,3
CMA,2023,2020,3,72.13433388612695,0.0049096660050431925,NA,0.00293172690763052,1978,3
DMF,2021,2020,1,193.61165973841895,0.6280123696686041,0.3833456358538275,2.9020302341101365,1978,3
DMF,2022,2020,2,199.84348404457458,0.6482263524171369,1.0582687169226213,2.9020302341101365,1978,3
DMF,2023,2020,3,203.76173617475038,0.6609358700595935,0.49158609242439266,2.9020302341101365,1978,3
LPF,2021,2020,1,252.25711810566466,3.0188221552508194,4.970937032567688,3.391696528557638,1978,3
LPF,2022,2020,2,241.62716576628748,2.891610935712783,3.0040670153152296,3.391696528557638,1978,3
LPF,2023,2020,3,228.8355389693829,2.7385304333024587,2.971088139469183,3.391696528557638,1978,3
MPF,2021,2020,1,128.77035470289644,0.07160614573236924,0.05882532751091702,0.05797671431916668,1978,3
MPF,2022,2020,2,132.90672490384014,0.07390628327641176,0.11967652359302516,0.05797671431916668,1978,3
MPF,2023,2020,3,133.7199243938018,0.07435848426104082,0.06544736842105262,0.05797671431916668,1978,3
NTU,2021,2020,1,161.37230894010318,0.30604660164550396,0.4298561958845015,0.3415946700420802,1978,3
NTU,2022,2020,2,166.0425786810742,0.31490388448653045,0.262905487759869,0.3415946700420802,1978,3
NTU,2023,2020,3,169.70341684759936,0.3218467552144634,0.31066452314777493,0.3415946700420802,1978,3
SAR,2021,2020,1,176.25542597579076,1.5522007732415166,1.7757065090593287,1.285029171299113,1978,3
SAR,2022,2020,2,200.5610289666079,1.7662490815280918,0.9396314451618436,1.285029171299113,1978,3
SAR,2023,2020,3,218.57938632205898,1.924928498430211,0.7877984966191535,1.285029171299113,1978,3
SCP,2021,2020,1,24.095746862655343,1.391505665462999,1.439682798305725,0.951875864518764,1978,3
SCP,2022,2020,2,25.035213542263023,1.4457589415552152,1.3023615838579825,0.951875864518764,1978,3
SCP,2023,2020,3,25.570673502963743,1.4766812272677379,1.2720672101834425,0.951875864518764,1978,3
ANC,2020,2019,1,721.2928844301331,12.157439400254272,5.958320968763964,11.169724519839384,1978,4
ANC,2021,2019,2,825.801488564435,13.918938853519721,10.34666461209007,11.169724519839384,1978,4
ANC,2022,2019,3,916.1231901867287,15.441317124128112,9.670712896110878,11.169724519839384,1978,4
ANC,2023,2019,4,975.3768833306453,16.440042051530618,11.620189588654467,11.169724519839384,1978,4
CMA,2020,2019,1,80.61223018916142,0.0057825216304106765,NA,0.00293172690763052,1978,4
CMA,2021,2019,2,77.04224186275233,0.0055264372289577845,NA,0.00293172690763052,1978,4
CMA,2022,2019,3,73.67958883455063,0.005285225519202151,NA,0.00293172690763052,1978,4
CMA,2023,2019,4,69.55541022344563,0.004989387629958415,NA,0.00293172690763052,1978,4
DMF,2020,2019,1,133.02242641419514,0.46666145984891455,2.9020302341101365,0.5974387098186917,1978,4
DMF,2021,2019,2,132.91177938557027,0.466273294444795,0.3833456358538275,0.5974387098186917,1978,4
DMF,2022,2019,3,134.98886814868754,0.47356001519227225,1.0582687169226213,0.5974387098186917,1978,4
DMF,2023,2019,4,134.96086712822682,0.4734617836576529,0.49158609242439266,0.5974387098186917,1978,4
LPF,2020,2019,1,252.30649739153444,3.1491759869729523,3.391696528557638,4.604601765476088,1978,4
LPF,2021,2019,2,246.56190530182127,3.077474577572441,4.970937032567688,4.604601765476088,1978,4
LPF,2022,2019,3,241.4820780948891,3.014070463832089,3.0040670153152296,4.604601765476088,1978,4
LPF,2023,2019,4,234.41546646180998,2.9258682023198843,2.971088139469183,4.604601765476088,1978,4
MPF,2020,2019,1,140.226661605754,0.07765809654036519,0.05797671431916668,0.11601638667606916,1978,4
MPF,2021,2019,2,146.46813374674434,0.08111464924245947,0.05882532751091702,0.11601638667606916,1978,4
MPF,2022,2019,3,152.32115986192684,0.08435607895276692,0.11967652359302516,0.11601638667606916,1978,4
MPF,2023,2019,4,154.05145296445545,0.08531432232289776,0.06544736842105262,0.11601638667606916,1978,4
NTU,2020,2019,1,152.9513698725776,0.29351874426920166,0.3415946700420802,0.347744517636968,1978,4
NTU,2021,2019,2,156.98337918421925,0.3012563036713876,0.4298561958845015,0.347744517636968,1978,4
NTU,2022,2019,3,161.17275686669015,0.30929585818896205,0.262905487759869,0.347744517636968,1978,4
NTU,2023,2019,4,164.33991543367478,0.3153737403697966,0.31066452314777493,0.347744517636968,1978,4
SAR,2020,2019,1,169.6943720552633,1.4603201542173168,1.285029171299113,1.2096015716470407,1978,4
SAR,2021,2019,2,193.6914448486989,1.666829118645799,1.7757065090593287,1.2096015716470407,1978,4
SAR,2022,2019,3,211.14315185240693,1.817011350114918,0.9396314451618436,1.2096015716470407,1978,4
SAR,2023,2019,4,221.9489811976793,1.9100018847143518,0.7877984966191535,1.2096015716470407,1978,4
SCP,2020,2019,1,111.41796042390087,1.5587050789973926,0.951875864518764,1.9560199988394813,1978,4
SCP,2021,2019,2,116.81174386847107,1.6341625511865903,1.439682798305725,1.9560199988394813,1978,4
SCP,2022,2019,3,122.49520702764642,1.7136725588980652,1.3023615838579825,1.9560199988394813,1978,4
SCP,2023,2019,4,126.79277173710052,1.7737942476676356,1.2720672101834425,1.9560199988394813,1978,4
ANC,2019,2018,1,610.0962823500428,9.668988679518971,11.169724519839384,17.190188776339156,1978,5
ANC,2020,2018,2,703.7989126669429,11.154016039930642,5.958320968763964,17.190188776339156,1978,5
ANC,2021,2018,3,797.6674714918919,12.641673085053316,10.34666461209007,17.190188776339156,1978,5
ANC,2022,2018,4,878.6541513008348,13.925174251866222,9.670712896110878,17.190188776339156,1978,5
ANC,2023,2018,5,931.2451246131242,14.75865175420848,11.620189588654467,17.190188776339156,1978,5
CMA,2019,2018,1,69.13167908881789,0.005410475043888169,NA,0.00293172690763052,1978,5
CMA,2020,2018,2,65.5647431701198,0.0051313147800897164,NA,0.00293172690763052,1978,5
CMA,2021,2018,3,62.6691151519755,0.004904693304450089,NA,0.00293172690763052,1978,5
CMA,2022,2018,4,59.93305732170433,0.004690560322227885,NA,0.00293172690763052,1978,5
CMA,2023,2018,5,56.53088392948677,0.004424294921528961,NA,0.00293172690763052,1978,5
DMF,2019,2018,1,121.86558123182081,0.4485972899442427,0.5974387098186917,1.055181899380611,1978,5
DMF,2020,2018,2,121.16082296144367,0.4460030164261476,2.9020302341101365,1.055181899380611,1978,5
DMF,2021,2018,3,122.67758136664037,0.4515863296405413,0.3833456358538275,1.055181899380611,1978,5
DMF,2022,2018,4,126.15696225491048,0.4643942186390981,1.0582687169226213,1.055181899380611,1978,5
DMF,2023,2018,5,127.46613411185375,0.46921338858979017,0.49158609242439266,1.055181899380611,1978,5
LPF,2019,2018,1,196.38964501170645,2.953930129440742,4.604601765476088,3.606002657964865,1978,5
LPF,2020,2018,2,190.12681679119882,2.85972986254293,3.391696528557638,3.606002657964865,1978,5
LPF,2021,2018,3,186.1422691057342,2.799797601554395,4.970937032567688,3.606002657964865,1978,5
LPF,2022,2018,4,182.70833131243805,2.7481471578172108,3.0040670153152296,3.606002657964865,1978,5
LPF,2023,2018,5,177.51868283031027,2.6700887703108336,2.971088139469183,3.606002657964865,1978,5
MPF,2019,2018,1,130.30615815359286,0.06838151095019995,0.11601638667606916,0.1108619298161498,1978,5
MPF,2020,2018,2,134.21370961065543,0.07043209916902103,0.05797671431916668,0.1108619298161498,1978,5
MPF,2021,2018,3,140.1083781979842,0.07352547825611759,0.05882532751091702,0.1108619298161498,1978,5
MPF,2022,2018,4,145.74691702296207,0.07648444665689628,0.11967652359302516,0.1108619298161498,1978,5
MPF,2023,2018,5,147.5936838694006,0.07745358510070913,0.06544736842105262,0.1108619298161498,1978,5
NTU,2019,2018,1,137.81175806088967,0.2733134469474268,0.347744517636968,0.515669359008297,1978,5
NTU,2020,2018,2,140.2497568928514,0.27814857766336215,0.3415946700420802,0.515669359008297,1978,5
NTU,2021,2018,3,143.41262198259017,0.2844212903264155,0.4298561958845015,0.515669359008297,1978,5
NTU,2022,2018,4,146.7005524374898,0.2909420373119883,0.262905487759869,0.515669359008297,1978,5
NTU,2023,2018,5,148.99005241158693,0.2954826595238467,0.31066452314777493,0.515669359008297,1978,5
SAR,2019,2018,1,162.3931161085656,1.3702442766139349,1.2096015716470407,0.9698245108921388,1978,5
SAR,2020,2018,2,189.89745810354876,1.602321030258236,1.285029171299113,0.9698245108921388,1978,5
SAR,2021,2018,3,211.34395267063317,1.7832827430338751,1.7757065090593287,0.9698245108921388,1978,5
SAR,2022,2018,4,224.81496325031776,1.8969487381778956,0.9396314451618436,0.9698245108921388,1978,5
SAR,2023,2018,5,231.68470446941637,1.9549143946838994,0.7877984966191535,0.9698245108921388,1978,5
SCP,2019,2018,1,93.9637138182407,1.4003285226882993,1.9560199988394813,1.2441045134099813,1978,5
SCP,2020,2018,2,96.75233385652423,1.44188695008403,0.951875864518764,1.2441045134099813,1978,5
SCP,2021,2018,3,101.25638072203043,1.5090101515519223,1.439682798305725,1.2441045134099813,1978,5
SCP,2022,2018,4,105.96263622731398,1.5791468410388383,1.3023615838579825,1.2441045134099813,1978,5
SCP,2023,2018,5,109.31677298490597,1.629133087641849,1.2720672101834425,1.2441045134099813,1978,5
ANC,2023,2022,1,776.6543538601577,12.200703053216271,11.620189588654467,9.670712896110878,1979,1
CMA,2023,2022,1,104.88903474718558,0.007482981424159493,NA,0.00293172690763052,1979,1
DMF,2023,2022,1,210.9609015620772,0.665665937591028,0.49158609242439266,1.0582687169226213,1979,1
LPF,2023,2022,1,254.6061243847618,3.1095434264462063,2.971088139469183,3.0040670153152296,1979,1
MPF,2023,2022,1,124.39561125996309,0.08333438274801497,0.06544736842105262,0.11967652359302516,1979,1
NTU,2023,2022,1,190.78353105631152,0.34437428635001416,0.31066452314777493,0.262905487759869,1979,1
SAR,2023,2022,1,728.8309647942655,1.2243928907314598,0.7877984966191535,0.9396314451618436,1979,1
SCP,2023,2022,1,91.58741048128526,1.4561588103042091,1.2720672101834425,1.3023615838579825,1979,1
ANC,2022,2021,1,795.2128784701316,11.692967767643838,9.670712896110878,10.34666461209007,1979,2
ANC,2023,2021,2,843.9281718006769,12.409287095622096,11.620189588654467,10.34666461209007,1979,2
CMA,2022,2021,1,108.32328694816134,0.00785717759420587,NA,0.00293172690763052,1979,2
CMA,2023,2021,2,105.03774042247014,0.007618862054918959,NA,0.00293172690763052,1979,2
DMF,2022,2021,1,189.65074166526506,0.5910897813174436,1.0582687169226213,0.3833456358538275,1979,2
DMF,2023,2021,2,190.5075539712667,0.5937602322428531,0.49158609242439266,0.3833456358538275,1979,2
LPF,2022,2021,1,288.19601095808656,3.3466470235489387,3.0040670153152296,4.970937032567688,1979,2
LPF,2023,2021,2,277.11705243158394,3.2179937383994286,2.971088139469183,4.970937032567688,1979,2
MPF,2022,2021,1,114.80358803818399,0.07533047060973208,0.11967652359302516,0.05882532751091702,1979,2
MPF,2023,2021,2,115.52230986065581,0.0758020730574385,0.06544736842105262,0.05882532751091702,1979,2
NTU,2022,2021,1,191.10431301730588,0.3508944326706761,0.262905487759869,0.4298561958845015,1979,2
NTU,2023,2021,2,197.38938501194957,0.3624347100042135,0.31066452314777493,0.4298561958845015,1979,2
SAR,2022,2021,1,720.7601036396692,1.2313759964056723,0.9396314451618436,1.7757065090593287,1979,2
SAR,2023,2021,2,759.8249313295412,1.2981159434117853,0.7877984966191535,1.7757065090593287,1979,2
SCP,2022,2021,1,96.10898930795395,1.4832189948882928,1.3023615838579825,1.439682798305725,1979,2
SCP,2023,2021,2,97.95421658691276,1.511695791593211,1.2720672101834425,1.439682798305725,1979,2
ANC,2021,2020,1,767.8693417852169,10.700458720779245,10.34666461209007,5.958320968763964,1979,3
ANC,2022,2020,2,842.9376887327065,11.746555633414458,9.670712896110878,5.958320968763964,1979,3
ANC,2023,2020,3,893.9842807296892,12.457903151509482,11.620189588654467,5.958320968763964,1979,3
CMA,2021,2020,1,85.45482206667496,0.005523358030728798,NA,0.00293172690763052,1979,3
CMA,2022,2020,2,81.15997919581498,0.005245761585171003,NA,0.00293172690763052,1979,3
CMA,2023,2020,3,76.06388165556746,0.004916376179016372,NA,0.00293172690763052,1979,3
DMF,2021,2020,1,201.50942433437334,0.6358613184830998,0.3833456358538275,2.9020302341101365,1979,3
DMF,2022,2020,2,208.12399498886037,0.6567335413652546,1.0582687169226213,2.9020302341101365,1979,3
DMF,2023,2020,3,212.4009454963088,0.6702294232463941,0.49158609242439266,2.9020302341101365,1979,3
LPF,2021,2020,1,260.6296197734243,3.021835098921569,4.970937032567688,3.391696528557638,1979,3
LPF,2022,2020,2,250.06526148395938,2.899348066540366,3.0040670153152296,3.391696528557638,1979,3
LPF,2023,2020,3,237.33506731360703,2.751749541117585,2.971088139469183,3.391696528557638,1979,3
MPF,2021,2020,1,128.80195459572494,0.07261691231083517,0.05882532751091702,0.05797671431916668,1979,3
MPF,2022,2020,2,133.31110705406024,0.0751591154139703,0.11967652359302516,0.05797671431916668,1979,3
MPF,2023,2020,3,134.40905493365025,0.07577812453649725,0.06544736842105262,0.05797671431916668,1979,3
NTU,2021,2020,1,179.06509903857457,0.31467033308117603,0.4298561958845015,0.3415946700420802,1979,3
NTU,2022,2020,2,184.76687834486395,0.3246900454824125,0.262905487759869,0.3415946700420802,1979,3
NTU,2023,2020,3,189.4372308938588,0.33289723605215127,0.31066452314777493,0.3415946700420802,1979,3
SAR,2021,2020,1,175.62319265630677,1.5392797194327172,1.7757065090593287,1.285029171299113,1979,3
SAR,2022,2020,2,199.31987416394034,1.7469733657607371,0.9396314451618436,1.285029171299113,1979,3
SAR,2023,2020,3,216.910337279988,1.901148009328174,0.7877984966191535,1.285029171299113,1979,3
SCP,2021,2020,1,23.754371909307476,1.3864306479322441,1.439682798305725,0.951875864518764,1979,3
SCP,2022,2020,2,24.68767746810349,1.4409032913488156,1.3023615838579825,0.951875864518764,1979,3
SCP,2023,2020,3,25.240528314748598,1.4731705876785381,1.2720672101834425,0.951875864518764,1979,3
ANC,2020,2019,1,725.3978525792477,12.038893384447116,5.958320968763964,11.169724519839384,1979,4
ANC,2021,2019,2,827.2344112251641,13.728999672765974,10.34666461209007,11.169724519839384,1979,4
ANC,2022,2019,3,914.4924295861094,15.177156675506463,9.670712896110878,11.169724519839384,1979,4
ANC,2023,2019,4,971.0091674747056,16.11512330920727,11.620189588654467,11.169724519839384,1979,4
CMA,2020,2019,1,95.50712828960029,0.007366148925554476,NA,0.00293172690763052,1979,4
CMA,2021,2019,2,93.40511640334945,0.007204027700943272,NA,0.00293172690763052,1979,4
CMA,2022,2019,3,91.46317359589943,0.007054252074968935,NA,0.00293172690763052,1979,4
CMA,2023,2019,4,88.61861515973325,0.006834860690854583,NA,0.00293172690763052,1979,4
DMF,2020,2019,1,143.60194948024056,0.48192133694811173,2.9020302341101365,0.5974387098186917,1979,4
DMF,2021,2019,2,143.08213396960633,0.48017686072924476,0.3833456358538275,0.5974387098186917,1979,4
DMF,2022,2019,3,144.87894727329103,0.4862068810227857,1.0582687169226213,0.5974387098186917,1979,4
DMF,2023,2019,4,144.77803854303954,0.48586823610627483,0.49158609242439266,0.5974387098186917,1979,4
LPF,2020,2019,1,240.3917817617168,3.3476900678645296,3.391696528557638,4.604601765476088,1979,4
LPF,2021,2019,2,236.4582827954342,3.2929122575547236,4.970937032567688,4.604601765476088,1979,4
LPF,2022,2019,3,233.2010734139788,3.2475524394472064,3.0040670153152296,4.604601765476088,1979,4
LPF,2023,2019,4,227.9563666591892,3.174514781573882,2.971088139469183,4.604601765476088,1979,4
MPF,2020,2019,1,155.28824543653266,0.08899807008475479,0.05797671431916668,0.11601638667606916,1979,4
MPF,2021,2019,2,162.19362453811073,0.09295564853196071,0.05882532751091702,0.11601638667606916,1979,4
MPF,2022,2019,3,168.83652225934796,0.09676279488291976,0.11967652359302516,0.11601638667606916,1979,4
MPF,2023,2019,4,171.66722020590979,0.09838511119880503,0.06544736842105262,0.11601638667606916,1979,4
NTU,2020,2019,1,164.0490997901794,0.3079966279383393,0.3415946700420802,0.347744517636968,1979,4
NTU,2021,2019,2,169.52154959549344,0.3182709670767699,0.4298561958845015,0.347744517636968,1979,4
NTU,2022,2019,3,175.2557582354859,0.32903674956062046,0.262905487759869,0.347744517636968,1979,4
NTU,2023,2019,4,179.99622095118113,0.3379368077332588,0.31066452314777493,0.347744517636968,1979,4
SAR,2020,2019,1,601.8440507356596,0.9688457773377861,1.285029171299113,1.2096015716470407,1979,4
SAR,2021,2019,2,635.0135979748954,1.0222419615148306,1.7757065090593287,1.2096015716470407,1979,4
SAR,2022,2019,3,669.7947708195119,1.0782325331590503,0.9396314451618436,1.2096015716470407,1979,4
SAR,2023,2019,4,700.3989136736375,1.1274989411878722,0.7877984966191535,1.2096015716470407,1979,4
SCP,2020,2019,1,110.09899016393479,1.609728200469745,0.951875864518764,1.9560199988394813,1979,4
SCP,2021,2019,2,116.12868175489453,1.697886725626524,1.439682798305725,1.9560199988394813,1979,4
SCP,2022,2019,3,122.46768366955611,1.7905675951755438,1.3023615838579825,1.9560199988394813,1979,4
SCP,2023,2019,4,127.37326828369513,1.8622908496887063,1.2720672101834425,1.9560199988394813,1979,4
ANC,2019,2018,1,602.1675434949553,10.103756907534477,11.169724519839384,17.190188776339156,1979,5
ANC,2020,2018,2,702.6283149179238,11.789386138412416,5.958320968763964,17.190188776339156,1979,5
ANC,2021,2018,3,804.6575474748648,13.501332546607149,10.34666461209007,17.190188776339156,1979,5
ANC,2022,2018,4,893.7830060976742,14.996766795638425,9.670712896110878,17.190188776339156,1979,5
ANC,2023,2018,5,952.5988707486099,15.983636986765696,11.620189588654467,17.190188776339156,1979,5
CMA,2019,2018,1,72.05365363826431,0.005308399025231008,NA,0.00293172690763052,1979,5
CMA,2020,2018,2,68.22187490241208,0.005026100911544558,NA,0.00293172690763052,1979,5
CMA,2021,2018,3,65.08128586656936,0.0047947247226254545,NA,0.00293172690763052,1979,5
CMA,2022,2018,4,62.11883449346626,0.004576472445506734,NA,0.00293172690763052,1979,5
CMA,2023,2018,5,58.49639149590484,0.004309596695197826,NA,0.00293172690763052,1979,5
DMF,2019,2018,1,126.85863961628456,0.43720631137703336,0.5974387098186917,1.055181899380611,1979,5
DMF,2020,2018,2,125.87952090499651,0.43383187128010886,2.9020302341101365,1.055181899380611,1979,5
DMF,2021,2018,3,127.2764574396072,0.43864628101501,0.3833456358538275,1.055181899380611,1979,5
DMF,2022,2018,4,130.76019441519824,0.45065265123554027,1.0582687169226213,1.055181899380611,1979,5
DMF,2023,2018,5,132.09645703295683,0.45525795405061364,0.49158609242439266,1.055181899380611,1979,5
LPF,2019,2018,1,210.05423164845786,2.9745919524837845,4.604601765476088,3.606002657964865,1979,5
LPF,2020,2018,2,203.7101624118244,2.8847531658561865,3.391696528557638,3.606002657964865,1979,5
LPF,2021,2018,3,199.72845178436899,2.8283678966968875,4.970937032567688,3.606002657964865,1979,5
LPF,2022,2018,4,196.31610233070984,2.7800453890079955,3.0040670153152296,3.606002657964865,1979,5
LPF,2023,2018,5,191.10591190345292,2.70626353565422,2.971088139469183,3.606002657964865,1979,5
MPF,2019,2018,1,134.73594512483513,0.070352269994547,0.11601638667606916,0.1108619298161498,1979,5
MPF,2020,2018,2,138.96322002795833,0.07255953833003201,0.05797671431916668,0.1108619298161498,1979,5
MPF,2021,2018,3,145.2336470445543,0.07583363696825315,0.05882532751091702,0.1108619298161498,1979,5
MPF,2022,2018,4,151.23108412954696,0.07896519412390145,0.11967652359302516,0.1108619298161498,1979,5
MPF,2023,2018,5,153.34675587050506,0.08006989049428585,0.06544736842105262,0.1108619298161498,1979,5
NTU,2019,2018,1,154.27308598183444,0.28342592903554636,0.347744517636968,0.515669359008297,1979,5
NTU,2020,2018,2,157.58395894901972,0.28950856646171197,0.3415946700420802,0.515669359008297,1979,5
NTU,2021,2018,3,161.73352557859263,0.2971320269609729,0.4298561958845015,0.515669359008297,1979,5
NTU,2022,2018,4,166.04946105637683,0.30506113536418783,0.262905487759869,0.515669359008297,1979,5
NTU,2023,2018,5,169.3407921187927,0.31110787098363746,0.31066452314777493,0.515669359008297,1979,5
SAR,2019,2018,1,160.83282853381888,1.3439711356455464,1.2096015716470407,0.9698245108921388,1979,5
SAR,2020,2018,2,186.6718369095102,1.5598902471056206,1.285029171299113,0.9698245108921388,1979,5
SAR,2021,2018,3,207.15393338709168,1.7310452700839583,1.7757065090593287,0.9698245108921388,1979,5
SAR,2022,2018,4,220.78852477476966,1.8449803257464743,0.9396314451618436,0.9698245108921388,1979,5
SAR,2023,2018,5,228.67295829051807,1.9108652023769568,0.7877984966191535,0.9698245108921388,1979,5
SCP,2019,2018,1,25.49286512374906,1.5187005430535516,1.9560199988394813,1.2441045134099813,1979,5
SCP,2020,2018,2,26.20046750746153,1.5608549309261406,0.951875864518764,1.2441045134099813,1979,5
SCP,2021,2018,3,26.529622015181175,1.5804638343269852,1.439682798305725,1.2441045134099813,1979,5
SCP,2022,2018,4,26.50350023093788,1.5789076668376407,1.3023615838579825,1.2441045134099813,1979,5
SCP,2023,2018,5,26.21661210129807,1.561816721737331,1.2720672101834425,1.2441045134099813,1979,5
ANC,2023,2022,1,776.24457365114,12.183260656876419,11.620189588654467,9.670712896110878,1980,1
CMA,2023,2022,1,112.85520661956637,0.007663640071479226,NA,0.00293172690763052,1980,1
DMF,2023,2022,1,221.66482847037153,0.6714459993227566,0.49158609242439266,1.0582687169226213,1980,1
LPF,2023,2022,1,262.3932976577072,3.123769350434407,2.971088139469183,3.0040670153152296,1980,1
MPF,2023,2022,1,126.41212139010648,0.08331976818005646,0.06544736842105262,0.11967652359302516,1980,1
NTU,2023,2022,1,208.16934193688155,0.349890866921735,0.31066452314777493,0.262905487759869,1980,1
SAR,2023,2022,1,771.9701151220322,1.2386199778310891,0.7877984966191535,0.9396314451618436,1980,1
SCP,2023,2022,1,92.70846911057832,1.4604877614858363,1.2720672101834425,1.3023615838579825,1980,1
ANC,2022,2021,1,795.2527287865429,11.673030239716638,9.670712896110878,10.34666461209007,1980,2
ANC,2023,2021,2,843.7057968908896,12.384243302829436,11.620189588654467,10.34666461209007,1980,2
CMA,2022,2021,1,116.64771384065038,0.008043499936938703,NA,0.00293172690763052,1980,2
CMA,2023,2021,2,113.4981849556482,0.007826322638269061,NA,0.00293172690763052,1980,2
DMF,2022,2021,1,198.77553768652282,0.5974416195856358,1.0582687169226213,0.3833456358538275,1980,2
DMF,2023,2021,2,200.0481064082943,0.6012664640660879,0.49158609242439266,0.3833456358538275,1980,2
LPF,2022,2021,1,296.16851432390973,3.3551727796335147,3.0040670153152296,4.970937032567688,1980,2
LPF,2023,2021,2,285.2571071793427,3.2315618808770346,2.971088139469183,4.970937032567688,1980,2
MPF,2022,2021,1,115.97112050537228,0.07500156191010422,0.11967652359302516,0.05882532751091702,1980,2
MPF,2023,2021,2,116.66264139117222,0.07544878658381987,0.06544736842105262,0.05882532751091702,1980,2
NTU,2022,2021,1,210.04383885129187,0.35688773113781713,0.262905487759869,0.4298561958845015,1980,2
NTU,2023,2021,2,217.302169767071,0.36922043875993343,0.31066452314777493,0.4298561958845015,1980,2
SAR,2022,2021,1,769.4809592788376,1.2456044860169004,0.9396314451618436,1.7757065090593287,1980,2
SAR,2023,2021,2,812.2433573537161,1.3148265170920155,0.7877984966191535,1.7757065090593287,1980,2
SCP,2022,2021,1,97.06879328116713,1.4873423281454565,1.3023615838579825,1.439682798305725,1980,2
SCP,2023,2021,2,99.04047280167306,1.5175535042532258,1.2720672101834425,1.439682798305725,1980,2
ANC,2021,2020,1,761.5224865397175,10.510660823057574,10.34666461209007,5.958320968763964,1980,3
ANC,2022,2020,2,832.5254889209522,11.490656146424802,9.670712896110878,5.958320968763964,1980,3
ANC,2023,2020,3,879.6418402056377,12.140963913203445,11.620189588654467,5.958320968763964,1980,3
CMA,2021,2020,1,91.5907860398286,0.005908715301168473,NA,0.00293172690763052,1980,3
CMA,2022,2020,2,87.75101201906442,0.005661003358837806,NA,0.00293172690763052,1980,3
CMA,2023,2020,3,83.03607957082436,0.005356833095589087,NA,0.00293172690763052,1980,3
DMF,2021,2020,1,211.69434966666643,0.6466307197181118,0.3833456358538275,2.9020302341101365,1980,3
DMF,2022,2020,2,218.80189065936983,0.668341050460404,1.0582687169226213,2.9020302341101365,1980,3
DMF,2023,2020,3,223.5218978605137,0.6827585427475442,0.49158609242439266,2.9020302341101365,1980,3
LPF,2021,2020,1,267.29865153713394,3.046390830889059,4.970937032567688,3.391696528557638,1980,3
LPF,2022,2020,2,257.08965653489986,2.9300393693738203,3.0040670153152296,3.391696528557638,1980,3
LPF,2023,2020,3,244.68835475511412,2.7887022851207814,2.971088139469183,3.391696528557638,1980,3
MPF,2021,2020,1,138.8970183359801,0.07370433983026262,0.05882532751091702,0.05797671431916668,1980,3
MPF,2022,2020,2,143.45037417813523,0.0761205334273528,0.11967652359302516,0.05797671431916668,1980,3
MPF,2023,2020,3,144.57337529864088,0.07671644295231683,0.06544736842105262,0.05797671431916668,1980,3
NTU,2021,2020,1,194.86404733956215,0.32228539543996004,0.4298561958845015,0.3415946700420802,1980,3
NTU,2022,2020,2,201.55188208619555,0.333346396663033,0.262905487759869,0.3415946700420802,1980,3
NTU,2023,2020,3,207.20577809233012,0.3426973679427081,0.31066452314777493,0.3415946700420802,1980,3
SAR,2021,2020,1,173.8342955825351,1.5200396424424603,1.7757065090593287,1.285029171299113,1980,3
SAR,2022,2020,2,195.23064387352414,1.7071333197678733,0.9396314451618436,1.285029171299113,1980,3
SAR,2023,2020,3,210.68296324610327,1.8422512948215928,0.7877984966191535,1.285029171299113,1980,3
SCP,2021,2020,1,25.487980639249344,1.4261331479871289,1.439682798305725,0.951875864518764,1980,3
SCP,2022,2020,2,26.46183395040332,1.480623321530929,1.3023615838579825,0.951875864518764,1980,3
SCP,2023,2020,3,26.94866742522576,1.5078631945448346,1.2720672101834425,0.951875864518764,1980,3
ANC,2020,2019,1,728.4941372370625,12.432682020480446,5.958320968763964,11.169724519839384,1980,4
ANC,2021,2019,2,840.9706949173407,14.35223799892763,10.34666461209007,11.169724519839384,1980,4
ANC,2022,2019,3,940.7135289570564,16.054476735042265,9.670712896110878,11.169724519839384,1980,4
ANC,2023,2019,4,1009.0935339380658,17.221468773869212,11.620189588654467,11.169724519839384,1980,4
CMA,2020,2019,1,88.01852964290539,0.00567271756200631,NA,0.00293172690763052,1980,4
CMA,2021,2019,2,84.08988542525057,0.005419519864444438,NA,0.00293172690763052,1980,4
CMA,2022,2019,3,80.39976562575607,0.005181694857852921,NA,0.00293172690763052,1980,4
CMA,2023,2019,4,75.93459820029163,0.004893918706916363,NA,0.00293172690763052,1980,4
DMF,2020,2019,1,144.5729258605223,0.45507431012565686,2.9020302341101365,0.5974387098186917,1980,4
DMF,2021,2019,2,144.4560660943783,0.45470646893310374,0.3833456358538275,0.5974387098186917,1980,4
DMF,2022,2019,3,146.76510195722605,0.4619746548405716,1.0582687169226213,0.5974387098186917,1980,4
DMF,2023,2019,4,146.99166481697512,0.4626878100630084,0.49158609242439266,0.5974387098186917,1980,4
LPF,2020,2019,1,282.9460148879873,3.1542057795702783,3.391696528557638,4.604601765476088,1980,4
LPF,2021,2019,2,277.0189439206399,3.0881323927140207,4.970937032567688,4.604601765476088,1980,4
LPF,2022,2019,3,271.8211394620473,3.030188671998041,3.0040670153152296,4.604601765476088,1980,4
LPF,2023,2019,4,264.565668563489,2.9493066413718227,2.971088139469183,4.604601765476088,1980,4
MPF,2020,2019,1,158.36355359363054,0.08015858473352887,0.05797671431916668,0.11601638667606916,1980,4
MPF,2021,2019,2,164.82824407066047,0.08343080506213284,0.05882532751091702,0.11601638667606916,1980,4
MPF,2022,2019,3,170.896482620098,0.08650235405753198,0.11967652359302516,0.11601638667606916,1980,4
MPF,2023,2019,4,172.71625508495055,0.08742346489401862,0.06544736842105262,0.11601638667606916,1980,4
NTU,2020,2019,1,186.10009576868438,0.3101961916211416,0.3415946700420802,0.347744517636968,1980,4
NTU,2021,2019,2,192.05824457649015,0.3201273797898497,0.4298561958845015,0.347744517636968,1980,4
NTU,2022,2019,3,198.26153157535998,0.3304671702914844,0.262905487759869,0.347744517636968,1980,4
NTU,2023,2019,4,203.41736315939903,0.3390610364870011,0.31066452314777493,0.347744517636968,1980,4
SAR,2020,2019,1,168.12632687964677,1.4313451038628642,1.285029171299113,1.2096015716470407,1980,4
SAR,2021,2019,2,189.74610815705844,1.6154053200844525,1.7757065090593287,1.2096015716470407,1980,4
SAR,2022,2019,3,205.43540581629458,1.7489763068798188,0.9396314451618436,1.2096015716470407,1980,4
SAR,2023,2019,4,215.47099833078576,1.8344144204494,0.7877984966191535,1.2096015716470407,1980,4
SCP,2020,2019,1,28.574209730368906,1.618219641551088,0.951875864518764,1.9560199988394813,1980,4
SCP,2021,2019,2,29.661402573865313,1.6797897367558507,1.439682798305725,1.9560199988394813,1980,4
SCP,2022,2019,3,30.271979332904028,1.7143680265309464,1.3023615838579825,1.9560199988394813,1980,4
SCP,2023,2019,4,30.490901032580574,1.7267660385047237,1.2720672101834425,1.9560199988394813,1980,4
ANC,2019,2018,1,619.0162557368242,9.525729002737174,11.169724519839384,17.190188776339156,1980,5
ANC,2020,2018,2,710.075372696539,10.926991834444733,5.958320968763964,17.190188776339156,1980,5
ANC,2021,2018,3,800.512326050958,12.318680504174331,10.34666461209007,17.190188776339156,1980,5
ANC,2022,2018,4,877.9005463301395,13.509568800809026,9.670712896110878,17.190188776339156,1980,5
ANC,2023,2018,5,927.6008394490283,14.27438154880965,11.620189588654467,17.190188776339156,1980,5
CMA,2019,2018,1,86.94327487892693,0.006792640806321069,NA,0.00293172690763052,1980,5
CMA,2020,2018,2,84.52409680867574,0.006603637025400365,NA,0.00293172690763052,1980,5
CMA,2021,2018,3,82.72012885739632,0.006462697932224729,NA,0.00293172690763052,1980,5
CMA,2022,2018,4,81.04992095788317,0.006332209146875069,NA,0.00293172690763052,1980,5
CMA,2023,2018,5,78.55722641580938,0.0061374617246303595,NA,0.00293172690763052,1980,5
DMF,2019,2018,1,138.61710522811927,0.46573133655495175,0.5974387098186917,1.055181899380611,1980,5
DMF,2020,2018,2,137.26949457879675,0.46120357998528605,2.9020302341101365,1.055181899380611,1980,5
DMF,2021,2018,3,138.35163020642833,0.4648393828781627,0.3833456358538275,1.055181899380611,1980,5
DMF,2022,2018,4,141.62537348080033,0.4758386374665623,1.0582687169226213,1.055181899380611,1980,5
DMF,2023,2018,5,142.9185609567075,0.4801835408648782,0.49158609242439266,1.055181899380611,1980,5
LPF,2019,2018,1,199.34194546584817,3.125824461306467,4.604601765476088,3.606002657964865,1980,5
LPF,2020,2018,2,194.2174864123471,3.045469273526175,3.391696528557638,3.606002657964865,1980,5
LPF,2021,2018,3,191.37939774441207,3.000966010748959,4.970937032567688,3.606002657964865,1980,5
LPF,2022,2018,4,189.119902372252,2.9655355052023142,3.0040670153152296,3.606002657964865,1980,5
LPF,2023,2018,5,185.06477156659219,2.9019481501350866,2.971088139469183,3.606002657964865,1980,5
MPF,2019,2018,1,140.8617714243685,0.07874951260700533,0.11601638667606916,0.1108619298161498,1980,5
MPF,2020,2018,2,145.9031208602624,0.08156790546792007,0.05797671431916668,0.1108619298161498,1980,5
MPF,2021,2018,3,152.67455699676952,0.08535351237891729,0.05882532751091702,0.1108619298161498,1980,5
MPF,2022,2018,4,159.22183291431944,0.08901380134303466,0.11967652359302516,0.1108619298161498,1980,5
MPF,2023,2018,5,162.02746885487338,0.09058230684056738,0.06544736842105262,0.1108619298161498,1980,5
NTU,2019,2018,1,165.8809118603975,0.29550863520971576,0.347744517636968,0.515669359008297,1980,5
NTU,2020,2018,2,170.31636236788856,0.30341017078309146,0.3415946700420802,0.515669359008297,1980,5
NTU,2021,2018,3,175.7303604830068,0.31305494049217647,0.4298561958845015,0.515669359008297,1980,5
NTU,2022,2018,4,181.39938453340804,0.32315402628400636,0.262905487759869,0.515669359008297,1980,5
NTU,2023,2018,5,186.06422344759036,0.33146420595171466,0.31066452314777493,0.515669359008297,1980,5
SAR,2019,2018,1,571.0877989240277,0.8724315128392982,1.2096015716470407,0.9698245108921388,1980,5
SAR,2020,2018,2,597.3322329020439,0.9125242468850797,1.285029171299113,0.9698245108921388,1980,5
SAR,2021,2018,3,629.1997904559491,0.9612072366103522,1.7757065090593287,0.9698245108921388,1980,5
SAR,2022,2018,4,662.203973119133,1.0116266100676663,0.9396314451618436,0.9698245108921388,1980,5
SAR,2023,2018,5,690.6833371574085,1.055133571167914,0.7877984966191535,0.9698245108921388,1980,5
SCP,2019,2018,1,93.79898466161838,1.4483063111036565,1.9560199988394813,1.2441045134099813,1980,5
SCP,2020,2018,2,97.19614629001634,1.500760297082262,0.951875864518764,1.2441045134099813,1980,5
SCP,2021,2018,3,102.42702708638988,1.5815278842512381,1.439682798305725,1.2441045134099813,1980,5
SCP,2022,2018,4,107.91305735136336,1.6662351151912118,1.3023615838579825,1.2441045134099813,1980,5
SCP,2023,2018,5,112.00555910393382,1.7294255232519498,1.2720672101834425,1.2441045134099813,1980,5
ANC,2023,2022,1,776.1405978656957,12.166577151818531,11.620189588654467,9.670712896110878,1981,1
CMA,2023,2022,1,121.66946098242524,0.007754539248822866,NA,0.00293172690763052,1981,1
DMF,2023,2022,1,231.68419975010423,0.686216123636109,0.49158609242439266,1.0582687169226213,1981,1
LPF,2023,2022,1,272.9747036269801,3.1386084676035515,2.971088139469183,3.0040670153152296,1981,1
MPF,2023,2022,1,125.03636872578102,0.08309709957462204,0.06544736842105262,0.11967652359302516,1981,1
NTU,2023,2022,1,227.82265943504476,0.3571252782576005,0.31066452314777493,0.262905487759869,1981,1
SAR,2023,2022,1,826.2479505256216,1.2479183824998084,0.7877984966191535,0.9396314451618436,1981,1
SCP,2023,2022,1,91.13122703569599,1.4618536881457276,1.2720672101834425,1.3023615838579825,1981,1
ANC,2022,2021,1,795.619953440085,11.657571138120055,9.670712896110878,10.34666461209007,1981,2
ANC,2023,2021,2,843.9221246360765,12.36530351010025,11.620189588654467,10.34666461209007,1981,2
CMA,2022,2021,1,126.09812133707719,0.00813176679295617,NA,0.00293172690763052,1981,2
CMA,2023,2021,2,122.90961463674138,0.007926147608229385,NA,0.00293172690763052,1981,2
DMF,2022,2021,1,206.7144710807744,0.6118960881928248,1.0582687169226213,0.3833456358538275,1981,2
DMF,2023,2021,2,208.71525744390013,0.6178186215428378,0.49158609242439266,0.3833456358538275,1981,2
LPF,2022,2021,1,306.8115307178438,3.3622027376161974,3.0040670153152296,4.970937032567688,1981,2
LPF,2023,2021,2,295.9946646332341,3.243665808195678,2.971088139469183,4.970937032567688,1981,2
MPF,2022,2021,1,114.27791555677324,0.074440102764317,0.11967652359302516,0.05882532751091702,1981,2
MPF,2023,2021,2,114.93297472504078,0.07486680526028894,0.06544736842105262,0.05882532751091702,1981,2
NTU,2022,2021,1,231.85629548109003,0.3646882429963867,0.262905487759869,0.4298561958845015,1981,2
NTU,2023,2021,2,240.4220861009766,0.3781614295862075,0.31066452314777493,0.4298561958845015,1981,2
SAR,2022,2021,1,825.4632088390529,1.2570346537413233,0.9396314451618436,1.7757065090593287,1981,2
SAR,2023,2021,2,872.1514746766148,1.3281326353987295,0.7877984966191535,1.7757065090593287,1981,2
SCP,2022,2021,1,95.12664809914358,1.4889970123322858,1.3023615838579825,1.439682798305725,1981,2
SCP,2023,2021,2,97.154460024862,1.5207379173184428,1.2720672101834425,1.439682798305725,1981,2
ANC,2021,2020,1,763.7858549167054,10.342749423928634,10.34666461209007,5.958320968763964,1981,3
ANC,2022,2020,2,831.0044582785598,11.252985148671042,9.670712896110878,5.958320968763964,1981,3
ANC,2023,2020,3,874.4148528367213,11.84082378226017,11.620189588654467,5.958320968763964,1981,3
CMA,2021,2020,1,113.5446331518963,0.007632920978594927,NA,0.00293172690763052,1981,3
CMA,2022,2020,2,111.39489881708272,0.007488407302808478,NA,0.00293172690763052,1981,3
CMA,2023,2020,3,108.22337518030808,0.007275204893947267,NA,0.00293172690763052,1981,3
DMF,2021,2020,1,226.29978354550678,0.6780345173325699,0.3833456358538275,2.9020302341101365,1981,3
DMF,2022,2020,2,234.0402427115545,0.7012263136849878,1.0582687169226213,2.9020302341101365,1981,3
DMF,2023,2020,3,239.5747949576109,0.717808819430302,0.49158609242439266,2.9020302341101365,1981,3
LPF,2021,2020,1,249.36792134913458,3.172449754474922,4.970937032567688,3.391696528557638,1981,3
LPF,2022,2020,2,240.64787318802468,3.0615136144210817,3.0040670153152296,3.391696528557638,1981,3
LPF,2023,2020,3,229.73279102429953,2.9226523304875234,2.971088139469183,3.391696528557638,1981,3
MPF,2021,2020,1,127.1027098724476,0.07872841506989672,0.05882532751091702,0.05797671431916668,1981,3
MPF,2022,2020,2,132.32625366875592,0.08196391905359811,0.11967652359302516,0.05797671431916668,1981,3
MPF,2023,2020,3,134.34603393555875,0.08321498678735781,0.06544736842105262,0.05797671431916668,1981,3
NTU,2021,2020,1,212.90658472078383,0.3350911076132332,0.4298561958845015,0.3415946700420802,1981,3
NTU,2022,2020,2,221.27675773129548,0.34826482203209463,0.262905487759869,0.3415946700420802,1981,3
NTU,2023,2020,3,228.62250436064778,0.35982620411665517,0.31066452314777493,0.3415946700420802,1981,3
SAR,2021,2020,1,742.182436685598,1.0862733126083715,1.7757065090593287,1.285029171299113,1981,3
SAR,2022,2020,2,785.0902106502388,1.14907400345922,0.9396314451618436,1.285029171299113,1981,3
SAR,2023,2020,3,823.7576481399026,1.2056684515837957,0.7877984966191535,1.285029171299113,1981,3
SCP,2021,2020,1,92.54903651689725,1.460297305495176,1.439682798305725,0.951875864518764,1981,3
SCP,2022,2020,2,96.58064533067319,1.5239105824037122,1.3023615838579825,0.951875864518764,1981,3
SCP,2023,2020,3,99.14962083011156,1.5644455046557448,1.2720672101834425,0.951875864518764,1981,3
ANC,2020,2019,1,727.0873219665376,11.950781552389806,5.958320968763964,11.169724519839384,1981,4
ANC,2021,2019,2,827.1202161337671,13.594973701157471,10.34666461209007,11.169724519839384,1981,4
ANC,2022,2019,3,912.3603105008523,14.996023776588451,9.670712896110878,11.169724519839384,1981,4
ANC,2023,2019,4,967.0936229085162,15.895648677836284,11.620189588654467,11.169724519839384,1981,4
CMA,2020,2019,1,110.91020751553944,0.007737316722481639,NA,0.00293172690763052,1981,4
CMA,2021,2019,2,109.10358009830563,0.007611282799727518,NA,0.00293172690763052,1981,4
CMA,2022,2019,3,107.46678990105195,0.007497097059315568,NA,0.00293172690763052,1981,4
CMA,2023,2019,4,104.85483156125076,0.007314881649267421,NA,0.00293172690763052,1981,4
DMF,2020,2019,1,156.8428205693341,0.49682323316102517,2.9020302341101365,0.5974387098186917,1981,4
DMF,2021,2019,2,157.03740959251263,0.4974396231703497,0.3833456358538275,0.5974387098186917,1981,4
DMF,2022,2019,3,159.69964601759776,0.5058726576143148,1.0582687169226213,0.5974387098186917,1981,4
DMF,2023,2019,4,160.3774179535375,0.5080196022008573,0.49158609242439266,0.5974387098186917,1981,4
LPF,2020,2019,1,261.11479127327476,3.37020569229617,3.391696528557638,4.604601765476088,1981,4
LPF,2021,2019,2,257.44675170710536,3.32286234661594,4.970937032567688,4.604601765476088,1981,4
LPF,2022,2019,3,254.50591008857577,3.2849049367174827,3.0040670153152296,4.604601765476088,1981,4
LPF,2023,2019,4,249.5143344365682,3.220478725571455,2.971088139469183,4.604601765476088,1981,4
MPF,2020,2019,1,162.16240698468565,0.08970431567790074,0.05797671431916668,0.11601638667606916,1981,4
MPF,2021,2019,2,169.7445897449542,0.0938985955267371,0.05882532751091702,0.11601638667606916,1981,4
MPF,2022,2019,3,177.01786578019613,0.09792199565756686,0.11967652359302516,0.11601638667606916,1981,4
MPF,2023,2019,4,180.24704380354527,0.09970829872356665,0.06544736842105262,0.11601638667606916,1981,4
NTU,2020,2019,1,200.68607811748996,0.32410407206061786,0.3415946700420802,0.347744517636968,1981,4
NTU,2021,2019,2,208.40365808624142,0.3365678120359511,0.4298561958845015,0.347744517636968,1981,4
NTU,2022,2019,3,216.51214306448108,0.3496628559191211,0.262905487759869,0.347744517636968,1981,4
NTU,2023,2019,4,223.63843925310456,0.3611716842100939,0.31066452314777493,0.347744517636968,1981,4
SAR,2020,2019,1,677.9838782063018,0.9912872272055678,1.285029171299113,1.2096015716470407,1981,4
SAR,2021,2019,2,716.8775601415867,1.0481540810656418,1.7757065090593287,1.2096015716470407,1981,4
SAR,2022,2019,3,757.416403217672,1.1074263420128059,0.9396314451618436,1.2096015716470407,1981,4
SAR,2023,2019,4,793.5112694165132,1.1602010184922333,0.7877984966191535,1.2096015716470407,1981,4
SCP,2020,2019,1,107.3786094500897,1.6169351179657907,0.951875864518764,1.9560199988394813,1981,4
SCP,2021,2019,2,113.6772777815883,1.711782109128895,1.439682798305725,1.9560199988394813,1981,4
SCP,2022,2019,3,120.36023665730677,1.8124158475746608,1.3023615838579825,1.9560199988394813,1981,4
SCP,2023,2019,4,125.63784309828135,1.8918874223782132,1.2720672101834425,1.9560199988394813,1981,4
ANC,2019,2018,1,621.7115594616977,9.48418058041453,11.169724519839384,17.190188776339156,1981,5
ANC,2020,2018,2,712.0832679499306,10.862796740302393,5.958320968763964,17.190188776339156,1981,5
ANC,2021,2018,3,801.638642529005,12.228959764824594,10.34666461209007,17.190188776339156,1981,5
ANC,2022,2018,4,878.1153715502837,13.395608666873715,9.670712896110878,17.190188776339156,1981,5
ANC,2023,2018,5,927.0981574945664,14.142838761211356,11.620189588654467,17.190188776339156,1981,5
CMA,2019,2018,1,93.84299832148069,0.0069481926193914745,NA,0.00293172690763052,1981,5
CMA,2020,2018,2,91.47509733070606,0.006772871791180213,NA,0.00293172690763052,1981,5
CMA,2021,2018,3,89.73501425021955,0.006644034982540043,NA,0.00293172690763052,1981,5
CMA,2022,2018,4,88.13532353664274,0.006525592910055247,NA,0.00293172690763052,1981,5
CMA,2023,2018,5,85.68205122372224,0.006343951137276447,NA,0.00293172690763052,1981,5
DMF,2019,2018,1,145.1066883344169,0.47743277849737675,0.5974387098186917,1.055181899380611,1981,5
DMF,2020,2018,2,144.0274657225741,0.47388189978803824,2.9020302341101365,1.055181899380611,1981,5
DMF,2021,2018,3,145.4628995058515,0.4786047912506269,0.3833456358538275,1.055181899380611,1981,5
DMF,2022,2018,4,149.156879556739,0.4907587944854371,1.0582687169226213,1.055181899380611,1981,5
DMF,2023,2018,5,150.81029798647222,0.4961989031667615,0.49158609242439266,1.055181899380611,1981,5
LPF,2019,2018,1,210.3343199230576,3.1418680289789447,4.604601765476088,3.606002657964865,1981,5
LPF,2020,2018,2,205.21382580003964,3.0653806693147216,3.391696528557638,3.606002657964865,1981,5
LPF,2021,2018,3,202.4693974493591,3.0243857822416995,4.970937032567688,3.606002657964865,1981,5
LPF,2022,2018,4,200.3279097711364,2.992397318955625,3.0040670153152296,3.606002657964865,1981,5
LPF,2023,2018,5,196.34603287010128,2.932918049308767,2.971088139469183,3.606002657964865,1981,5
MPF,2019,2018,1,141.6638489375896,0.07882520438292982,0.11601638667606916,0.1108619298161498,1981,5
MPF,2020,2018,2,146.73904381199836,0.08164916600940458,0.05797671431916668,0.1108619298161498,1981,5
MPF,2021,2018,3,153.60748495926646,0.0854709333924442,0.05882532751091702,0.1108619298161498,1981,5
MPF,2022,2018,4,160.27065691156974,0.08917848401257668,0.11967652359302516,0.1108619298161498,1981,5
MPF,2023,2018,5,163.16912496413232,0.0907912619961912,0.06544736842105262,0.1108619298161498,1981,5
NTU,2019,2018,1,186.40452033249875,0.30574772040801823,0.347744517636968,0.515669359008297,1981,5
NTU,2020,2018,2,192.03961399392747,0.3149906134354741,0.3415946700420802,0.515669359008297,1981,5
NTU,2021,2018,3,198.77583721407956,0.3260396206701016,0.4298561958845015,0.515669359008297,1981,5
NTU,2022,2018,4,205.83906147196177,0.3376249873324872,0.262905487759869,0.515669359008297,1981,5
NTU,2023,2018,5,211.90883306229216,0.3475808554832732,0.31066452314777493,0.515669359008297,1981,5
SAR,2019,2018,1,605.6507411893774,0.8806351481730923,1.2096015716470407,0.9698245108921388,1981,5
SAR,2020,2018,2,634.2767006768762,0.9222581899039831,1.285029171299113,0.9698245108921388,1981,5
SAR,2021,2018,3,668.6397771636533,0.972223179452562,1.7757065090593287,0.9698245108921388,1981,5
SAR,2022,2018,4,704.1115404632309,1.0238002343537742,0.9396314451618436,0.9698245108921388,1981,5
SAR,2023,2018,5,734.847647238531,1.068491496336176,0.7877984966191535,0.9698245108921388,1981,5
SCP,2019,2018,1,90.94658256587472,1.4466656051790965,1.9560199988394813,1.2441045134099813,1981,5
SCP,2020,2018,2,94.32711541262283,1.5004389351777951,0.951875864518764,1.2441045134099813,1981,5
SCP,2021,2018,3,99.56180793785876,1.5837059411091257,1.439682798305725,1.2441045134099813,1981,5
SCP,2022,2018,4,105.08539142717756,1.6715682667280651,1.3023615838579825,1.2441045134099813,1981,5
SCP,2023,2018,5,109.24885122341936,1.737795429045091,1.2720672101834425,1.2441045134099813,1981,5
ANC,2023,2022,1,778.5968696136129,12.19985301446052,11.620189588654467,9.670712896110878,1982,1
CMA,2023,2022,1,126.18862322149626,0.008031576811505781,NA,0.00293172690763052,1982,1
DMF,2023,2022,1,242.17698495727288,0.6989756129348694,0.49158609242439266,1.0582687169226213,1982,1
LPF,2023,2022,1,271.54469821181567,3.178681977211014,2.971088139469183,3.0040670153152296,1982,1
MPF,2023,2022,1,128.71363787876214,0.08362555976124683,0.06544736842105262,0.11967652359302516,1982,1
NTU,2023,2022,1,272.6539047137709,0.36980984525209315,0.31066452314777493,0.262905487759869,1982,1
SAR,2023,2022,1,874.1170111455143,1.2877818845071312,0.7877984966191535,0.9396314451618436,1982,1
SCP,2023,2022,1,92.54723221315056,1.4697744591334503,1.2720672101834425,1.3023615838579825,1982,1
ANC,2022,2021,1,795.4281900088441,11.649326950790075,9.670712896110878,10.34666461209007,1982,2
ANC,2023,2021,2,843.4891193857974,12.353196246476886,11.620189588654467,10.34666461209007,1982,2
CMA,2022,2021,1,133.49269848272715,0.008642582741662925,NA,0.00293172690763052,1982,2
CMA,2023,2021,2,131.04692426425774,0.008484238455489979,NA,0.00293172690763052,1982,2
DMF,2022,2021,1,214.06031001663663,0.6292680588497646,1.0582687169226213,0.3833456358538275,1982,2
DMF,2023,2021,2,216.77233285048203,0.6372405285900797,0.49158609242439266,0.3833456358538275,1982,2
LPF,2022,2021,1,303.83366422221593,3.4132162208056833,3.0040670153152296,4.970937032567688,1982,2
LPF,2023,2021,2,293.98492004110255,3.3025770871218136,2.971088139469183,4.970937032567688,1982,2
MPF,2022,2021,1,115.46528413519687,0.0748690661548059,0.11967652359302516,0.05882532751091702,1982,2
MPF,2023,2021,2,116.28273601486214,0.07539911169460095,0.06544736842105262,0.05882532751091702,1982,2
NTU,2022,2021,1,246.32733293617156,0.37806665660535516,0.262905487759869,0.4298561958845015,1982,2
NTU,2023,2021,2,256.73356724213284,0.3940382914418602,0.31066452314777493,0.4298561958845015,1982,2
SAR,2022,2021,1,871.7035568950548,1.3037975716236256,0.9396314451618436,1.7757065090593287,1982,2
SAR,2023,2021,2,924.9894552310891,1.383496712808464,0.7877984966191535,1.7757065090593287,1982,2
SCP,2022,2021,1,94.64946641678827,1.50290188730522,1.3023615838579825,1.439682798305725,1982,2
SCP,2023,2021,2,96.87007628391889,1.5381620835495724,1.2720672101834425,1.439682798305725,1982,2
ANC,2021,2020,1,763.8274044810653,10.340311416823077,10.34666461209007,5.958320968763964,1982,3
ANC,2022,2020,2,830.8597293411835,11.247761332839355,9.670712896110878,5.958320968763964,1982,3
ANC,2023,2020,3,874.072111508189,11.832748839242294,11.620189588654467,5.958320968763964,1982,3
CMA,2021,2020,1,121.10245886437495,0.008127055462325445,NA,0.00293172690763052,1982,3
CMA,2022,2020,2,119.66902827210669,0.008030859480559253,NA,0.00293172690763052,1982,3
CMA,2023,2020,3,117.16267857852644,0.00786266105454281,NA,0.00293172690763052,1982,3
DMF,2021,2020,1,236.84927647771917,0.6996064182217862,0.3833456358538275,2.9020302341101365,1982,3
DMF,2022,2020,2,245.69167623365948,0.7257251369011761,1.0582687169226213,2.9020302341101365,1982,3
DMF,2023,2020,3,252.19471687248299,0.744933846492932,0.49158609242439266,2.9020302341101365,1982,3
LPF,2021,2020,1,246.00165497108253,3.210650439905688,4.970937032567688,3.391696528557638,1982,3
LPF,2022,2020,2,238.0685811581019,3.1071132221156508,3.0040670153152296,3.391696528557638,1982,3
LPF,2023,2020,3,227.91877403093093,2.9746446713587873,2.971088139469183,3.391696528557638,1982,3
MPF,2021,2020,1,129.0276588139801,0.07947917644937985,0.05882532751091702,0.05797671431916668,1982,3
MPF,2022,2020,2,134.64569696393818,0.08293980690275893,0.11967652359302516,0.05797671431916668,1982,3
MPF,2023,2020,3,136.93659577415758,0.084350967520868,0.06544736842105262,0.05797671431916668,1982,3
NTU,2021,2020,1,227.5717641679954,0.34800561434077004,0.4298561958845015,0.3415946700420802,1982,3
NTU,2022,2020,2,237.74130765787072,0.3635570086128058,0.262905487759869,0.3415946700420802,1982,3
NTU,2023,2020,3,246.94167663648207,0.3776263289885965,0.31066452314777493,0.3415946700420802,1982,3
SAR,2021,2020,1,780.2288943145563,1.1263565263531914,1.7757065090593287,1.285029171299113,1982,3
SAR,2022,2020,2,828.8809563165713,1.1965917713637622,0.9396314451618436,1.285029171299113,1982,3
SAR,2023,2020,3,873.5033047263631,1.2610096283783114,0.7877984966191535,1.285029171299113,1982,3
SCP,2021,2020,1,91.99381518557487,1.4737562760384189,1.439682798305725,0.951875864518764,1982,3
SCP,2022,2020,2,96.26011918389042,1.542103178276595,1.3023615838579825,0.951875864518764,1982,3
SCP,2023,2020,3,99.04456587702043,1.5867104791154263,1.2720672101834425,0.951875864518764,1982,3
ANC,2020,2019,1,726.695864820401,11.943850771063307,5.958320968763964,11.169724519839384,1982,4
ANC,2021,2019,2,826.5477541220694,13.584999596538747,10.34666461209007,11.169724519839384,1982,4
ANC,2022,2019,3,911.6031057903353,14.982955022990982,9.670712896110878,11.169724519839384,1982,4
ANC,2023,2019,4,966.1785509479619,15.879947842522354,11.620189588654467,11.169724519839384,1982,4
CMA,2020,2019,1,117.76519865152042,0.008199217608414975,NA,0.00293172690763052,1982,4
CMA,2021,2019,2,116.62617096741792,0.008119914588924464,NA,0.00293172690763052,1982,4
CMA,2022,2019,3,115.64570453461747,0.008051651148346694,NA,0.00293172690763052,1982,4
CMA,2023,2019,4,113.63897476789515,0.007911935729640291,NA,0.00293172690763052,1982,4
DMF,2020,2019,1,160.23065144269358,0.508913414199242,2.9020302341101365,0.5974387098186917,1982,4
DMF,2021,2019,2,160.7695284714295,0.5106249578150128,0.3833456358538275,0.5974387098186917,1982,4
DMF,2022,2019,3,163.76886291002475,0.5201512345649815,1.0582687169226213,0.5974387098186917,1982,4
DMF,2023,2019,4,164.68571212577552,0.5230632670662068,0.49158609242439266,0.5974387098186917,1982,4
LPF,2020,2019,1,258.86917198565027,3.41323374954142,3.391696528557638,4.604601765476088,1982,4
LPF,2021,2019,2,255.96352570291262,3.374922312608252,4.970937032567688,4.604601765476088,1982,4
LPF,2022,2019,3,253.82282863327802,3.346696860231766,3.0040670153152296,4.604601765476088,1982,4
LPF,2023,2019,4,249.60175039982448,3.2910412308829113,2.971088139469183,4.604601765476088,1982,4
MPF,2020,2019,1,165.08032920683718,0.090708960013973855,0.05797671431916668,0.11601638667606916,1982,4
MPF,2021,2019,2,173.3273989384808,0.09524059090006692,0.05882532751091702,0.11601638667606916,1982,4
MPF,2022,2019,3,181.2015626217231,0.09956731596851395,0.11967652359302516,0.11601638667606916,1982,4
MPF,2023,2019,4,184.82313013862608,0.10155730850522046,0.06544736842105262,0.11601638667606916,1982,4
NTU,2020,2019,1,217.1293237809236,0.33752320661779456,0.3415946700420802,0.347744517636968,1982,4
NTU,2021,2019,2,226.70145210148803,0.3524028893278724,0.4298561958845015,0.347744517636968,1982,4
NTU,2022,2019,3,236.7782097922102,0.36806700833703354,0.262905487759869,0.347744517636968,1982,4
NTU,2023,2019,4,245.9301414237046,0.3822935036681087,0.31066452314777493,0.347744517636968,1982,4
SAR,2020,2019,1,711.0785721433269,1.0284718106797954,1.285029171299113,1.2096015716470407,1982,4
SAR,2021,2019,2,755.2622555609992,1.092377087350004,1.7757065090593287,1.2096015716470407,1982,4
SAR,2022,2019,3,801.4182385811802,1.1591350087529615,0.9396314451618436,1.2096015716470407,1982,4
SAR,2023,2019,4,843.261296384343,1.219654910644372,0.7877984966191535,1.2096015716470407,1982,4
SCP,2020,2019,1,107.43566498985352,1.6324620419948126,0.951875864518764,1.9560199988394813,1982,4
SCP,2021,2019,2,114.05465159677645,1.7330361334130973,1.439682798305725,1.9560199988394813,1982,4
SCP,2022,2019,3,121.05207181534477,1.839360442940838,1.3023615838579825,1.9560199988394813,1982,4
SCP,2023,2019,4,126.59441441446448,1.923575158023099,1.2720672101834425,1.9560199988394813,1982,4
ANC,2019,2018,1,621.0060749341935,9.497911063442137,11.169724519839384,17.190188776339156,1982,5
ANC,2020,2018,2,711.4863221767149,10.881751537786593,5.958320968763964,17.190188776339156,1982,5
ANC,2021,2018,3,801.166285679513,12.253352157977908,10.34666461209007,17.190188776339156,1982,5
ANC,2022,2018,4,877.7524123158435,13.424690489189024,9.670712896110878,17.190188776339156,1982,5
ANC,2023,2018,5,926.7933968450953,14.174742587426282,11.620189588654467,17.190188776339156,1982,5
CMA,2019,2018,1,101.07062382781315,0.00741506807489172,NA,0.00293172690763052,1982,5
CMA,2020,2018,2,99.27094956923293,0.007283034585489922,NA,0.00293172690763052,1982,5
CMA,2021,2018,3,98.10850195343805,0.007197751365913686,NA,0.00293172690763052,1982,5
CMA,2022,2018,4,97.07800802475933,0.007122148956998776,NA,0.00293172690763052,1982,5
CMA,2023,2018,5,95.13814786934361,0.006979830699097422,NA,0.00293172690763052,1982,5
DMF,2019,2018,1,148.78612777148675,0.4917162274571095,0.5974387098186917,1.055181899380611,1982,5
DMF,2020,2018,2,147.94876759421533,0.48894887546295657,2.9020302341101365,1.055181899380611,1982,5
DMF,2021,2018,3,149.6361405771979,0.49452539452378963,0.3833456358538275,1.055181899380611,1982,5
DMF,2022,2018,4,153.5762409267108,0.5075468455735844,1.0582687169226213,1.055181899380611,1982,5
DMF,2023,2018,5,155.3795008411814,0.5135063538661179,0.49158609242439266,1.055181899380611,1982,5
LPF,2019,2018,1,209.31544745432052,3.175898597767598,4.604601765476088,3.606002657964865,1982,5
LPF,2020,2018,2,204.72160693472048,3.1061972362961776,3.391696528557638,3.606002657964865,1982,5
LPF,2021,2018,3,202.56342312743473,3.0734515741358184,4.970937032567688,3.606002657964865,1982,5
LPF,2022,2018,4,201.03979545162764,3.0503338966879,3.0040670153152296,3.606002657964865,1982,5
LPF,2023,2018,5,197.6382244567035,2.9987225861784643,2.971088139469183,3.606002657964865,1982,5
MPF,2019,2018,1,144.22446925444424,0.0796916749290037,0.11601638667606916,0.1108619298161498,1982,5
MPF,2020,2018,2,149.8459283885493,0.08279782949665503,0.05797671431916668,0.1108619298161498,1982,5
MPF,2021,2018,3,157.3806815652331,0.08696118058354459,0.05882532751091702,0.1108619298161498,1982,5
MPF,2022,2018,4,164.653695385986,0.09097990678273796,0.11967652359302516,0.1108619298161498,1982,5
MPF,2023,2018,5,167.95962833384618,0.09280661022064877,0.06544736842105262,0.1108619298161498,1982,5
NTU,2019,2018,1,204.31816758842083,0.3202173109584888,0.347744517636968,0.515669359008297,1982,5
NTU,2020,2018,2,211.800097826171,0.3319433537758733,0.3415946700420802,0.515669359008297,1982,5
NTU,2021,2018,3,220.52500876642713,0.3456174560479194,0.4298561958845015,0.515669359008297,1982,5
NTU,2022,2018,4,229.69183596009765,0.3599841508388171,0.262905487759869,0.515669359008297,1982,5
NTU,2023,2018,5,237.92052400011758,0.3728805485894045,0.31066452314777493,0.515669359008297,1982,5
SAR,2019,2018,1,633.6111123707872,0.9126648284390074,1.2096015716470407,0.9698245108921388,1982,5
SAR,2020,2018,2,666.7839414108635,0.9604475673045161,1.285029171299113,0.9698245108921388,1982,5
SAR,2021,2018,3,705.9757459694355,1.016900146631648,1.7757065090593287,0.9698245108921388,1982,5
SAR,2022,2018,4,746.5054930152734,1.0752799223522158,0.9396314451618436,0.9698245108921388,1982,5
SAR,2023,2018,5,782.3090410561507,1.1268519961246732,0.7877984966191535,0.9698245108921388,1982,5
SCP,2019,2018,1,90.76381358934722,1.4597909718886697,1.9560199988394813,1.2441045134099813,1982,5
SCP,2020,2018,2,94.4503614805791,1.5190832064944568,0.951875864518764,1.2441045134099813,1982,5
SCP,2021,2018,3,100.02338018416778,1.608716311009804,1.439682798305725,1.2441045134099813,1982,5
SCP,2022,2018,4,105.88524651693706,1.702995068287573,1.3023615838579825,1.2441045134099813,1982,5
SCP,2023,2018,5,110.34214553705783,1.774677170382007,1.2720672101834425,1.2441045134099813,1982,5
ANC,2023,2022,1,775.8509108291795,12.148752951286722,11.620189588654467,9.670712896110878,1983,1
CMA,2023,2022,1,139.97076878044635,0.009006449447300236,NA,0.00293172690763052,1983,1
DMF,2023,2022,1,245.55460691710167,0.701008081960689,0.49158609242439266,1.0582687169226213,1983,1
LPF,2023,2022,1,265.8117882380077,3.2228732786512766,2.971088139469183,3.0040670153152296,1983,1
MPF,2023,2022,1,125.09948371897549,0.08418207043033459,0.06544736842105262,0.11967652359302516,1983,1
NTU,2023,2022,1,244.5306841504228,0.37911396298223177,0.31066452314777493,0.262905487759869,1983,1
SAR,2023,2022,1,923.8473783742588,1.316187481703279,0.7877984966191535,0.9396314451618436,1983,1
SCP,2023,2022,1,89.72160851935928,1.494900210808802,1.2720672101834425,1.3023615838579825,1983,1
ANC,2022,2021,1,795.1249364614507,11.652433822957939,9.670712896110878,10.34666461209007,1983,2
ANC,2023,2021,2,843.0780267051807,12.35517899550666,11.620189588654467,10.34666461209007,1983,2
CMA,2022,2021,1,142.48636949444796,0.00933603377257216,NA,0.00293172690763052,1983,2
CMA,2023,2021,2,141.08450880463326,0.009244180644508136,NA,0.00293172690763052,1983,2
DMF,2022,2021,1,217.96715165246687,0.6267701672637879,1.0582687169226213,0.3833456358538275,1983,2
DMF,2023,2021,2,220.75855679109796,0.6347969247470914,0.49158609242439266,0.3833456358538275,1983,2
LPF,2022,2021,1,305.0446111805278,3.464786440546815,3.0040670153152296,4.970937032567688,1983,2
LPF,2023,2021,2,296.1899370274064,3.364212446394075,2.971088139469183,4.970937032567688,1983,2
MPF,2022,2021,1,114.07394528872202,0.07507400352624262,0.11967652359302516,0.05882532751091702,1983,2
MPF,2023,2021,2,115.0569512929499,0.07572093649626428,0.06544736842105262,0.05882532751091702,1983,2
NTU,2022,2021,1,252.91283740097666,0.38865035622100885,0.262905487759869,0.4298561958845015,1983,2
NTU,2023,2021,2,264.6456073352464,0.40668006661955053,0.31066452314777493,0.4298561958845015,1983,2
SAR,2022,2021,1,934.6768247007855,1.3452574554236265,0.9396314451618436,1.7757065090593287,1983,2
SAR,2023,2021,2,995.0915497350043,1.4322108890830831,0.7877984966191535,1.7757065090593287,1983,2
SCP,2022,2021,1,93.96788506028354,1.5274577754068501,1.3023615838579825,1.439682798305725,1983,2
SCP,2023,2021,2,96.46232621512618,1.5680051766260528,1.2720672101834425,1.439682798305725,1983,2
ANC,2021,2020,1,763.1996886269401,10.353414652124279,10.34666461209007,5.958320968763964,1983,3
ANC,2022,2020,2,830.2741141820957,11.263332922105414,9.670712896110878,5.958320968763964,1983,3
ANC,2023,2020,3,873.4920218795681,11.849618432250434,11.620189588654467,5.958320968763964,1983,3
CMA,2021,2020,1,130.31175582782433,0.008824254271100807,NA,0.00293172690763052,1983,3
CMA,2022,2020,2,129.9471271840975,0.008799562900423372,NA,0.00293172690763052,1983,3
CMA,2023,2020,3,128.44267797171855,0.008697686885449484,NA,0.00293172690763052,1983,3
DMF,2021,2020,1,241.2388350043027,0.6952428111561003,0.3833456358538275,2.9020302341101365,1983,3
DMF,2022,2020,2,250.09010602161297,0.7207518986306338,1.0582687169226213,2.9020302341101365,1983,3
DMF,2023,2020,3,256.5422377860378,0.7393467414790843,0.49158609242439266,2.9020302341101365,1983,3
LPF,2021,2020,1,247.56637094049128,3.2556825795583157,4.970937032567688,3.391696528557638,1983,3
LPF,2022,2020,2,240.50058546769225,3.162762226170668,3.0040670153152296,3.391696528557638,1983,3
LPF,2023,2020,3,231.17717268684964,3.0401523884236945,2.971088139469183,3.391696528557638,1983,3
MPF,2021,2020,1,127.80919039613724,0.07995314212897268,0.05882532751091702,0.05797671431916668,1983,3
MPF,2022,2020,2,133.75880372600452,0.08367502064726182,0.11967652359302516,0.05797671431916668,1983,3
MPF,2023,2020,3,136.29921822688294,0.08526421874033865,0.06544736842105262,0.05797671431916668,1983,3
NTU,2021,2020,1,234.78229405579395,0.35817297048524255,0.4298561958845015,0.3415946700420802,1983,3
NTU,2022,2020,2,246.29077812170186,0.37572977961450654,0.262905487759869,0.3415946700420802,1983,3
NTU,2023,2020,3,256.87681867116294,0.3918793517299262,0.31066452314777493,0.3415946700420802,1983,3
SAR,2021,2020,1,834.2455964899365,1.1633486120207759,1.7757065090593287,1.285029171299113,1983,3
SAR,2022,2020,2,889.2976893446986,1.2401183020028304,0.9396314451618436,1.285029171299113,1983,3
SAR,2023,2020,3,940.4082093630559,1.3113915011341046,0.7877984966191535,1.285029171299113,1983,3
SCP,2021,2020,1,91.43072664381154,1.4996788512586643,1.439682798305725,0.951875864518764,1983,3
SCP,2022,2020,2,96.09474880393327,1.5761797788142886,1.3023615838579825,0.951875864518764,1983,3
SCP,2023,2020,3,99.2042560648118,1.627183007686586,1.2720672101834425,0.951875864518764,1983,3
ANC,2020,2019,1,724.2835801137913,11.967066064506,5.958320968763964,11.169724519839384,1983,4
ANC,2021,2019,2,824.314797011443,13.61984436018275,10.34666461209007,11.169724519839384,1983,4
ANC,2022,2019,3,909.5630274539685,15.028368912717347,9.670712896110878,11.169724519839384,1983,4
ANC,2023,2019,4,964.2561795312942,15.932043360345443,11.620189588654467,11.169724519839384,1983,4
CMA,2020,2019,1,126.28691927297984,0.008834822187187886,NA,0.00293172690763052,1983,4
CMA,2021,2019,2,126.13630355486377,0.008824285362821501,NA,0.00293172690763052,1983,4
CMA,2022,2019,3,126.12469593548268,0.008823473313134654,NA,0.00293172690763052,1983,4
CMA,2023,2019,4,125.01805708755533,0.008746054705545226,NA,0.00293172690763052,1983,4
DMF,2020,2019,1,160.803729672041,0.5070997858075063,2.9020302341101365,0.5974387098186917,1983,4
DMF,2021,2019,2,161.44120921052712,0.5091100982429347,0.3833456358538275,0.5974387098186917,1983,4
DMF,2022,2019,3,164.5278870286689,0.5188440370242604,1.0582687169226213,0.5974387098186917,1983,4
DMF,2023,2019,4,165.45341975954128,0.5217627345603214,0.49158609242439266,0.5974387098186917,1983,4
LPF,2020,2019,1,261.6496249914931,3.4609186749309986,3.391696528557638,4.604601765476088,1983,4
LPF,2021,2019,2,259.6044779520614,3.433866896882476,4.970937032567688,4.604601765476088,1983,4
LPF,2022,2019,3,258.3640755782295,3.4174597197647443,3.0040670153152296,4.604601765476088,1983,4
LPF,2023,2019,4,254.98170123824895,3.3727200320268897,2.971088139469183,4.604601765476088,1983,4
MPF,2020,2019,1,164.3177482347284,0.09154131196403331,0.05797671431916668,0.11601638667606916,1983,4
MPF,2021,2019,2,173.17262947719487,0.09647436061476801,0.05882532751091702,0.11601638667606916,1983,4
MPF,2022,2019,3,181.57399760014016,0.10115475739800896,0.11967652359302516,0.11601638667606916,1983,4
MPF,2023,2019,4,185.53009807271886,0.1033586984294066,0.06544736842105262,0.11601638667606916,1983,4
NTU,2020,2019,1,226.30958437342773,0.3479939787916938,0.3415946700420802,0.347744517636968,1983,4
NTU,2021,2019,2,237.29884021312486,0.36489204731231756,0.4298561958845015,0.347744517636968,1983,4
NTU,2022,2019,3,248.88174851329748,0.3827029692691416,0.262905487759869,0.347744517636968,1983,4
NTU,2023,2019,4,259.593082039647,0.3991736794351265,0.31066452314777493,0.347744517636968,1983,4
SAR,2020,2019,1,759.096379830385,1.0628631817203853,1.285029171299113,1.2096015716470407,1983,4
SAR,2021,2019,2,809.2162469747598,1.1330394635152954,1.7757065090593287,1.2096015716470407,1983,4
SAR,2022,2019,3,861.5457146408133,1.2063095593543816,0.9396314451618436,1.2096015716470407,1983,4
SAR,2023,2019,4,909.5435448103997,1.2735146308646952,0.7877984966191535,1.2096015716470407,1983,4
SCP,2020,2019,1,107.46863675964845,1.6550328506869907,0.951875864518764,1.9560199988394813,1983,4
SCP,2021,2019,2,114.53548263262945,1.7638633190280277,1.439682798305725,1.9560199988394813,1983,4
SCP,2022,2019,3,121.92539561912272,1.8776690685484034,1.3023615838579825,1.9560199988394813,1983,4
SCP,2023,2019,4,127.73109482394007,1.9670776922631485,1.2720672101834425,1.9560199988394813,1983,4
ANC,2019,2018,1,617.3170085034455,9.529036280197817,11.169724519839384,17.190188776339156,1983,5
ANC,2020,2018,2,708.036453622677,10.929400877240578,5.958320968763964,17.190188776339156,1983,5
ANC,2021,2018,3,798.0298117335744,12.318557441214937,10.34666461209007,17.190188776339156,1983,5
ANC,2022,2018,4,874.8904473577613,13.504994515348873,9.670712896110878,17.190188776339156,1983,5
ANC,2023,2018,5,924.0436520281019,14.263733808353546,11.620189588654467,17.190188776339156,1983,5
CMA,2019,2018,1,110.17027722452669,0.008083954371860642,NA,0.00293172690763052,1983,5
CMA,2020,2018,2,109.30750955809296,0.008020647147583148,NA,0.00293172690763052,1983,5
CMA,2021,2018,3,109.0878646175509,0.00800453028083756,NA,0.00293172690763052,1983,5
CMA,2022,2018,4,108.98545072668946,0.007997015466119601,NA,0.00293172690763052,1983,5
CMA,2023,2018,5,107.89734438818118,0.007917173586677774,NA,0.00293172690763052,1983,5
DMF,2019,2018,1,150.07207418602837,0.4899257215521113,0.5974387098186917,1.055181899380611,1983,5
DMF,2020,2018,2,149.3033183243024,0.4874160389726153,2.9020302341101365,1.055181899380611,1983,5
DMF,2021,2018,3,151.06768684793607,0.4931760014887163,0.3833456358538275,1.055181899380611,1983,5
DMF,2022,2018,4,155.06784829699978,0.5062349399680243,1.0582687169226213,1.055181899380611,1983,5
DMF,2023,2018,5,156.84598463875773,0.5120398489424541,0.49158609242439266,1.055181899380611,1983,5
LPF,2019,2018,1,212.1804039555865,3.2193764260189592,4.604601765476088,3.606002657964865,1983,5
LPF,2020,2018,2,208.22587210153728,3.1593750008659938,3.391696528557638,3.606002657964865,1983,5
LPF,2021,2018,3,206.80725914493487,3.137850632804715,4.970937032567688,3.606002657964865,1983,5
LPF,2022,2018,4,206.05732619899965,3.1264720304350813,3.0040670153152296,3.606002657964865,1983,5
LPF,2023,2018,5,203.35790721011102,3.0855142148462535,2.971088139469183,3.606002657964865,1983,5
MPF,2019,2018,1,142.97210400793242,0.08027167757391573,0.11601638667606916,0.1108619298161498,1983,5
MPF,2020,2018,2,149.15806138953002,0.08374478290356828,0.05797671431916668,0.1108619298161498,1983,5
MPF,2021,2018,3,157.3106872900171,0.08832207413255058,0.05882532751091702,0.1108619298161498,1983,5
MPF,2022,2018,4,165.134992081525,0.0927150294983688,0.11967652359302516,0.1108619298161498,1983,5
MPF,2023,2018,5,168.81443088607475,0.0947808501521334,0.06544736842105262,0.1108619298161498,1983,5
NTU,2019,2018,1,215.25988467094402,0.3314285910815052,0.347744517636968,0.515669359008297,1983,5
NTU,2020,2018,2,224.22293710514361,0.34522870922519666,0.3415946700420802,0.515669359008297,1983,5
NTU,2021,2018,3,234.52492791349167,0.3610903469110329,0.4298561958845015,0.515669359008297,1983,5
NTU,2022,2018,4,245.36427598820796,0.37777933597249624,0.262905487759869,0.515669359008297,1983,5
NTU,2023,2018,5,255.32446928515253,0.3931147192295857,0.31066452314777493,0.515669359008297,1983,5
SAR,2019,2018,1,674.3147453359161,0.9441415610530031,1.2096015716470407,0.9698245108921388,1983,5
SAR,2020,2018,2,712.7279734153958,0.9979258292673634,1.285029171299113,0.9698245108921388,1983,5
SAR,2021,2018,3,757.4765847871026,1.0605805822409036,1.7757065090593287,0.9698245108921388,1983,5
SAR,2022,2018,4,803.7215063006055,1.1253303933499306,0.9396314451618436,0.9698245108921388,1983,5
SAR,2023,2018,5,845.1058560253479,1.1832746765241287,0.7877984966191535,0.9698245108921388,1983,5
SCP,2019,2018,1,90.81489266341863,1.481140818656336,1.9560199988394813,1.2441045134099813,1983,5
SCP,2020,2018,2,94.98357224358014,1.5491296837531672,0.951875864518764,1.2441045134099813,1983,5
SCP,2021,2018,3,101.07915023360098,1.6485451993094584,1.439682798305725,1.2441045134099813,1983,5
SCP,2022,2018,4,107.42485906009328,1.7520402108717144,1.3023615838579825,1.2441045134099813,1983,5
SCP,2023,2018,5,112.24817452832265,1.8307058262981224,1.2720672101834425,1.2441045134099813,1983,5
ANC,2023,2022,1,775.4400104922362,12.151815709387838,11.620189588654467,9.670712896110878,1984,1
CMA,2023,2022,1,151.04300836932566,0.009166664531433735,NA,0.00293172690763052,1984,1
DMF,2023,2022,1,250.32149670733818,0.6974713087992606,0.49158609242439266,1.0582687169226213,1984,1
LPF,2023,2022,1,249.83955458591976,3.248665806351426,2.971088139469183,3.0040670153152296,1984,1
MPF,2023,2022,1,122.567251573357,0.08640174088055126,0.06544736842105262,0.11967652359302516,1984,1
NTU,2023,2022,1,235.5060776216235,0.38513628041003023,0.31066452314777493,0.262905487759869,1984,1
SAR,2023,2022,1,985.1450523250481,1.3559120024509328,0.7877984966191535,0.9396314451618436,1984,1
SCP,2023,2022,1,87.21329507069115,1.54216322260659,1.2720672101834425,1.3023615838579825,1984,1
ANC,2022,2021,1,795.3324754370725,11.668779240799685,9.670712896110878,10.34666461209007,1984,2
ANC,2023,2021,2,843.2229876025046,12.371408432296183,11.620189588654467,10.34666461209007,1984,2
CMA,2022,2021,1,152.83551311723645,0.009413965045096588,NA,0.00293172690763052,1984,2
CMA,2023,2021,2,151.5854440446789,0.009336966536615211,NA,0.00293172690763052,1984,2
DMF,2022,2021,1,220.28464509810868,0.6229820830879147,1.0582687169226213,0.3833456358538275,1984,2
DMF,2023,2021,2,223.16368599582117,0.6311242343257071,0.49158609242439266,0.3833456358538275,1984,2
LPF,2022,2021,1,290.3076189807031,3.4940799641949063,3.0040670153152296,4.970937032567688,1984,2
LPF,2023,2021,2,282.68541663380057,3.4023407787168916,2.971088139469183,4.970937032567688,1984,2
MPF,2022,2021,1,111.50517434260226,0.07713547404676199,0.11967652359302516,0.05882532751091702,1984,2
MPF,2023,2021,2,113.09591910096924,0.07823589698002455,0.06544736842105262,0.05882532751091702,1984,2
NTU,2022,2021,1,244.73564632517554,0.39553792294302753,0.262905487759869,0.4298561958845015,1984,2
NTU,2023,2021,2,256.85118942491755,0.41511887416511245,0.31066452314777493,0.4298561958845015,1984,2
SAR,2022,2021,1,1008.4642831855103,1.4019666439570884,0.9396314451618436,1.7757065090593287,1984,2
SAR,2023,2021,2,1077.6557396239587,1.4981565790801257,0.7877984966191535,1.7757065090593287,1984,2
SCP,2022,2021,1,92.37398820620193,1.5832585403852104,1.3023615838579825,1.439682798305725,1984,2
SCP,2023,2021,2,95.38567934884972,1.6348778957383168,1.2720672101834425,1.439682798305725,1984,2
ANC,2021,2020,1,762.7937758829961,10.377050199275523,10.34666461209007,5.958320968763964,1984,3
ANC,2022,2020,2,830.0276964928462,11.29170077892254,9.670712896110878,5.958320968763964,1984,3
ANC,2023,2020,3,873.3310141495856,11.880799320791196,11.620189588654467,5.958320968763964,1984,3
CMA,2021,2020,1,138.76825901375386,0.00892910123807481,NA,0.00293172690763052,1984,3
CMA,2022,2020,2,138.66241195213772,0.008922290464951039,NA,0.00293172690763052,1984,3
CMA,2023,2020,3,137.3682384114269,0.008839016331177412,NA,0.00293172690763052,1984,3
DMF,2021,2020,1,244.2418155193386,0.68758347162895594,0.3833456358538275,2.9020302341101365,1984,3
DMF,2022,2020,2,253.02885893657555,0.7123205372511191,1.0582687169226213,2.9020302341101365,1984,3
DMF,2023,2020,3,259.2378049317385,0.729799807266506,0.49158609242439266,2.9020302341101365,1984,3
LPF,2021,2020,1,233.80250871737317,3.2761417904679506,4.970937032567688,3.391696528557638,1984,3
LPF,2022,2020,2,227.88145288319055,3.1931733973207717,3.0040670153152296,3.391696528557638,1984,3
LPF,2023,2020,3,219.69486972541546,3.0784594562622978,2.971088139469183,3.391696528557638,1984,3
MPF,2021,2020,1,125.38249385388801,0.08238417879693649,0.05882532751091702,0.05797671431916668,1984,3
MPF,2022,2020,2,132.3116630437818,0.08693707845547788,0.11967652359302516,0.05797671431916668,1984,3
MPF,2023,2020,3,135.54010113322258,0.08905836518873805,0.06544736842105262,0.05797671431916668,1984,3
NTU,2021,2020,1,226.3655011813626,0.3640450212078177,0.4298561958845015,0.3415946700420802,1984,3
NTU,2022,2020,2,238.3206447171118,0.38327149546869616,0.262905487759869,0.3415946700420802,1984,3
NTU,2023,2020,3,249.32408624601035,0.4009674256517035,0.31066452314777493,0.3415946700420802,1984,3
SAR,2021,2020,1,898.6539388180768,1.2145654949512157,1.7757065090593287,1.285029171299113,1984,3
SAR,2022,2020,2,961.7261646937355,1.2998100434134379,0.9396314451618436,1.285029171299113,1984,3
SAR,2023,2020,3,1020.8246944765805,1.3796839881835403,0.7877984966191535,1.285029171299113,1984,3
SCP,2021,2020,1,90.34087550663232,1.5573815427958853,1.439682798305725,0.951875864518764,1984,3
SCP,2022,2020,2,95.79732732689875,1.651445025204954,1.3023615838579825,0.951875864518764,1984,3
SCP,2023,2020,3,99.47583839592181,1.7148586816670977,1.2720672101834425,0.951875864518764,1984,3
ANC,2020,2019,1,722.3920091918708,12.007062030129374,5.958320968763964,11.169724519839384,1984,4
ANC,2021,2019,2,823.0073301576971,13.679414969594374,10.34666461209007,11.169724519839384,1984,4
ANC,2022,2019,3,908.8550829693256,15.106312388226614,9.670712896110878,11.169724519839384,1984,4
ANC,2023,2019,4,963.9984185392273,16.022863848252786,11.620189588654467,11.169724519839384,1984,4
CMA,2020,2019,1,132.44012075440267,0.008843826904363751,NA,0.00293172690763052,1984,4
CMA,2021,2019,2,132.45905072358102,0.008845090972757562,NA,0.00293172690763052,1984,4
CMA,2022,2019,3,132.61477488746485,0.008855489615875452,NA,0.00293172690763052,1984,4
CMA,2023,2019,4,131.63577222655186,0.008790115694266899,NA,0.00293172690763052,1984,4
DMF,2020,2019,1,156.0541631046957,0.5045137396588845,2.9020302341101365,0.5974387098186917,1984,4
DMF,2021,2019,2,157.0035756221894,0.5075831333242002,0.3833456358538275,0.5974387098186917,1984,4
DMF,2022,2019,3,160.27403423099884,0.5181563296446539,1.0582687169226213,0.5974387098186917,1984,4
DMF,2023,2019,4,161.17623244394082,0.5210730822981512,0.49158609242439266,0.5974387098186917,1984,4
LPF,2020,2019,1,248.63484702835342,3.4847633434363807,3.391696528557638,4.604601765476088,1984,4
LPF,2021,2019,2,247.66838188751427,3.471217767119312,4.970937032567688,4.604601765476088,1984,4
LPF,2022,2019,3,247.51708856685784,3.469097302412809,3.0040670153152296,4.604601765476088,1984,4
LPF,2023,2019,4,245.1735010559148,3.43625054763214,2.971088139469183,4.604601765476088,1984,4
MPF,2020,2019,1,159.62041008687368,0.09412298569640434,0.05797671431916668,0.11601638667606916,1984,4
MPF,2021,2019,2,169.81213962960393,0.10013271849592499,0.05882532751091702,0.11601638667606916,1984,4
MPF,2022,2019,3,179.28245832049797,0.10571705868273618,0.11967652359302516,0.11601638667606916,1984,4
MPF,2023,2019,4,183.8010130806572,0.10838150406805637,0.06544736842105262,0.11601638667606916,1984,4
NTU,2020,2019,1,219.13296192091244,0.35375692308957885,0.3415946700420802,0.347744517636968,1984,4
NTU,2021,2019,2,230.68779102739782,0.37241044173736415,0.4298561958845015,0.347744517636968,1984,4
NTU,2022,2019,3,242.85830854255912,0.39205789591691914,0.262905487759869,0.347744517636968,1984,4
NTU,2023,2019,4,254.12667757729088,0.41024896823676155,0.31066452314777493,0.347744517636968,1984,4
SAR,2020,2019,1,817.604292563145,1.112900071046933,1.285029171299113,1.2096015716470407,1984,4
SAR,2021,2019,2,875.575717117814,1.1918091510168138,1.7757065090593287,1.2096015716470407,1984,4
SAR,2022,2019,3,935.90542526331,1.2739282605812707,0.9396314451618436,1.2096015716470407,1984,4
SAR,2023,2019,4,991.7423965996018,1.3499319825925584,0.7877984966191535,1.2096015716470407,1984,4
SCP,2020,2019,1,107.47591952336386,1.7001894318101165,0.951875864518764,1.9560199988394813,1984,4
SCP,2021,2019,2,115.36495021614256,1.8249880534043448,1.439682798305725,1.9560199988394813,1984,4
SCP,2022,2019,3,123.34231741739205,1.9511840931254527,1.3023615838579825,1.9560199988394813,1984,4
SCP,2023,2019,4,129.33485534533355,2.0459816040468883,1.2720672101834425,1.9560199988394813,1984,4
ANC,2019,2018,1,613.2754750952848,9.581203501270894,11.169724519839384,17.190188776339156,1984,5
ANC,2020,2018,2,704.5699169615897,11.007496678770137,5.958320968763964,17.190188776339156,1984,5
ANC,2021,2018,3,795.2303172869913,12.423884224496465,10.34666461209007,17.190188776339156,1984,5
ANC,2022,2018,4,872.6615046825269,13.633591760357739,9.670712896110878,17.190188776339156,1984,5
ANC,2023,2018,5,922.0942133999642,14.405879029414482,11.620189588654467,17.190188776339156,1984,5
CMA,2019,2018,1,115.720256218167,0.008180103503272695,NA,0.00293172690763052,1984,5
CMA,2020,2018,2,115.07116805448354,0.00813422036634229,NA,0.00293172690763052,1984,5
CMA,2021,2018,3,115.11846816671158,0.008137563945300602,NA,0.00293172690763052,1984,5
CMA,2022,2018,4,115.28062322438394,0.00814902646015054,NA,0.00293172690763052,1984,5
CMA,2023,2018,5,114.4170391310632,0.00808798090513703,NA,0.00293172690763052,1984,5
DMF,2019,2018,1,145.56510820901465,0.488140255821721,0.5974387098186917,1.055181899380611,1984,5
DMF,2020,2018,2,145.26457113878755,0.4871324302229249,2.9020302341101365,1.055181899380611,1984,5
DMF,2021,2018,3,147.39444059070084,0.49427476695399764,0.3833456358538275,1.055181899380611,1984,5
DMF,2022,2018,4,151.60640169474118,0.5083992216130439,1.0582687169226213,1.055181899380611,1984,5
DMF,2023,2018,5,153.35287679667215,0.5142558778786287,0.49158609242439266,1.055181899380611,1984,5
LPF,2019,2018,1,198.71590267903375,3.2305177832334326,4.604601765476088,3.606002657964865,1984,5
LPF,2020,2018,2,195.75350881836079,3.1823582453261765,3.391696528557638,3.606002657964865,1984,5
LPF,2021,2018,3,195.35949919327342,3.1759528440299056,4.970937032567688,3.606002657964865,1984,5
LPF,2022,2018,4,195.63723092783187,3.180467919549093,3.0040670153152296,3.606002657964865,1984,5
LPF,2023,2018,5,193.91541612655297,3.1524764339157043,2.971088139469183,3.606002657964865,1984,5
MPF,2019,2018,1,139.0797976953309,0.08235575923394885,0.11601638667606916,0.1108619298161498,1984,5
MPF,2020,2018,2,146.73995680431364,0.08689170356034974,0.05797671431916668,0.1108619298161498,1984,5
MPF,2021,2018,3,156.3803831218536,0.0926002582309509,0.05882532751091702,0.1108619298161498,1984,5
MPF,2022,2018,4,165.45476105152048,0.09797362874455061,0.11967652359302516,0.1108619298161498,1984,5
MPF,2023,2018,5,169.8776700319088,0.10059264339037619,0.06544736842105262,0.1108619298161498,1984,5
NTU,2019,2018,1,208.69669190479908,0.33720681352539617,0.347744517636968,0.515669359008297,1984,5
NTU,2020,2018,2,218.28779397982814,0.35270387262776415,0.3415946700420802,0.515669359008297,1984,5
NTU,2021,2018,3,229.3207938234549,0.3705307135179528,0.4298561958845015,0.515669359008297,1984,5
NTU,2022,2018,4,240.92876442133164,0.389286577547614,0.262905487759869,0.515669359008297,1984,5
NTU,2023,2018,5,251.64427662107633,0.4066004299675494,0.31066452314777493,0.515669359008297,1984,5
SAR,2019,2018,1,726.4025915876538,0.9935114179490361,1.2096015716470407,0.9698245108921388,1984,5
SAR,2020,2018,2,772.3829757214884,1.056399459880168,1.285029171299113,0.9698245108921388,1984,5
SAR,2021,2018,3,825.0261862235662,1.1284003466019465,1.7757065090593287,0.9698245108921388,1984,5
SAR,2022,2018,4,879.2518215820818,1.2025655388770422,0.9396314451618436,0.9698245108921388,1984,5
SAR,2023,2018,5,928.3311656837469,1.269692073549613,0.7877984966191535,0.9698245108921388,1984,5
SCP,2019,2018,1,91.22146996973257,1.5257556335933944,1.9560199988394813,1.2441045134099813,1984,5
SCP,2020,2018,2,96.40456440678136,1.6124472374383851,0.951875864518764,1.2441045134099813,1984,5
SCP,2021,2018,3,103.52613221124591,1.7315614350202089,1.439682798305725,1.2441045134099813,1984,5
SCP,2022,2018,4,110.70777206666956,1.8516803880636885,1.3023615838579825,1.2441045134099813,1984,5
SCP,2023,2018,5,115.99246496097419,1.9400713113624648,1.2720672101834425,1.2441045134099813,1984,5
ANC,2023,2022,1,774.2448300477455,12.141771162332041,11.620189588654467,9.670712896110878,1985,1
CMA,2023,2022,1,173.05601606989964,0.010197648803177368,NA,0.00293172690763052,1985,1
DMF,2023,2022,1,274.75348039943617,0.7087733881574216,0.49158609242439266,1.0582687169226213,1985,1
LPF,2023,2022,1,260.1862674484168,3.3306687082289392,2.971088139469183,3.0040670153152296,1985,1
MPF,2023,2022,1,122.20632895357134,0.08768925868844801,0.06544736842105262,0.11967652359302516,1985,1
NTU,2023,2022,1,243.22491721658207,0.3894072838819061,0.31066452314777493,0.262905487759869,1985,1
SAR,2023,2022,1,1063.4062800234228,1.3588631581346093,0.7877984966191535,0.9396314451618436,1985,1
SCP,2023,2022,1,90.75723547138277,1.5456542676497844,1.2720672101834425,1.3023615838579825,1985,1
ANC,2022,2021,1,794.4869811365165,11.657229967984218,9.670712896110878,10.34666461209007,1985,2
ANC,2023,2021,2,841.9375292088433,12.353455285855045,11.620189588654467,10.34666461209007,1985,2
CMA,2022,2021,1,171.15499507960848,0.010296239527202062,NA,0.00293172690763052,1985,2
CMA,2023,2021,2,171.38012944727558,0.010309783025446021,NA,0.00293172690763052,1985,2
DMF,2022,2021,1,242.37838912923715,0.6376351669942028,1.0582687169226213,0.3833456358538275,1985,2
DMF,2023,2021,2,246.1628467302777,0.6475911010322629,0.49158609242439266,0.3833456358538275,1985,2
LPF,2022,2021,1,303.4045471741718,3.560680384142019,3.0040670153152296,4.970937032567688,1985,2
LPF,2023,2021,2,297.5170151027416,3.4915857705213664,2.971088139469183,4.970937032567688,1985,2
MPF,2022,2021,1,112.22626377568147,0.07769516727487691,0.11967652359302516,0.05882532751091702,1985,2
MPF,2023,2021,2,113.94104234191059,0.07888232260786425,0.06544736842105262,0.05882532751091702,1985,2
NTU,2022,2021,1,254.03457354649143,0.40055406542553873,0.262905487759869,0.4298561958845015,1985,2
NTU,2023,2021,2,266.90112229524067,0.42084165202195206,0.31066452314777493,0.4298561958845015,1985,2
SAR,2022,2021,1,1091.7332980874342,1.4137831092842654,0.9396314451618436,1.7757065090593287,1985,2
SAR,2023,2021,2,1165.2922344075541,1.5090411561795005,0.7877984966191535,1.7757065090593287,1985,2
SCP,2022,2021,1,96.02955898317988,1.5900673157675647,1.3023615838579825,1.439682798305725,1985,2
SCP,2023,2021,2,99.10202638589539,1.6409415470724786,1.2720672101834425,1.439682798305725,1985,2
ANC,2021,2020,1,762.6548808447191,10.3681300373873,10.34666461209007,5.958320968763964,1985,3
ANC,2022,2020,2,829.4311706025462,11.275939418816238,9.670712896110878,5.958320968763964,1985,3
ANC,2023,2020,3,872.2475879753456,11.858019458171048,11.620189588654467,5.958320968763964,1985,3
CMA,2021,2020,1,158.1588631527196,0.009912045102990576,NA,0.00293172690763052,1985,3
CMA,2022,2020,2,159.72653483834978,0.010010293358857484,NA,0.00293172690763052,1985,3
CMA,2023,2020,3,159.96198291052488,0.010025049230670739,NA,0.00293172690763052,1985,3
DMF,2021,2020,1,271.0260984728337,0.7018976006598818,0.3833456358538275,2.9020302341101365,1985,3
DMF,2022,2020,2,280.9949662917143,0.7277147616004513,1.0582687169226213,2.9020302341101365,1985,3
DMF,2023,2020,3,288.21668707323323,0.7464174198232049,0.49158609242439266,2.9020302341101365,1985,3
LPF,2021,2020,1,245.45447796392455,3.3518309330737357,4.970937032567688,3.391696528557638,1985,3
LPF,2022,2020,2,241.37139368376026,3.2960739214024586,3.0040670153152296,3.391696528557638,1985,3
LPF,2023,2020,3,234.97141479776258,3.2086782976637926,2.971088139469183,3.391696528557638,1985,3
MPF,2021,2020,1,126.14455898771683,0.0843543993232683,0.05882532751091702,0.05797671431916668,1985,3
MPF,2022,2020,2,133.75969761113677,0.08944673504901736,0.11967652359302516,0.05797671431916668,1985,3
MPF,2023,2020,3,137.31488103043895,0.09182412939900657,0.06544736842105262,0.05797671431916668,1985,3
NTU,2021,2020,1,236.33861903913598,0.3691790949855455,0.4298561958845015,0.3415946700420802,1985,3
NTU,2022,2020,2,249.1205084252793,0.38914538900455364,0.262905487759869,0.3415946700420802,1985,3
NTU,2023,2020,3,260.94326689080583,0.4076134467781036,0.31066452314777493,0.3415946700420802,1985,3
SAR,2021,2020,1,974.5982037363317,1.2276738257872688,1.7757065090593287,1.285029171299113,1985,3
SAR,2022,2020,2,1042.1240446102709,1.3127342199962846,0.9396314451618436,1.285029171299113,1985,3
SAR,2023,2020,3,1104.8763229828157,1.3917814923708314,0.7877984966191535,1.285029171299113,1985,3
SCP,2021,2020,1,94.13508446403596,1.5658708531795649,1.439682798305725,0.951875864518764,1985,3
SCP,2022,2020,2,99.72926562191152,1.6589261180937882,1.3023615838579825,0.951875864518764,1985,3
SCP,2023,2020,3,103.44091722538239,1.7206668292868894,1.2720672101834425,0.951875864518764,1985,3
ANC,2020,2019,1,722.4177026479944,11.968832153705344,5.958320968763964,11.169724519839384,1985,4
ANC,2021,2019,2,822.1996671210117,13.621994279116958,10.34666461209007,11.169724519839384,1985,4
ANC,2022,2019,3,907.1046562756326,15.028678473702637,9.670712896110878,11.169724519839384,1985,4
ANC,2023,2019,4,961.39510605136,15.92814879195904,11.620189588654467,11.169724519839384,1985,4
CMA,2020,2019,1,151.17116456192124,0.009834621339034942,NA,0.00293172690763052,1985,4
CMA,2021,2019,2,152.88578060128933,0.009946167741008408,NA,0.00293172690763052,1985,4
CMA,2022,2019,3,154.66164080518428,0.010061698455526482,NA,0.00293172690763052,1985,4
CMA,2023,2019,4,155.14627103442595,0.010093226656078839,NA,0.00293172690763052,1985,4
DMF,2020,2019,1,169.90278778273728,0.5155143007714041,2.9020302341101365,0.5974387098186917,1985,4
DMF,2021,2019,2,171.3798780652024,0.5199960469162347,0.3833456358538275,0.5974387098186917,1985,4
DMF,2022,2019,3,175.22705173978355,0.531669033997141,1.0582687169226213,0.5974387098186917,1985,4
DMF,2023,2019,4,176.55215613658856,0.5356896288059889,0.49158609242439266,0.5974387098186917,1985,4
LPF,2020,2019,1,262.1684454989404,3.5509822282105485,3.391696528557638,4.604601765476088,1985,4
LPF,2021,2019,2,262.91098228156113,3.5610396358206096,4.970937032567688,4.604601765476088,1985,4
LPF,2022,2019,3,264.46173861216886,3.582044101708154,3.0040670153152296,4.604601765476088,1985,4
LPF,2023,2019,4,263.6555615495056,3.5711247081981528,2.971088139469183,4.604601765476088,1985,4
MPF,2020,2019,1,162.24060103503214,0.09808358520019488,0.05797671431916668,0.11601638667606916,1985,4
MPF,2021,2019,2,173.9877831821259,0.1051854187340702,0.05882532751091702,0.11601638667606916,1985,4
MPF,2022,2019,3,184.40696691370522,0.11148440239619418,0.11967652359302516,0.11601638667606916,1985,4
MPF,2023,2019,4,188.96102433847528,0.11423758671984302,0.06544736842105262,0.11601638667606916,1985,4
NTU,2020,2019,1,229.73111917233157,0.3593279855037551,0.3415946700420802,0.347744517636968,1985,4
NTU,2021,2019,2,242.20987068929276,0.37884630178735784,0.4298561958845015,0.347744517636968,1985,4
NTU,2022,2019,3,255.34492521026175,0.39939115743210507,0.262905487759869,0.347744517636968,1985,4
NTU,2023,2019,4,267.57635251382675,0.41852262794711476,0.31066452314777493,0.347744517636968,1985,4
SAR,2020,2019,1,888.139893715034,1.1251350062291494,1.285029171299113,1.2096015716470407,1985,4
SAR,2021,2019,2,950.4491064141023,1.2040710802805576,1.7757065090593287,1.2096015716470407,1985,4
SAR,2022,2019,3,1014.4754295581388,1.2851824659972417,0.9396314451618436,1.2096015716470407,1985,4
SAR,2023,2019,4,1073.0658004039392,1.3594073462588523,0.7877984966191535,1.2096015716470407,1985,4
SCP,2020,2019,1,110.87563125922158,1.700902299732304,0.951875864518764,1.9560199988394813,1985,4
SCP,2021,2019,2,118.80727002027758,1.8225786541855644,1.439682798305725,1.9560199988394813,1985,4
SCP,2022,2019,3,126.65832619925035,1.9430188208703574,1.3023615838579825,1.9560199988394813,1985,4
SCP,2023,2019,4,132.3411860067423,2.0301974840792347,1.2720672101834425,1.9560199988394813,1985,4
ANC,2019,2018,1,615.2207096246113,9.539994485894084,11.169724519839384,17.190188776339156,1985,5
ANC,2020,2018,2,705.7460393154646,10.943736480553907,5.958320968763964,17.190188776339156,1985,5
ANC,2021,2018,3,795.3991273153633,12.333952953735187,10.34666461209007,17.190188776339156,1985,5
ANC,2022,2018,4,871.749303683375,13.51788621565725,9.670712896110878,17.190188776339156,1985,5
ANC,2023,2018,5,920.2771339967137,14.270388896986256,11.620189588654467,17.190188776339156,1985,5
CMA,2019,2018,1,136.18495920460674,0.0093095990726668,NA,0.00293172690763052,1985,5
CMA,2020,2018,2,137.29708528020012,0.009385623972497899,NA,0.00293172690763052,1985,5
CMA,2021,2018,3,139.12978158451472,0.009510907028092118,NA,0.00293172690763052,1985,5
CMA,2022,2018,4,141.01360206049787,0.00963968493028273,NA,0.00293172690763052,1985,5
CMA,2023,2018,5,141.7008361340914,0.00968666422764125,NA,0.00293172690763052,1985,5
DMF,2019,2018,1,159.24417311735718,0.5004914869946637,0.5974387098186917,1.055181899380611,1985,5
DMF,2020,2018,2,159.31090684565555,0.5007012256761798,2.9020302341101365,1.055181899380611,1985,5
DMF,2021,2018,3,161.86563773574457,0.5087305371230079,0.3833456358538275,1.055181899380611,1985,5
DMF,2022,2018,4,166.5426455174916,0.5234299922650625,1.0582687169226213,1.055181899380611,1985,5
DMF,2023,2018,5,168.58394010403694,0.5298456151604843,0.49158609242439266,1.055181899380611,1985,5
LPF,2019,2018,1,209.77695842740852,3.3021046476949856,4.604601765476088,3.606002657964865,1985,5
LPF,2020,2018,2,208.43681441077814,3.2810094053048298,3.391696528557638,3.606002657964865,1985,5
LPF,2021,2018,3,209.82983940829106,3.3029370486128746,4.970937032567688,3.606002657964865,1985,5
LPF,2022,2018,4,211.8811317434608,3.3352264954831274,3.0040670153152296,3.606002657964865,1985,5
LPF,2023,2018,5,211.73367381145056,3.33290535627756,2.971088139469183,3.606002657964865,1985,5
MPF,2019,2018,1,143.86776608499804,0.08589263606513672,0.11601638667606916,0.1108619298161498,1985,5
MPF,2020,2018,2,153.5182015188642,0.09165418614092956,0.05797671431916668,0.1108619298161498,1985,5
MPF,2021,2018,3,165.02995518599687,0.09852698951523339,0.05882532751091702,0.1108619298161498,1985,5
MPF,2022,2018,4,175.4102514501687,0.10472428466708868,0.11967652359302516,0.1108619298161498,1985,5
MPF,2023,2018,5,180.18736543726857,0.10757634058135947,0.06544736842105262,0.1108619298161498,1985,5
NTU,2019,2018,1,220.28021067550338,0.34393015453074277,0.347744517636968,0.515669359008297,1985,5
NTU,2020,2018,2,230.8806663880953,0.3604809666084501,0.3415946700420802,0.515669359008297,1985,5
NTU,2021,2018,3,243.0201892754425,0.37943477080979643,0.4298561958845015,0.515669359008297,1985,5
NTU,2022,2018,4,255.79043387865988,0.39937333990009904,0.262905487759869,0.515669359008297,1985,5
NTU,2023,2018,5,267.68401081113143,0.4179431412443244,0.31066452314777493,0.515669359008297,1985,5
SAR,2019,2018,1,789.0544160480862,1.0064019238861843,1.2096015716470407,0.9698245108921388,1985,5
SAR,2020,2018,2,839.1841381013948,1.0703400347341119,1.285029171299113,0.9698245108921388,1985,5
SAR,2021,2018,3,895.6996472874428,1.14242291776151,1.7757065090593287,0.9698245108921388,1985,5
SAR,2022,2018,4,953.1159742506479,1.2156547516414262,0.9396314451618436,0.9698245108921388,1985,5
SAR,2023,2018,5,1004.394432153391,1.28105802122289,0.7877984966191535,0.9698245108921388,1985,5
SCP,2019,2018,1,94.90634633894008,1.5323914766286828,1.9560199988394813,1.2441045134099813,1985,5
SCP,2020,2018,2,100.28841142487177,1.6192922054259793,0.951875864518764,1.2441045134099813,1985,5
SCP,2021,2018,3,107.53042178091812,1.7362242692062992,1.439682798305725,1.2441045134099813,1985,5
SCP,2022,2018,4,114.68705626415823,1.8517778239106215,1.3023615838579825,1.2441045134099813,1985,5
SCP,2023,2018,5,119.77946474194168,1.9340016545383232,1.2720672101834425,1.2441045134099813,1985,5
ANC,2023,2022,1,773.7837260431905,12.136707311203944,11.620189588654467,9.670712896110878,1986,1
CMA,2023,2022,1,213.50418737419025,0.010545034114616988,NA,0.00293172690763052,1986,1
DMF,2023,2022,1,302.16228774529316,0.718004992143411,0.49158609242439266,1.0582687169226213,1986,1
LPF,2023,2022,1,278.0267496921973,3.4081552944500224,2.971088139469183,3.0040670153152296,1986,1
MPF,2023,2022,1,125.16336117827417,0.0869883287604917,0.06544736842105262,0.11967652359302516,1986,1
NTU,2023,2022,1,251.40372726802693,0.3887731091511538,0.31066452314777493,0.262905487759869,1986,1
SAR,2023,2022,1,1144.798316395001,1.360018556925404,0.7877984966191535,0.9396314451618436,1986,1
SCP,2023,2022,1,95.6198872541821,1.521422229775598,1.2720672101834425,1.3023615838579825,1986,1
ANC,2022,2021,1,793.7278040198128,11.647301129810986,9.670712896110878,10.34666461209007,1986,2
ANC,2023,2021,2,841.6608268027487,12.35067872045037,11.620189588654467,10.34666461209007,1986,2
CMA,2022,2021,1,210.45541474594296,0.010519550732087825,NA,0.00293172690763052,1986,2
CMA,2023,2021,2,210.9697629043874,0.010545260270391908,NA,0.00293172690763052,1986,2
DMF,2022,2021,1,264.75772128300633,0.6473547583896947,1.0582687169226213,0.3833456358538275,1986,2
DMF,2023,2021,2,269.2862043493538,0.6584272780015159,0.49158609242439266,0.3833456358538275,1986,2
LPF,2022,2021,1,324.0556492976629,3.605675129797442,3.0040670153152296,4.970937032567688,1986,2
LPF,2023,2021,2,319.62028841497573,3.5563241295570736,2.971088139469183,4.970937032567688,1986,2
MPF,2022,2021,1,120.98603867458475,0.07712797356342722,0.11967652359302516,0.05882532751091702,1986,2
MPF,2023,2021,2,122.40331635689914,0.07803148075162102,0.06544736842105262,0.05882532751091702,1986,2
NTU,2022,2021,1,219.70187076554762,0.34479975619750575,0.262905487759869,0.4298561958845015,1986,2
NTU,2023,2021,2,218.22764386944584,0.3424861069209452,0.31066452314777493,0.4298561958845015,1986,2
SAR,2022,2021,1,1172.3698584138217,1.4263716547151655,0.9396314451618436,1.7757065090593287,1986,2
SAR,2023,2021,2,1250.5491386063832,1.521489000536029,0.7877984966191535,1.7757065090593287,1986,2
SCP,2022,2021,1,102.63216337690568,1.5674809743608216,1.3023615838579825,1.439682798305725,1986,2
SCP,2023,2021,2,105.60555833118346,1.6128930544216775,1.2720672101834425,1.439682798305725,1986,2
ANC,2021,2020,1,761.6435859058283,10.353478468403225,10.34666461209007,5.958320968763964,1986,3
ANC,2022,2020,2,828.1397329895539,11.257400512523542,9.670712896110878,5.958320968763964,1986,3
ANC,2023,2020,3,870.6921918594675,11.835841629654853,11.620189588654467,5.958320968763964,1986,3
CMA,2021,2020,1,194.12497098809135,0.010195284235710074,NA,0.00293172690763052,1986,3
CMA,2022,2020,2,196.29884895240045,0.010309454523164941,NA,0.00293172690763052,1986,3
CMA,2023,2020,3,196.93167573301588,0.010342690066575476,NA,0.00293172690763052,1986,3
DMF,2021,2020,1,301.38722459806314,0.7143478675929685,0.3833456358538275,2.9020302341101365,1986,3
DMF,2022,2020,2,312.52316854133977,0.7407422770445417,1.0582687169226213,2.9020302341101365,1986,3
DMF,2023,2020,3,320.6047514835958,0.7598972413907424,0.49158609242439266,2.9020302341101365,1986,3
LPF,2021,2020,1,264.12529472737896,3.426495181215926,4.970937032567688,3.391696528557638,1986,3
LPF,2022,2020,2,261.8553051473893,3.3970466258805754,3.0040670153152296,3.391696528557638,1986,3
LPF,2023,2020,3,257.1504039860102,3.3360099835014254,2.971088139469183,3.391696528557638,1986,3
MPF,2021,2020,1,129.41186259080487,0.08372229170048093,0.05882532751091702,0.05797671431916668,1986,3
MPF,2022,2020,2,136.92356037239128,0.0885819432057249,0.11967652359302516,0.05797671431916668,1986,3
MPF,2023,2020,3,140.39371842981618,0.09082694284728902,0.06544736842105262,0.05797671431916668,1986,3
NTU,2021,2020,1,245.28738331712847,0.36958768708527645,0.4298561958845015,0.3415946700420802,1986,3
NTU,2022,2020,2,258.30264749623086,0.38919848532408824,0.262905487759869,0.3415946700420802,1986,3
NTU,2023,2020,3,270.34022969983903,0.40733615757027325,0.31066452314777493,0.3415946700420802,1986,3
SAR,2021,2020,1,1053.264663179191,1.2353821682087052,1.7757065090593287,1.285029171299113,1986,3
SAR,2022,2020,2,1124.833079672927,1.3193253105490395,0.9396314451618436,1.285029171299113,1986,3
SAR,2023,2020,3,1190.8335741555354,1.3967377946351023,0.7877984966191535,1.285029171299113,1986,3
SCP,2021,2020,1,98.56048492543871,1.5493916098751448,1.439682798305725,0.951875864518764,1986,3
SCP,2022,2020,2,104.05326792720835,1.6357393171154744,1.3023615838579825,0.951875864518764,1986,3
SCP,2023,2020,3,107.71905308852065,1.6933662329817956,1.2720672101834425,0.951875864518764,1986,3
ANC,2020,2019,1,722.1498697865921,11.928015242994192,5.958320968763964,11.169724519839384,1986,4
ANC,2021,2019,2,821.1241186345794,13.562809346428109,10.34666461209007,11.169724519839384,1986,4
ANC,2022,2019,3,905.1478385747611,14.95066006018056,9.670712896110878,11.169724519839384,1986,4
ANC,2023,2019,4,958.6643396845989,15.83461180994478,11.620189588654467,11.169724519839384,1986,4
CMA,2020,2019,1,183.92247063055478,0.010186831694384777,NA,0.00293172690763052,1986,4
CMA,2021,2019,2,186.33245394894112,0.010320312363530367,NA,0.00293172690763052,1986,4
CMA,2022,2019,3,188.70445655271791,0.0104516894118077,NA,0.00293172690763052,1986,4
CMA,2023,2019,4,189.59842910009257,0.010501203469814232,NA,0.00293172690763052,1986,4
DMF,2020,2019,1,185.7932851081235,0.528906937060395,2.9020302341101365,0.5974387098186917,1986,4
DMF,2021,2019,2,188.13698455880444,0.5355788622439579,0.3833456358538275,0.5974387098186917,1986,4
DMF,2022,2019,3,192.86648732698026,0.5490425717718819,1.0582687169226213,0.5974387098186917,1986,4
DMF,2023,2019,4,194.82206261455258,0.5546096046974204,0.49158609242439266,0.5974387098186917,1986,4
LPF,2020,2019,1,282.9992837210757,3.609011791929392,3.391696528557638,4.604601765476088,1986,4
LPF,2021,2019,2,285.3364421785479,3.638816928966198,4.970937032567688,4.604601765476088,1986,4
LPF,2022,2019,3,288.3164600350649,3.676820274568055,3.0040670153152296,4.604601765476088,1986,4
LPF,2023,2019,4,288.64474992240844,3.6810068649332863,2.971088139469183,4.604601765476088,1986,4
MPF,2020,2019,1,171.34290631924634,0.10033574369354079,0.05797671431916668,0.11601638667606916,1986,4
MPF,2021,2019,2,183.89450025134857,0.10768576207930544,0.05882532751091702,0.11601638667606916,1986,4
MPF,2022,2019,3,194.7284156105651,0.11402993458128524,0.11967652359302516,0.11601638667606916,1986,4
MPF,2023,2019,4,199.18010160940656,0.11663677273396406,0.06544736842105262,0.11601638667606916,1986,4
NTU,2020,2019,1,237.8844858850681,0.3600128295143491,0.3415946700420802,0.347744517636968,1986,4
NTU,2021,2019,2,250.62093176997544,0.37928808365260014,0.4298561958845015,0.347744517636968,1986,4
NTU,2022,2019,3,264.01069155803185,0.3995520587911244,0.262905487759869,0.347744517636968,1986,4
NTU,2023,2019,4,276.47890609815363,0.4184213733615158,0.31066452314777493,0.347744517636968,1986,4
SAR,2020,2019,1,962.4468117582836,1.133004274268862,1.285029171299113,1.2096015716470407,1986,4
SAR,2021,2019,2,1028.7138481087386,1.2110146479445056,1.7757065090593287,1.2096015716470407,1986,4
SAR,2022,2019,3,1096.0099133808728,1.2902364071765926,0.9396314451618436,1.2096015716470407,1986,4
SAR,2023,2019,4,1156.956508241595,1.3619834914161664,0.7877984966191535,1.2096015716470407,1986,4
SCP,2020,2019,1,116.01393756332573,1.6915910138082473,0.951875864518764,1.9560199988394813,1986,4
SCP,2021,2019,2,123.93286534930695,1.8070563394675057,1.439682798305725,1.9560199988394813,1986,4
SCP,2022,2019,3,131.79240517041904,1.9216557334136357,1.3023615838579825,1.9560199988394813,1986,4
SCP,2023,2019,4,137.51812683339975,2.0051420757970977,1.2720672101834425,1.9560199988394813,1986,4
ANC,2019,2018,1,617.092952808366,9.481640022908243,11.169724519839384,17.190188776339156,1986,5
ANC,2020,2018,2,706.6380613991585,10.857501603576438,5.958320968763964,17.190188776339156,1986,5
ANC,2021,2018,3,795.0834958674114,12.216466679228695,10.34666461209007,17.190188776339156,1986,5
ANC,2022,2018,4,870.2036838724247,13.370689196071979,9.670712896110878,17.190188776339156,1986,5
ANC,2023,2018,5,917.7565527649175,14.101339550841441,11.620189588654467,17.190188776339156,1986,5
CMA,2019,2018,1,166.60162182165683,0.009811207561203114,NA,0.00293172690763052,1986,5
CMA,2020,2018,2,168.55336892944277,0.009926146394163362,NA,0.00293172690763052,1986,5
CMA,2021,2018,3,171.2305161103483,0.01008380420311237,NA,0.00293172690763052,1986,5
CMA,2022,2018,4,173.8657548990857,0.010238994017274643,NA,0.00293172690763052,1986,5
CMA,2023,2018,5,175.12538969461582,0.010313174198086384,NA,0.00293172690763052,1986,5
DMF,2019,2018,1,174.46439763215932,0.5152020199397791,0.5974387098186917,1.055181899380611,1986,5
DMF,2020,2018,2,175.23839929917375,0.517487685254277,2.9020302341101365,1.055181899380611,1986,5
DMF,2021,2018,3,178.55589200648006,0.5272844057722552,0.3833456358538275,1.055181899380611,1986,5
DMF,2022,2018,4,184.00330551325436,0.5433708880587709,1.0582687169226213,1.055181899380611,1986,5
DMF,2023,2018,5,186.5405230300792,0.5508634172362757,0.49158609242439266,1.055181899380611,1986,5
LPF,2019,2018,1,228.66306387495027,3.3806623167643544,4.604601765476088,3.606002657964865,1986,5
LPF,2020,2018,2,229.04282726153252,3.3862769173410685,3.391696528557638,3.606002657964865,1986,5
LPF,2021,2018,3,232.19945873924428,3.432946042226267,4.970937032567688,3.606002657964865,1986,5
LPF,2022,2018,4,235.83701183110188,3.486725338516978,3.0040670153152296,3.606002657964865,1986,5
LPF,2023,2018,5,236.93035661582766,3.5028898622066222,2.971088139469183,3.606002657964865,1986,5
MPF,2019,2018,1,153.6426383484614,0.08793120730291619,0.11601638667606916,0.1108619298161498,1986,5
MPF,2020,2018,2,164.30365669120707,0.0940326139438908,0.05797671431916668,0.1108619298161498,1986,5
MPF,2021,2018,3,176.6962764641953,0.10112503327486722,0.05882532751091702,0.1108619298161498,1986,5
MPF,2022,2018,4,187.62633460880124,0.10738041406549458,0.11967652359302516,0.1108619298161498,1986,5
MPF,2023,2018,5,192.45963189593905,0.11014655808827582,0.06544736842105262,0.1108619298161498,1986,5
NTU,2019,2018,1,227.94807570029747,0.34523026226836173,0.347744517636968,0.515669359008297,1986,5
NTU,2020,2018,2,238.83046941874957,0.361711786080251,0.3415946700420802,0.515669359008297,1986,5
NTU,2021,2018,3,251.2865374750491,0.3805766597085886,0.4298561958845015,0.515669359008297,1986,5
NTU,2022,2018,4,264.37991026377085,0.4004067394666251,0.262905487759869,0.515669359008297,1986,5
NTU,2023,2018,5,276.5886281894308,0.4188969981735141,0.31066452314777493,0.515669359008297,1986,5
SAR,2019,2018,1,858.6812389024369,1.0164075333734308,1.2096015716470407,0.9698245108921388,1986,5
SAR,2020,2018,2,912.78431765841,1.0804485003061148,1.285029171299113,0.9698245108921388,1986,5
SAR,2021,2018,3,972.9479876298583,1.1516632941364022,1.7757065090593287,0.9698245108921388,1986,5
SAR,2022,2018,4,1033.3179950223266,1.2231223263401865,0.9396314451618436,0.9698245108921388,1986,5
SAR,2023,2018,5,1086.6313019168556,1.2862284526902996,0.7877984966191535,0.9698245108921388,1986,5
SCP,2019,2018,1,99.66903130703955,1.5270773429950608,1.9560199988394813,1.2441045134099813,1986,5
SCP,2020,2018,2,104.97423824818452,1.6083609795818892,0.951875864518764,1.2441045134099813,1986,5
SCP,2021,2018,3,112.17058592696159,1.7186196963413787,1.439682798305725,1.2441045134099813,1986,5
SCP,2022,2018,4,119.31898663210283,1.8281437943718177,1.3023615838579825,1.2441045134099813,1986,5
SCP,2023,2018,5,124.45895484790401,1.9068957286801262,1.2720672101834425,1.2441045134099813,1986,5
ANC,2023,2022,1,772.813667765407,12.122541558705029,11.620189588654467,9.670712896110878,1987,1
CMA,2023,2022,1,303.1386291730403,0.012081071254526862,NA,0.00293172690763052,1987,1
DMF,2023,2022,1,332.5721359861167,0.7226727779678562,0.49158609242439266,1.0582687169226213,1987,1
LPF,2023,2022,1,303.4333589600665,3.5813549680546837,2.971088139469183,3.0040670153152296,1987,1
MPF,2023,2022,1,133.19337206786062,0.08538165307859016,0.06544736842105262,0.11967652359302516,1987,1
NTU,2023,2022,1,262.4570454725236,0.3876342506396064,0.31066452314777493,0.262905487759869,1987,1
SAR,2023,2022,1,1225.0100084785172,1.3637842825937752,0.7877984966191535,0.9396314451618436,1987,1
SCP,2023,2022,1,110.87283723602408,1.489054591778963,1.2720672101834425,1.3023615838579825,1987,1
ANC,2022,2021,1,792.0053701435312,11.624877361663701,9.670712896110878,10.34666461209007,1987,2
ANC,2023,2021,2,839.9084659066497,12.327988267830115,11.620189588654467,10.34666461209007,1987,2
CMA,2022,2021,1,297.7010945713046,0.01201132827511335,NA,0.00293172690763052,1987,2
CMA,2023,2021,2,297.6789127694317,0.01201043330727854,NA,0.00293172690763052,1987,2
DMF,2022,2021,1,291.3574667554787,0.6573343760083123,1.0582687169226213,0.3833456358538275,1987,2
DMF,2023,2021,2,296.4428456702218,0.668807548166601,0.49158609242439266,0.3833456358538275,1987,2
LPF,2022,2021,1,318.56440155674494,3.8071456749670145,3.0040670153152296,4.970937032567688,1987,2
LPF,2023,2021,2,317.59114099496054,3.7955142914216267,2.971088139469183,4.970937032567688,1987,2
MPF,2022,2021,1,129.4114418880559,0.07516518767338876,0.11967652359302516,0.05882532751091702,1987,2
MPF,2023,2021,2,130.1368495558799,0.07558652138775131,0.06544736842105262,0.05882532751091702,1987,2
NTU,2022,2021,1,209.02290072211264,0.3389668689445144,0.262905487759869,0.4298561958845015,1987,2
NTU,2023,2021,2,207.34561875434386,0.33624686546648624,0.31066452314777493,0.4298561958845015,1987,2
SAR,2022,2021,1,1229.2843364635462,1.441822084287991,0.9396314451618436,1.7757065090593287,1987,2
SAR,2023,2021,2,1310.861207098986,1.5375032299435627,0.7877984966191535,1.7757065090593287,1987,2
SCP,2022,2021,1,116.79477283484184,1.5343874826917159,1.3023615838579825,1.439682798305725,1987,2
SCP,2023,2021,2,119.52415489096245,1.5702446495900748,1.2720672101834425,1.439682798305725,1987,2
ANC,2021,2020,1,759.13527464884,10.331212609271722,10.34666461209007,5.958320968763964,1987,3
ANC,2022,2020,2,825.5094548084903,11.234511125221536,9.670712896110878,5.958320968763964,1987,3
ANC,2023,2020,3,867.9965491251793,11.812725864009613,11.620189588654467,5.958320968763964,1987,3
CMA,2021,2020,1,297.19851533076235,0.011952237383132343,NA,0.00293172690763052,1987,3
CMA,2022,2020,2,300.51299507357334,0.012085533636794885,NA,0.00293172690763052,1987,3
CMA,2023,2020,3,300.7693828713373,0.012095844616368935,NA,0.00293172690763052,1987,3
DMF,2021,2020,1,333.77272393603397,0.7206975491282348,0.3833456358538275,2.9020302341101365,1987,3
DMF,2022,2020,2,345.506221210248,0.7460330607557502,1.0582687169226213,2.9020302341101365,1987,3
DMF,2023,2020,3,353.7412292027271,0.7638144720323904,0.49158609242439266,2.9020302341101365,1987,3
LPF,2021,2020,1,293.63751419780505,3.59160391370647,4.970937032567688,3.391696528557638,1987,3
LPF,2022,2020,2,294.7740068131714,3.6055048327916888,3.0040670153152296,3.391696528557638,1987,3
LPF,2023,2020,3,292.682196133672,3.579919016743123,2.971088139469183,3.391696528557638,1987,3
MPF,2021,2020,1,139.6258698500793,0.08208338080747474,0.05882532751091702,0.05797671431916668,1987,3
MPF,2022,2020,2,146.6509547214599,0.08621329396269103,0.11967652359302516,0.05797671431916668,1987,3
MPF,2023,2020,3,149.6473455397131,0.08797481486742585,0.06544736842105262,0.05797671431916668,1987,3
NTU,2021,2020,1,255.40399378437334,0.36974001018112695,0.4298561958845015,0.3415946700420802,1987,3
NTU,2022,2020,2,268.6719783599991,0.3889476375928447,0.262905487759869,0.3415946700420802,1987,3
NTU,2023,2020,3,280.90102666908456,0.4066512309443414,0.31066452314777493,0.3415946700420802,1987,3
SAR,2021,2020,1,1117.4697460306436,1.2459257097327354,1.7757065090593287,1.285029171299113,1987,3
SAR,2022,2020,2,1192.776531807066,1.3298892003323344,0.9396314451618436,1.285029171299113,1987,3
SAR,2023,2020,3,1261.5461873034762,1.4065641010504888,0.7877984966191535,1.285029171299113,1987,3
SCP,2021,2020,1,111.80587121485465,1.5226552938926008,1.439682798305725,0.951875864518764,1987,3
SCP,2022,2020,2,117.15174490710032,1.595459367502803,1.3023615838579825,0.951875864518764,1987,3
SCP,2023,2020,3,120.69272505040662,1.6436830618597196,1.2720672101834425,0.951875864518764,1987,3
ANC,2020,2019,1,720.0497059595034,11.893792232347241,5.958320968763964,11.169724519839384,1987,4
ANC,2021,2019,2,818.4535415759092,13.519228318218522,10.34666461209007,11.169724519839384,1987,4
ANC,2022,2019,3,901.925167977564,14.898013940239496,9.670712896110878,11.169724519839384,1987,4
ANC,2023,2019,4,955.000529179057,15.77471358133739,11.620189588654467,11.169724519839384,1987,4
CMA,2020,2019,1,297.4624078140847,0.012011965556639272,NA,0.00293172690763052,1987,4
CMA,2021,2019,2,301.45918617265664,0.012173361291762526,NA,0.00293172690763052,1987,4
CMA,2022,2019,3,303.82927676116054,0.012269069003955245,NA,0.00293172690763052,1987,4
CMA,2023,2019,4,303.63048449944375,0.012261041482702338,NA,0.00293172690763052,1987,4
DMF,2020,2019,1,207.44128508958127,0.5408600279144886,2.9020302341101365,0.5974387098186917,1987,4
DMF,2021,2019,2,210.66435095367896,0.5492635021432244,0.3833456358538275,0.5974387098186917,1987,4
DMF,2022,2019,3,216.10499329910704,0.5634488460565646,1.0582687169226213,0.5974387098186917,1987,4
DMF,2023,2019,4,218.40718104180914,0.5694513220161815,0.49158609242439266,0.5974387098186917,1987,4
LPF,2020,2019,1,313.18822906822487,3.7547721141650565,3.391696528557638,4.604601765476088,1987,4
LPF,2021,2019,2,318.77696335022387,3.8217747077745274,4.970937032567688,4.604601765476088,1987,4
LPF,2022,2019,3,323.8054785671044,3.8820609093606175,3.0040670153152296,4.604601765476088,1987,4
LPF,2023,2019,4,324.8239960809685,3.8942717806638707,2.971088139469183,4.604601765476088,1987,4
MPF,2020,2019,1,187.91777442447398,0.10052954378701026,0.05797671431916668,0.11601638667606916,1987,4
MPF,2021,2019,2,200.67669792205024,0.10735512887257764,0.05882532751091702,0.11601638667606916,1987,4
MPF,2022,2019,3,211.59903389322892,0.11319820282145707,0.11967652359302516,0.11601638667606916,1987,4
MPF,2023,2019,4,215.9920302000895,0.11554830469946865,0.06544736842105262,0.11601638667606916,1987,4
NTU,2020,2019,1,247.97062588153875,0.3605684160255356,0.3415946700420802,0.347744517636968,1987,4
NTU,2021,2019,2,261.00265092403413,0.37951798559843514,0.4298561958845015,0.347744517636968,1987,4
NTU,2022,2019,3,274.629842491345,0.3993329732036571,0.262905487759869,0.347744517636968,1987,4
NTU,2023,2019,4,287.2443842824425,0.41767548992850834,0.31066452314777493,0.347744517636968,1987,4
SAR,2020,2019,1,1032.8887922674437,1.1415950121901834,1.285029171299113,1.2096015716470407,1987,4
SAR,2021,2019,2,1102.8992717810054,1.2189737337060527,1.7757065090593287,1.2096015716470407,1987,4
SAR,2022,2019,3,1172.9341194731107,1.2963793880256176,0.9396314451618436,1.2096015716470407,1987,4
SAR,2023,2019,4,1235.4649598150377,1.365491276911252,0.7877984966191535,1.2096015716470407,1987,4
SCP,2020,2019,1,128.82738603125594,1.67082987992518,0.951875864518764,1.9560199988394813,1987,4
SCP,2021,2019,2,136.68926612372923,1.7727947227708332,1.439682798305725,1.9560199988394813,1987,4
SCP,2022,2019,3,144.53106212260386,1.8744990844817708,1.3023615838579825,1.9560199988394813,1987,4
SCP,2023,2019,4,150.3028809511665,1.9493568275235915,1.2720672101834425,1.9560199988394813,1987,4
ANC,2019,2018,1,616.4786724948398,9.425740001764401,11.169724519839384,17.190188776339156,1987,5
ANC,2020,2018,2,705.0768641829756,10.780374893023906,5.958320968763964,17.190188776339156,1987,5
ANC,2021,2018,3,792.4432437923106,12.116175814993248,10.34666461209007,17.190188776339156,1987,5
ANC,2022,2018,4,866.5190976656713,13.248769317690352,9.670712896110878,17.190188776339156,1987,5
ANC,2023,2018,5,913.2683340752739,13.963548542565514,11.620189588654467,17.190188776339156,1987,5
CMA,2019,2018,1,293.2891986329489,0.011884226578079827,NA,0.00293172690763052,1987,5
CMA,2020,2018,2,298.887423051243,0.012111069461254698,NA,0.00293172690763052,1987,5
CMA,2021,2018,3,303.2050567370526,0.012286022160646563,NA,0.00293172690763052,1987,5
CMA,2022,2018,4,305.8019392656262,0.012391249153355726,NA,0.00293172690763052,1987,5
CMA,2023,2018,5,305.89128773361193,0.012394869598441655,NA,0.00293172690763052,1987,5
DMF,2019,2018,1,196.9931925120437,0.5284276372609884,0.5974387098186917,1.055181899380611,1987,5
DMF,2020,2018,2,198.59781480164716,0.5327319827786116,2.9020302341101365,1.055181899380611,1987,5
DMF,2021,2018,3,202.66426176542376,0.5436400904838268,0.3833456358538275,1.055181899380611,1987,5
DMF,2022,2018,4,208.73211558456467,0.5599169050072407,1.0582687169226213,1.055181899380611,1987,5
DMF,2023,2018,5,211.53845065357578,0.5674448047837243,0.49158609242439266,1.055181899380611,1987,5
LPF,2019,2018,1,268.02889522105676,3.530367591106496,4.604601765476088,3.606002657964865,1987,5
LPF,2020,2018,2,271.59310679340894,3.5773139362477577,3.391696528557638,3.606002657964865,1987,5
LPF,2021,2018,3,277.54427598933756,3.6557003163474477,4.970937032567688,3.606002657964865,1987,5
LPF,2022,2018,4,283.1032558349646,3.728920937842119,3.0040670153152296,3.606002657964865,1987,5
LPF,2023,2018,5,285.0208530272867,3.754178748105402,2.971088139469183,3.606002657964865,1987,5
MPF,2019,2018,1,171.50007342871027,0.08815645414196234,0.11601638667606916,0.1108619298161498,1987,5
MPF,2020,2018,2,182.15618967641237,0.09363403443998167,0.05797671431916668,0.1108619298161498,1987,5
MPF,2021,2018,3,194.59873723490873,0.10002989685170086,0.05882532751091702,0.1108619298161498,1987,5
MPF,2022,2018,4,205.5857815785071,0.10567758464254462,0.11967652359302516,0.1108619298161498,1987,5
MPF,2023,2018,5,210.45573922152695,0.10818089667645253,0.06544736842105262,0.1108619298161498,1987,5
NTU,2019,2018,1,236.8139584222072,0.3465499487673191,0.347744517636968,0.515669359008297,1987,5
NTU,2020,2018,2,248.07681050096946,0.3630318353793835,0.3415946700420802,0.515669359008297,1987,5
NTU,2021,2018,3,260.92379999591225,0.3818319246179966,0.4298561958845015,0.515669359008297,1987,5
NTU,2022,2018,4,274.36022464071624,0.40149458429944596,0.262905487759869,0.515669359008297,1987,5
NTU,2023,2018,5,286.8288790031282,0.41974102365327615,0.31066452314777493,0.515669359008297,1987,5
SAR,2019,2018,1,926.2859525567118,1.0260854789686988,1.2096015716470407,0.9698245108921388,1987,5
SAR,2020,2018,2,984.2927202545062,1.090341988367694,1.285029171299113,0.9698245108921388,1987,5
SAR,2021,2018,3,1047.7377896911971,1.160622730811711,1.7757065090593287,0.9698245108921388,1987,5
SAR,2022,2018,4,1110.4350405849984,1.230075083549888,0.9396314451618436,0.9698245108921388,1987,5
SAR,2023,2018,5,1164.9899209477437,1.2905077937648906,0.7877984966191535,0.9698245108921388,1987,5
SCP,2019,2018,1,110.50391987111477,1.514500452412265,1.9560199988394813,1.2441045134099813,1987,5
SCP,2020,2018,2,115.63313791548467,1.58479843874415,0.951875864518764,1.2441045134099813,1987,5
SCP,2021,2018,3,122.71468996157147,1.6818539440157139,1.439682798305725,1.2441045134099813,1987,5
SCP,2022,2018,4,129.80606561624327,1.7790440857749579,1.3023615838579825,1.2441045134099813,1987,5
SCP,2023,2018,5,134.97492952952888,1.8498854346090887,1.2720672101834425,1.2441045134099813,1987,5
ANC,2023,2022,1,772.852158653004,12.113735479009977,11.620189588654467,9.670712896110878,1988,1
CMA,2023,2022,1,309.56150987897865,0.011514615982632072,NA,0.00293172690763052,1988,1
DMF,2023,2022,1,353.344144535317,0.7262139628512947,0.49158609242439266,1.0582687169226213,1988,1
LPF,2023,2022,1,336.6718175954072,3.7462859430468964,2.971088139469183,3.0040670153152296,1988,1
MPF,2023,2022,1,133.3799680571725,0.08343320416444774,0.06544736842105262,0.11967652359302516,1988,1
NTU,2023,2022,1,261.8241173494017,0.38792114661467164,0.31066452314777493,0.262905487759869,1988,1
SAR,2023,2022,1,1313.3237941986624,1.3667303428858064,0.7877984966191535,0.9396314451618436,1988,1
SCP,2023,2022,1,176.67918955358982,1.52266042151624,1.2720672101834425,1.3023615838579825,1988,1
ANC,2022,2021,1,792.523067894659,11.622609377791264,9.670712896110878,10.34666461209007,1988,2
ANC,2023,2021,2,840.6109042656173,12.327833188433807,11.620189588654467,10.34666461209007,1988,2
CMA,2022,2021,1,304.5235450214017,0.011459298349235867,NA,0.00293172690763052,1988,2
CMA,2023,2021,2,304.0185984784571,0.011440297082566617,NA,0.00293172690763052,1988,2
DMF,2022,2021,1,311.2776295856451,0.6669207163065876,1.0582687169226213,0.3833456358538275,1988,2
DMF,2023,2021,2,316.93882806122423,0.6790499867187042,0.49158609242439266,0.3833456358538275,1988,2
LPF,2022,2021,1,342.38502108601523,3.9453202724677285,3.0040670153152296,4.970937032567688,1988,2
LPF,2023,2021,2,340.70381740108235,3.9259476756196707,2.971088139469183,4.970937032567688,1988,2
MPF,2022,2021,1,125.56834489121024,0.07302939375801115,0.11967652359302516,0.05882532751091702,1988,2
MPF,2023,2021,2,125.98176233360256,0.0732698335377427,0.06544736842105262,0.05882532751091702,1988,2
NTU,2022,2021,1,270.2318804827759,0.40092134650477873,0.262905487759869,0.4298561958845015,1988,2
NTU,2023,2021,2,283.3454430786188,0.42037688655433675,0.31066452314777493,0.4298561958845015,1988,2
SAR,2022,2021,1,1321.6792275174123,1.4437828607874754,0.9396314451618436,1.7757065090593287,1988,2
SAR,2023,2021,2,1406.7685793020555,1.5367332115113357,0.7877984966191535,1.7757065090593287,1988,2
SCP,2022,2021,1,125.2811507602371,1.5279105026008093,1.3023615838579825,1.439682798305725,1988,2
SCP,2023,2021,2,127.95135609497146,1.5604759344338015,1.2720672101834425,1.439682798305725,1988,2
ANC,2021,2020,1,758.8952516994813,10.3012238654068,10.34666461209007,5.958320968763964,1988,3
ANC,2022,2020,2,825.1107547120558,11.200031333717535,9.670712896110878,5.958320968763964,1988,3
ANC,2023,2020,3,867.5153644682136,11.77563037330195,11.620189588654467,5.958320968763964,1988,3
CMA,2021,2020,1,304.9140375468875,0.011425202868007807,NA,0.00293172690763052,1988,3
CMA,2022,2020,2,307.7651359690679,0.011532034216712304,NA,0.00293172690763052,1988,3
CMA,2023,2020,3,307.4712812174217,0.011521023407966676,NA,0.00293172690763052,1988,3
DMF,2021,2020,1,355.03957768937767,0.7206270756928886,0.3833456358538275,2.9020302341101365,1988,3
DMF,2022,2020,2,366.8099743581896,0.7445175573862063,1.0582687169226213,2.9020302341101365,1988,3
DMF,2023,2020,3,374.66067563968863,0.760452197528142,0.49158609242439266,2.9020302341101365,1988,3
LPF,2021,2020,1,321.6930005834614,3.796708991266986,4.970937032567688,3.391696528557638,1988,3
LPF,2022,2020,2,324.3080679292011,3.827572733052884,3.0040670153152296,3.391696528557638,1988,3
LPF,2023,2020,3,322.23097916202414,3.8030583619484544,2.971088139469183,3.391696528557638,1988,3
MPF,2021,2020,1,150.71877344077797,0.08110913254921345,0.05882532751091702,0.05797671431916668,1988,3
MPF,2022,2020,2,157.27351757855863,0.08463656047979128,0.11967652359302516,0.05797671431916668,1988,3
MPF,2023,2020,3,159.69961163057351,0.08594216017085467,0.06544736842105262,0.05797671431916668,1988,3
NTU,2021,2020,1,221.8848342669696,0.3294650012761456,0.4298561958845015,0.3415946700420802,1988,3
NTU,2022,2020,2,221.53493424093767,0.3289454533182873,0.262905487759869,0.3415946700420802,1988,3
NTU,2023,2020,3,220.10994188686774,0.32682955788404927,0.31066452314777493,0.3415946700420802,1988,3
SAR,2021,2020,1,1169.2345817834173,1.2621902794743847,1.7757065090593287,1.285029171299113,1988,3
SAR,2022,2020,2,1247.615691304865,1.346802791004354,0.9396314451618436,1.285029171299113,1988,3
SAR,2023,2020,3,1318.3410264544434,1.4231508839612057,0.7877984966191535,1.285029171299113,1988,3
SCP,2021,2020,1,122.6651233254125,1.5237882251774515,1.439682798305725,0.951875864518764,1988,3
SCP,2022,2020,2,128.0173602949122,1.5902755481539042,1.3023615838579825,0.951875864518764,1988,3
SCP,2023,2020,3,131.44404363636116,1.632842983669048,1.2720672101834425,0.951875864518764,1988,3
ANC,2020,2019,1,718.9253338344658,11.850994140951654,5.958320968763964,11.169724519839384,1988,4
ANC,2021,2019,2,816.9062193790834,13.46614225977129,10.34666461209007,11.169724519839384,1988,4
ANC,2022,2019,3,900.1416161537812,14.83822104608355,9.670712896110878,11.169724519839384,1988,4
ANC,2023,2019,4,953.2434800073001,15.713569079856644,11.620189588654467,11.169724519839384,1988,4
CMA,2020,2019,1,307.14917591534135,0.01149159218898532,NA,0.00293172690763052,1988,4
CMA,2021,2019,2,310.67950093014764,0.011623674768220075,NA,0.00293172690763052,1988,4
CMA,2022,2019,3,312.4488177712877,0.011689871486902105,NA,0.00293172690763052,1988,4
CMA,2023,2019,4,311.71661891624103,0.011662477206522342,NA,0.00293172690763052,1988,4
DMF,2020,2019,1,228.18361349184943,0.5488992463867661,2.9020302341101365,0.5974387098186917,1988,4
DMF,2021,2019,2,232.14992576401227,0.5584402725095843,0.3833456358538275,0.5974387098186917,1988,4
DMF,2022,2019,3,238.30446614993664,0.573245115539259,1.0582687169226213,0.5974387098186917,1988,4
DMF,2023,2019,4,241.22262818082314,0.5802647998850207,0.49158609242439266,0.5974387098186917,1988,4
LPF,2020,2019,1,333.9875897171263,3.9899602426028844,3.391696528557638,4.604601765476088,1988,4
LPF,2021,2019,2,339.4362790772386,4.055052643010799,4.970937032567688,4.604601765476088,1988,4
LPF,2022,2019,3,341.98053001526245,4.085447365456978,3.0040670153152296,4.604601765476088,1988,4
LPF,2023,2019,4,339.67209505349234,4.057869802686162,2.971088139469183,4.604601765476088,1988,4
MPF,2020,2019,1,544.7247702899368,0.13298115260258253,0.05797671431916668,0.11601638667606916,1988,4
MPF,2021,2019,2,552.5192189534154,0.1348839755027039,0.05882532751091702,0.11601638667606916,1988,4
MPF,2022,2019,3,555.336051771484,0.13557163594200458,0.11967652359302516,0.11601638667606916,1988,4
MPF,2023,2019,4,552.7862069770824,0.134949154060858,0.06544736842105262,0.11601638667606916,1988,4
NTU,2020,2019,1,231.99558098318855,0.32698698641163587,0.3415946700420802,0.347744517636968,1988,4
NTU,2021,2019,2,232.9323995065645,0.3283073885696214,0.4298561958845015,0.347744517636968,1988,4
NTU,2022,2019,3,232.81549075613341,0.32814261112072945,0.262905487759869,0.347744517636968,1988,4
NTU,2023,2019,4,231.50809142230185,0.3262998925379253,0.31066452314777493,0.347744517636968,1988,4
SAR,2020,2019,1,240.20238393897222,1.5892017139414907,1.285029171299113,1.2096015716470407,1988,4
SAR,2021,2019,2,261.62107525755624,1.7309098035769606,1.7757065090593287,1.2096015716470407,1988,4
SAR,2022,2019,3,266.8220663776486,1.7653200532451954,0.9396314451618436,1.2096015716470407,1988,4
SAR,2023,2019,4,258.68783542816055,1.711503211153376,0.7877984966191535,1.2096015716470407,1988,4
SCP,2020,2019,1,135.60667900569013,1.6784289862171575,0.951875864518764,1.9560199988394813,1988,4
SCP,2021,2019,2,143.5182361933509,1.776351795088005,1.439682798305725,1.9560199988394813,1988,4
SCP,2022,2019,3,151.22823459990906,1.871779873587828,1.3023615838579825,1.9560199988394813,1988,4
SCP,2023,2019,4,156.6889913262183,1.9393686711553366,1.2720672101834425,1.9560199988394813,1988,4
ANC,2019,2018,1,617.4782755731558,9.373924921780159,11.169724519839384,17.190188776339156,1988,5
ANC,2020,2018,2,705.5397190068422,10.71078387197519,5.958320968763964,17.190188776339156,1988,5
ANC,2021,2018,3,792.2691680450248,12.027421842819821,10.34666461209007,17.190188776339156,1988,5
ANC,2022,2018,4,865.7947426647328,13.143612069392791,9.670712896110878,17.190188776339156,1988,5
ANC,2023,2018,5,912.2422431722808,13.848730613292913,11.620189588654467,17.190188776339156,1988,5
CMA,2019,2018,1,302.0331752007236,0.01135216373904786,NA,0.00293172690763052,1988,5
CMA,2020,2018,2,307.6750744530873,0.011564219133523913,NA,0.00293172690763052,1988,5
CMA,2021,2018,3,311.5348697630806,0.01170929269482768,NA,0.00293172690763052,1988,5
CMA,2022,2018,4,313.51034426712727,0.011783542518600676,NA,0.00293172690763052,1988,5
CMA,2023,2018,5,313.03938554147527,0.01176584114998651,NA,0.00293172690763052,1988,5
DMF,2019,2018,1,219.14638819751622,0.5376231352366815,0.5974387098186917,1.055181899380611,1988,5
DMF,2020,2018,2,221.537146409559,0.5434882874580944,2.9020302341101365,1.055181899380611,1988,5
DMF,2021,2018,3,226.23854710649894,0.5550220471676757,0.3833456358538275,1.055181899380611,1988,5
DMF,2022,2018,4,232.81596595539315,0.5711581677416556,1.0582687169226213,1.055181899380611,1988,5
DMF,2023,2018,5,235.91038054587273,0.578749572224929,0.49158609242439266,1.055181899380611,1988,5
LPF,2019,2018,1,321.5072507540962,3.744758922888073,4.604601765476088,3.606002657964865,1988,5
LPF,2020,2018,2,328.4099229236996,3.8251578661102394,3.391696528557638,3.606002657964865,1988,5
LPF,2021,2018,3,335.93678831122844,3.912827106089167,4.970937032567688,3.606002657964865,1988,5
LPF,2022,2018,4,341.09421293356814,3.9728982610268235,3.0040670153152296,3.606002657964865,1988,5
LPF,2023,2018,5,341.1355873296475,3.973380169719501,2.971088139469183,3.606002657964865,1988,5
MPF,2019,2018,1,181.24340080278125,0.08626574613279028,0.11601638667606916,0.1108619298161498,1988,5
MPF,2020,2018,2,190.7194107615445,0.09077600728345128,0.05797671431916668,0.1108619298161498,1988,5
MPF,2021,2018,3,201.96557458842486,0.09612880197479069,0.05882532751091702,0.1108619298161498,1988,5
MPF,2022,2018,4,211.98644892016463,0.10089840019078926,0.11967652359302516,0.1108619298161498,1988,5
MPF,2023,2018,5,216.3466278716297,0.10297369831946379,0.06544736842105262,0.1108619298161498,1988,5
NTU,2019,2018,1,234.73426128727766,0.32057213404133167,0.347744517636968,0.515669359008297,1988,5
NTU,2020,2018,2,238.3610915430466,0.3255252274181634,0.3415946700420802,0.515669359008297,1988,5
NTU,2021,2018,3,239.13798405921855,0.32658621481073324,0.4298561958845015,0.515669359008297,1988,5
NTU,2022,2018,4,239.0506508691377,0.3264669455274027,0.262905487759869,0.515669359008297,1988,5
NTU,2023,2018,5,237.8331425230597,0.32480421744256766,0.31066452314777493,0.515669359008297,1988,5
SAR,2019,2018,1,220.78292539640344,1.436448415638742,1.2096015716470407,0.9698245108921388,1988,5
SAR,2020,2018,2,254.83656194782287,1.6580067276467814,1.285029171299113,0.9698245108921388,1988,5
SAR,2021,2018,3,279.8874187498337,1.8209915395339948,1.7757065090593287,0.9698245108921388,1988,5
SAR,2022,2018,4,287.8053255289617,1.8725066855881238,0.9396314451618436,0.9698245108921388,1988,5
SAR,2023,2018,5,279.11766010021,1.8159833687676596,0.7877984966191535,0.9698245108921388,1988,5
SCP,2019,2018,1,117.92959770301896,1.5253866477752482,1.9560199988394813,1.2441045134099813,1988,5
SCP,2020,2018,2,123.25483257810303,1.5942670843487412,0.951875864518764,1.2441045134099813,1988,5
SCP,2021,2018,3,130.45431887070853,1.687390443331422,1.439682798305725,1.2441045134099813,1988,5
SCP,2022,2018,4,137.52335610373387,1.7788264798982363,1.3023615838579825,1.2441045134099813,1988,5
SCP,2023,2018,5,142.52025428757295,1.8434599724088732,1.2720672101834425,1.2441045134099813,1988,5
ANC,2023,2022,1,772.3628823136866,12.103109170376797,11.620189588654467,9.670712896110878,1989,1
CMA,2023,2022,1,312.70729761772924,0.011085706061858895,NA,0.00293172690763052,1989,1
DMF,2023,2022,1,362.60900246382346,0.7320581576350176,0.49158609242439266,1.0582687169226213,1989,1
LPF,2023,2022,1,354.90603686873254,3.830956762210219,2.971088139469183,3.0040670153152296,1989,1
MPF,2023,2022,1,127.83505017663578,0.08062938356546046,0.06544736842105262,0.11967652359302516,1989,1
NTU,2023,2022,1,187.16589364777528,0.3206383137029151,0.31066452314777493,0.262905487759869,1989,1
SAR,2023,2022,1,216.81005574832363,1.327334359973251,0.7877984966191535,0.9396314451618436,1989,1
SCP,2023,2022,1,170.83872629596604,1.5265937061719248,1.2720672101834425,1.3023615838579825,1989,1
ANC,2022,2021,1,791.5645627244302,11.617953026244585,9.670712896110878,10.34666461209007,1989,2
ANC,2023,2021,2,839.414586645669,12.320257495646617,11.620189588654467,10.34666461209007,1989,2
CMA,2022,2021,1,309.1088326207731,0.011050877070807298,NA,0.00293172690763052,1989,2
CMA,2023,2021,2,308.4726811893064,0.011028134170813296,NA,0.00293172690763052,1989,2
DMF,2022,2021,1,327.07284651732596,0.6798231665423449,1.0582687169226213,0.3833456358538275,1989,2
DMF,2023,2021,2,333.06747187876147,0.6922830366869925,0.49158609242439266,0.3833456358538275,1989,2
LPF,2022,2021,1,366.72702817502983,4.000385626615154,3.0040670153152296,4.970937032567688,1989,2
LPF,2023,2021,2,363.8053191721912,3.968514611385458,2.971088139469183,4.970937032567688,1989,2
MPF,2022,2021,1,112.89766187950218,0.06976562277664387,0.11967652359302516,0.05882532751091702,1989,2
MPF,2023,2021,2,112.14786808187758,0.06930228429492069,0.06544736842105262,0.05882532751091702,1989,2
NTU,2022,2021,1,239.3848755076796,0.4071069611386005,0.262905487759869,0.4298561958845015,1989,2
NTU,2023,2021,2,251.91441237703887,0.42841516479407865,0.31066452314777493,0.4298561958845015,1989,2
SAR,2022,2021,1,256.7829710001833,1.570155645277574,0.9396314451618436,1.7757065090593287,1989,2
SAR,2023,2021,2,250.27253485540768,1.5303461593676564,0.7877984966191535,1.7757065090593287,1989,2
SCP,2022,2021,1,146.31046911723365,1.5115710752177196,1.3023615838579825,1.439682798305725,1989,2
SCP,2023,2021,2,148.7024006396886,1.5362827347801487,1.2720672101834425,1.439682798305725,1989,2
ANC,2021,2020,1,757.8315201630421,10.277002147356695,10.34666461209007,5.958320968763964,1989,3
ANC,2022,2020,2,823.1867668494821,11.16328886500743,9.670712896110878,5.958320968763964,1989,3
ANC,2023,2020,3,865.0055629763767,11.730396257826756,11.620189588654467,5.958320968763964,1989,3
CMA,2021,2020,1,311.918331235336,0.011042695203120248,NA,0.00293172690763052,1989,3
CMA,2022,2020,2,314.5580806017789,0.011136148984918874,NA,0.00293172690763052,1989,3
CMA,2023,2020,3,314.0880777036693,0.011119509697552042,NA,0.00293172690763052,1989,3
DMF,2021,2020,1,374.717636033371,0.7283535467508293,0.3833456358538275,2.9020302341101365,1989,3
DMF,2022,2020,2,387.1809028088619,0.7525788932173675,1.0582687169226213,2.9020302341101365,1989,3
DMF,2023,2020,3,395.48395773726355,0.768717870741846,0.49158609242439266,2.9020302341101365,1989,3
LPF,2021,2020,1,343.3172351925004,3.9086310671773297,4.970937032567688,3.391696528557638,1989,3
LPF,2022,2020,2,345.4400719243818,3.9327993429008727,3.0040670153152296,3.391696528557638,1989,3
LPF,2023,2020,3,342.3788386458741,3.8979475199519222,2.971088139469183,3.391696528557638,1989,3
MPF,2021,2020,1,624.4237017959769,0.12727996948816658,0.05882532751091702,0.05797671431916668,1989,3
MPF,2022,2020,2,627.2618944616592,0.12785849505478195,0.11967652359302516,0.05797671431916668,1989,3
MPF,2023,2020,3,625.1756516595764,0.1274332438680793,0.06544736842105262,0.05797671431916668,1989,3
NTU,2021,2020,1,209.71925283335008,0.32545214057036953,0.4298561958845015,0.3415946700420802,1989,3
NTU,2022,2020,2,208.95375529630022,0.3242642057066487,0.262905487759869,0.3415946700420802,1989,3
NTU,2023,2020,3,207.60303193716052,0.32216809005388253,0.31066452314777493,0.3415946700420802,1989,3
SAR,2021,2020,1,247.60342060734826,1.5009596369300284,1.7757065090593287,1.285029171299113,1989,3
SAR,2022,2020,2,248.09510506314498,1.5039402036784464,0.9396314451618436,1.285029171299113,1989,3
SAR,2023,2020,3,242.31548577060553,1.468904438608461,0.7877984966191535,1.285029171299113,1989,3
SCP,2021,2020,1,150.53799642180942,1.6768550456456122,1.439682798305725,0.951875864518764,1989,3
SCP,2022,2020,2,138.18878196909426,1.5392961365528441,1.3023615838579825,0.951875864518764,1989,3
SCP,2023,2020,3,147.2707955303707,1.640461427886839,1.2720672101834425,0.951875864518764,1989,3
ANC,2020,2019,1,718.0645300481667,11.8670411805007,5.958320968763964,11.169724519839384,1989,4
ANC,2021,2019,2,816.0433362957248,13.486280789060778,10.34666461209007,11.169724519839384,1989,4
ANC,2022,2019,3,899.2299093861911,14.861057633229752,9.670712896110878,11.169724519839384,1989,4
ANC,2023,2019,4,952.3867541532326,15.73955035843601,11.620189588654467,11.169724519839384,1989,4
CMA,2020,2019,1,311.5860065359428,0.011076576078826969,NA,0.00293172690763052,1989,4
CMA,2021,2019,2,314.9081588429344,0.011194675325911093,NA,0.00293172690763052,1989,4
CMA,2022,2019,3,316.4931841383302,0.011251021416245836,NA,0.00293172690763052,1989,4
CMA,2023,2019,4,315.66293300455243,0.011221506805015179,NA,0.00293172690763052,1989,4
DMF,2020,2019,1,242.35232890915918,0.5535490684270217,2.9020302341101365,0.5974387098186917,1989,4
DMF,2021,2019,2,246.88302833582557,0.5638974915605748,0.3833456358538275,0.5974387098186917,1989,4
DMF,2022,2019,3,253.50865323347898,0.5790308657944888,1.0582687169226213,0.5974387098186917,1989,4
DMF,2023,2019,4,256.75362654025577,0.5864426037345444,0.49158609242439266,0.5974387098186917,1989,4
LPF,2020,2019,1,357.5034466613735,4.039078004232402,3.391696528557638,4.604601765476088,1989,4
LPF,2021,2019,2,361.67726686269054,4.086233872311986,4.970937032567688,4.604601765476088,1989,4
LPF,2022,2019,3,362.78175352762514,4.098712375207459,3.0040670153152296,4.604601765476088,1989,4
LPF,2023,2019,4,359.59461651292156,4.062704064986166,2.971088139469183,4.604601765476088,1989,4
MPF,2020,2019,1,599.2207865006969,0.13207477832000966,0.05797671431916668,0.11601638667606916,1989,4
MPF,2021,2019,2,604.5548238657079,0.13325045816691308,0.05882532751091702,0.11601638667606916,1989,4
MPF,2022,2019,3,605.9629417039284,0.13356082265279395,0.11967652359302516,0.11601638667606916,1989,4
MPF,2023,2019,4,603.1560408451987,0.13294215117637892,0.06544736842105262,0.11601638667606916,1989,4
NTU,2020,2019,1,213.96866969581293,0.32267529206955153,0.3415946700420802,0.347744517636968,1989,4
NTU,2021,2019,2,214.68107730312127,0.32374963782815064,0.4298561958845015,0.347744517636968,1989,4
NTU,2022,2019,3,214.5223944345035,0.32351033624698705,0.262905487759869,0.347744517636968,1989,4
NTU,2023,2019,4,213.1702300117155,0.3214712057019897,0.31066452314777493,0.347744517636968,1989,4
SAR,2020,2019,1,241.86229654204584,1.4868681800038843,1.285029171299113,1.2096015716470407,1989,4
SAR,2021,2019,2,252.15200651470153,1.550125010682124,1.7757065090593287,1.2096015716470407,1989,4
SAR,2022,2019,3,251.99395869560982,1.5491533988332071,0.9396314451618436,1.2096015716470407,1989,4
SAR,2023,2019,4,244.98352116810196,1.5060561627753974,0.7877984966191535,1.2096015716470407,1989,4
SCP,2020,2019,1,146.96641074265807,1.6345582239675207,0.951875864518764,1.9560199988394813,1989,4
SCP,2021,2019,2,152.93216726001066,1.700909278799372,1.439682798305725,1.9560199988394813,1989,4
SCP,2022,2019,3,146.87512856048403,1.6335429849015306,1.3023615838579825,1.9560199988394813,1989,4
SCP,2023,2019,4,150.12297256125223,1.669665457341271,1.2720672101834425,1.9560199988394813,1989,4
ANC,2019,2018,1,618.5643771447437,9.34948459833143,11.169724519839384,17.190188776339156,1989,5
ANC,2020,2018,2,706.2028882986375,10.674124264838275,5.958320968763964,17.190188776339156,1989,5
ANC,2021,2018,3,792.4328817117478,11.977474449747877,10.34666461209007,17.190188776339156,1989,5
ANC,2022,2018,4,865.5541479559557,13.082688680991494,9.670712896110878,17.190188776339156,1989,5
ANC,2023,2018,5,911.8156298347498,13.781922306953376,11.620189588654467,17.190188776339156,1989,5
CMA,2019,2018,1,304.4913037898438,0.010922521628418747,NA,0.00293172690763052,1989,5
CMA,2020,2018,2,310.0568527421972,0.011122165519884559,NA,0.00293172690763052,1989,5
CMA,2021,2018,3,313.7556005704432,0.011254844688876418,NA,0.00293172690763052,1989,5
CMA,2022,2018,4,315.6083041158589,0.011321303711823811,NA,0.00293172690763052,1989,5
CMA,2023,2018,5,315.0946617934501,0.011302878655653228,NA,0.00293172690763052,1989,5
DMF,2019,2018,1,231.72479297140765,0.5435722389719881,0.5974387098186917,1.055181899380611,1989,5
DMF,2020,2018,2,234.6812621612018,0.550507425131142,2.9020302341101365,1.055181899380611,1989,5
DMF,2021,2018,3,239.81507949648739,0.5625501614634546,0.3833456358538275,1.055181899380611,1989,5
DMF,2022,2018,4,246.70146415506068,0.5787040113786206,1.0582687169226213,1.055181899380611,1989,5
DMF,2023,2018,5,249.9258815585033,0.586267741460735,0.49158609242439266,1.055181899380611,1989,5
LPF,2019,2018,1,339.7057865676019,3.8938270960911003,4.604601765476088,3.606002657964865,1989,5
LPF,2020,2018,2,346.84486704480736,3.9756577451483124,3.391696528557638,3.606002657964865,1989,5
LPF,2021,2018,3,352.446959121316,4.039870893068787,4.970937032567688,3.606002657964865,1989,5
LPF,2022,2018,4,354.6349713327605,4.064950657889941,3.0040670153152296,3.606002657964865,1989,5
LPF,2023,2018,5,352.0997579525248,4.035891151267819,2.971088139469183,3.606002657964865,1989,5
MPF,2019,2018,1,175.09975057758726,0.08379832677304247,0.11601638667606916,0.1108619298161498,1989,5
MPF,2020,2018,2,183.77515878388093,0.08795015845391287,0.05797671431916668,0.1108619298161498,1989,5
MPF,2021,2018,3,194.03042072789273,0.09285806830925361,0.05882532751091702,0.1108619298161498,1989,5
MPF,2022,2018,4,203.18177272470732,0.09723767469084238,0.11967652359302516,0.1108619298161498,1989,5
MPF,2023,2018,5,206.98478043052904,0.09905769831395793,0.06544736842105262,0.1108619298161498,1989,5
NTU,2019,2018,1,214.00627771894705,0.315779465186518,0.347744517636968,0.515669359008297,1989,5
NTU,2020,2018,2,217.58115071382684,0.3210544108304743,0.3415946700420802,0.515669359008297,1989,5
NTU,2021,2018,3,218.25385750122555,0.32204703119571,0.4298561958845015,0.515669359008297,1989,5
NTU,2022,2018,4,218.13178222236073,0.3218669015907128,0.262905487759869,0.515669359008297,1989,5
NTU,2023,2018,5,216.86936352936246,0.32000412492843194,0.31066452314777493,0.515669359008297,1989,5
SAR,2019,2018,1,222.58986452458544,1.4176921731573582,1.2096015716470407,0.9698245108921388,1989,5
SAR,2020,2018,2,254.94719505483758,1.6237785299417542,1.285029171299113,0.9698245108921388,1989,5
SAR,2021,2018,3,277.79207217922595,1.769279330551702,1.7757065090593287,0.9698245108921388,1989,5
SAR,2022,2018,4,284.4102970002372,1.8114313195876048,0.9396314451618436,0.9698245108921388,1989,5
SAR,2023,2018,5,275.8689918181921,1.7570310820431128,0.7877984966191535,0.9698245108921388,1989,5
SCP,2019,2018,1,175.34121071261137,1.5992082094841633,1.9560199988394813,1.2441045134099813,1989,5
SCP,2020,2018,2,179.0239838014161,1.6327971241115236,0.951875864518764,1.2441045134099813,1989,5
SCP,2021,2018,3,180.10124542547672,1.6426223421875161,1.439682798305725,1.2441045134099813,1989,5
SCP,2022,2018,4,179.34335656549024,1.6357099792476166,1.3023615838579825,1.2441045134099813,1989,5
SCP,2023,2018,5,177.05859957958998,1.6148717398304344,1.2720672101834425,1.2441045134099813,1989,5
ANC,2023,2022,1,772.4734090632987,12.082632364295064,11.620189588654467,9.670712896110878,1990,1
CMA,2023,2022,1,309.0508613984251,0.010771101998948809,NA,0.00293172690763052,1990,1
DMF,2023,2022,1,345.0336692293253,0.7301530648175114,0.49158609242439266,1.0582687169226213,1990,1
LPF,2023,2022,1,347.5545596775716,3.7854605811393003,2.971088139469183,3.0040670153152296,1990,1
MPF,2023,2022,1,132.75336593460432,0.0808995278124602,0.06544736842105262,0.11967652359302516,1990,1
NTU,2023,2022,1,172.90336476704405,0.3147551649485906,0.31066452314777493,0.262905487759869,1990,1
SAR,2023,2022,1,1017.5464208922575,1.4201048497008883,0.7877984966191535,0.9396314451618436,1990,1
SCP,2023,2022,1,146.5951083382967,1.4598266463884202,1.2720672101834425,1.3023615838579825,1990,1
ANC,2022,2021,1,792.7669389350796,11.597133761561818,9.670712896110878,10.34666461209007,1990,2
ANC,2023,2021,2,840.564814355124,12.296353579569535,11.620189588654467,10.34666461209007,1990,2
CMA,2022,2021,1,305.98852221043114,0.01074836244408371,NA,0.00293172690763052,1990,2
CMA,2023,2021,2,305.040028909713,0.01071504501865135,NA,0.00293172690763052,1990,2
DMF,2022,2021,1,317.52847358500884,0.6806677160390054,1.0582687169226213,0.3833456358538275,1990,2
DMF,2023,2021,2,323.3581010706438,0.6931643566747405,0.49158609242439266,0.3833456358538275,1990,2
LPF,2022,2021,1,294.4800089884361,4.036421317425005,3.0040670153152296,4.970937032567688,1990,2
LPF,2023,2021,2,288.69582838157316,3.9571378713752097,2.971088139469183,4.970937032567688,1990,2
MPF,2022,2021,1,118.48615338387553,0.0693956923265282,0.11967652359302516,0.05882532751091702,1990,2
MPF,2023,2021,2,117.78954276814139,0.06898769717620662,0.06544736842105262,0.05882532751091702,1990,2
NTU,2022,2021,1,180.59010430069534,0.41187879524204546,0.262905487759869,0.4298561958845015,1990,2
NTU,2023,2021,2,191.37917575073925,0.43648584537822127,0.31066452314777493,0.4298561958845015,1990,2
SAR,2022,2021,1,990.8661914202316,1.5619046148895934,0.9396314451618436,1.7757065090593287,1990,2
SAR,2023,2021,2,1061.0062619896537,1.672466566502897,0.7877984966191535,1.7757065090593287,1990,2
SCP,2022,2021,1,131.76033253690107,1.53674773388266,1.3023615838579825,1.439682798305725,1990,2
SCP,2023,2021,2,134.53167400777758,1.569070456838689,1.2720672101834425,1.439682798305725,1990,2
ANC,2021,2020,1,760.3077383966536,10.289422768257772,10.34666461209007,5.958320968763964,1990,3
ANC,2022,2020,2,826.3147473323726,11.182711086011885,9.670712896110878,5.958320968763964,1990,3
ANC,2023,2020,3,868.5866569158626,11.754786742960125,11.620189588654467,5.958320968763964,1990,3
CMA,2021,2020,1,307.6096350758858,0.010732903416700886,NA,0.00293172690763052,1990,3
CMA,2022,2020,2,309.9336076847561,0.010813989867545996,NA,0.00293172690763052,1990,3
CMA,2023,2020,3,309.18674542683686,0.010787930864297126,NA,0.00293172690763052,1990,3
DMF,2021,2020,1,354.7312493827747,0.7235290895779629,0.3833456358538275,2.9020302341101365,1990,3
DMF,2022,2020,2,366.30843886765905,0.7471425529602975,1.0582687169226213,2.9020302341101365,1990,3
DMF,2023,2020,3,373.2166699084918,0.7612329555517379,0.49158609242439266,2.9020302341101365,1990,3
LPF,2021,2020,1,277.72461161472046,4.030178417046223,4.970937032567688,3.391696528557638,1990,3
LPF,2022,2020,2,272.0780846714373,3.9482392943815765,3.0040670153152296,3.391696528557638,1990,3
LPF,2023,2020,3,271.4606365439655,3.9392792454233136,2.971088139469183,3.391696528557638,1990,3
MPF,2021,2020,1,132.6423425641142,0.07594835791700515,0.05882532751091702,0.05797671431916668,1990,3
MPF,2022,2020,2,137.25077278744442,0.07858705308229787,0.11967652359302516,0.05797671431916668,1990,3
MPF,2023,2020,3,138.5529878885721,0.07933267545803031,0.06544736842105262,0.05797671431916668,1990,3
NTU,2021,2020,1,167.81232317606103,0.3733392041259606,0.4298561958845015,0.3415946700420802,1990,3
NTU,2022,2020,2,178.62489702349126,0.3973943964881902,0.262905487759869,0.3415946700420802,1990,3
NTU,2023,2020,3,188.39366435701996,0.4191273881574906,0.31066452314777493,0.3415946700420802,1990,3
SAR,2021,2020,1,890.6539031622697,1.3534819649854644,1.7757065090593287,1.285029171299113,1990,3
SAR,2022,2020,2,958.3831433486067,1.4564066866634362,0.9396314451618436,1.285029171299113,1990,3
SAR,2023,2020,3,1015.9888746380233,1.5439472207622567,0.7877984966191535,1.285029171299113,1990,3
SCP,2021,2020,1,119.1781744793012,1.5455475355268713,1.439682798305725,0.951875864518764,1990,3
SCP,2022,2020,2,124.86295500722099,1.6192699144215366,1.3023615838579825,0.951875864518764,1990,3
SCP,2023,2020,3,128.55217200229646,1.6671130724466918,1.2720672101834425,0.951875864518764,1990,3
ANC,2020,2019,1,718.6734475276264,11.824116530618367,5.958320968763964,11.169724519839384,1990,4
ANC,2021,2019,2,816.2057791489742,13.428786438155754,10.34666461209007,11.169724519839384,1990,4
ANC,2022,2019,3,899.0575094347286,14.79192085898666,9.670712896110878,11.169724519839384,1990,4
ANC,2023,2019,4,951.9102982957999,15.661491783878041,11.620189588654467,11.169724519839384,1990,4
CMA,2020,2019,1,307.85818811148965,0.010777709297999405,NA,0.00293172690763052,1990,4
CMA,2021,2019,2,310.79312281019327,0.010880457492501817,NA,0.00293172690763052,1990,4
CMA,2022,2019,3,311.9973713554276,0.010922616646437894,NA,0.00293172690763052,1990,4
CMA,2023,2019,4,310.9008434704508,0.010884228650802871,NA,0.00293172690763052,1990,4
DMF,2020,2019,1,237.11465553871002,0.5598150101445609,2.9020302341101365,0.5974387098186917,1990,4
DMF,2021,2019,2,242.02718950973414,0.5714132399063455,0.3833456358538275,0.5974387098186917,1990,4
DMF,2022,2019,3,248.75918083599333,0.5873071110972287,1.0582687169226213,0.5974387098186917,1990,4
DMF,2023,2019,4,251.8492055448669,0.5946024940410408,0.49158609242439266,0.5974387098186917,1990,4
LPF,2020,2019,1,299.53904250805095,4.051836841602501,3.391696528557638,4.604601765476088,1990,4
LPF,2021,2019,2,302.80726837520746,4.096045829734214,4.970937032567688,4.604601765476088,1990,4
LPF,2022,2019,3,301.7245934882587,4.081400586971582,3.0040670153152296,4.604601765476088,1990,4
LPF,2023,2019,4,299.1160423213426,4.046114957316036,2.971088139469183,4.604601765476088,1990,4
MPF,2020,2019,1,589.8401090299336,0.13188720721619532,0.05797671431916668,0.11601638667606916,1990,4
MPF,2021,2019,2,594.4074137570401,0.13290844849114705,0.05882532751091702,0.11601638667606916,1990,4
MPF,2022,2019,3,595.4163949250327,0.13313405489929575,0.11967652359302516,0.11601638667606916,1990,4
MPF,2023,2019,4,592.4379307030002,0.13246807555671888,0.06544736842105262,0.11601638667606916,1990,4
NTU,2020,2019,1,193.67195465640253,0.3178905293837725,0.3415946700420802,0.347744517636968,1990,4
NTU,2021,2019,2,193.37835154964515,0.3174086132116483,0.4298561958845015,0.347744517636968,1990,4
NTU,2022,2019,3,193.4504933065949,0.3175270257166913,0.262905487759869,0.347744517636968,1990,4
NTU,2023,2019,4,191.93069623584523,0.31503245134099683,0.31066452314777493,0.347744517636968,1990,4
SAR,2020,2019,1,234.70977810101033,1.5452323056621025,1.285029171299113,1.2096015716470407,1990,4
SAR,2021,2019,2,250.984506691435,1.6523784015225995,1.7757065090593287,1.2096015716470407,1990,4
SAR,2022,2019,3,253.54450495447588,1.6692323734810546,0.9396314451618436,1.2096015716470407,1990,4
SAR,2023,2019,4,245.95565861866598,1.6192705414019826,0.7877984966191535,1.2096015716470407,1990,4
SCP,2020,2019,1,114.26810162418388,1.7386678134335531,0.951875864518764,1.9560199988394813,1990,4
SCP,2021,2019,2,122.66533951636602,1.8664375675238034,1.439682798305725,1.9560199988394813,1990,4
SCP,2022,2019,3,130.701231002856,1.9887091873478244,1.3023615838579825,1.9560199988394813,1990,4
SCP,2023,2019,4,136.23219020864136,2.072866538453041,1.2720672101834425,1.9560199988394813,1990,4
ANC,2019,2018,1,618.0330774277153,9.356572894231363,11.169724519839384,17.190188776339156,1990,5
ANC,2020,2018,2,705.6624543853083,10.683218155019517,5.958320968763964,17.190188776339156,1990,5
ANC,2021,2018,3,791.7938134312961,11.987184510262463,10.34666461209007,17.190188776339156,1990,5
ANC,2022,2018,4,864.7255364548217,13.09131794210345,9.670712896110878,17.190188776339156,1990,5
ANC,2023,2018,5,910.7126537383409,13.787529570208644,11.620189588654467,17.190188776339156,1990,5
CMA,2019,2018,1,303.47564786534656,0.010651427651583646,NA,0.00293172690763052,1990,5
CMA,2020,2018,2,308.9400031583636,0.010843216302421107,NA,0.00293172690763052,1990,5
CMA,2021,2018,3,312.1008321585361,0.01095415548864966,NA,0.00293172690763052,1990,5
CMA,2022,2018,4,313.3971197075576,0.010999652757182315,NA,0.00293172690763052,1990,5
CMA,2023,2018,5,312.4795006498641,0.010967446044474109,NA,0.00293172690763052,1990,5
DMF,2019,2018,1,227.81809504718368,0.5455036645308696,0.5974387098186917,1.055181899380611,1990,5
DMF,2020,2018,2,231.03263383278497,0.5532007822113547,2.9020302341101365,1.055181899380611,1990,5
DMF,2021,2018,3,236.26755567853496,0.565735647142948,0.3833456358538275,1.055181899380611,1990,5
DMF,2022,2018,4,243.15272444251346,0.5822219793233916,1.0582687169226213,1.055181899380611,1990,5
DMF,2023,2018,5,246.27386151900072,0.5896954493845574,0.49158609242439266,1.055181899380611,1990,5
LPF,2019,2018,1,319.56432329299787,3.759159555625613,4.604601765476088,3.606002657964865,1990,5
LPF,2020,2018,2,326.92973295267467,3.8458017371368616,3.391696528557638,3.606002657964865,1990,5
LPF,2021,2018,3,334.36600152398194,3.9332774596141733,4.970937032567688,3.606002657964865,1990,5
LPF,2022,2018,4,338.90349854560355,3.986653803730699,3.0040670153152296,3.606002657964865,1990,5
LPF,2023,2018,5,338.0959546445495,3.9771543504095246,2.971088139469183,3.606002657964865,1990,5
MPF,2019,2018,1,149.772644343611,0.07881714298708743,0.11601638667606916,0.1108619298161498,1990,5
MPF,2020,2018,2,156.99240668085292,0.08261650863867918,0.05797671431916668,0.1108619298161498,1990,5
MPF,2021,2018,3,165.53600238181846,0.08711253531256219,0.05882532751091702,0.1108619298161498,1990,5
MPF,2022,2018,4,173.27147382528148,0.09118329043279094,0.11967652359302516,0.1108619298161498,1990,5
MPF,2023,2018,5,176.31905443839034,0.09278706526096986,0.06544736842105262,0.1108619298161498,1990,5
NTU,2019,2018,1,195.91210519207118,0.31081301567024927,0.347744517636968,0.515669359008297,1990,5
NTU,2020,2018,2,199.16963055506966,0.315981054065341,0.3415946700420802,0.515669359008297,1990,5
NTU,2021,2018,3,198.96442005574093,0.3156554892204274,0.4298561958845015,0.515669359008297,1990,5
NTU,2022,2018,4,199.0000233542418,0.3157119735737756,0.262905487759869,0.515669359008297,1990,5
NTU,2023,2018,5,197.6169047052921,0.31351766670392517,0.31066452314777493,0.515669359008297,1990,5
SAR,2019,2018,1,214.94763497445888,1.3976192177102014,1.2096015716470407,0.9698245108921388,1990,5
SAR,2020,2018,2,245.351809159827,1.5953113586129297,1.285029171299113,0.9698245108921388,1990,5
SAR,2021,2018,3,266.78690415038767,1.7346853075089528,1.7757065090593287,0.9698245108921388,1990,5
SAR,2022,2018,4,273.53128598950434,1.7785382099660798,0.9396314451618436,0.9698245108921388,1990,5
SAR,2023,2018,5,266.44052969430135,1.7324331329437024,0.7877984966191535,0.9698245108921388,1990,5
SCP,2019,2018,1,180.53460927343392,1.587106390971147,1.9560199988394813,1.2441045134099813,1990,5
SCP,2020,2018,2,184.55928676239603,1.6224879246839152,0.951875864518764,1.2441045134099813,1990,5
SCP,2021,2018,3,185.87610317809686,1.6340642521122433,1.439682798305725,1.2441045134099813,1990,5
SCP,2022,2018,4,185.1410714118661,1.6276024793892925,1.3023615838579825,1.2441045134099813,1990,5
SCP,2023,2018,5,182.7965365970401,1.6069913278575165,1.2720672101834425,1.2441045134099813,1990,5
ANC,2023,2022,1,769.8269217395198,12.038284809972607,11.620189588654467,9.670712896110878,1991,1
CMA,2023,2022,1,303.8187619263322,0.010771294210762679,NA,0.00293172690763052,1991,1
DMF,2023,2022,1,335.2034070234212,0.7434758301415505,0.49158609242439266,1.0582687169226213,1991,1
LPF,2023,2022,1,350.58362075802813,3.7593178307173876,2.971088139469183,3.0040670153152296,1991,1
MPF,2023,2022,1,644.5057842546341,0.1216343954705749,0.06544736842105262,0.11967652359302516,1991,1
NTU,2023,2022,1,165.58277066837633,0.31586464432024847,0.31066452314777493,0.262905487759869,1991,1
SAR,2023,2022,1,252.09940030669682,1.2962134883511318,0.7877984966191535,0.9396314451618436,1991,1
SCP,2023,2022,1,130.28872722394473,1.5727748261963286,1.2720672101834425,1.3023615838579825,1991,1
ANC,2022,2021,1,790.7100470296167,11.570548961639464,9.670712896110878,10.34666461209007,1991,2
ANC,2023,2021,2,837.8084937250457,12.259745824071913,11.620189588654467,10.34666461209007,1991,2
CMA,2022,2021,1,302.87013298761576,0.010753595130428388,NA,0.00293172690763052,1991,2
CMA,2023,2021,2,302.0476826306683,0.010724393511680953,NA,0.00293172690763052,1991,2
DMF,2022,2021,1,309.0274498684966,0.6959120008839333,1.0582687169226213,0.3833456358538275,1991,2
DMF,2023,2021,2,314.7210555765516,0.7087336726875961,0.49158609242439266,0.3833456358538275,1991,2
LPF,2022,2021,1,353.5570579590522,3.968504922355792,3.0040670153152296,4.970937032567688,1991,2
LPF,2023,2021,2,351.3938945898547,3.944224472325816,2.971088139469183,4.970937032567688,1991,2
MPF,2022,2021,1,115.29668156051738,0.06777027580012403,0.11967652359302516,0.05882532751091702,1991,2
MPF,2023,2021,2,113.96814404226075,0.06698937427889676,0.06544736842105262,0.05882532751091702,1991,2
NTU,2022,2021,1,173.4530132049667,0.32582851336602325,0.262905487759869,0.4298561958845015,1991,2
NTU,2023,2021,2,171.4923349331939,0.32214541282670955,0.31066452314777493,0.4298561958845015,1991,2
SAR,2022,2021,1,1201.864203720101,1.520647563946018,0.9396314451618436,1.7757065090593287,1991,2
SAR,2023,2021,2,1273.9009547083185,1.6117913966400566,0.7877984966191535,1.7757065090593287,1991,2
SCP,2022,2021,1,163.29396084881978,1.5787897374383786,1.3023615838579825,1.439682798305725,1991,2
SCP,2023,2021,2,159.71482804532772,1.5441852847708741,1.2720672101834425,1.439682798305725,1991,2
ANC,2021,2020,1,758.5424368059982,10.264894677885747,10.34666461209007,5.958320968763964,1991,3
ANC,2022,2020,2,823.8189539794209,11.148242189128228,9.670712896110878,5.958320968763964,1991,3
ANC,2023,2020,3,865.3952028411253,11.710868345502538,11.620189588654467,5.958320968763964,1991,3
CMA,2021,2020,1,304.651270915249,0.010729382246267476,NA,0.00293172690763052,1991,3
CMA,2022,2020,2,307.1328847888366,0.010816781139294806,NA,0.00293172690763052,1991,3
CMA,2023,2020,3,306.5437371588037,0.010796032201983254,NA,0.00293172690763052,1991,3
DMF,2021,2020,1,334.76714978784156,0.7283430888910217,0.3833456358538275,2.9020302341101365,1991,3
DMF,2022,2020,2,346.0159161336719,0.7528167005692517,1.0582687169226213,2.9020302341101365,1991,3
DMF,2023,2020,3,351.81593585186744,0.7654356336989108,0.49158609242439266,2.9020302341101365,1991,3
LPF,2021,2020,1,333.5278680569753,3.821980177509437,4.970937032567688,3.391696528557638,1991,3
LPF,2022,2020,2,336.06141121330023,3.851012689181548,3.0040670153152296,3.391696528557638,1991,3
LPF,2023,2020,3,333.7519532535717,3.8245480264404845,2.971088139469183,3.391696528557638,1991,3
MPF,2021,2020,1,129.41800965431466,0.07405851139779772,0.05882532751091702,0.05797671431916668,1991,3
MPF,2022,2020,2,133.13142817303768,0.07618348804075656,0.11967652359302516,0.05797671431916668,1991,3
MPF,2023,2020,3,133.65360531841276,0.07648230010080698,0.06544736842105262,0.05797671431916668,1991,3
NTU,2021,2020,1,183.40868775638714,0.32288765299243294,0.4298561958845015,0.3415946700420802,1991,3
NTU,2022,2020,2,183.15074388834284,0.3224335475126138,0.262905487759869,0.3415946700420802,1991,3
NTU,2023,2020,3,181.43771311959557,0.3194177880565552,0.31066452314777493,0.3415946700420802,1991,3
SAR,2021,2020,1,1075.3985222720441,1.324791879159241,1.7757065090593287,1.285029171299113,1991,3
SAR,2022,2020,2,1142.68703139981,1.4076851216242385,0.9396314451618436,1.285029171299113,1991,3
SAR,2023,2020,3,1198.0265748804593,1.4758583395347964,0.7877984966191535,1.285029171299113,1991,3
SCP,2021,2020,1,162.72600028434053,1.616119276011179,1.439682798305725,0.951875864518764,1991,3
SCP,2022,2020,2,159.8921673967371,1.5879749601265156,1.3023615838579825,0.951875864518764,1991,3
SCP,2023,2020,3,158.20319071157977,1.57120082585881,1.2720672101834425,0.951875864518764,1991,3
ANC,2020,2019,1,718.6487713784567,11.814915950241542,5.958320968763964,11.169724519839384,1991,4
ANC,2021,2019,2,815.7352788897155,13.411062735475443,10.34666461209007,11.169724519839384,1991,4
ANC,2022,2019,3,897.9287982576577,14.762361953762676,9.670712896110878,11.169724519839384,1991,4
ANC,2023,2019,4,950.2720952931246,15.622909803648149,11.620189588654467,11.169724519839384,1991,4
CMA,2020,2019,1,305.06975083845936,0.010757396598883912,NA,0.00293172690763052,1991,4
CMA,2021,2019,2,308.2839486614163,0.01087073592745971,NA,0.00293172690763052,1991,4
CMA,2022,2019,3,309.7744896886037,0.010923295517298733,NA,0.00293172690763052,1991,4
CMA,2023,2019,4,308.8810924149601,0.010891792463434719,NA,0.00293172690763052,1991,4
DMF,2020,2019,1,236.10858121699073,0.5765289096974646,2.9020302341101365,0.5974387098186917,1991,4
DMF,2021,2019,2,242.20999123791884,0.5914273062269413,0.3833456358538275,0.5974387098186917,1991,4
DMF,2022,2019,3,249.3391750704711,0.6088353163925556,1.0582687169226213,0.5974387098186917,1991,4
DMF,2023,2019,4,252.08470201427573,0.6155393321775727,0.49158609242439266,0.5974387098186917,1991,4
LPF,2020,2019,1,340.7394048970851,3.9871732899770436,3.391696528557638,4.604601765476088,1991,4
LPF,2021,2019,2,345.7731656291091,4.046076005807411,4.970937032567688,4.604601765476088,1991,4
LPF,2022,2019,3,347.83972615255715,4.07025793135753,3.0040670153152296,4.604601765476088,1991,4
LPF,2023,2019,4,345.18475454924527,4.039190694312932,2.971088139469183,4.604601765476088,1991,4
MPF,2020,2019,1,605.3964193035254,0.1317237991266323,0.05797671431916668,0.11601638667606916,1991,4
MPF,2021,2019,2,608.7771212527596,0.1324593814496666,0.05882532751091702,0.11601638667606916,1991,4
MPF,2022,2019,3,609.3789007806591,0.1325903182757264,0.11967652359302516,0.11601638667606916,1991,4
MPF,2023,2019,4,606.5376221285669,0.13197210514050245,0.06544736842105262,0.11601638667606916,1991,4
NTU,2020,2019,1,184.16959585791577,0.3198108734945978,0.3415946700420802,0.347744517636968,1991,4
NTU,2021,2019,2,185.62456897768573,0.3223374372424152,0.4298561958845015,0.347744517636968,1991,4
NTU,2022,2019,3,185.49470811953134,0.32211193360113477,0.262905487759869,0.347744517636968,1991,4
NTU,2023,2019,4,183.88388999048405,0.3193147446813687,0.31066452314777493,0.347744517636968,1991,4
SAR,2020,2019,1,1000.4856120298413,1.2364379285459237,1.285029171299113,1.2096015716470407,1991,4
SAR,2021,2019,2,1068.5991750838623,1.3206152438373744,1.7757065090593287,1.2096015716470407,1991,4
SAR,2022,2019,3,1131.3200084256328,1.3981280199545982,0.9396314451618436,1.2096015716470407,1991,4
SAR,2023,2019,4,1181.6821444636885,1.4603674508982432,0.7877984966191535,1.2096015716470407,1991,4
SCP,2020,2019,1,131.76568543624498,1.627525722052556,0.951875864518764,1.9560199988394813,1991,4
SCP,2021,2019,2,137.16735741765117,1.694245369605127,1.439682798305725,1.9560199988394813,1991,4
SCP,2022,2019,3,131.8621035789453,1.6287166467367618,1.3023615838579825,1.9560199988394813,1991,4
SCP,2023,2019,4,134.09387555152472,1.6562827484809557,1.2720672101834425,1.9560199988394813,1991,4
ANC,2019,2018,1,616.6372287548284,9.347991885624516,11.169724519839384,17.190188776339156,1991,5
ANC,2020,2018,2,703.7514198361613,10.668610741212332,5.958320968763964,17.190188776339156,1991,5
ANC,2021,2018,3,789.3485019579836,11.966230787156833,10.34666461209007,17.190188776339156,1991,5
ANC,2022,2018,4,861.6582047430742,13.062419086153781,9.670712896110878,17.190188776339156,1991,5
ANC,2023,2018,5,907.0089856049952,13.749920118746365,11.620189588654467,17.190188776339156,1991,5
CMA,2019,2018,1,300.77438281381666,0.010618748989171927,NA,0.00293172690763052,1991,5
CMA,2020,2018,2,306.2930014713401,0.010813582158616006,NA,0.00293172690763052,1991,5
CMA,2021,2018,3,309.83804870324343,0.010938738983336822,NA,0.00293172690763052,1991,5
CMA,2022,2018,4,311.54426406325007,0.010998976402693759,NA,0.00293172690763052,1991,5
CMA,2023,2018,5,310.9348490455304,0.010977461189054696,NA,0.00293172690763052,1991,5
DMF,2019,2018,1,228.83161213537232,0.5679823893680296,0.5974387098186917,1.055181899380611,1991,5
DMF,2020,2018,2,233.87671982561264,0.5805048389272562,2.9020302341101365,1.055181899380611,1991,5
DMF,2021,2018,3,239.8647982825562,0.595367833939003,0.3833456358538275,1.055181899380611,1991,5
DMF,2022,2018,4,246.51575453623988,0.6118761563219907,1.0582687169226213,1.055181899380611,1991,5
DMF,2023,2018,5,248.678052047748,0.6172431897298765,0.49158609242439266,1.055181899380611,1991,5
LPF,2019,2018,1,324.25597078415177,3.754500169337936,4.604601765476088,3.606002657964865,1991,5
LPF,2020,2018,2,331.07651613254666,3.8334740078260854,3.391696528557638,3.606002657964865,1991,5
LPF,2021,2018,3,338.154071235231,3.9154237149271327,4.970937032567688,3.606002657964865,1991,5
LPF,2022,2018,4,342.6841900244171,3.967877126100992,3.0040670153152296,3.606002657964865,1991,5
LPF,2023,2018,5,342.1577769570744,3.961781886140722,2.971088139469183,3.606002657964865,1991,5
MPF,2019,2018,1,147.92415230243353,0.07857443578058848,0.11601638667606916,0.1108619298161498,1991,5
MPF,2020,2018,2,154.6820064911388,0.08216407663166042,0.05797671431916668,0.1108619298161498,1991,5
MPF,2021,2018,3,162.53303847637662,0.0863343922896077,0.05882532751091702,0.1108619298161498,1991,5
MPF,2022,2018,4,169.53895669654042,0.09005579993471514,0.11967652359302516,0.1108619298161498,1991,5
MPF,2023,2018,5,171.99714222266286,0.0913615403276983,0.06544736842105262,0.1108619298161498,1991,5
NTU,2019,2018,1,150.74477500134762,0.33454060701316196,0.347744517636968,0.515669359008297,1991,5
NTU,2020,2018,2,158.56939664231734,0.35190541234983075,0.3415946700420802,0.515669359008297,1991,5
NTU,2021,2018,3,167.8591031591271,0.3725216098736247,0.4298561958845015,0.515669359008297,1991,5
NTU,2022,2018,4,177.5026820404046,0.3939231392645641,0.262905487759869,0.515669359008297,1991,5
NTU,2023,2018,5,185.98040455405868,0.4127373398614447,0.31066452314777493,0.515669359008297,1991,5
SAR,2019,2018,1,245.3968869619506,1.0023956035794288,1.2096015716470407,0.9698245108921388,1991,5
SAR,2020,2018,2,250.17916009850626,1.0219302017014606,1.285029171299113,0.9698245108921388,1991,5
SAR,2021,2018,3,250.87626444051446,1.0247777289717372,1.7757065090593287,0.9698245108921388,1991,5
SAR,2022,2018,4,250.58328690644575,1.0235809762511392,0.9396314451618436,0.9698245108921388,1991,5
SAR,2023,2018,5,247.43779306985374,1.0107322835398298,0.7877984966191535,0.9698245108921388,1991,5
SCP,2019,2018,1,108.10413338487308,1.5674443059062775,1.9560199988394813,1.2441045134099813,1991,5
SCP,2020,2018,2,114.26289649104368,1.65674263206578,0.951875864518764,1.2441045134099813,1991,5
SCP,2021,2018,3,122.22182444908302,1.7721422557280209,1.439682798305725,1.2441045134099813,1991,5
SCP,2022,2018,4,129.84684508846516,1.8827004259791669,1.3023615838579825,1.2441045134099813,1991,5
SCP,2023,2018,5,135.056056270816,1.9582308257000498,1.2720672101834425,1.2441045134099813,1991,5
ANC,2023,2022,1,769.4244650445866,12.11912705677997,11.620189588654467,9.670712896110878,1992,1
CMA,2023,2022,1,309.260851716568,0.010264837004679664,NA,0.00293172690763052,1992,1
DMF,2023,2022,1,349.1323433545633,0.7370941701063037,0.49158609242439266,1.0582687169226213,1992,1
LPF,2023,2022,1,346.91765840163225,3.8162881420208827,2.971088139469183,3.0040670153152296,1992,1
MPF,2023,2022,1,697.6593895261138,0.12133335135956833,0.06544736842105262,0.11967652359302516,1992,1
NTU,2023,2022,1,172.1311163497165,0.3104609980765981,0.31066452314777493,0.262905487759869,1992,1
SAR,2023,2022,1,1125.371012844562,1.4110521703668741,0.7877984966191535,0.9396314451618436,1992,1
SCP,2023,2022,1,172.9616343060318,1.486415698970092,1.2720672101834425,1.3023615838579825,1992,1
ANC,2022,2021,1,789.5053222400524,11.644214292024309,9.670712896110878,10.34666461209007,1992,2
ANC,2023,2021,2,837.5123846225412,12.352258311697568,11.620189588654467,10.34666461209007,1992,2
CMA,2022,2021,1,306.12500575073244,0.010235056651231306,NA,0.00293172690763052,1992,2
CMA,2023,2021,2,305.3572793766477,0.010209388304040485,NA,0.00293172690763052,1992,2
DMF,2022,2021,1,331.2697517977239,0.6967423477650044,1.0582687169226213,0.3833456358538275,1992,2
DMF,2023,2021,2,336.7378644350267,0.7082431431623584,0.49158609242439266,0.3833456358538275,1992,2
LPF,2022,2021,1,351.830742996907,3.9932252914407975,3.0040670153152296,4.970937032567688,1992,2
LPF,2023,2021,2,348.6025787271619,3.9565861191585023,2.971088139469183,4.970937032567688,1992,2
MPF,2022,2021,1,125.5361030400579,0.0658429226762902,0.11967652359302516,0.05882532751091702,1992,2
MPF,2023,2021,2,122.794337447274,0.06440488329518422,0.06544736842105262,0.05882532751091702,1992,2
NTU,2022,2021,1,178.44550584600918,0.3190826182376602,0.262905487759869,0.4298561958845015,1992,2
NTU,2023,2021,2,176.68843756994727,0.3159407630068987,0.31066452314777493,0.4298561958845015,1992,2
SAR,2022,2021,1,1002.4548461643413,1.5934596155780354,0.9396314451618436,1.7757065090593287,1992,2
SAR,2023,2021,2,1071.3717207000154,1.7030069501284555,0.7877984966191535,1.7757065090593287,1992,2
SCP,2022,2021,1,173.73633948361746,1.5644445810650744,1.3023615838579825,1.439682798305725,1992,2
SCP,2023,2021,2,176.8579581004743,1.5925538375614912,1.2720672101834425,1.439682798305725,1992,2
ANC,2021,2020,1,756.1047160643993,10.324664234574053,10.34666461209007,5.958320968763964,1992,3
ANC,2022,2020,2,822.2803171477426,11.22829682301097,9.670712896110878,5.958320968763964,1992,3
ANC,2023,2020,3,864.6130772680339,11.80635370465532,11.620189588654467,5.958320968763964,1992,3
CMA,2021,2020,1,308.6374571810588,0.010216796975580273,NA,0.00293172690763052,1992,3
CMA,2022,2020,2,311.22413045545215,0.010302423379867079,NA,0.00293172690763052,1992,3
CMA,2023,2020,3,310.71595388331014,0.010285601258168882,NA,0.00293172690763052,1992,3
DMF,2021,2020,1,357.395049354595,0.7261867344605593,0.3833456358538275,2.9020302341101365,1992,3
DMF,2022,2020,2,368.50414760890425,0.7487591785911276,1.0582687169226213,2.9020302341101365,1992,3
DMF,2023,2020,3,373.7300280809473,0.7593775827394988,0.49158609242439266,2.9020302341101365,1992,3
LPF,2021,2020,1,327.2694818243365,3.885369102412134,4.970937032567688,3.391696528557638,1992,3
LPF,2022,2020,2,329.33709360323587,3.9099159525392446,3.0040670153152296,3.391696528557638,1992,3
LPF,2023,2020,3,326.2958864613314,3.8738105014677844,2.971088139469183,3.391696528557638,1992,3
MPF,2021,2020,1,136.1730051551073,0.07117308638926137,0.05882532751091702,0.05797671431916668,1992,3
MPF,2022,2020,2,137.64629461654982,0.07194312563453029,0.11967652359302516,0.05797671431916668,1992,3
MPF,2023,2020,3,136.4915290542581,0.071339568203814,0.06544736842105262,0.05797671431916668,1992,3
NTU,2021,2020,1,188.7017397752075,0.3174738892365767,0.4298561958845015,0.3415946700420802,1992,3
NTU,2022,2020,2,187.03010796372158,0.3146615174312281,0.262905487759869,0.3415946700420802,1992,3
NTU,2023,2020,3,185.83230123281098,0.312646314169886,0.31066452314777493,0.3415946700420802,1992,3
SAR,2021,2020,1,961.0000230915058,1.372174595341877,1.7757065090593287,1.285029171299113,1992,3
SAR,2022,2020,2,1028.2981014901943,1.4682669067623662,0.9396314451618436,1.285029171299113,1992,3
SAR,2023,2020,3,1083.7782702647876,1.5474848841905808,0.7877984966191535,1.285029171299113,1992,3
SCP,2021,2020,1,165.7607484011761,1.577021883156799,1.439682798305725,0.951875864518764,1992,3
SCP,2022,2020,2,172.64681862896805,1.6425348803103845,1.3023615838579825,0.951875864518764,1992,3
SCP,2023,2020,3,176.5319723469022,1.67949762626627,1.2720672101834425,0.951875864518764,1992,3
ANC,2020,2019,1,717.4771939840917,11.862895261121924,5.958320968763964,11.169724519839384,1992,4
ANC,2021,2019,2,815.399968665839,13.481967796762362,10.34666461209007,11.169724519839384,1992,4
ANC,2022,2019,3,898.5386743916622,14.85659791245151,9.670712896110878,11.169724519839384,1992,4
ANC,2023,2019,4,951.5426289402612,15.732974703947464,11.620189588654467,11.169724519839384,1992,4
CMA,2020,2019,1,308.017306895225,0.01024712981108849,NA,0.00293172690763052,1992,4
CMA,2021,2019,2,311.3408788897725,0.010357698512593994,NA,0.00293172690763052,1992,4
CMA,2022,2019,3,312.9165518594402,0.01041011805233596,NA,0.00293172690763052,1992,4
CMA,2023,2019,4,312.09838170513314,0.010382899140959677,NA,0.00293172690763052,1992,4
DMF,2020,2019,1,262.2990175799476,0.5896701567349002,2.9020302341101365,0.5974387098186917,1992,4
DMF,2021,2019,2,268.945447183866,0.6046118870640101,0.3833456358538275,0.5974387098186917,1992,4
DMF,2022,2019,3,275.8154665790256,0.6200562659674913,1.0582687169226213,0.5974387098186917,1992,4
DMF,2023,2019,4,277.9304667080683,0.6248109633700724,0.49158609242439266,0.5974387098186917,1992,4
LPF,2020,2019,1,339.44042020817307,4.01280789861856,3.391696528557638,4.604601765476088,1992,4
LPF,2021,2019,2,343.5102016483337,4.060920174400896,4.970937032567688,4.604601765476088,1992,4
LPF,2022,2019,3,344.56130748353064,4.073346171856283,3.0040670153152296,4.604601765476088,1992,4
LPF,2023,2019,4,341.420700598653,4.036218442323178,2.971088139469183,4.604601765476088,1992,4
MPF,2020,2019,1,174.95898301546632,0.08609648085485296,0.05797671431916668,0.11601638667606916,1992,4
MPF,2021,2019,2,179.84781524728754,0.08850225187269418,0.05882532751091702,0.11601638667606916,1992,4
MPF,2022,2019,3,184.204941942473,0.09064637313259566,0.11967652359302516,0.11601638667606916,1992,4
MPF,2023,2019,4,184.88929166048456,0.09098313836396191,0.06544736842105262,0.11601638667606916,1992,4
NTU,2020,2019,1,189.5826023570073,0.3139433576139302,0.3415946700420802,0.347744517636968,1992,4
NTU,2021,2019,2,190.10159137244344,0.3148027885535053,0.4298561958845015,0.347744517636968,1992,4
NTU,2022,2019,3,189.85053084576492,0.31438703951467023,0.262905487759869,0.347744517636968,1992,4
NTU,2023,2019,4,188.28221516553995,0.3117899536833384,0.31066452314777493,0.347744517636968,1992,4
SAR,2020,2019,1,927.6616237742137,1.2798749032975665,1.285029171299113,1.2096015716470407,1992,4
SAR,2021,2019,2,997.2132780411835,1.3758338332541105,1.7757065090593287,1.2096015716470407,1992,4
SAR,2022,2019,3,1061.155771214305,1.4640539236073074,0.9396314451618436,1.2096015716470407,1992,4
SAR,2023,2019,4,1112.162697400065,1.534427088828805,0.7877984966191535,1.2096015716470407,1992,4
SCP,2020,2019,1,174.17208931157214,1.7640998153701726,0.951875864518764,1.9560199988394813,1992,4
SCP,2021,2019,2,183.77451060397397,1.8613578186242405,1.439682798305725,1.9560199988394813,1992,4
SCP,2022,2019,3,191.73731851265583,1.9420090183489287,1.3023615838579825,1.9560199988394813,1992,4
SCP,2023,2019,4,195.8668248856984,1.9838346716958473,1.2720672101834425,1.9560199988394813,1992,4
ANC,2019,2018,1,617.420034020684,9.352725079466868,11.169724519839384,17.190188776339156,1992,5
ANC,2020,2018,2,705.0678117097955,10.680420203342663,5.958320968763964,17.190188776339156,1992,5
ANC,2021,2018,3,791.2516812354544,11.98593993633391,10.34666461209007,17.190188776339156,1992,5
ANC,2022,2018,4,864.2617111339245,13.091901356531642,9.670712896110878,17.190188776339156,1992,5
ANC,2023,2018,5,910.3622548100991,13.790235856967971,11.620189588654467,17.190188776339156,1992,5
CMA,2019,2018,1,305.0954770073437,0.010129304298890005,NA,0.00293172690763052,1992,5
CMA,2020,2018,2,310.7169149688238,0.010315938516701742,NA,0.00293172690763052,1992,5
CMA,2021,2018,3,314.38695076548737,0.010437785322615975,NA,0.00293172690763052,1992,5
CMA,2022,2018,4,316.20612132930506,0.010498182587082959,NA,0.00293172690763052,1992,5
CMA,2023,2018,5,315.69074724237686,0.010481071940260316,NA,0.00293172690763052,1992,5
DMF,2019,2018,1,254.1871006364016,0.5729301478177051,0.5974387098186917,1.055181899380611,1992,5
DMF,2020,2018,2,260.1735458077224,0.5864234167850141,2.9020302341101365,1.055181899380611,1992,5
DMF,2021,2018,3,266.65812215227294,0.601039458568082,0.3833456358538275,1.055181899380611,1992,5
DMF,2022,2018,4,273.5028500184092,0.6164672711451135,1.0582687169226213,1.055181899380611,1992,5
DMF,2023,2018,5,275.65952640113375,0.621328355423803,0.49158609242439266,1.055181899380611,1992,5
LPF,2019,2018,1,321.7971181066859,3.855337421425409,4.604601765476088,3.606002657964865,1992,5
LPF,2020,2018,2,328.9399979252093,3.940913737407107,3.391696528557638,3.606002657964865,1992,5
LPF,2021,2018,3,334.7270629679156,4.010246516241912,4.970937032567688,3.606002657964865,1992,5
LPF,2022,2018,4,337.1883504546354,4.0397343308260405,3.0040670153152296,3.606002657964865,1992,5
LPF,2023,2018,5,334.87748465049833,4.01204866520231,2.971088139469183,3.606002657964865,1992,5
MPF,2019,2018,1,146.5991470338783,0.07415464742144784,0.11601638667606916,0.1108619298161498,1992,5
MPF,2020,2018,2,150.0427140191054,0.07589651632606462,0.05797671431916668,0.1108619298161498,1992,5
MPF,2021,2018,3,154.43004732687595,0.07811577313035499,0.05882532751091702,0.1108619298161498,1992,5
MPF,2022,2018,4,158.39784214805601,0.08012281363473978,0.11967652359302516,0.1108619298161498,1992,5
MPF,2023,2018,5,158.84019162121083,0.08034656847835614,0.06544736842105262,0.1108619298161498,1992,5
NTU,2019,2018,1,187.49187611724614,0.30633883023676317,0.347744517636968,0.515669359008297,1992,5
NTU,2020,2018,2,191.1120013745312,0.31225367284004363,0.3415946700420802,0.515669359008297,1992,5
NTU,2021,2018,3,191.50626025203147,0.3128978437014433,0.4298561958845015,0.515669359008297,1992,5
NTU,2022,2018,4,191.31774862513285,0.3125898387229554,0.262905487759869,0.515669359008297,1992,5
NTU,2023,2018,5,189.84958989022925,0.310191046632513,0.31066452314777493,0.515669359008297,1992,5
SAR,2019,2018,1,894.091334372669,1.1669956937953445,1.2096015716470407,0.9698245108921388,1992,5
SAR,2020,2018,2,959.949030212596,1.2529551975885485,1.285029171299113,0.9698245108921388,1992,5
SAR,2021,2018,3,1025.9620543032495,1.3391174406241029,1.7757065090593287,0.9698245108921388,1992,5
SAR,2022,2018,4,1085.4883215939274,1.4168129678318155,0.9396314451618436,0.9698245108921388,1992,5
SAR,2023,2018,5,1131.5100575462964,1.4768819625895873,0.7877984966191535,0.9698245108921388,1992,5
SCP,2019,2018,1,155.6252688322612,1.613049118542062,1.9560199988394813,1.2441045134099813,1992,5
SCP,2020,2018,2,163.4474044117131,1.694125212393832,0.951875864518764,1.2441045134099813,1992,5
SCP,2021,2018,3,172.63366642259834,1.7893404171645055,1.439682798305725,1.2441045134099813,1992,5
SCP,2022,2018,4,180.48883463724658,1.8707588928382408,1.3023615838579825,1.2441045134099813,1992,5
SCP,2023,2018,5,184.8016942344104,1.915461494310365,1.2720672101834425,1.2441045134099813,1992,5
ANC,2023,2022,1,769.4636329885296,12.120125214094385,11.620189588654467,9.670712896110878,1993,1
CMA,2023,2022,1,301.7358619978963,0.010185610231067862,NA,0.00293172690763052,1993,1
DMF,2023,2022,1,341.47860843144394,0.7423209152071814,0.49158609242439266,1.0582687169226213,1993,1
LPF,2023,2022,1,340.987868574051,3.822607488919404,2.971088139469183,3.0040670153152296,1993,1
MPF,2023,2022,1,138.35522313347835,0.07642839033260573,0.06544736842105262,0.11967652359302516,1993,1
NTU,2023,2022,1,170.66156089075216,0.30922939461072235,0.31066452314777493,0.262905487759869,1993,1
SAR,2023,2022,1,1019.6288609263828,1.4297895035710058,0.7877984966191535,0.9396314451618436,1993,1
SCP,2023,2022,1,174.71830578137963,1.4902872412807049,1.2720672101834425,1.3023615838579825,1993,1
ANC,2022,2021,1,791.130258035622,11.651248132763648,9.670712896110878,10.34666461209007,1993,2
ANC,2023,2021,2,839.5531393582036,12.36438860471784,11.620189588654467,10.34666461209007,1993,2
CMA,2022,2021,1,298.50620258367326,0.010169746381101366,NA,0.00293172690763052,1993,2
CMA,2023,2021,2,297.5630467973756,0.010137614200726229,NA,0.00293172690763052,1993,2
DMF,2022,2021,1,323.4343092335507,0.7024140831012381,1.0582687169226213,0.3833456358538275,1993,2
DMF,2023,2021,2,328.92025367594175,0.7143281086867671,0.49158609242439266,0.3833456358538275,1993,2
LPF,2022,2021,1,241.7964737686795,3.9898986171931417,3.0040670153152296,4.970937032567688,1993,2
LPF,2023,2021,2,241.61251424125902,3.9868630896164383,2.971088139469183,4.970937032567688,1993,2
MPF,2022,2021,1,124.98274878219001,0.06590464286447098,0.11967652359302516,0.05882532751091702,1993,2
MPF,2023,2021,2,122.29021017693196,0.06448484055649342,0.06544736842105262,0.05882532751091702,1993,2
NTU,2022,2021,1,176.8536191813934,0.3183277147443252,0.262905487759869,0.4298561958845015,1993,2
NTU,2023,2021,2,175.0440164792702,0.3150705199216894,0.31066452314777493,0.4298561958845015,1993,2
SAR,2022,2021,1,915.1432120065034,1.6208366749442296,0.9396314451618436,1.7757065090593287,1993,2
SAR,2023,2021,2,977.8137436820357,1.7318342705612475,0.7877984966191535,1.7757065090593287,1993,2
SCP,2022,2021,1,182.6904264197225,1.5674174246772767,1.3023615838579825,1.439682798305725,1993,2
SCP,2023,2021,2,185.5826872478269,1.5922319708334454,1.2720672101834425,1.439682798305725,1993,2
ANC,2021,2020,1,756.4162660469444,10.331015035328972,10.34666461209007,5.958320968763964,1993,3
ANC,2022,2020,2,822.3509237764779,11.231540276427907,9.670712896110878,5.958320968763964,1993,3
ANC,2023,2020,3,864.7194690529644,11.810203240094573,11.620189588654467,5.958320968763964,1993,3
CMA,2021,2020,1,299.7388535988007,0.010148286811343209,NA,0.00293172690763052,1993,3
CMA,2022,2020,2,302.2814597644912,0.010234372069586889,NA,0.00293172690763052,1993,3
CMA,2023,2020,3,301.6566065877647,0.010213216356284244,NA,0.00293172690763052,1993,3
DMF,2021,2020,1,348.4365761442595,0.7327713490705167,0.3833456358538275,2.9020302341101365,1993,3
DMF,2022,2020,2,359.85530626606544,0.7567852409776729,1.0582687169226213,2.9020302341101365,1993,3
DMF,2023,2020,3,365.1691241530388,0.7679603407471656,0.49158609242439266,2.9020302341101365,1993,3
LPF,2021,2020,1,319.08734614427146,3.8935777566940515,4.970937032567688,3.391696528557638,1993,3
LPF,2022,2020,2,320.9593427148293,3.916420292745092,3.0040670153152296,3.391696528557638,1993,3
LPF,2023,2020,3,317.68912082488157,3.876516287261912,2.971088139469183,3.391696528557638,1993,3
MPF,2021,2020,1,136.4121833885288,0.07099232140800653,0.05882532751091702,0.05797671431916668,1993,3
MPF,2022,2020,2,137.65504680085357,0.07163913869838524,0.11967652359302516,0.05797671431916668,1993,3
MPF,2023,2020,3,136.45073467432593,0.0710123844639889,0.06544736842105262,0.05797671431916668,1993,3
NTU,2021,2020,1,186.82995860009046,0.3169687017728682,0.4298561958845015,0.3415946700420802,1993,3
NTU,2022,2020,2,185.14160540480358,0.3141043050537657,0.262905487759869,0.3415946700420802,1993,3
NTU,2023,2020,3,183.89394041214672,0.311987563413757,0.31066452314777493,0.3415946700420802,1993,3
SAR,2021,2020,1,874.137988575219,1.3981654091330316,1.7757065090593287,1.285029171299113,1993,3
SAR,2022,2020,2,936.3475076008169,1.4976682322080976,0.9396314451618436,1.285029171299113,1993,3
SAR,2023,2020,3,986.6536765285293,1.5781318960460846,0.7877984966191535,1.285029171299113,1993,3
SCP,2021,2020,1,143.6217798544533,1.686095759674308,1.439682798305725,0.951875864518764,1993,3
SCP,2022,2020,2,128.94745868727364,1.5138216747746882,1.3023615838579825,0.951875864518764,1993,3
SCP,2023,2020,3,141.06710752828943,1.6561043323234745,1.2720672101834425,0.951875864518764,1993,3
ANC,2020,2019,1,717.3775323375401,11.859476585040019,5.958320968763964,11.169724519839384,1993,4
ANC,2021,2019,2,815.2033673488983,13.476704819033987,10.34666461209007,11.169724519839384,1993,4
ANC,2022,2019,3,898.2353204949721,14.849364903518868,9.670712896110878,11.169724519839384,1993,4
ANC,2023,2019,4,951.1556975259365,15.724229175090324,11.620189588654467,11.169724519839384,1993,4
CMA,2020,2019,1,299.54577411325005,0.010180537815621915,NA,0.00293172690763052,1993,4
CMA,2021,2019,2,302.8670241285488,0.010293415760490202,NA,0.00293172690763052,1993,4
CMA,2022,2019,3,304.4085256182373,0.01034580613139451,NA,0.00293172690763052,1993,4
CMA,2023,2019,4,303.51731417481653,0.010315516898210303,NA,0.00293172690763052,1993,4
DMF,2020,2019,1,254.2309971673048,0.5928196318364652,2.9020302341101365,0.5974387098186917,1993,4
DMF,2021,2019,2,261.0283820948194,0.6086698754144666,0.3833456358538275,0.5974387098186917,1993,4
DMF,2022,2019,3,267.8901818313579,0.624670322405096,1.0582687169226213,0.5974387098186917,1993,4
DMF,2023,2019,4,269.90538290042383,0.6293693983209016,0.49158609242439266,0.5974387098186917,1993,4
LPF,2020,2019,1,329.3054653232013,4.016934043310407,3.391696528557638,4.604601765476088,1993,4
LPF,2021,2019,2,333.0051056974632,4.062062997829253,4.970937032567688,4.604601765476088,1993,4
LPF,2022,2019,3,333.6980825621127,4.0705160684641575,3.0040670153152296,4.604601765476088,1993,4
LPF,2023,2019,4,330.4255788153608,4.030597412105731,2.971088139469183,4.604601765476088,1993,4
MPF,2020,2019,1,174.4017751114783,0.08572964282086667,0.05797671431916668,0.11601638667606916,1993,4
MPF,2021,2019,2,179.25832425003435,0.08811694778220819,0.05882532751091702,0.11601638667606916,1993,4
MPF,2022,2019,3,183.55481276540743,0.09022894707562965,0.11967652359302516,0.11601638667606916,1993,4
MPF,2023,2019,4,184.15573708741545,0.09052433986882334,0.06544736842105262,0.11601638667606916,1993,4
NTU,2020,2019,1,186.8923324250251,0.3133462448926955,0.3415946700420802,0.347744517636968,1993,4
NTU,2021,2019,2,187.4799310697011,0.31433142083022164,0.4298561958845015,0.347744517636968,1993,4
NTU,2022,2019,3,187.20353147726274,0.3138680054869775,0.262905487759869,0.347744517636968,1993,4
NTU,2023,2019,4,185.58853239632114,0.3111602759030407,0.31066452314777493,0.347744517636968,1993,4
SAR,2020,2019,1,846.929029925112,1.3072661229041347,1.285029171299113,1.2096015716470407,1993,4
SAR,2021,2019,2,912.6575132965484,1.408720455658491,1.7757065090593287,1.2096015716470407,1993,4
SAR,2022,2019,3,972.1874767758891,1.500607144866846,0.9396314451618436,1.2096015716470407,1993,4
SAR,2023,2019,4,1018.4666385553501,1.5720407340496831,0.7877984966191535,1.2096015716470407,1993,4
SCP,2020,2019,1,187.08815238202382,1.7581454159605834,0.951875864518764,1.9560199988394813,1993,4
SCP,2021,2019,2,196.3826335080346,1.8454895325033585,1.439682798305725,1.9560199988394813,1993,4
SCP,2022,2019,3,203.7202819785883,1.914444476246091,1.3023615838579825,1.9560199988394813,1993,4
SCP,2023,2019,4,207.0621800672526,1.9458496867331507,1.2720672101834425,1.9560199988394813,1993,4
ANC,2019,2018,1,617.3463802506415,9.352157858793786,11.169724519839384,17.190188776339156,1993,5
ANC,2020,2018,2,704.9627438736926,10.679454964324034,5.958320968763964,17.190188776339156,1993,5
ANC,2021,2018,3,791.0753487592937,11.983971683439018,10.34666461209007,17.190188776339156,1993,5
ANC,2022,2018,4,863.9964143681411,13.088650253885195,9.670712896110878,17.190188776339156,1993,5
ANC,2023,2018,5,910.0167623497637,13.785810831494832,11.620189588654467,17.190188776339156,1993,5
CMA,2019,2018,1,296.13892381096235,0.01004814436293131,NA,0.00293172690763052,1993,5
CMA,2020,2018,2,301.9164506792567,0.01024417878922778,NA,0.00293172690763052,1993,5
CMA,2021,2018,3,305.6899402712762,0.010372215211068883,NA,0.00293172690763052,1993,5
CMA,2022,2018,4,307.5644984166083,0.010435819922731269,NA,0.00293172690763052,1993,5
CMA,2023,2018,5,307.04197598272555,0.01041809047068573,NA,0.00293172690763052,1993,5
DMF,2019,2018,1,247.31737213261636,0.5750394053034472,0.5974387098186917,1.055181899380611,1993,5
DMF,2020,2018,2,253.66545211954428,0.5897993718558345,2.9020302341101365,1.055181899380611,1993,5
DMF,2021,2018,3,260.28557865664226,0.6051918758036975,0.3833456358538275,1.055181899380611,1993,5
DMF,2022,2018,4,267.1338295119844,0.6211147932488704,1.0582687169226213,1.055181899380611,1993,5
DMF,2023,2018,5,269.2165024049073,0.6259572310099583,0.49158609242439266,1.055181899380611,1993,5
LPF,2019,2018,1,316.06671369183584,3.8566007067906973,4.604601765476088,3.606002657964865,1993,5
LPF,2020,2018,2,323.0972979045451,3.9423868869524026,3.391696528557638,3.606002657964865,1993,5
LPF,2021,2018,3,328.62605422254614,4.0098479785511385,4.970937032567688,3.606002657964865,1993,5
LPF,2022,2018,4,330.7926078235745,4.036283954840538,3.0040670153152296,3.606002657964865,1993,5
LPF,2023,2018,5,328.27391216496824,4.005551191672563,2.971088139469183,3.606002657964865,1993,5
MPF,2019,2018,1,144.56199292415263,0.07363608653676833,0.11601638667606916,0.1108619298161498,1993,5
MPF,2020,2018,2,147.9888318352112,0.07538162837316698,0.05797671431916668,0.1108619298161498,1993,5
MPF,2021,2018,3,152.41465698483069,0.07763602759056693,0.05882532751091702,0.1108619298161498,1993,5
MPF,2022,2018,4,156.3851890917286,0.0796585124768534,0.11967652359302516,0.1108619298161498,1993,5
MPF,2023,2018,5,156.78747213882536,0.0798634249069403,0.06544736842105262,0.1108619298161498,1993,5
NTU,2019,2018,1,184.17178110078424,0.30559354035031916,0.347744517636968,0.515669359008297,1993,5
NTU,2020,2018,2,187.88542256211832,0.3117555312643332,0.3415946700420802,0.515669359008297,1993,5
NTU,2021,2018,3,188.31972291502103,0.31247615948232443,0.4298561958845015,0.515669359008297,1993,5
NTU,2022,2018,4,188.11603256809272,0.3121381790714224,0.262905487759869,0.515669359008297,1993,5
NTU,2023,2018,5,186.600396170634,0.3096233057840226,0.31066452314777493,0.515669359008297,1993,5
SAR,2019,2018,1,816.5436093398549,1.1959966207804915,1.2096015716470407,0.9698245108921388,1993,5
SAR,2020,2018,2,879.9463227896404,1.2888629786417236,1.285029171299113,0.9698245108921388,1993,5
SAR,2021,2018,3,943.0613563078084,1.3813079698764277,1.7757065090593287,0.9698245108921388,1993,5
SAR,2022,2018,4,999.2336403104523,1.4635838717146628,0.9396314451618436,0.9698245108921388,1993,5
SAR,2023,2018,5,1041.6851306386427,1.5257628397438885,0.7877984966191535,0.9698245108921388,1993,5
SCP,2019,2018,1,167.3907368466364,1.618611663002098,1.9560199988394813,1.2441045134099813,1993,5
SCP,2020,2018,2,175.31783987076878,1.6952640611598022,0.951875864518764,1.2441045134099813,1993,5
SCP,2021,2018,3,184.31026069408017,1.7822177211856272,1.439682798305725,1.2441045134099813,1993,5
SCP,2022,2018,4,191.6270320123866,1.8529684187118625,1.3023615838579825,1.2441045134099813,1993,5
SCP,2023,2018,5,195.17418315846558,1.887268167453246,1.2720672101834425,1.2441045134099813,1993,5
ANC,2023,2022,1,769.9298756933698,12.127016779368953,11.620189588654467,9.670712896110878,1994,1
CMA,2023,2022,1,295.05458504526337,0.010092092449993598,NA,0.00293172690763052,1994,1
DMF,2023,2022,1,331.49555568854777,0.7431950509448568,0.49158609242439266,1.0582687169226213,1994,1
LPF,2023,2022,1,340.0948770373037,3.7955788596672533,2.971088139469183,3.0040670153152296,1994,1
MPF,2023,2022,1,784.4722527607435,0.12138532844612307,0.06544736842105262,0.11967652359302516,1994,1
NTU,2023,2022,1,169.362608675583,0.3079387256947124,0.31066452314777493,0.262905487759869,1994,1
SAR,2023,2022,1,950.533048859426,1.4446024378020699,0.7877984966191535,0.9396314451618436,1994,1
SCP,2023,2022,1,185.3883849654765,1.5502978700426815,1.2720672101834425,1.3023615838579825,1994,1
ANC,2022,2021,1,789.9564020106172,11.634349139136095,9.670712896110878,10.34666461209007,1994,2
ANC,2023,2021,2,837.9519833908555,12.341220239227523,11.620189588654467,10.34666461209007,1994,2
CMA,2022,2021,1,291.1031800511094,0.010063160871665665,NA,0.00293172690763052,1994,2
CMA,2023,2021,2,290.2439937235384,0.010033459615116133,NA,0.00293172690763052,1994,2
DMF,2022,2021,1,316.9877053423822,0.7036566125213038,1.0582687169226213,0.3833456358538275,1994,2
DMF,2023,2021,2,322.49571127429124,0.7158834110074096,0.49158609242439266,0.3833456358538275,1994,2
LPF,2022,2021,1,323.66656172364475,4.019956094565952,3.0040670153152296,4.970937032567688,1994,2
LPF,2023,2021,2,318.48837694094095,3.9556427612232503,2.971088139469183,4.970937032567688,1994,2
MPF,2022,2021,1,129.87182904430858,0.06629304184465279,0.11967652359302516,0.05882532751091702,1994,2
MPF,2023,2021,2,127.06092246880743,0.06485821530372887,0.06544736842105262,0.05882532751091702,1994,2
NTU,2022,2021,1,176.89127089580722,0.31728880399317216,0.262905487759869,0.4298561958845015,1994,2
NTU,2023,2021,2,174.99530088561036,0.3138880140395705,0.31066452314777493,0.4298561958845015,1994,2
SAR,2022,2021,1,877.942925550072,1.6295431180328737,0.9396314451618436,1.7757065090593287,1994,2
SAR,2023,2021,2,935.4297341540199,1.7362439417561735,0.7877984966191535,1.7757065090593287,1994,2
SCP,2022,2021,1,177.84114241345918,1.5847310186947148,1.3023615838579825,1.439682798305725,1994,2
SCP,2023,2021,2,174.79244776879565,1.5575642961671772,1.2720672101834425,1.439682798305725,1994,2
ANC,2021,2020,1,756.0938647243738,10.321339242423806,10.34666461209007,5.958320968763964,1994,3
ANC,2022,2020,2,822.0576591185871,11.221802440744241,9.670712896110878,5.958320968763964,1994,3
ANC,2023,2020,3,864.16504203574425,11.796604861415979,11.620189588654467,5.958320968763964,1994,3
CMA,2021,2020,1,291.56211821023254,0.010036053214157008,NA,0.00293172690763052,1994,3
CMA,2022,2020,2,294.32711465521965,0.01013122899223541,NA,0.00293172690763052,1994,3
CMA,2023,2020,3,293.8514089125768,0.010114854409087397,NA,0.00293172690763052,1994,3
DMF,2021,2020,1,336.5546392069841,0.7328579455125891,0.3833456358538275,2.9020302341101365,1994,3
DMF,2022,2020,2,347.73698254151367,0.7572078376473983,1.0582687169226213,2.9020302341101365,1994,3
DMF,2023,2020,3,352.81602052906595,0.7682675970775715,0.49158609242439266,2.9020302341101365,1994,3
LPF,2021,2020,1,310.6712929769855,3.8869207008160105,4.970937032567688,3.391696528557638,1994,3
LPF,2022,2020,2,312.41405519339907,3.908725028054188,3.0040670153152296,3.391696528557638,1994,3
LPF,2023,2020,3,309.0553251873498,3.8667027444248734,2.971088139469183,3.391696528557638,1994,3
MPF,2021,2020,1,141.98433604729752,0.07192111799693104,0.05882532751091702,0.05797671431916668,1994,3
MPF,2022,2020,2,143.37224876174022,0.0726241549437082,0.11967652359302516,0.05797671431916668,1994,3
MPF,2023,2020,3,142.1513853714019,0.0720057355997222,0.06544736842105262,0.05797671431916668,1994,3
NTU,2021,2020,1,185.3778037037298,0.31598814786481394,0.4298561958845015,0.3415946700420802,1994,3
NTU,2022,2020,2,183.75492332550527,0.3132218459954656,0.262905487759869,0.3415946700420802,1994,3
NTU,2023,2020,3,182.37377685382083,0.31086759480250675,0.31066452314777493,0.3415946700420802,1994,3
SAR,2021,2020,1,827.4036950750415,1.413384180228988,1.7757065090593287,1.285029171299113,1994,3
SAR,2022,2020,2,885.5161105001919,1.5126527345340943,0.9396314451618436,1.285029171299113,1994,3
SAR,2023,2020,3,931.0242420309415,1.5903904501863166,0.7877984966191535,1.285029171299113,1994,3
SCP,2021,2020,1,179.23009329767856,1.5881473800654786,1.439682798305725,0.951875864518764,1994,3
SCP,2022,2020,2,185.98962244243606,1.6480431726983218,1.3023615838579825,0.951875864518764,1994,3
SCP,2023,2020,3,189.2853216432343,1.6772461706710926,1.2720672101834425,0.951875864518764,1994,3
ANC,2020,2019,1,717.4226251842063,11.854203512032196,5.958320968763964,11.169724519839384,1994,4
ANC,2021,2019,2,815.0727674585356,13.467708047384118,10.34666461209007,11.169724519839384,1994,4
ANC,2022,2019,3,897.8858901947882,14.836055763112181,9.670712896110878,11.169724519839384,1994,4
ANC,2023,2019,4,950.603246971745,15.707121511408033,11.620189588654467,11.169724519839384,1994,4
CMA,2020,2019,1,291.08373818036245,0.010069626451492224,NA,0.00293172690763052,1994,4
CMA,2021,2019,2,294.6993742094471,0.010194704219233684,NA,0.00293172690763052,1994,4
CMA,2022,2019,3,296.5212583265456,0.010257729699845456,NA,0.00293172690763052,1994,4
CMA,2023,2019,4,295.77793427928304,0.010232015465394793,NA,0.00293172690763052,1994,4
DMF,2020,2019,1,249.5321670166095,0.5929698270465688,2.9020302341101365,0.5974387098186917,1994,4
DMF,2021,2019,2,256.4173435544274,0.6093312524676978,0.3833456358538275,0.5974387098186917,1994,4
DMF,2022,2019,3,263.28215868252533,0.6256442925373732,1.0582687169226213,0.5974387098186917,1994,4
DMF,2023,2019,4,265.25567195584745,0.6303340038413192,0.49158609242439266,0.5974387098186917,1994,4
LPF,2020,2019,1,322.99376201733224,4.010788669404093,3.391696528557638,4.604601765476088,1994,4
LPF,2021,2019,2,326.6811095754948,4.0565764633047054,4.970937032567688,4.604601765476088,1994,4
LPF,2022,2019,3,327.3309836807375,4.064646302429669,3.0040670153152296,4.604601765476088,1994,4
LPF,2023,2019,4,324.02169234863993,4.023553037669274,2.971088139469183,4.604601765476088,1994,4
MPF,2020,2019,1,185.64173603441813,0.08653610969526042,0.05797671431916668,0.11601638667606916,1994,4
MPF,2021,2019,2,190.20395267915399,0.0886627676788359,0.05882532751091702,0.11601638667606916,1994,4
MPF,2022,2019,3,194.27118001610333,0.09055868849117174,0.11967652359302516,0.11601638667606916,1994,4
MPF,2023,2019,4,194.81024905363518,0.0908099732419054,0.06544736842105262,0.11601638667606916,1994,4
NTU,2020,2019,1,185.15391628960379,0.3123168277125862,0.3415946700420802,0.347744517636968,1994,4
NTU,2021,2019,2,185.9333565414477,0.3136315841688668,0.4298561958845015,0.347744517636968,1994,4
NTU,2022,2019,3,185.60880820383022,0.31308413743225255,0.262905487759869,0.347744517636968,1994,4
NTU,2023,2019,4,183.92285109339815,0.3102402722473216,0.31066452314777493,0.347744517636968,1994,4
SAR,2020,2019,1,803.7863963903241,1.327292801885994,1.285029171299113,1.2096015716470407,1994,4
SAR,2021,2019,2,866.3141756785013,1.4305449491477797,1.7757065090593287,1.2096015716470407,1994,4
SAR,2022,2019,3,922.034557486904,1.5225560381942755,0.9396314451618436,1.2096015716470407,1994,4
SAR,2023,2019,4,964.287037373321,1.592327575342611,0.7877984966191535,1.2096015716470407,1994,4
SCP,2020,2019,1,192.78745737151618,1.7575503419720928,0.951875864518764,1.9560199988394813,1994,4
SCP,2021,2019,2,201.8427378370642,1.8401029701143243,1.439682798305725,1.9560199988394813,1994,4
SCP,2022,2019,3,208.72273640941808,1.90282460153408,1.3023615838579825,1.9560199988394813,1994,4
SCP,2023,2019,4,211.50487597939576,1.9281880272428669,1.2720672101834425,1.9560199988394813,1994,4
ANC,2019,2018,1,617.2469792733646,9.3537133132387,11.169724519839384,17.190188776339156,1994,5
ANC,2020,2018,2,704.839033166003,10.681076569992102,5.958320968763964,17.190188776339156,1994,5
ANC,2021,2018,3,790.8500817409862,11.984481393598596,10.34666461209007,17.190188776339156,1994,5
ANC,2022,2018,4,863.5932522674243,13.086825812361633,9.670712896110878,17.190188776339156,1994,5
ANC,2023,2018,5,909.4001408186072,13.780979883044388,11.620189588654467,17.190188776339156,1994,5
CMA,2019,2018,1,286.3258300723777,0.00992300157152027,NA,0.00293172690763052,1994,5
CMA,2020,2018,2,292.22265378206333,0.010127363821769915,NA,0.00293172690763052,1994,5
CMA,2021,2018,3,296.38199902930995,0.01027151145041554,NA,0.00293172690763052,1994,5
CMA,2022,2018,4,298.64847728795,0.01035005926189527,NA,0.00293172690763052,1994,5
CMA,2023,2018,5,298.3817996990436,0.010340817196192923,NA,0.00293172690763052,1994,5
DMF,2019,2018,1,241.8427527513013,0.5745956396702441,0.5974387098186917,1.055181899380611,1994,5
DMF,2020,2018,2,248.42478812456204,0.5902339367976348,2.9020302341101365,1.055181899380611,1994,5
DMF,2021,2018,3,255.1115562805826,0.606121069168669,0.3833456358538275,1.055181899380611,1994,5
DMF,2022,2018,4,261.9221237022802,0.622302336953906,1.0582687169226213,1.055181899380611,1994,5
DMF,2023,2018,5,263.91602291714713,0.6270396539988482,0.49158609242439266,1.055181899380611,1994,5
LPF,2019,2018,1,314.0102435258278,3.7903164960126854,4.604601765476088,3.606002657964865,1994,5
LPF,2020,2018,2,321.2294103799454,3.8774567335647747,3.391696528557638,3.606002657964865,1994,5
LPF,2021,2018,3,327.75141917121954,3.9561818007190657,4.970937032567688,3.606002657964865,1994,5
LPF,2022,2018,4,331.0966752829519,3.996561309620798,3.0040670153152296,3.606002657964865,1994,5
LPF,2023,2018,5,329.3665026725238,3.9756769533889114,2.971088139469183,3.606002657964865,1994,5
MPF,2019,2018,1,150.43442386979865,0.07437047854157099,0.11601638667606916,0.1108619298161498,1994,5
MPF,2020,2018,2,153.5872932668535,0.07592916703723729,0.05797671431916668,0.1108619298161498,1994,5
MPF,2021,2018,3,157.7205012982221,0.07797250692778518,0.05882532751091702,0.1108619298161498,1994,5
MPF,2022,2018,4,161.43356799387433,0.07980814095295635,0.11967652359302516,0.1108619298161498,1994,5
MPF,2023,2018,5,161.67721986077228,0.07992859547043056,0.06544736842105262,0.1108619298161498,1994,5
NTU,2019,2018,1,181.8856166837477,0.3045016923793825,0.347744517636968,0.515669359008297,1994,5
NTU,2020,2018,2,185.70051358543196,0.3108883577133188,0.3415946700420802,0.515669359008297,1994,5
NTU,2021,2018,3,186.28976314434772,0.3118748430176276,0.4298561958845015,0.515669359008297,1994,5
NTU,2022,2018,4,186.0491312385058,0.3114719919076536,0.262905487759869,0.515669359008297,1994,5
NTU,2023,2018,5,184.4651245304655,0.3088201454772829,0.31066452314777493,0.515669359008297,1994,5
SAR,2019,2018,1,772.4350436069384,1.2203789307636963,1.2096015716470407,0.9698245108921388,1994,5
SAR,2020,2018,2,834.0467747931806,1.3177200072074362,1.285029171299113,0.9698245108921388,1994,5
SAR,2021,2018,3,894.7363859518889,1.4136042157079731,1.7757065090593287,0.9698245108921388,1994,5
SAR,2022,2018,4,948.0587881592195,1.4978488868037696,0.9396314451618436,0.9698245108921388,1994,5
SAR,2023,2018,5,987.557874940039,1.5602539442784122,0.7877984966191535,0.9698245108921388,1994,5
SCP,2019,2018,1,173.57580114051314,1.6248582407419536,1.9560199988394813,1.2441045134099813,1994,5
SCP,2020,2018,2,181.56659401002335,1.699660750992648,0.951875864518764,1.2441045134099813,1994,5
SCP,2021,2018,3,190.40279186643036,1.7823771711933336,1.439682798305725,1.2441045134099813,1994,5
SCP,2022,2018,4,197.3189507081006,1.8471199384127746,1.3023615838579825,1.2441045134099813,1994,5
SCP,2023,2018,5,200.31716086517318,1.875186445663125,1.2720672101834425,1.2441045134099813,1994,5
ANC,2023,2022,1,767.5611113730031,12.110585251047153,11.620189588654467,9.670712896110878,1995,1
CMA,2023,2022,1,287.19666671018473,0.009971132166118628,NA,0.00293172690763052,1995,1
DMF,2023,2022,1,334.6901738204841,0.7446190342457648,0.49158609242439266,1.0582687169226213,1995,1
LPF,2023,2022,1,342.07064197696485,3.774357862593945,2.971088139469183,3.0040670153152296,1995,1
MPF,2023,2022,1,775.9425248720088,0.12106007399281538,0.06544736842105262,0.11967652359302516,1995,1
NTU,2023,2022,1,165.0955299418721,0.3059676363825014,0.31066452314777493,0.262905487759869,1995,1
SAR,2023,2022,1,878.843141849294,1.4474879113960843,0.7877984966191535,0.9396314451618436,1995,1
SCP,2023,2022,1,141.79736698301014,1.6231805348895088,1.2720672101834425,1.3023615838579825,1995,1
ANC,2022,2021,1,790.8963553023633,11.635297306818046,9.670712896110878,10.34666461209007,1995,2
ANC,2023,2021,2,839.0726694960866,12.344044710991314,11.620189588654467,10.34666461209007,1995,2
CMA,2022,2021,1,283.9287045539501,0.009942973223346486,NA,0.00293172690763052,1995,2
CMA,2023,2021,2,282.91760971047944,0.009907565429792514,NA,0.00293172690763052,1995,2
DMF,2022,2021,1,319.69626680507616,0.7016931451976042,1.0582687169226213,0.3833456358538275,1995,2
DMF,2023,2021,2,325.33650045137756,0.7140727495216536,0.49158609242439266,0.3833456358538275,1995,2
LPF,2022,2021,1,233.67323667413717,3.986313188954646,3.0040670153152296,4.970937032567688,1995,2
LPF,2023,2021,2,232.44428901239516,3.9653481424552526,2.971088139469183,4.970937032567688,1995,2
MPF,2022,2021,1,135.22307545524055,0.06739856732929869,0.11967652359302516,0.05882532751091702,1995,2
MPF,2023,2021,2,132.69615622748893,0.0661390875021024,0.06544736842105262,0.05882532751091702,1995,2
NTU,2022,2021,1,174.85852911789135,0.31551336735536584,0.262905487759869,0.4298561958845015,1995,2
NTU,2023,2021,2,172.99955045218923,0.3121590407370628,0.31066452314777493,0.4298561958845015,1995,2
SAR,2022,2021,1,826.428780875817,1.6246183357896338,0.9396314451618436,1.7757065090593287,1995,2
SAR,2023,2021,2,875.7502393308472,1.7215759292425283,0.7877984966191535,1.7757065090593287,1995,2
SCP,2022,2021,1,133.1256705938772,1.5443378194565978,1.3023615838579825,1.439682798305725,1995,2
SCP,2023,2021,2,137.6934304497521,1.597326580107751,1.2720672101834425,1.439682798305725,1995,2
ANC,2021,2020,1,756.5773299429052,10.319086275503784,10.34666461209007,5.958320968763964,1995,3
ANC,2022,2020,2,822.108326334625,11.212874628291084,9.670712896110878,5.958320968763964,1995,3
ANC,2023,2020,3,864.0742415303654,11.78525484958056,11.620189588654467,5.958320968763964,1995,3
CMA,2021,2020,1,284.01732162968955,0.009919172544444532,NA,0.00293172690763052,1995,3
CMA,2022,2020,2,286.73982207683525,0.010014254603287321,NA,0.00293172690763052,1995,3
CMA,2023,2020,3,286.13720313238747,0.009993208417603188,NA,0.00293172690763052,1995,3
DMF,2021,2020,1,341.0240912871606,0.7337472052761586,0.3833456358538275,2.9020302341101365,1995,3
DMF,2022,2020,2,352.6007039213466,0.7586554372278596,1.0582687169226213,2.9020302341101365,1995,3
DMF,2023,2020,3,357.95360687366144,0.7701727396171156,0.49158609242439266,2.9020302341101365,1995,3
LPF,2021,2020,1,310.33380422987665,3.8594000413816927,4.970937032567688,3.391696528557638,1995,3
LPF,2022,2020,2,312.34638863463084,3.884429117264251,3.0040670153152296,3.391696528557638,1995,3
LPF,2023,2020,3,309.14252986922713,3.844585012357713,2.971088139469183,3.391696528557638,1995,3
MPF,2021,2020,1,149.90946269840072,0.07322014986595354,0.05882532751091702,0.05797671431916668,1995,3
MPF,2022,2020,2,151.27606127740805,0.07388763643391509,0.11967652359302516,0.05797671431916668,1995,3
MPF,2023,2020,3,150.26136994541292,0.0733920316197891,0.06544736842105262,0.05797671431916668,1995,3
NTU,2021,2020,1,182.83096158400014,0.31497766244397585,0.4298561958845015,0.3415946700420802,1995,3
NTU,2022,2020,2,180.81602774156585,0.31150637319312524,0.262905487759869,0.3415946700420802,1995,3
NTU,2023,2020,3,179.58684082731048,0.30938875363019913,0.31066452314777493,0.3415946700420802,1995,3
SAR,2021,2020,1,779.4717185435073,1.4161990599907384,1.7757065090593287,1.285029171299113,1995,3
SAR,2022,2020,2,831.0468142749304,1.5099043226143196,0.9396314451618436,1.285029171299113,1995,3
SAR,2023,2020,3,869.740088721375,1.5802049859936285,0.7877984966191535,1.285029171299113,1995,3
SCP,2021,2020,1,138.47801352295255,1.6947619284704598,1.439682798305725,0.951875864518764,1995,3
SCP,2022,2020,2,123.81998779988643,1.5153698119170573,1.3023615838579825,0.951875864518764,1995,3
SCP,2023,2020,3,136.24174309026162,1.667393352805121,1.2720672101834425,0.951875864518764,1995,3
ANC,2020,2019,1,717.7609840488037,11.843497721589923,5.958320968763964,11.169724519839384,1995,4
ANC,2021,2019,2,815.1955445678639,13.451227900795569,10.34666461209007,11.169724519839384,1995,4
ANC,2022,2019,3,897.7604127449504,14.81359901021799,9.670712896110878,11.169724519839384,1995,4
ANC,2023,2019,4,950.2614315425924,15.679898113024537,11.620189588654467,11.169724519839384,1995,4
CMA,2020,2019,1,283.05662640575366,0.009951761768597184,NA,0.00293172690763052,1995,4
CMA,2021,2019,2,286.65640655028454,0.010078323562513094,NA,0.00293172690763052,1995,4
CMA,2022,2019,3,288.43276943556685,0.010140777285901879,NA,0.00293172690763052,1995,4
CMA,2023,2019,4,287.5642171701364,0.010110240550765533,NA,0.00293172690763052,1995,4
DMF,2020,2019,1,252.90932655438223,0.5903404880932405,2.9020302341101365,0.5974387098186917,1995,4
DMF,2021,2019,2,259.90919248165335,0.6066795623551139,0.3833456358538275,0.5974387098186917,1995,4
DMF,2022,2019,3,266.8807104877269,0.6229524669511068,1.0582687169226213,0.5974387098186917,1995,4
DMF,2023,2019,4,268.92807360155086,0.627731418191796,0.49158609242439266,0.5974387098186917,1995,4
LPF,2020,2019,1,312.635815723935,4.004474174319802,3.391696528557638,4.604601765476088,1995,4
LPF,2021,2019,2,316.2115204387559,4.05027448402628,4.970937032567688,4.604601765476088,1995,4
LPF,2022,2019,3,316.73147927088837,4.056934506999537,3.0040670153152296,4.604601765476088,1995,4
LPF,2023,2019,4,313.3703862331845,4.013883104728799,2.971088139469183,4.604601765476088,1995,4
MPF,2020,2019,1,198.91118973998712,0.08822035774629894,0.05797671431916668,0.11601638667606916,1995,4
MPF,2021,2019,2,203.6016859009455,0.09030066931584059,0.05882532751091702,0.11601638667606916,1995,4
MPF,2022,2019,3,207.81320103585762,0.09216854498609106,0.11967652359302516,0.11601638667606916,1995,4
MPF,2023,2019,4,208.58273644883096,0.09250984649617552,0.06544736842105262,0.11601638667606916,1995,4
NTU,2020,2019,1,181.5541606623,0.3110722233863203,0.3415946700420802,0.347744517636968,1995,4
NTU,2021,2019,2,182.21097374983717,0.3121975972513096,0.4298561958845015,0.347744517636968,1995,4
NTU,2022,2019,3,181.86617354761657,0.31160682166601017,0.262905487759869,0.347744517636968,1995,4
NTU,2023,2019,4,180.10210483704512,0.3085842923337058,0.31066452314777493,0.347744517636968,1995,4
SAR,2020,2019,1,758.8216997469556,1.3353839722579655,1.285029171299113,1.2096015716470407,1995,4
SAR,2021,2019,2,815.6645592344635,1.4354167513973106,1.7757065090593287,1.2096015716470407,1995,4
SAR,2022,2019,3,864.7799290348531,1.5218505969829532,0.9396314451618436,1.2096015716470407,1995,4
SAR,2023,2019,4,900.2138452025852,1.584207648369993,0.7877984966191535,1.2096015716470407,1995,4
SCP,2020,2019,1,204.83779578098384,1.754444304302543,0.951875864518764,1.9560199988394813,1995,4
SCP,2021,2019,2,213.21725366654098,1.8262147122216834,1.439682798305725,1.9560199988394813,1995,4
SCP,2022,2019,3,219.01172226469154,1.8758445785738624,1.3023615838579825,1.9560199988394813,1995,4
SCP,2023,2019,4,220.6017416211977,1.8894631609898525,1.2720672101834425,1.9560199988394813,1995,4
ANC,2019,2018,1,617.4866585578791,9.351076088469823,11.169724519839384,17.190188776339156,1995,5
ANC,2020,2018,2,705.0093949668549,10.676500300132698,5.958320968763964,17.190188776339156,1995,5
ANC,2021,2018,3,790.8628665061764,11.9766455481263,10.34666461209007,17.190188776339156,1995,5
ANC,2022,2018,4,863.3810924678235,13.074844900889557,9.670712896110878,17.190188776339156,1995,5
ANC,2023,2018,5,908.936368519359,13.764723535002956,11.620189588654467,17.190188776339156,1995,5
CMA,2019,2018,1,276.750051413904,0.009799949906352207,NA,0.00293172690763052,1995,5
CMA,2020,2018,2,282.6618960838249,0.010009293251812738,NA,0.00293172690763052,1995,5
CMA,2021,2018,3,286.8378915561012,0.010157168730889905,NA,0.00293172690763052,1995,5
CMA,2022,2018,4,289.048295921948,0.010235440991174632,NA,0.00293172690763052,1995,5
CMA,2023,2018,5,288.64146940741523,0.010221034925330639,NA,0.00293172690763052,1995,5
DMF,2019,2018,1,244.31037427090953,0.5713271086325119,0.5974387098186917,1.055181899380611,1995,5
DMF,2020,2018,2,251.01816051427153,0.5870134671475021,2.9020302341101365,1.055181899380611,1995,5
DMF,2021,2018,3,257.80683492065623,0.6028889850481316,0.3833456358538275,1.055181899380611,1995,5
DMF,2022,2018,4,264.6969698175317,0.6190017713367512,1.0582687169226213,1.055181899380611,1995,5
DMF,2023,2018,5,266.737846719481,0.6237744229400459,0.49158609242439266,1.055181899380611,1995,5
LPF,2019,2018,1,310.96547678620675,3.686327018149694,4.604601765476088,3.606002657964865,1995,5
LPF,2020,2018,2,317.47241600502144,3.7634632523570226,3.391696528557638,3.606002657964865,1995,5
LPF,2021,2018,3,324.60342525750883,3.847997498234717,4.970937032567688,3.606002657964865,1995,5
LPF,2022,2018,4,329.3788083744016,3.904607074280744,3.0040670153152296,3.606002657964865,1995,5
LPF,2023,2018,5,329.09973798887614,3.901298846265339,2.971088139469183,3.606002657964865,1995,5
MPF,2019,2018,1,159.1242282110992,0.07600780731781046,0.11601638667606916,0.1108619298161498,1995,5
MPF,2020,2018,2,162.2002315541441,0.07747710129042241,0.05797671431916668,0.1108619298161498,1995,5
MPF,2021,2018,3,166.31170471580128,0.0794410012155112,0.05882532751091702,0.1108619298161498,1995,5
MPF,2022,2018,4,170.01263521092076,0.08120879996704054,0.11967652359302516,0.1108619298161498,1995,5
MPF,2023,2018,5,170.27861533222523,0.08133584891513447,0.06544736842105262,0.1108619298161498,1995,5
NTU,2019,2018,1,177.01571763622684,0.30296998917065526,0.347744517636968,0.515669359008297,1995,5
NTU,2020,2018,2,180.9981183253993,0.3097860386705719,0.3415946700420802,0.515669359008297,1995,5
NTU,2021,2018,3,181.3916332577478,0.31045955634676564,0.4298561958845015,0.515669359008297,1995,5
NTU,2022,2018,4,181.16555809876857,0.3100726190206213,0.262905487759869,0.515669359008297,1995,5
NTU,2023,2018,5,179.4922253689759,0.30720863831995815,0.31066452314777493,0.515669359008297,1995,5
SAR,2019,2018,1,728.4945228812878,1.2335311367374666,1.2096015716470407,0.9698245108921388,1995,5
SAR,2020,2018,2,785.7974945501752,1.3305600059478888,1.285029171299113,0.9698245108921388,1995,5
SAR,2021,2018,3,841.0125706831253,1.4240535237274625,1.7757065090593287,0.9698245108921388,1995,5
SAR,2022,2018,4,888.1305489125245,1.5038365439431867,0.9396314451618436,0.9698245108921388,1995,5
SAR,2023,2018,5,921.3765955896508,1.560130767800166,0.7877984966191535,0.9698245108921388,1995,5
SCP,2019,2018,1,188.54918820355832,1.637278119048881,1.9560199988394813,1.2441045134099813,1995,5
SCP,2020,2018,2,196.4684428724877,1.7060454391956834,0.951875864518764,1.2441045134099813,1995,5
SCP,2021,2018,3,204.72644540304304,1.7777542965986206,1.439682798305725,1.2441045134099813,1995,5
SCP,2022,2018,4,210.5793898428707,1.828578688655896,1.3023615838579825,1.2441045134099813,1995,5
SCP,2023,2018,5,212.3229606870053,1.8437190900509481,1.2720672101834425,1.2441045134099813,1995,5
ANC,2023,2022,1,769.8271409509721,12.10213788453119,11.620189588654467,9.670712896110878,1996,1
CMA,2023,2022,1,278.70333640667707,0.009850004369447536,NA,0.00293172690763052,1996,1
DMF,2023,2022,1,338.10955853105906,0.7394986058811287,0.49158609242439266,1.0582687169226213,1996,1
LPF,2023,2022,1,339.8014536134637,3.753283967750921,2.971088139469183,3.0040670153152296,1996,1
MPF,2023,2022,1,166.25399573612378,0.07924373883422639,0.06544736842105262,0.11967652359302516,1996,1
NTU,2023,2022,1,165.72757257048107,0.3033533441140251,0.31066452314777493,0.262905487759869,1996,1
SAR,2023,2022,1,807.5749922409508,1.4333754879262455,0.7877984966191535,0.9396314451618436,1996,1
SCP,2023,2022,1,225.82372793978618,1.588533091124493,1.2720672101834425,1.3023615838579825,1996,1
ANC,2022,2021,1,789.8133238197751,11.62425727275074,9.670712896110878,10.34666461209007,1996,2
ANC,2023,2021,2,837.3280190629275,12.323565609398631,11.620189588654467,10.34666461209007,1996,2
CMA,2022,2021,1,272.86645235191924,0.009835826898415199,NA,0.00293172690763052,1996,2
CMA,2023,2021,2,271.34197353631333,0.009780875072672758,NA,0.00293172690763052,1996,2
DMF,2022,2021,1,323.5016848726887,0.6987197673125528,1.0582687169226213,0.3833456358538275,1996,2
DMF,2023,2021,2,329.06157609598154,0.7107283783445204,0.49158609242439266,0.3833456358538275,1996,2
LPF,2022,2021,1,286.87568010815875,4.031395099545681,3.0040670153152296,4.970937032567688,1996,2
LPF,2023,2021,2,279.95428496830067,3.9341303943663393,2.971088139469183,4.970937032567688,1996,2
MPF,2022,2021,1,140.9464392200937,0.06832301020166154,0.11967652359302516,0.05882532751091702,1996,2
MPF,2023,2021,2,138.53207616957593,0.06715266100913277,0.06544736842105262,0.05882532751091702,1996,2
NTU,2022,2021,1,174.20317624516764,0.31368980872539753,0.262905487759869,0.4298561958845015,1996,2
NTU,2023,2021,2,172.26740912735795,0.3102040489935081,0.31066452314777493,0.4298561958845015,1996,2
SAR,2022,2021,1,795.7003184265624,1.5979915482521172,0.9396314451618436,1.7757065090593287,1996,2
SAR,2023,2021,2,836.7523120167966,1.680435575578655,0.7877984966191535,1.7757065090593287,1996,2
SCP,2022,2021,1,226.9460469943887,1.6302154772422235,1.3023615838579825,1.439682798305725,1996,2
SCP,2023,2021,2,227.42520991316465,1.633657435437373,1.2720672101834425,1.439682798305725,1996,2
ANC,2021,2020,1,755.888286260511,10.296439730603161,10.34666461209007,5.958320968763964,1996,3
ANC,2022,2020,2,820.7436752348062,11.17987662983368,9.670712896110878,5.958320968763964,1996,3
ANC,2023,2020,3,862.0631869913497,11.742716232235685,11.620189588654467,5.958320968763964,1996,3
CMA,2021,2020,1,275.7577158379006,0.009840092207285827,NA,0.00293172690763052,1996,3
CMA,2022,2020,2,278.0444265410543,0.009921690809530004,NA,0.00293172690763052,1996,3
CMA,2023,2020,3,276.91842006094197,0.009881510582635393,NA,0.00293172690763052,1996,3
DMF,2021,2020,1,349.2203513536897,0.7318499211890557,0.3833456358538275,2.9020302341101365,1996,3
DMF,2022,2020,2,360.8488937159464,0.7562194855010219,1.0582687169226213,2.9020302341101365,1996,3
DMF,2023,2020,3,366.19900637564024,0.7674315454888544,0.49158609242439266,2.9020302341101365,1996,3
LPF,2021,2020,1,315.27342524524545,3.8171778173044526,4.970937032567688,3.391696528557638,1996,3
LPF,2022,2020,2,317.5630058375781,3.8448989493382877,3.0040670153152296,3.391696528557638,1996,3
LPF,2023,2020,3,314.7031276888313,3.8102729309192025,2.971088139469183,3.391696528557638,1996,3
MPF,2021,2020,1,160.4533752455495,0.07476988504152057,0.05882532751091702,0.05797671431916668,1996,3
MPF,2022,2020,2,162.02798593245657,0.0755036400022063,0.11967652359302516,0.05797671431916668,1996,3
MPF,2023,2020,3,161.25088145431494,0.07514151603686758,0.06544736842105262,0.05797671431916668,1996,3
NTU,2021,2020,1,182.37031859812856,0.31354449582052296,0.4298561958845015,0.3415946700420802,1996,3
NTU,2022,2020,2,180.38642814970638,0.31013364511194685,0.262905487759869,0.3415946700420802,1996,3
NTU,2023,2020,3,178.98653627592182,0.3077268478044516,0.31066452314777493,0.3415946700420802,1996,3
SAR,2021,2020,1,745.9897592337873,1.3999403624560565,1.7757065090593287,1.285029171299113,1996,3
SAR,2022,2020,2,790.4332765321371,1.4833440190684193,0.9396314451618436,1.285029171299113,1996,3
SAR,2023,2020,3,821.8143184002298,1.542234354469523,0.7877984966191535,1.285029171299113,1996,3
SCP,2021,2020,1,145.79628769556686,1.7117096167462948,1.439682798305725,0.951875864518764,1996,3
SCP,2022,2020,2,129.13456152285036,1.5160939575809247,1.3023615838579825,0.951875864518764,1996,3
SCP,2023,2020,3,144.3559752226118,1.6947997437307023,1.2720672101834425,0.951875864518764,1996,3
ANC,2020,2019,1,718.4005578604247,11.839686409355034,5.958320968763964,11.169724519839384,1996,4
ANC,2021,2019,2,815.7542455848679,13.444135516249556,10.34666461209007,11.169724519839384,1996,4
ANC,2022,2019,3,898.2108893064383,14.803072105801844,9.670712896110878,11.169724519839384,1996,4
ANC,2023,2019,4,950.6300709087031,15.666972704451473,11.620189588654467,11.169724519839384,1996,4
CMA,2020,2019,1,271.68911166927927,0.009857765285830098,NA,0.00293172690763052,1996,4
CMA,2021,2019,2,274.91513112189614,0.009974815771865512,NA,0.00293172690763052,1996,4
CMA,2022,2019,3,276.2472588038742,0.010023149700078586,NA,0.00293172690763052,1996,4
CMA,2023,2019,4,274.9304524177386,0.0099753716783476,NA,0.00293172690763052,1996,4
DMF,2020,2019,1,263.02123968853147,0.5881796084697759,2.9020302341101365,0.5974387098186917,1996,4
DMF,2021,2019,2,270.1997474541051,0.6042325017340321,0.3833456358538275,0.5974387098186917,1996,4
DMF,2022,2019,3,277.3591498269824,0.6202426706829095,1.0582687169226213,0.5974387098186917,1996,4
DMF,2023,2019,4,279.54017484240245,0.6251199742845186,0.49158609242439266,0.5974387098186917,1996,4
LPF,2020,2019,1,312.95466287024857,3.976703423630588,3.391696528557638,4.604601765476088,1996,4
LPF,2021,2019,2,317.1304770719426,4.029765341545538,4.970937032567688,4.604601765476088,1996,4
LPF,2022,2019,3,318.18828428865464,4.0432068590537265,3.0040670153152296,4.604601765476088,1996,4
LPF,2023,2019,4,314.93440953267555,4.001859991863792,2.971088139469183,4.604601765476088,1996,4
MPF,2020,2019,1,216.454368170336,0.09010722714201633,0.05797671431916668,0.11601638667606916,1996,4
MPF,2021,2019,2,221.3822101711906,0.09215862569887773,0.05882532751091702,0.11601638667606916,1996,4
MPF,2022,2019,3,225.81862810257658,0.0940054506052974,0.11967652359302516,0.11601638667606916,1996,4
MPF,2023,2019,4,226.87609335128067,0.09444566006914516,0.06544736842105262,0.11601638667606916,1996,4
NTU,2020,2019,1,179.04949699901957,0.3094642327625101,0.3415946700420802,0.347744517636968,1996,4
NTU,2021,2019,2,179.8949255740506,0.3109254482906884,0.4298561958845015,0.347744517636968,1996,4
NTU,2022,2019,3,179.4729563738107,0.3101961283149815,0.262905487759869,0.347744517636968,1996,4
NTU,2023,2019,4,177.61083754128245,0.3069776932705975,0.31066452314777493,0.347744517636968,1996,4
SAR,2020,2019,1,728.5172592935214,1.3234901838803697,1.285029171299113,1.2096015716470407,1996,4
SAR,2021,2019,2,778.2743871743223,1.4138834717376556,1.7757065090593287,1.2096015716470407,1996,4
SAR,2022,2019,3,819.4810117850719,1.4887431438833192,0.9396314451618436,1.2096015716470407,1996,4
SAR,2023,2019,4,847.2145611649553,1.5391264119530856,0.7877984966191535,1.2096015716470407,1996,4
SCP,2020,2019,1,218.81452402800642,1.7513517730381074,0.951875864518764,1.9560199988394813,1996,4
SCP,2021,2019,2,225.35581256609703,1.8037070603757641,1.439682798305725,1.9560199988394813,1996,4
SCP,2022,2019,3,228.83060287655792,1.8315186519426128,1.3023615838579825,1.9560199988394813,1996,4
SCP,2023,2019,4,228.35780007079455,1.8277344240178472,1.2720672101834425,1.9560199988394813,1996,4
ANC,2019,2018,1,618.3100645439614,9.33992051329493,11.169724519839384,17.190188776339156,1996,5
ANC,2020,2018,2,705.652744987081,10.659280717076403,5.958320968763964,17.190188776339156,1996,5
ANC,2021,2018,3,791.2658159652393,11.952514199253084,10.34666461209007,17.190188776339156,1996,5
ANC,2022,2018,4,863.5427774547553,13.044298263535547,9.670712896110878,17.190188776339156,1996,5
ANC,2023,2018,5,908.9257339164471,13.729833289272442,11.620189588654467,17.190188776339156,1996,5
CMA,2019,2018,1,266.3553646494849,0.009701022320468938,NA,0.00293172690763052,1996,5
CMA,2020,2018,2,272.28416259132035,0.009916957153405322,NA,0.00293172690763052,1996,5
CMA,2021,2018,3,276.12425714820773,0.010056818586487772,NA,0.00293172690763052,1996,5
CMA,2022,2018,4,277.83091183643603,0.010118977256524785,NA,0.00293172690763052,1996,5
CMA,2023,2018,5,276.901383003197,0.010085122560297293,NA,0.00293172690763052,1996,5
DMF,2019,2018,1,252.6064506461512,0.5693230259880664,0.5974387098186917,1.055181899380611,1996,5
DMF,2020,2018,2,259.4689236346304,0.5847896297805214,2.9020302341101365,1.055181899380611,1996,5
DMF,2021,2018,3,266.4426748444041,0.6005070318147153,0.3833456358538275,1.055181899380611,1996,5
DMF,2022,2018,4,273.5171338196539,0.6164514084555935,1.0582687169226213,1.055181899380611,1996,5
DMF,2023,2018,5,275.6826455414795,0.6213320268369877,0.49158609242439266,1.055181899380611,1996,5
LPF,2019,2018,1,304.6489916056034,3.647570668457558,4.604601765476088,3.606002657964865,1996,5
LPF,2020,2018,2,310.76753529885525,3.7208281586319356,3.391696528557638,3.606002657964865,1996,5
LPF,2021,2018,3,317.82672205637147,3.8053479938172576,4.970937032567688,3.606002657964865,1996,5
LPF,2022,2018,4,322.794303933632,3.8648249868417888,3.0040670153152296,3.606002657964865,1996,5
LPF,2023,2018,5,322.81590595421204,3.865083628422159,2.971088139469183,3.606002657964865,1996,5
MPF,2019,2018,1,170.4197158877081,0.07774998678522697,0.11601638667606916,0.1108619298161498,1996,5
MPF,2020,2018,2,173.59414848551393,0.079198246989419685,0.05797671431916668,0.1108619298161498,1996,5
MPF,2021,2018,3,177.7600283035346,0.08109883166715363,0.05882532751091702,0.1108619298161498,1996,5
MPF,2022,2018,4,181.50301186954815,0.08280647987721537,0.11967652359302516,0.1108619298161498,1996,5
MPF,2023,2018,5,181.83270511314495,0.08295689466460841,0.06544736842105262,0.1108619298161498,1996,5
NTU,2019,2018,1,173.46788649836154,0.30117234983473407,0.347744517636968,0.515669359008297,1996,5
NTU,2020,2018,2,177.62338438247005,0.3083870631038788,0.3415946700420802,0.515669359008297,1996,5
NTU,2021,2018,3,178.1129929672334,0.30923711420526134,0.4298561958845015,0.515669359008297,1996,5
NTU,2022,2018,4,177.84172387592324,0.3087661408665265,0.262905487759869,0.515669359008297,1996,5
NTU,2023,2018,5,176.06604215949906,0.3056832288308219,0.31066452314777493,0.515669359008297,1996,5
SAR,2019,2018,1,704.5879474068203,1.2252881725179599,1.2096015716470407,0.9698245108921388,1996,5
SAR,2020,2018,2,755.8707145770562,1.3144696129597755,1.285029171299113,0.9698245108921388,1996,5
SAR,2021,2018,3,803.5672448979169,1.3974145379863616,1.7757065090593287,0.9698245108921388,1996,5
SAR,2022,2018,4,842.5424726747505,1.4651929974276696,0.9396314451618436,0.9698245108921388,1996,5
SAR,2023,2018,5,868.1071914598821,1.5096503965024841,0.7877984966191535,0.9698245108921388,1996,5
SCP,2019,2018,1,208.50443525839222,1.6640036018579016,1.9560199988394813,1.2441045134099813,1996,5
SCP,2020,2018,2,215.39107251517012,1.7189635320184569,0.951875864518764,1.2441045134099813,1996,5
SCP,2021,2018,3,221.71290397999164,1.7694159375740754,1.439682798305725,1.2441045134099813,1996,5
SCP,2022,2018,4,225.06974455025733,1.7962057504279965,1.3023615838579825,1.2441045134099813,1996,5
SCP,2023,2018,5,224.55021135305904,1.792059531138458,1.2720672101834425,1.2441045134099813,1996,5
ANC,2023,2022,1,770.9997895999395,12.109038988945372,11.620189588654467,9.670712896110878,1997,1
CMA,2023,2022,1,272.05161912359927,0.009758630103328739,NA,0.00293172690763052,1997,1
DMF,2023,2022,1,337.6708154212664,0.7411228631515508,0.49158609242439266,1.0582687169226213,1997,1
LPF,2023,2022,1,344.13434466941504,3.7438160229700066,2.971088139469183,3.0040670153152296,1997,1
MPF,2023,2022,1,172.8930965069465,0.08020926920116332,0.06544736842105262,0.11967652359302516,1997,1
NTU,2023,2022,1,170.02970051854507,0.3010110188849314,0.31066452314777493,0.262905487759869,1997,1
SAR,2023,2022,1,779.7895139985884,1.4290461021994676,0.7877984966191535,0.9396314451618436,1997,1
SCP,2023,2022,1,233.10882871323312,1.5910679186519134,1.2720672101834425,1.3023615838579825,1997,1
ANC,2022,2021,1,790.1369912435034,11.627428744229498,9.670712896110878,10.34666461209007,1997,2
ANC,2023,2021,2,837.8188456182799,12.329101201385198,11.620189588654467,10.34666461209007,1997,2
CMA,2022,2021,1,264.7160449258546,0.009745232700717374,NA,0.00293172690763052,1997,2
CMA,2023,2021,2,262.98711581704606,0.009681584059800644,NA,0.00293172690763052,1997,2
DMF,2022,2021,1,324.24413580121677,0.6998563662497584,1.0582687169226213,0.3833456358538275,1997,2
DMF,2023,2021,2,329.8233128005601,0.711898596502516,0.49158609242439266,0.3833456358538275,1997,2
LPF,2022,2021,1,327.51878305149194,3.96587543398862,3.0040670153152296,4.970937032567688,1997,2
LPF,2023,2021,2,323.5059451320632,3.917284586230315,2.971088139469183,4.970937032567688,1997,2
MPF,2022,2021,1,144.51609927513056,0.06906107131591391,0.11967652359302516,0.05882532751091702,1997,2
MPF,2023,2021,2,142.37299113706575,0.06803692698387769,0.06544736842105262,0.05882532751091702,1997,2
NTU,2022,2021,1,180.58929171963263,0.3121038923490483,0.262905487759869,0.4298561958845015,1997,2
NTU,2023,2021,2,178.36425969984452,0.30825847522954786,0.31066452314777493,0.4298561958845015,1997,2
SAR,2022,2021,1,792.0787960433822,1.58839205998858,0.9396314451618436,1.7757065090593287,1997,2
SAR,2023,2021,2,830.7225528330573,1.665886163806867,0.7877984966191535,1.7757065090593287,1997,2
SCP,2022,2021,1,221.38371003490343,1.6228367610322514,1.3023615838579825,1.439682798305725,1997,2
SCP,2023,2021,2,219.24475719671346,1.6071573269158854,1.2720672101834425,1.439682798305725,1997,2
ANC,2021,2020,1,757.3120958716052,10.31301305384869,10.34666461209007,5.958320968763964,1997,3
ANC,2022,2020,2,823.1744527016206,11.20992114424891,9.670712896110878,5.958320968763964,1997,3
ANC,2023,2020,3,865.2078402460736,11.7823283153565,11.620189588654467,5.958320968763964,1997,3
CMA,2021,2020,1,264.73387034321627,0.009738627318380084,NA,0.00293172690763052,1997,3
CMA,2022,2020,2,266.8829281831644,0.009817683592372393,NA,0.00293172690763052,1997,3
CMA,2023,2020,3,265.5847913349932,0.00976992970672034,NA,0.00293172690763052,1997,3
DMF,2021,2020,1,342.2470848170711,0.7299700504265862,0.3833456358538275,2.9020302341101365,1997,3
DMF,2022,2020,2,353.6587430636957,0.7543096843205958,1.0582687169226213,2.9020302341101365,1997,3
DMF,2023,2020,3,358.8512528113097,0.765384655505032,0.49158609242439266,2.9020302341101365,1997,3
LPF,2021,2020,1,317.07643015664627,3.7983847780584714,4.970937032567688,3.391696528557638,1997,3
LPF,2022,2020,2,319.40460608706974,3.826274924325079,3.0040670153152296,3.391696528557638,1997,3
LPF,2023,2020,3,316.50364555918037,3.7915231633523705,2.971088139469183,3.391696528557638,1997,3
MPF,2021,2020,1,164.99344185298003,0.07563176663450341,0.05882532751091702,0.05797671431916668,1997,3
MPF,2022,2020,2,166.93798595352638,0.076523131187975,0.11967652359302516,0.05797671431916668,1997,3
MPF,2023,2020,3,166.28578028838814,0.07622416496174529,0.06544736842105262,0.05797671431916668,1997,3
NTU,2021,2020,1,189.39243408777784,0.3113381186906544,0.4298561958845015,0.3415946700420802,1997,3
NTU,2022,2020,2,187.98396381455942,0.30902276492688,0.262905487759869,0.3415946700420802,1997,3
NTU,2023,2020,3,186.07743992433151,0.30588867161380057,0.31066452314777493,0.3415946700420802,1997,3
SAR,2021,2020,1,733.6553574179957,1.3937590576183048,1.7757065090593287,1.285029171299113,1997,3
SAR,2022,2020,2,775.5429952757686,1.473334943047632,0.9396314451618436,1.285029171299113,1997,3
SAR,2023,2020,3,804.1183899041807,1.527620943532292,0.7877984966191535,1.285029171299113,1997,3
SCP,2021,2020,1,212.03447315708473,1.641524636887556,1.439682798305725,0.951875864518764,1997,3
SCP,2022,2020,2,213.00901975762528,1.6490693640763143,1.3023615838579825,0.951875864518764,1997,3
SCP,2023,2020,3,210.63005026115695,1.630651901195344,1.2720672101834425,0.951875864518764,1997,3
ANC,2020,2019,1,718.8602275920448,11.836320009187826,5.958320968763964,11.169724519839384,1997,4
ANC,2021,2019,2,816.1830466859993,13.438778994644556,10.34666461209007,11.169724519839384,1997,4
ANC,2022,2019,3,898.5718457602644,14.79534339142893,9.670712896110878,11.169724519839384,1997,4
ANC,2023,2019,4,950.9329443066855,15.657489737324388,11.620189588654467,11.169724519839384,1997,4
CMA,2020,2019,1,263.4148131651599,0.009775495330493177,NA,0.00293172690763052,1997,4
CMA,2021,2019,2,266.5610976524995,0.009892255997612936,NA,0.00293172690763052,1997,4
CMA,2022,2019,3,267.7826622411039,0.009937589055341587,NA,0.00293172690763052,1997,4
CMA,2023,2019,4,266.311856646624,0.009883006501505155,NA,0.00293172690763052,1997,4
DMF,2020,2019,1,270.6921973457962,0.5883488901193208,2.9020302341101365,0.5974387098186917,1997,4
DMF,2021,2019,2,278.06059818642234,0.604364092991972,0.3833456358538275,0.5974387098186917,1997,4
DMF,2022,2019,3,285.384970385136,0.6202835997091497,1.0582687169226213,0.5974387098186917,1997,4
DMF,2023,2019,4,287.66743280600406,0.6252445267148931,0.49158609242439266,0.5974387098186917,1997,4
LPF,2020,2019,1,322.4179900490424,3.9491514843575057,3.391696528557638,4.604601765476088,1997,4
LPF,2021,2019,2,327.03217414074874,4.005668529054947,4.970937032567688,4.604601765476088,1997,4
LPF,2022,2019,3,328.4560603440377,4.023109064281965,3.0040670153152296,4.604601765476088,1997,4
LPF,2023,2019,4,325.25278478130826,3.9838735971747026,2.971088139469183,4.604601765476088,1997,4
MPF,2020,2019,1,230.59795860886962,0.09187489339017062,0.05797671431916668,0.11601638667606916,1997,4
MPF,2021,2019,2,236.0451373361507,0.09404515963131724,0.05882532751091702,0.11601638667606916,1997,4
MPF,2022,2019,3,240.96442035419108,0.09600510153871776,0.11967652359302516,0.11601638667606916,1997,4
MPF,2023,2019,4,242.4999569856667,0.09661689040781532,0.06544736842105262,0.11601638667606916,1997,4
NTU,2020,2019,1,187.98360033869312,0.3072698584968503,0.3415946700420802,0.347744517636968,1997,4
NTU,2021,2019,2,189.52474322381647,0.3097889439669768,0.4298561958845015,0.347744517636968,1997,4
NTU,2022,2019,3,189.0618692391647,0.309032350181617,0.262905487759869,0.347744517636968,1997,4
NTU,2023,2019,4,187.0271823212764,0.3057065389926702,0.31066452314777493,0.347744517636968,1997,4
SAR,2020,2019,1,720.0930039444652,1.3193044184426967,1.285029171299113,1.2096015716470407,1997,4
SAR,2021,2019,2,767.2320706834108,1.4056693444859893,1.7757065090593287,1.2096015716470407,1997,4
SAR,2022,2019,3,805.5009524803147,1.4757829333793073,0.9396314451618436,1.2096015716470407,1997,4
SAR,2023,2019,4,830.4158447262648,1.5214302695498454,0.7877984966191535,1.2096015716470407,1997,4
SCP,2020,2019,1,217.78658710274274,1.7394841046664795,0.951875864518764,1.9560199988394813,1997,4
SCP,2021,2019,2,222.77812551724367,1.7793520407288612,1.439682798305725,1.9560199988394813,1997,4
SCP,2022,2019,3,224.71968231031067,1.7948594566114289,1.3023615838579825,1.9560199988394813,1997,4
SCP,2023,2019,4,223.21572887060734,1.782847224190117,1.2720672101834425,1.9560199988394813,1997,4
ANC,2019,2018,1,619.0066145206447,9.336138277612747,11.169724519839384,17.190188776339156,1997,5
ANC,2020,2018,2,706.307862866828,10.65285526778474,5.958320968763964,17.190188776339156,1997,5
ANC,2021,2018,3,791.8710062703774,11.943357371548776,10.34666461209007,17.190188776339156,1997,5
ANC,2022,2018,4,864.1013508800561,13.032768161832166,9.670712896110878,17.190188776339156,1997,5
ANC,2023,2018,5,909.4927607861464,13.717381976221263,11.620189588654467,17.190188776339156,1997,5
CMA,2019,2018,1,261.0049915047271,0.009620128483687478,NA,0.00293172690763052,1997,5
CMA,2020,2018,2,266.9571931193719,0.009839514879187342,NA,0.00293172690763052,1997,5
CMA,2021,2018,3,270.8071008314566,0.009981414873616848,NA,0.00293172690763052,1997,5
CMA,2022,2018,4,272.45606017607975,0.01004219225824922,NA,0.00293172690763052,1997,5
CMA,2023,2018,5,271.4034469170173,0.010003395012505242,NA,0.00293172690763052,1997,5
DMF,2019,2018,1,259.87347247563537,0.5697778447618372,0.5974387098186917,1.055181899380611,1997,5
DMF,2020,2018,2,266.90979375858615,0.5852051214956232,2.9020302341101365,1.055181899380611,1997,5
DMF,2021,2018,3,274.0747849623248,0.6009145096332928,0.3833456358538275,1.055181899380611,1997,5
DMF,2022,2018,4,281.33723943943284,0.6168375879691761,1.0582687169226213,1.055181899380611,1997,5
DMF,2023,2018,5,283.6337612324678,0.6218727584512527,0.49158609242439266,1.055181899380611,1997,5
LPF,2019,2018,1,307.5602486633022,3.6923837429194855,4.604601765476088,3.606002657964865,1997,5
LPF,2020,2018,2,314.48315422702524,3.7754959918799855,3.391696528557638,3.606002657964865,1997,5
LPF,2021,2018,3,321.52932578792775,3.860088098416419,4.970937032567688,3.606002657964865,1997,5
LPF,2022,2018,4,325.7292025728012,3.91050929826305,3.0040670153152296,3.606002657964865,1997,5
LPF,2023,2018,5,324.6591422792896,3.897662796646284,2.971088139469183,3.606002657964865,1997,5
MPF,2019,2018,1,179.58309661629218,0.0793412338120624,0.11601638667606916,0.1108619298161498,1997,5
MPF,2020,2018,2,183.0115843825935,0.08085596684993357,0.05797671431916668,0.1108619298161498,1997,5
MPF,2021,2018,3,187.4759924660128,0.08282837768510178,0.05882532751091702,0.1108619298161498,1997,5
MPF,2022,2018,4,191.47607528772963,0.08459564594367047,0.11967652359302516,0.1108619298161498,1997,5
MPF,2023,2018,5,192.023457931879,0.08483748392938532,0.06544736842105262,0.1108619298161498,1997,5
NTU,2019,2018,1,181.7781777756677,0.2993869622042254,0.347744517636968,0.515669359008297,1997,5
NTU,2020,2018,2,186.00546657059212,0.3063492673948641,0.3415946700420802,0.515669359008297,1997,5
NTU,2021,2018,3,187.21253474107763,0.3083372974057109,0.4298561958845015,0.515669359008297,1997,5
NTU,2022,2018,4,186.8602172103841,0.3077570337209478,0.262905487759869,0.515669359008297,1997,5
NTU,2023,2018,5,184.945597424221,0.3046036728028794,0.31066452314777493,0.515669359008297,1997,5
SAR,2019,2018,1,697.8778499844217,1.2230126459921546,1.2096015716470407,0.9698245108921388,1997,5
SAR,2020,2018,2,746.9308119156138,1.3089766764690625,1.285029171299113,0.9698245108921388,1997,5
SAR,2021,2018,3,791.8234502269634,1.3876498488128444,1.7757065090593287,0.9698245108921388,1997,5
SAR,2022,2018,4,827.7703647564125,1.4506458746286757,0.9396314451618436,0.9698245108921388,1997,5
SAR,2023,2018,5,850.5323224151331,1.490535609006654,0.7877984966191535,0.9698245108921388,1997,5
SCP,2019,2018,1,211.18079195981852,1.6689908707776444,1.9560199988394813,1.2441045134099813,1997,5
SCP,2020,2018,2,216.47276599583526,1.7108140700967605,0.951875864518764,1.2441045134099813,1997,5
SCP,2021,2018,3,220.98006095557574,1.7464358426542774,1.439682798305725,1.2441045134099813,1997,5
SCP,2022,2018,4,222.5850592607866,1.759120365210288,1.3023615838579825,1.2441045134099813,1997,5
SCP,2023,2018,5,220.9333012450809,1.7460662942251242,1.2720672101834425,1.2441045134099813,1997,5
ANC,2023,2022,1,759.8275549734462,12.036596057201994,11.620189588654467,9.670712896110878,1998,1
CMA,2023,2022,1,270.24532261737636,0.009679476395166461,NA,0.00293172690763052,1998,1
DMF,2023,2022,1,357.04020030218396,0.7628838915662439,0.49158609242439266,1.0582687169226213,1998,1
LPF,2023,2022,1,356.42058800821576,3.775648156047142,2.971088139469183,3.0040670153152296,1998,1
MPF,2023,2022,1,176.34627280614748,0.08092437983033217,0.06544736842105262,0.11967652359302516,1998,1
NTU,2023,2022,1,183.06387451768367,0.29914269808132415,0.31066452314777493,0.262905487759869,1998,1
SAR,2023,2022,1,795.1950138298395,1.4203084069373728,0.7877984966191535,0.9396314451618436,1998,1
SCP,2023,2022,1,147.6825155852641,1.8422346222751622,1.2720672101834425,1.3023615838579825,1998,1
ANC,2022,2021,1,788.9137537936667,11.641525216672434,9.670712896110878,10.34666461209007,1998,2
ANC,2023,2021,2,836.6967692320793,12.34663040273364,11.620189588654467,10.34666461209007,1998,2
CMA,2022,2021,1,258.01444504031724,0.009648981252497343,NA,0.00293172690763052,1998,2
CMA,2023,2021,2,256.1028390571522,0.009577492812031,NA,0.00293172690763052,1998,2
DMF,2022,2021,1,325.6514837213653,0.7032393356494223,1.0582687169226213,0.3833456358538275,1998,2
DMF,2023,2021,2,331.23912845327504,0.7153057679107145,0.49158609242439266,0.3833456358538275,1998,2
LPF,2022,2021,1,338.85860755819914,3.953627949883793,3.0040670153152296,4.970937032567688,1998,2
LPF,2023,2021,2,334.73252646961276,3.9054869578845848,2.971088139469183,4.970937032567688,1998,2
MPF,2022,2021,1,144.68401632451486,0.06912796500348023,0.11967652359302516,0.05882532751091702,1998,2
MPF,2023,2021,2,142.81829112825397,0.06823654804292284,0.06544736842105262,0.05882532751091702,1998,2
NTU,2022,2021,1,191.0781099294204,0.31061099700054356,0.262905487759869,0.4298561958845015,1998,2
NTU,2023,2021,2,188.5207290349543,0.3064537932809041,0.31066452314777493,0.4298561958845015,1998,2
SAR,2022,2021,1,816.2565411786442,1.579594398720834,0.9396314451618436,1.7757065090593287,1998,2
SAR,2023,2021,2,854.3246850900061,1.6532626927663032,0.7877984966191535,1.7757065090593287,1998,2
SCP,2022,2021,1,145.0439989733028,1.5637350292607957,1.3023615838579825,1.439682798305725,1998,2
SCP,2023,2021,2,150.57059280721643,1.6233178346974975,1.2720672101834425,1.439682798305725,1998,2
ANC,2021,2020,1,755.234284731061,10.322591793013203,10.34666461209007,5.958320968763964,1998,3
ANC,2022,2020,2,820.4242348776139,11.213612312042443,9.670712896110878,5.958320968763964,1998,3
ANC,2023,2020,3,862.0405133488899,11.782426338747179,11.620189588654467,5.958320968763964,1998,3
CMA,2021,2020,1,256.4925426057039,0.009640424902981887,NA,0.00293172690763052,1998,3
CMA,2022,2020,2,258.56089840939774,0.009718165287148963,NA,0.00293172690763052,1998,3
CMA,2023,2020,3,257.10496560240745,0.009663443185886338,NA,0.00293172690763052,1998,3
DMF,2021,2020,1,345.12326480568186,0.7375787190181905,0.3833456358538275,2.9020302341101365,1998,3
DMF,2022,2020,2,356.79182367034383,0.7625161300183777,1.0582687169226213,2.9020302341101365,1998,3
DMF,2023,2020,3,361.9958326269011,0.7736378556490675,0.49158609242439266,2.9020302341101365,1998,3
LPF,2021,2020,1,315.87576726147324,3.8193882973550988,4.970937032567688,3.391696528557638,1998,3
LPF,2022,2020,2,317.97082903290516,3.844720580617649,3.0040670153152296,3.391696528557638,1998,3
LPF,2023,2020,3,314.51407734725234,3.802923525245193,2.971088139469183,3.391696528557638,1998,3
MPF,2021,2020,1,167.38084241934334,0.0760661568465843,0.05882532751091702,0.05797671431916668,1998,3
MPF,2022,2020,2,169.4496956453828,0.07700634636714017,0.11967652359302516,0.05797671431916668,1998,3
MPF,2023,2020,3,169.20360759855024,0.076894511752749,0.06544736842105262,0.05797671431916668,1998,3
NTU,2021,2020,1,194.93180683329857,0.30958128538957425,0.4298561958845015,0.3415946700420802,1998,3
NTU,2022,2020,2,193.65516361115078,0.3075537822533909,0.262905487759869,0.3415946700420802,1998,3
NTU,2023,2020,3,191.48765748969163,0.30411145366642545,0.31066452314777493,0.3415946700420802,1998,3
SAR,2021,2020,1,751.459643493235,1.3881366254725682,1.7757065090593287,1.285029171299113,1998,3
SAR,2022,2020,2,792.1895811302845,1.4633751544830897,0.9396314451618436,1.285029171299113,1998,3
SAR,2023,2020,3,819.7584066770014,1.5143017701623602,0.7877984966191535,1.285029171299113,1998,3
SCP,2021,2020,1,147.20019871146766,1.7289882324792658,1.439682798305725,0.951875864518764,1998,3
SCP,2022,2020,2,129.53161228842478,1.5214560533287214,1.3023615838579825,0.951875864518764,1998,3
SCP,2023,2020,3,145.92051099526643,1.7139572405245802,1.2720672101834425,0.951875864518764,1998,3
ANC,2020,2019,1,719.1644043098662,11.845697573659637,5.958320968763964,11.169724519839384,1998,4
ANC,2021,2019,2,816.8697859681266,13.455049198276559,10.34666461209007,11.169724519839384,1998,4
ANC,2022,2019,3,899.5595649856119,14.817071718862591,9.670712896110878,11.169724519839384,1998,4
ANC,2023,2019,4,952.335683837906,15.68637217267986,11.620189588654467,11.169724519839384,1998,4
CMA,2020,2019,1,257.6618368212742,0.009675434667939345,NA,0.00293172690763052,1998,4
CMA,2021,2019,2,260.83874795889005,0.009794730550236311,NA,0.00293172690763052,1998,4
CMA,2022,2019,3,262.06239891910894,0.009840679748875966,NA,0.00293172690763052,1998,4
CMA,2023,2019,4,260.4968237475621,0.009781890987308,NA,0.00293172690763052,1998,4
DMF,2020,2019,1,275.25370615473145,0.5890804408724009,2.9020302341101365,0.5974387098186917,1998,4
DMF,2021,2019,2,282.6074735262051,0.6048185051687109,0.3833456358538275,0.5974387098186917,1998,4
DMF,2022,2019,3,289.9546347027399,0.6205424313076043,1.0582687169226213,0.5974387098186917,1998,4
DMF,2023,2019,4,292.1708446457177,0.625285422595581,0.49158609242439266,0.5974387098186917,1998,4
LPF,2020,2019,1,323.028237736017,3.949290471272566,3.391696528557638,4.604601765476088,1998,4
LPF,2021,2019,2,327.3609513547472,4.002261520271656,4.970937032567688,4.604601765476088,1998,4
LPF,2022,2019,3,328.4296101083559,4.015326767639032,3.0040670153152296,4.604601765476088,1998,4
LPF,2023,2019,4,324.9121575032294,3.972322966627892,2.971088139469183,4.604601765476088,1998,4
MPF,2020,2019,1,240.25305577208502,0.09315144385968899,0.05797671431916668,0.11601638667606916,1998,4
MPF,2021,2019,2,246.28793195774819,0.09549129934415893,0.05882532751091702,0.11601638667606916,1998,4
MPF,2022,2019,3,251.71171688766398,0.09759422118122961,0.11967652359302516,0.11601638667606916,1998,4
MPF,2023,2019,4,253.9162417571421,0.09844896441834076,0.06544736842105262,0.11601638667606916,1998,4
NTU,2020,2019,1,190.73981218877262,0.3054361701733536,0.3415946700420802,0.347744517636968,1998,4
NTU,2021,2019,2,192.47669384681356,0.3082174798306754,0.4298561958845015,0.347744517636968,1998,4
NTU,2022,2019,3,191.96070324898295,0.30739121188882135,0.262905487759869,0.347744517636968,1998,4
NTU,2023,2019,4,189.77047698615317,0.3038839507991976,0.31066452314777493,0.347744517636968,1998,4
SAR,2020,2019,1,735.3881691996702,1.3158940605847465,1.285029171299113,1.2096015716470407,1998,4
SAR,2021,2019,2,781.8481600362336,1.399028966145154,1.7757065090593287,1.2096015716470407,1998,4
SAR,2022,2019,3,819.0757425575111,1.4656435199025135,0.9396314451618436,1.2096015716470407,1998,4
SAR,2023,2019,4,843.0571835897096,1.5085555997268014,0.7877984966191535,1.2096015716470407,1998,4
SCP,2020,2019,1,145.11521998089074,1.6426853069761485,0.951875864518764,1.9560199988394813,1998,4
SCP,2021,2019,2,152.4631561683888,1.7258629834003778,1.439682798305725,1.9560199988394813,1998,4
SCP,2022,2019,3,145.0506769406787,1.6419546882041283,1.3023615838579825,1.9560199988394813,1998,4
SCP,2023,2019,4,150.1370200190589,1.6995314264828232,1.2720672101834425,1.9560199988394813,1998,4
ANC,2019,2018,1,619.8883321733923,9.334366142021459,11.169724519839384,17.190188776339156,1998,5
ANC,2020,2018,2,707.2286434765476,10.6495488972822,5.958320968763964,17.190188776339156,1998,5
ANC,2021,2018,3,793.027730220236,11.941523675237253,10.34666461209007,17.190188776339156,1998,5
ANC,2022,2018,4,865.4393434080206,13.031907983745493,9.670712896110878,17.190188776339156,1998,5
ANC,2023,2018,5,911.1961810120841,13.720920913219176,11.620189588654467,17.190188776339156,1998,5
CMA,2019,2018,1,254.90195440498405,0.009497855985167097,NA,0.00293172690763052,1998,5
CMA,2020,2018,2,260.8725392930559,0.009720324877359368,NA,0.00293172690763052,1998,5
CMA,2021,2018,3,264.90917836816135,0.009870733361629113,NA,0.00293172690763052,1998,5
CMA,2022,2018,4,266.68512323595724,0.009936906524684281,NA,0.00293172690763052,1998,5
CMA,2023,2018,5,265.62882928290196,0.009897548145233874,NA,0.00293172690763052,1998,5
DMF,2019,2018,1,266.32006296808646,0.5705429466709455,0.5974387098186917,1.055181899380611,1998,5
DMF,2020,2018,2,273.5251544633983,0.5859785623243617,2.9020302341101365,1.055181899380611,1998,5
DMF,2021,2018,3,280.7090292244764,0.6013687249317944,0.3833456358538275,1.055181899380611,1998,5
DMF,2022,2018,4,288.0511450335408,0.6170978905899029,1.0582687169226213,1.055181899380611,1998,5
DMF,2023,2018,5,290.32899980311436,0.6219777856974551,0.49158609242439266,1.055181899380611,1998,5
LPF,2019,2018,1,306.4601446310081,3.748569213825384,4.604601765476088,3.606002657964865,1998,5
LPF,2020,2018,2,313.71792516345886,3.8373451709646185,3.391696528557638,3.606002657964865,1998,5
LPF,2021,2018,3,320.06170110717164,3.914941176900856,4.970937032567688,3.606002657964865,1998,5
LPF,2022,2018,4,322.91345726004687,3.9498233810219707,3.0040670153152296,3.606002657964865,1998,5
LPF,2023,2018,5,320.52801873128755,3.920645096057227,2.971088139469183,3.606002657964865,1998,5
MPF,2019,2018,1,181.87429587367066,0.08002746692559547,0.11601638667606916,0.1108619298161498,1998,5
MPF,2020,2018,2,185.55227928270926,0.08164583577868603,0.05797671431916668,0.1108619298161498,1998,5
MPF,2021,2018,3,190.3317482910429,0.08374887511224863,0.05882532751091702,0.1108619298161498,1998,5
MPF,2022,2018,4,194.5667510782431,0.0856123409959482,0.11967652359302516,0.1108619298161498,1998,5
MPF,2023,2018,5,195.47224429119262,0.08601077183414098,0.06544736842105262,0.1108619298161498,1998,5
NTU,2019,2018,1,182.77571279254943,0.29741572459596494,0.347744517636968,0.515669359008297,1998,5
NTU,2020,2018,2,187.24086230667285,0.304681491244511,0.3415946700420802,0.515669359008297,1998,5
NTU,2021,2018,3,188.51066122847726,0.3067477294807053,0.4298561958845015,0.515669359008297,1998,5
NTU,2022,2018,4,188.11703036750626,0.3061072067003515,0.262905487759869,0.515669359008297,1998,5
NTU,2023,2018,5,186.0558990109592,0.30275329897087827,0.31066452314777493,0.515669359008297,1998,5
SAR,2019,2018,1,715.7550493546032,1.22135129527417,1.2096015716470407,0.9698245108921388,1998,5
SAR,2020,2018,2,764.34653225302,1.3042669109317717,1.285029171299113,0.9698245108921388,1998,5
SAR,2021,2018,3,808.4109019337327,1.3794575435839707,1.7757065090593287,0.9698245108921388,1998,5
SAR,2022,2018,4,843.2300018016763,1.4388722173083677,0.9396314451618436,0.9698245108921388,1998,5
SAR,2023,2018,5,865.0439260110933,1.4760950976949017,0.7877984966191535,0.9698245108921388,1998,5
SCP,2019,2018,1,149.87174083568013,1.6848123907470993,1.9560199988394813,1.2441045134099813,1998,5
SCP,2020,2018,2,144.87893725574054,1.6286848160012266,0.951875864518764,1.2441045134099813,1998,5
SCP,2021,2018,3,152.34924261933037,1.7126637100146087,1.439682798305725,1.2441045134099813,1998,5
SCP,2022,2018,4,144.8923706536191,1.6288358301621981,1.3023615838579825,1.2441045134099813,1998,5
SCP,2023,2018,5,149.96669354050144,1.6858798200885206,1.2720672101834425,1.2441045134099813,1998,5
ANC,2023,2022,1,771.595613470066,12.148702057205353,11.620189588654467,9.670712896110878,1999,1
CMA,2023,2022,1,261.81879403113595,0.009472963287762284,NA,0.00293172690763052,1999,1
DMF,2023,2022,1,314.6500624732719,0.7403850446942127,0.49158609242439266,1.0582687169226213,1999,1
LPF,2023,2022,1,334.678525904962,3.7689339142793,2.971088139469183,3.0040670153152296,1999,1
MPF,2023,2022,1,819.1835037736857,0.12067211370045652,0.06544736842105262,0.11967652359302516,1999,1
NTU,2023,2022,1,169.2733305968254,0.3130516183090483,0.31066452314777493,0.262905487759869,1999,1
SAR,2023,2022,1,710.0762958884212,1.4296332969684404,0.7877984966191535,0.9396314451618436,1999,1
SCP,2023,2022,1,189.49519848170652,1.9215696519551877,1.2720672101834425,1.3023615838579825,1999,1
ANC,2022,2021,1,791.2617603682496,11.645284444581758,9.670712896110878,10.34666461209007,1999,2
ANC,2023,2021,2,839.8797362132949,12.360812713724783,11.620189588654467,10.34666461209007,1999,2
CMA,2022,2021,1,254.77888013888202,0.009488952049697453,NA,0.00293172690763052,1999,2
CMA,2023,2021,2,252.90250709609307,0.009419068651903006,NA,0.00293172690763052,1999,2
DMF,2022,2021,1,326.7703050033212,0.7039981194967195,1.0582687169226213,0.3833456358538275,1999,2
DMF,2023,2021,2,332.14761690355584,0.7155830689482129,0.49158609242439266,0.3833456358538275,1999,2
LPF,2022,2021,1,242.5593775726413,3.980295885419014,3.0040670153152296,4.970937032567688,1999,2
LPF,2023,2021,2,238.4305047193497,3.912542843694403,2.971088139469183,4.970937032567688,1999,2
MPF,2022,2021,1,148.39306666636054,0.06913944636608581,0.11967652359302516,0.05882532751091702,1999,2
MPF,2023,2021,2,146.57478717764053,0.06829227176411089,0.06544736842105262,0.05882532751091702,1999,2
NTU,2022,2021,1,160.59178786167033,0.29791444817509277,0.262905487759869,0.4298561958845015,1999,2
NTU,2023,2021,2,171.4023785893005,0.31796921693975017,0.31066452314777493,0.4298561958845015,1999,2
SAR,2022,2021,1,760.8485626860066,1.569917533479022,0.9396314451618436,1.7757065090593287,1999,2
SAR,2023,2021,2,792.0972767492909,1.6343954158232228,0.7877984966191535,1.7757065090593287,1999,2
SCP,2022,2021,1,132.55250016818366,1.538921917653318,1.3023615838579825,1.439682798305725,1999,2
SCP,2023,2021,2,143.51889907772704,1.6662407657943399,1.2720672101834425,1.439682798305725,1999,2
ANC,2021,2020,1,758.5341985877235,10.322368727347438,10.34666461209007,5.958320968763964,1999,3
ANC,2022,2020,2,823.8022027356507,11.210555978716345,9.670712896110878,5.958320968763964,1999,3
ANC,2023,2020,3,866.8339430663651,11.796145252740004,11.620189588654467,5.958320968763964,1999,3
CMA,2021,2020,1,256.1536367390828,0.009489934673616977,NA,0.00293172690763052,1999,3
CMA,2022,2020,2,258.510482556295,0.009577250681017307,NA,0.00293172690763052,1999,3
CMA,2023,2020,3,257.21987820938295,0.009529436599212343,NA,0.00293172690763052,1999,3
DMF,2021,2020,1,344.98088930210486,0.7346287617268003,0.3833456358538275,2.9020302341101365,1999,3
DMF,2022,2020,2,357.1309498323552,0.7605020323891268,1.0582687169226213,2.9020302341101365,1999,3
DMF,2023,2020,3,361.68812085920695,0.7702064218560506,0.49158609242439266,2.9020302341101365,1999,3
LPF,2021,2020,1,302.09132295651807,3.843976140348343,4.970937032567688,3.391696528557638,1999,3
LPF,2022,2020,2,303.73448655156386,3.8648846576543967,3.0040670153152296,3.391696528557638,1999,3
LPF,2023,2020,3,299.7629337657172,3.8143484356950323,2.971088139469183,3.391696528557638,1999,3
MPF,2021,2020,1,177.61737039866094,0.07743467485262741,0.05882532751091702,0.05797671431916668,1999,3
MPF,2022,2020,2,179.5114225279077,0.07826041228164667,0.11967652359302516,0.05797671431916668,1999,3
MPF,2023,2020,3,180.20039031423855,0.07856077702862338,0.06544736842105262,0.05797671431916668,1999,3
NTU,2021,2020,1,175.16418262836004,0.3108613445936576,0.4298561958845015,0.3415946700420802,1999,3
NTU,2022,2020,2,171.79638198769663,0.30488455744590365,0.262905487759869,0.3415946700420802,1999,3
NTU,2023,2020,3,171.15863284353017,0.3037527532522937,0.31066452314777493,0.3415946700420802,1999,3
SAR,2021,2020,1,705.3841454017354,1.3870998829667975,1.7757065090593287,1.285029171299113,1999,3
SAR,2022,2020,2,740.4897851260157,1.4561332303569499,0.9396314451618436,1.285029171299113,1999,3
SAR,2023,2020,3,763.2469947165625,1.5008840557979164,0.7877984966191535,1.285029171299113,1999,3
SCP,2021,2020,1,177.93640111642833,2.00047333713223,1.439682798305725,0.951875864518764,1999,3
SCP,2022,2020,2,87.76452716954164,0.986704212556288,1.3023615838579825,0.951875864518764,1999,3
SCP,2023,2020,3,174.74333456545767,1.9645748674608896,1.2720672101834425,0.951875864518764,1999,3
ANC,2020,2019,1,720.8474793853369,11.821110770092163,5.958320968763964,11.169724519839384,1999,4
ANC,2021,2019,2,818.5826351215289,13.423860498890392,10.34666461209007,11.169724519839384,1999,4
ANC,2022,2019,3,901.3378530088057,14.780955620153446,9.670712896110878,11.169724519839384,1999,4
ANC,2023,2019,4,954.3086005095538,15.649617981732154,11.620189588654467,11.169724519839384,1999,4
CMA,2020,2019,1,254.58576061038664,0.009529490607794566,NA,0.00293172690763052,1999,4
CMA,2021,2019,2,258.00300996669563,0.00965740288995584,NA,0.00293172690763052,1999,4
CMA,2022,2019,3,259.4964497680524,0.00971330436899463,NA,0.00293172690763052,1999,4
CMA,2023,2019,4,258.0436818796006,0.009658925294866076,NA,0.00293172690763052,1999,4
DMF,2020,2019,1,291.19026577829175,0.5890164305204629,2.9020302341101365,0.5974387098186917,1999,4
DMF,2021,2019,2,298.69755082529775,0.6042020832052059,0.3833456358538275,0.5974387098186917,1999,4
DMF,2022,2019,3,306.1498281432078,0.6192764668674197,1.0582687169226213,0.5974387098186917,1999,4
DMF,2023,2019,4,308.2557230211854,0.623536247601375,0.49158609242439266,0.5974387098186917,1999,4
LPF,2020,2019,1,311.73334873971356,3.9672255940003187,3.391696528557638,4.604601765476088,1999,4
LPF,2021,2019,2,315.5271592647894,4.015506928912727,4.970937032567688,4.604601765476088,1999,4
LPF,2022,2019,3,315.98763235945444,4.0213670675661275,3.0040670153152296,4.604601765476088,1999,4
LPF,2023,2019,4,312.2844487474619,3.974239081855988,2.971088139469183,4.604601765476088,1999,4
MPF,2020,2019,1,255.58227728258194,0.09454684754139613,0.05797671431916668,0.11601638667606916,1999,4
MPF,2021,2019,2,262.0452188731686,0.09693766571443613,0.05882532751091702,0.11601638667606916,1999,4
MPF,2022,2019,3,267.79582686814086,0.09906497228338824,0.11967652359302516,0.11601638667606916,1999,4
MPF,2023,2019,4,270.2880923890383,0.09998692919973749,0.06544736842105262,0.11601638667606916,1999,4
NTU,2020,2019,1,210.2284173807819,0.3052012413137264,0.3415946700420802,0.347744517636968,1999,4
NTU,2021,2019,2,212.5740988529897,0.30860660822826547,0.4298561958845015,0.347744517636968,1999,4
NTU,2022,2019,3,212.40545694848635,0.3083617806296316,0.262905487759869,0.347744517636968,1999,4
NTU,2023,2019,4,210.1175493225687,0.30504028748355305,0.31066452314777493,0.347744517636968,1999,4
SAR,2020,2019,1,700.6203542884986,1.317239325422934,1.285029171299113,1.2096015716470407,1999,4
SAR,2021,2019,2,742.2206425136926,1.395452205285385,1.7757065090593287,1.2096015716470407,1999,4
SAR,2022,2019,3,774.0696641323638,1.455331687084002,0.9396314451618436,1.2096015716470407,1999,4
SAR,2023,2019,4,792.9676066823349,1.4908617897195229,0.7877984966191535,1.2096015716470407,1999,4
SCP,2020,2019,1,134.83199774466183,1.643631398092047,0.951875864518764,1.9560199988394813,1999,4
SCP,2021,2019,2,143.0060008833939,1.7432742753886188,1.439682798305725,1.9560199988394813,1999,4
SCP,2022,2019,3,134.8560130912156,1.6439241503933708,1.3023615838579825,1.9560199988394813,1999,4
SCP,2023,2019,4,140.32234716919515,1.710559952527241,1.2720672101834425,1.9560199988394813,1999,4
ANC,2019,2018,1,622.3597637810221,9.299020322491339,11.169724519839384,17.190188776339156,1999,5
ANC,2020,2018,2,709.250518887021,10.597302995295356,5.958320968763964,17.190188776339156,1999,5
ANC,2021,2018,3,794.58881202448,11.8723894779928,10.34666461209007,17.190188776339156,1999,5
ANC,2022,2018,4,866.5349510723472,12.947376403667999,9.670712896110878,17.190188776339156,1999,5
ANC,2023,2018,5,912.0506012250952,13.627450824273907,11.620189588654467,17.190188776339156,1999,5
CMA,2019,2018,1,251.84056537396017,0.009359273905677873,NA,0.00293172690763052,1999,5
CMA,2020,2018,2,257.78993990994974,0.00958037341666058,NA,0.00293172690763052,1999,5
CMA,2021,2018,3,262.13137738550694,0.00974171637750479,NA,0.00293172690763052,1999,5
CMA,2022,2018,4,264.2334311827657,0.00981983602921301,NA,0.00293172690763052,1999,5
CMA,2023,2018,5,263.35479816949425,0.009787182961501033,NA,0.00293172690763052,1999,5
DMF,2019,2018,1,281.03553552340156,0.5709484694862312,0.5974387098186917,1.055181899380611,1999,5
DMF,2020,2018,2,288.4915005487491,0.586095919832099,2.9020302341101365,1.055181899380611,1999,5
DMF,2021,2018,3,295.76865044967633,0.6008800914864707,0.3833456358538275,1.055181899380611,1999,5
DMF,2022,2018,4,303.20118644703257,0.6159799436962227,1.0582687169226213,1.055181899380611,1999,5
DMF,2023,2018,5,305.372275668901,0.6203907028766774,0.49158609242439266,1.055181899380611,1999,5
LPF,2019,2018,1,300.3083558388621,3.7939449293432337,4.604601765476088,3.606002657964865,1999,5
LPF,2020,2018,2,307.35531734864026,3.8829727015229913,3.391696528557638,3.606002657964865,1999,5
LPF,2021,2018,3,312.8038088821452,3.951806206899053,4.970937032567688,3.606002657964865,1999,5
LPF,2022,2018,4,314.5984865508182,3.9744792631376917,3.0040670153152296,3.606002657964865,1999,5
LPF,2023,2018,5,311.52140911757937,3.9356050123949076,2.971088139469183,3.606002657964865,1999,5
MPF,2019,2018,1,190.57532614520846,0.08109419784379635,0.11601638667606916,0.1108619298161498,1999,5
MPF,2020,2018,2,194.48338043199956,0.08275716510156116,0.05797671431916668,0.1108619298161498,1999,5
MPF,2021,2018,3,199.54636299820763,0.0849115809863905,0.05882532751091702,0.1108619298161498,1999,5
MPF,2022,2018,4,203.95734249181618,0.08678855452213073,0.11967652359302516,0.1108619298161498,1999,5
MPF,2023,2018,5,204.97468357880507,0.0872214566246833,0.06544736842105262,0.1108619298161498,1999,5
NTU,2019,2018,1,199.81734909248974,0.29779318179234326,0.347744517636968,0.515669359008297,1999,5
NTU,2020,2018,2,204.08138000222098,0.30414798200181864,0.3415946700420802,0.515669359008297,1999,5
NTU,2021,2018,3,206.1366632321122,0.3072110260032204,0.4298561958845015,0.515669359008297,1999,5
NTU,2022,2018,4,205.95328426993802,0.306937731392579,0.262905487759869,0.515669359008297,1999,5
NTU,2023,2018,5,203.81806279433437,0.30375555326871134,0.31066452314777493,0.515669359008297,1999,5
SAR,2019,2018,1,682.8693282708878,1.227072100022584,1.2096015716470407,0.9698245108921388,1999,5
SAR,2020,2018,2,727.4240479042608,1.307134054957471,1.285029171299113,0.9698245108921388,1999,5
SAR,2021,2018,3,766.5765658936637,1.3774886022792545,1.7757065090593287,0.9698245108921388,1999,5
SAR,2022,2018,4,796.1493753554221,1.4306290317984618,0.9396314451618436,0.9698245108921388,1999,5
SAR,2023,2018,5,813.1662861281153,1.4612073219240689,0.7877984966191535,0.9698245108921388,1999,5
SCP,2019,2018,1,142.3168574566673,1.7086648378558142,1.9560199988394813,1.2441045134099813,1999,5
SCP,2020,2018,2,135.44960519785818,1.626216189979467,0.951875864518764,1.2441045134099813,1999,5
SCP,2021,2018,3,144.41051139441186,1.7338013742436538,1.439682798305725,1.2441045134099813,1999,5
SCP,2022,2018,4,135.47472729339427,1.6265178073849023,1.3023615838579825,1.2441045134099813,1999,5
SCP,2023,2018,5,141.78269915801113,1.7022517008664693,1.2720672101834425,1.2441045134099813,1999,5
ANC,2023,2022,1,768.6323988662132,12.089361531997968,11.620189588654467,9.670712896110878,2000,1
CMA,2023,2022,1,262.9686161610045,0.009304782496537193,NA,0.00293172690763052,2000,1
DMF,2023,2022,1,299.67487376329234,0.7414716660235436,0.49158609242439266,1.0582687169226213,2000,1
LPF,2023,2022,1,336.24684911206157,3.7879295969883535,2.971088139469183,3.0040670153152296,2000,1
MPF,2023,2022,1,850.7140503677374,0.12086932598571806,0.06544736842105262,0.11967652359302516,2000,1
NTU,2023,2022,1,197.1103149084924,0.3004896478028352,0.31066452314777493,0.262905487759869,2000,1
SAR,2023,2022,1,674.3224534353172,1.4134735152058628,0.7877984966191535,0.9396314451618436,2000,1
SCP,2023,2022,1,200.42179276015116,2.041359083997249,1.2720672101834425,1.3023615838579825,2000,1
ANC,2022,2021,1,784.154015501431,11.596020001881483,9.670712896110878,10.34666461209007,2000,2
ANC,2023,2021,2,830.5735988118207,12.282469864925384,11.620189588654467,10.34666461209007,2000,2
CMA,2022,2021,1,249.6315005539309,0.009287898094238906,NA,0.00293172690763052,2000,2
CMA,2023,2021,2,247.63196729617982,0.009213502590895685,NA,0.00293172690763052,2000,2
DMF,2022,2021,1,322.4888397208177,0.7079278961638675,1.0582687169226213,0.3833456358538275,2000,2
DMF,2023,2021,2,327.88285863576493,0.7197688530963074,0.49158609242439266,0.3833456358538275,2000,2
LPF,2022,2021,1,315.77150777344,4.0047277722236485,3.0040670153152296,4.970937032567688,2000,2
LPF,2023,2021,2,308.99370743567,3.918769271918645,2.971088139469183,4.970937032567688,2000,2
MPF,2022,2021,1,162.228264664675,0.07121125091126289,0.11967652359302516,0.05882532751091702,2000,2
MPF,2023,2021,2,160.7351623011477,0.07055584300644978,0.06544736842105262,0.05882532751091702,2000,2
NTU,2022,2021,1,208.67825466983254,0.3117736112144587,0.262905487759869,0.4298561958845015,2000,2
NTU,2023,2021,2,205.94666239884955,0.30769250373137513,0.31066452314777493,0.4298561958845015,2000,2
SAR,2022,2021,1,756.1524248275464,1.5492931464513873,0.9396314451618436,1.7757065090593287,2000,2
SAR,2023,2021,2,782.7809022483635,1.6038526720363464,0.7877984966191535,1.7757065090593287,2000,2
SCP,2022,2021,1,145.9856723758738,1.5470265820762654,1.3023615838579825,1.439682798305725,2000,2
SCP,2023,2021,2,160.32445157181684,1.6989762372008594,1.2720672101834425,1.439682798305725,2000,2
ANC,2021,2020,1,757.3811685377158,10.279453487285892,10.34666461209007,5.958320968763964,2000,3
ANC,2022,2020,2,821.3538228525919,11.147713686780463,9.670712896110878,5.958320968763964,2000,3
ANC,2023,2020,3,862.9978004671115,11.712920941326443,11.620189588654467,5.958320968763964,2000,3
CMA,2021,2020,1,251.10378839023554,0.009314183223537699,NA,0.00293172690763052,2000,3
CMA,2022,2020,2,253.48423868124945,0.00940248117518218,NA,0.00293172690763052,2000,3
CMA,2023,2020,3,252.12570573514537,0.009352089164546478,NA,0.00293172690763052,2000,3
DMF,2021,2020,1,346.58229139219054,0.7368049287565663,0.3833456358538275,2.9020302341101365,2000,3
DMF,2022,2020,2,359.1545552145737,0.763532508843679,1.0582687169226213,2.9020302341101365,2000,3
DMF,2023,2020,3,363.11056609144396,0.7719426566922146,0.49158609242439266,2.9020302341101365,2000,3
LPF,2021,2020,1,305.10432816537485,3.8587591265473398,4.970937032567688,3.391696528557638,2000,3
LPF,2022,2020,2,306.72224533231093,3.879221480101788,3.0040670153152296,3.391696528557638,2000,3
LPF,2023,2020,3,302.7112787136853,3.828493409022084,2.971088139469183,3.391696528557638,2000,3
MPF,2021,2020,1,197.64057375503558,0.08013655248632574,0.05882532751091702,0.05797671431916668,2000,3
MPF,2022,2020,2,200.2885199861231,0.08121020491556591,0.11967652359302516,0.05797671431916668,2000,3
MPF,2023,2020,3,201.71518312826805,0.08178866845469987,0.06544736842105262,0.05797671431916668,2000,3
NTU,2021,2020,1,208.52197814717422,0.30978747508916354,0.4298561958845015,0.3415946700420802,2000,3
NTU,2022,2020,2,208.12783532850136,0.3092019228624577,0.262905487759869,0.3415946700420802,2000,3
NTU,2023,2020,3,205.51330513410156,0.30531768622388217,0.31066452314777493,0.3415946700420802,2000,3
SAR,2021,2020,1,703.173820217742,1.3706044369175272,1.7757065090593287,1.285029171299113,2000,3
SAR,2022,2020,2,733.8133759128144,1.4303261014240984,0.9396314451618436,1.285029171299113,2000,3
SAR,2023,2020,3,752.2256788228809,1.4662147868910747,0.7877984966191535,1.285029171299113,2000,3
SCP,2021,2020,1,181.4401856753525,2.00437784576128,1.439682798305725,0.951875864518764,2000,3
SCP,2022,2020,2,89.61964670522745,0.9900322452398846,1.3023615838579825,0.951875864518764,2000,3
SCP,2023,2020,3,178.92990790442573,1.9766466949579211,1.2720672101834425,0.951875864518764,2000,3
ANC,2020,2019,1,718.8824741900995,11.801511287703793,5.958320968763964,11.169724519839384,2000,4
ANC,2021,2019,2,815.5454122350617,13.388375337666112,10.34666461209007,11.169724519839384,2000,4
ANC,2022,2019,3,896.9832973629195,14.725297790346453,9.670712896110878,11.169724519839384,2000,4
ANC,2023,2019,4,948.6931165957795,15.57419039417469,11.620189588654467,11.169724519839384,2000,4
CMA,2020,2019,1,248.5109158856986,0.009331310356799306,NA,0.00293172690763052,2000,4
CMA,2021,2019,2,252.02497284624354,0.009463259313622586,NA,0.00293172690763052,2000,4
CMA,2022,2019,3,253.68596803038935,0.009525627847854467,NA,0.00293172690763052,2000,4
CMA,2023,2019,4,252.2471051185122,0.009471600135052551,NA,0.00293172690763052,2000,4
DMF,2020,2019,1,288.8353986503647,0.5861039089836242,2.9020302341101365,0.5974387098186917,2000,4
DMF,2021,2019,2,296.40535256661474,0.6014648363556557,0.3833456358538275,0.5974387098186917,2000,4
DMF,2022,2019,3,304.07065506841997,0.6170192447863494,1.0582687169226213,0.5974387098186917,2000,4
DMF,2023,2019,4,306.02134285352815,0.6209775744834738,0.49158609242439266,0.5974387098186917,2000,4
LPF,2020,2019,1,310.1256829739523,3.977021438818864,3.391696528557638,4.604601765476088,2000,4
LPF,2021,2019,2,313.8798886330396,4.025165005158642,4.970937032567688,4.604601765476088,2000,4
LPF,2022,2019,3,314.26299708815077,4.0300779505321405,3.0040670153152296,4.604601765476088,2000,4
LPF,2023,2019,4,310.5518494513054,3.9824865560599974,2.971088139469183,4.604601765476088,2000,4
MPF,2020,2019,1,289.25274037723915,0.0980999516068837,0.05797671431916668,0.11601638667606916,2000,4
MPF,2021,2019,2,297.1528275980585,0.10077926303896138,0.05882532751091702,0.11601638667606916,2000,4
MPF,2022,2019,3,304.21200998248156,0.10317338193094808,0.11967652359302516,0.11601638667606916,2000,4
MPF,2023,2019,4,308.00009594391616,0.10445810977489106,0.06544736842105262,0.11601638667606916,2000,4
NTU,2020,2019,1,203.65722429210618,0.3060995988319141,0.3415946700420802,0.347744517636968,2000,4
NTU,2021,2019,2,205.71239973596204,0.30918855568615844,0.4298561958845015,0.347744517636968,2000,4
NTU,2022,2019,3,205.36698862151692,0.3086693980479689,0.262905487759869,0.347744517636968,2000,4
NTU,2023,2019,4,203.12854907062112,0.30530499272957007,0.31066452314777493,0.347744517636968,2000,4
SAR,2020,2019,1,685.6997609193347,1.3039505374778388,1.285029171299113,1.2096015716470407,2000,4
SAR,2021,2019,2,721.6565177002512,1.3723271579794634,1.7757065090593287,1.2096015716470407,2000,4
SAR,2022,2019,3,747.6176793202499,1.4216958067340728,0.9396314451618436,1.2096015716470407,2000,4
SAR,2023,2019,4,761.3973634787635,1.4478997338590853,0.7877984966191535,1.2096015716470407,2000,4
SCP,2020,2019,1,145.22569677352152,1.6555325437150878,0.951875864518764,1.9560199988394813,2000,4
SCP,2021,2019,2,155.5896945145219,1.7736792348614452,1.439682798305725,1.9560199988394813,2000,4
SCP,2022,2019,3,144.57269920581845,1.6480885530969183,1.3023615838579825,1.9560199988394813,2000,4
SCP,2023,2019,4,154.3307367672907,1.7593274667652392,1.2720672101834425,1.9560199988394813,2000,4
ANC,2019,2018,1,621.0132799836567,9.323740159540412,11.169724519839384,17.190188776339156,2000,5
ANC,2020,2018,2,708.1521032701463,10.632020952106908,5.958320968763964,17.190188776339156,2000,5
ANC,2021,2018,3,793.43704067579,11.912467959478178,10.34666461209007,17.190188776339156,2000,5
ANC,2022,2018,4,865.3473311771535,12.992111318231192,9.670712896110878,17.190188776339156,2000,5
ANC,2023,2018,5,910.5114608694321,13.67019441782879,11.620189588654467,17.190188776339156,2000,5
CMA,2019,2018,1,244.12389464014203,0.009152404584929032,NA,0.00293172690763052,2000,5
CMA,2020,2018,2,249.90854916910624,0.00936927601699907,NA,0.00293172690763052,2000,5
CMA,2021,2018,3,254.46722432611773,0.009540184479154062,NA,0.00293172690763052,2000,5
CMA,2022,2018,4,256.80547279980465,0.009627847327900686,NA,0.00293172690763052,2000,5
CMA,2023,2018,5,255.9889127889505,0.009597233824874988,NA,0.00293172690763052,2000,5
DMF,2019,2018,1,278.5902777752913,0.5667593981281043,0.5974387098186917,1.055181899380611,2000,5
DMF,2020,2018,2,286.0419293093608,0.5819189132850404,2.9020302341101365,1.055181899380611,2000,5
DMF,2021,2018,3,293.6508776764062,0.5973984304861858,0.3833456358538275,1.055181899380611,2000,5
DMF,2022,2018,4,301.2206365438135,0.6127982212252119,1.0582687169226213,1.055181899380611,2000,5
DMF,2023,2018,5,303.55083707890685,0.6175387421914623,0.49158609242439266,1.055181899380611,2000,5
LPF,2019,2018,1,301.8747161317604,3.778964131964556,4.604601765476088,3.606002657964865,2000,5
LPF,2020,2018,2,309.20860578587843,3.8707721055034905,3.391696528557638,3.606002657964865,2000,5
LPF,2021,2018,3,315.19661572442436,3.9457319268147115,4.970937032567688,3.606002657964865,2000,5
LPF,2022,2018,4,317.4343861268122,3.973745051579041,3.0040670153152296,3.606002657964865,2000,5
LPF,2023,2018,5,314.6079199198591,3.938362444671268,2.971088139469183,3.606002657964865,2000,5
MPF,2019,2018,1,208.6989856168993,0.08402447944857042,0.11601638667606916,0.1108619298161498,2000,5
MPF,2020,2018,2,213.74877445085463,0.08605757930693379,0.05797671431916668,0.1108619298161498,2000,5
MPF,2021,2018,3,219.7085141870987,0.08845703528659103,0.05882532751091702,0.1108619298161498,2000,5
MPF,2022,2018,4,225.0350707144857,0.09060156482584164,0.11967652359302516,0.1108619298161498,2000,5
MPF,2023,2018,5,226.6917581167516,0.09126856517648026,0.06544736842105262,0.1108619298161498,2000,5
NTU,2019,2018,1,195.4711424872897,0.29835160165246116,0.347744517636968,0.515669359008297,2000,5
NTU,2020,2018,2,199.7396324719681,0.3048666851955427,0.3415946700420802,0.515669359008297,2000,5
NTU,2021,2018,3,201.5745890563346,0.3076674169503288,0.4298561958845015,0.515669359008297,2000,5
NTU,2022,2018,4,201.28825346528237,0.30723037708289114,0.262905487759869,0.515669359008297,2000,5
NTU,2023,2018,5,199.20133916595483,0.3040450771158831,0.31066452314777493,0.515669359008297,2000,5
SAR,2019,2018,1,670.1444451255069,1.2182439903953752,1.2096015716470407,0.9698245108921388,2000,5
SAR,2020,2018,2,709.8028648523452,1.290338345354551,1.285029171299113,0.9698245108921388,2000,5
SAR,2021,2018,3,743.0488977743983,1.3507757333033426,1.7757065090593287,0.9698245108921388,2000,5
SAR,2022,2018,4,766.864361919429,1.3940694534620266,0.9396314451618436,0.9698245108921388,2000,5
SAR,2023,2018,5,778.9509672684844,1.416041484175509,0.7877984966191535,0.9698245108921388,2000,5
SCP,2019,2018,1,197.45780476663225,1.7065371444055937,1.9560199988394813,1.2441045134099813,2000,5
SCP,2020,2018,2,202.76755578797605,1.752426884525909,0.951875864518764,1.2441045134099813,2000,5
SCP,2021,2018,3,207.1672243564771,1.790451199868088,1.439682798305725,1.2441045134099813,2000,5
SCP,2022,2018,4,208.66174052047165,1.8033676168706245,1.3023615838579825,1.2441045134099813,2000,5
SCP,2023,2018,5,206.9689199955823,1.7887373463277605,1.2720672101834425,1.2441045134099813,2000,5
ANC,2023,2022,1,762.9849477039089,12.071695150759844,11.620189588654467,9.670712896110878,2001,1
CMA,2023,2022,1,231.3767579820257,0.008832016940324025,NA,0.00293172690763052,2001,1
DMF,2023,2022,1,284.41769269628827,0.7384081157923392,0.49158609242439266,1.0582687169226213,2001,1
LPF,2023,2022,1,333.4320253981717,3.7837020884844064,2.971088139469183,3.0040670153152296,2001,1
MPF,2023,2022,1,860.1983346737823,0.12073275884473604,0.06544736842105262,0.11967652359302516,2001,1
NTU,2023,2022,1,169.87463429280282,0.3207674929088989,0.31066452314777493,0.262905487759869,2001,1
SAR,2023,2022,1,654.1265350549206,1.407138343863473,0.7877984966191535,0.9396314451618436,2001,1
SCP,2023,2022,1,130.2483077242982,1.7634189232040258,1.2720672101834425,1.3023615838579825,2001,1
ANC,2022,2021,1,785.2732207625494,11.608047899998766,9.670712896110878,10.34666461209007,2001,2
ANC,2023,2021,2,831.3597594160742,12.289307280925785,11.620189588654467,10.34666461209007,2001,2
CMA,2022,2021,1,238.39350077540124,0.009003602441387579,NA,0.00293172690763052,2001,2
CMA,2023,2021,2,236.09609743100566,0.008916834529119953,NA,0.00293172690763052,2001,2
DMF,2022,2021,1,289.9906688520695,0.693350487683791,1.0582687169226213,0.3833456358538275,2001,2
DMF,2023,2021,2,293.16463780805196,0.7009392591854224,0.49158609242439266,0.3833456358538275,2001,2
LPF,2022,2021,1,231.28424006193887,3.945815388655803,3.0040670153152296,4.970937032567688,2001,2
LPF,2023,2021,2,236.01347246746025,4.0264982661282955,2.971088139469183,4.970937032567688,2001,2
MPF,2022,2021,1,916.3562338351508,0.12096476562502669,0.11967652359302516,0.05882532751091702,2001,2
MPF,2023,2021,2,914.8369844480009,0.12076421518486281,0.06544736842105262,0.05882532751091702,2001,2
NTU,2022,2021,1,178.11186382088275,0.3096266653075852,0.262905487759869,0.4298561958845015,2001,2
NTU,2023,2021,2,176.56038627796946,0.3069296028682469,0.31066452314777493,0.4298561958845015,2001,2
SAR,2022,2021,1,767.9122933724602,1.548146818501211,0.9396314451618436,1.7757065090593287,2001,2
SAR,2023,2021,2,794.3893845593113,1.601525863006504,0.7877984966191535,1.7757065090593287,2001,2
SCP,2022,2021,1,134.64820945675572,1.5916749400185015,1.3023615838579825,1.439682798305725,2001,2
SCP,2023,2021,2,137.8896506449053,1.6299919791350035,1.2720672101834425,1.439682798305725,2001,2
ANC,2021,2020,1,755.1732381993307,10.309574633466596,10.34666461209007,5.958320968763964,2001,3
ANC,2022,2020,2,819.8321334920454,11.192293555454919,9.670712896110878,5.958320968763964,2001,3
ANC,2023,2020,3,860.9959658656877,11.754259446973386,11.620189588654467,5.958320968763964,2001,3
CMA,2021,2020,1,238.31914667415205,0.00898967311911002,NA,0.00293172690763052,2001,3
CMA,2022,2020,2,240.6214789275491,0.009076519747500825,NA,0.00293172690763052,2001,3
CMA,2023,2020,3,239.27954924831872,0.00902590061205382,NA,0.00293172690763052,2001,3
DMF,2021,2020,1,331.8963888027944,0.7287472753366249,0.3833456358538275,2.9020302341101365,2001,3
DMF,2022,2020,2,343.23065061110555,0.7536339950763402,1.0582687169226213,2.9020302341101365,2001,3
DMF,2023,2020,3,347.3702857546611,0.762723421576688,0.49158609242439266,2.9020302341101365,2001,3
LPF,2021,2020,1,307.3561798303265,3.8365795737389616,4.970937032567688,3.391696528557638,2001,3
LPF,2022,2020,2,309.2483822083225,3.860199027223864,3.0040670153152296,3.391696528557638,2001,3
LPF,2023,2020,3,305.4797520370697,3.813157026819036,2.971088139469183,3.391696528557638,2001,3
MPF,2021,2020,1,195.6476576053415,0.0789564170836197,0.05882532751091702,0.05797671431916668,2001,3
MPF,2022,2020,2,198.43617946577194,0.08008176505738929,0.11967652359302516,0.05797671431916668,2001,3
MPF,2023,2020,3,198.99990734691545,0.08030926552557796,0.06544736842105262,0.05797671431916668,2001,3
NTU,2021,2020,1,179.78660400983998,0.31092168751278615,0.4298561958845015,0.3415946700420802,2001,3
NTU,2022,2020,2,176.73353871264868,0.3056417378773979,0.262905487759869,0.3415946700420802,2001,3
NTU,2023,2020,3,175.85416564934408,0.30412095629135166,0.31066452314777493,0.3415946700420802,2001,3
SAR,2021,2020,1,691.0339200260743,1.3654609410895862,1.7757065090593287,1.285029171299113,2001,3
SAR,2022,2020,2,719.7532334401203,1.422209386549847,0.9396314451618436,1.285029171299113,2001,3
SAR,2023,2020,3,735.6143850069152,1.4535505151363326,0.7877984966191535,1.285029171299113,2001,3
SCP,2021,2020,1,130.89994846598452,1.7807268365323567,1.439682798305725,0.951875864518764,2001,3
SCP,2022,2020,2,111.68111911620312,1.5192791767665874,1.3023615838579825,0.951875864518764,2001,3
SCP,2023,2020,3,129.8170688124788,1.7659956400549677,1.2720672101834425,0.951875864518764,2001,3
ANC,2020,2019,1,723.3346778189208,11.82041002951216,5.958320968763964,11.169724519839384,2001,4
ANC,2021,2019,2,820.5279120221282,13.408698156165372,10.34666461209007,11.169724519839384,2001,4
ANC,2022,2019,3,902.6350731548459,14.750456460736677,9.670712896110878,11.169724519839384,2001,4
ANC,2023,2019,4,954.7260136384326,15.601703185414037,11.620189588654467,11.169724519839384,2001,4
CMA,2020,2019,1,247.29560148453507,0.009157497763093634,NA,0.00293172690763052,2001,4
CMA,2021,2019,2,250.853160056207,0.00928923619461684,NA,0.00293172690763052,2001,4
CMA,2022,2019,3,252.6833925992872,0.009357010753964374,NA,0.00293172690763052,2001,4
CMA,2023,2019,4,251.2641667360292,0.009304456007377334,NA,0.00293172690763052,2001,4
DMF,2020,2019,1,282.42391989779486,0.5804621154362648,2.9020302341101365,0.5974387098186917,2001,4
DMF,2021,2019,2,289.8634475571816,0.5957524774019828,0.3833456358538275,0.5974387098186917,2001,4
DMF,2022,2019,3,296.40817239247747,0.609203763058732,1.0582687169226213,0.5974387098186917,2001,4
DMF,2023,2019,4,297.33492212583997,0.6111084994242009,0.49158609242439266,0.5974387098186917,2001,4
LPF,2020,2019,1,320.4049904251498,3.9592788686185907,3.391696528557638,4.604601765476088,2001,4
LPF,2021,2019,2,324.7789877016792,4.013328822601451,4.970937032567688,4.604601765476088,2001,4
LPF,2022,2019,3,325.59315276408097,4.023389547694583,3.0040670153152296,4.604601765476088,2001,4
LPF,2023,2019,4,321.9870364488799,3.9788283811983582,2.971088139469183,4.604601765476088,2001,4
MPF,2020,2019,1,308.16763528361764,0.09954721227806841,0.05797671431916668,0.11601638667606916,2001,4
MPF,2021,2019,2,316.58024033487305,0.10226473120272167,0.05882532751091702,0.11601638667606916,2001,4
MPF,2022,2019,3,324.2490529984483,0.10474198330428992,0.11967652359302516,0.11601638667606916,2001,4
MPF,2023,2019,4,328.43167749011224,0.10609309406505467,0.06544736842105262,0.11601638667606916,2001,4
NTU,2020,2019,1,178.69346156505483,0.30626385399223705,0.3415946700420802,0.347744517636968,2001,4
NTU,2021,2019,2,179.64297986483464,0.3078912394118253,0.4298561958845015,0.347744517636968,2001,4
NTU,2022,2019,3,179.01823986668808,0.3068204935775922,0.262905487759869,0.347744517636968,2001,4
NTU,2023,2019,4,176.98514994286637,0.30333596789809086,0.31066452314777493,0.347744517636968,2001,4
SAR,2020,2019,1,687.4690420059304,1.299374508186079,1.285029171299113,1.2096015716470407,2001,4
SAR,2021,2019,2,721.6161924439461,1.3639155043549946,1.7757065090593287,1.2096015716470407,2001,4
SAR,2022,2019,3,745.7323322015322,1.4094970437730123,0.9396314451618436,1.2096015716470407,2001,4
SAR,2023,2019,4,757.8030382733473,1.4323116969532614,0.7877984966191535,1.2096015716470407,2001,4
SCP,2020,2019,1,206.4717156431081,1.7503281401503492,0.951875864518764,1.9560199988394813,2001,4
SCP,2021,2019,2,209.75854887047018,1.778191698468319,1.439682798305725,1.9560199988394813,2001,4
SCP,2022,2019,3,210.22262223226014,1.7821257998618445,1.3023615838579825,1.9560199988394813,2001,4
SCP,2023,2019,4,208.0608446701592,1.7637997057142505,1.2720672101834425,1.9560199988394813,2001,4
ANC,2019,2018,1,623.155496045152,9.319249336604079,11.169724519839384,17.190188776339156,2001,5
ANC,2020,2018,2,710.2875171064812,10.6223029638707,5.958320968763964,17.190188776339156,2001,5
ANC,2021,2018,3,795.3962309400613,11.895098165014762,10.34666461209007,17.190188776339156,2001,5
ANC,2022,2018,4,867.0896274762661,12.967268180924417,9.670712896110878,17.190188776339156,2001,5
ANC,2023,2018,5,912.035593138857,13.639432132526284,11.620189588654467,17.190188776339156,2001,5
CMA,2019,2018,1,241.4791374481057,0.009020524327005232,NA,0.00293172690763052,2001,5
CMA,2020,2018,2,247.0981538172142,0.009230424339018804,NA,0.00293172690763052,2001,5
CMA,2021,2018,3,251.84795262680302,0.009407854472996668,NA,0.00293172690763052,2001,5
CMA,2022,2018,4,254.3907992224837,0.009502843256783878,NA,0.00293172690763052,2001,5
CMA,2023,2018,5,253.6043204231627,0.00947346410951293,NA,0.00293172690763052,2001,5
DMF,2019,2018,1,271.18588105475175,0.5586412769834272,0.5974387098186917,1.055181899380611,2001,5
DMF,2020,2018,2,279.34655498812947,0.5754522159949131,2.9020302341101365,1.055181899380611,2001,5
DMF,2021,2018,3,286.6835919012261,0.5905664677194685,0.3833456358538275,1.055181899380611,2001,5
DMF,2022,2018,4,293.3141416073673,0.6042253600649478,1.0582687169226213,1.055181899380611,2001,5
DMF,2023,2018,5,294.43224828940356,0.6065286530764683,0.49158609242439266,1.055181899380611,2001,5
LPF,2019,2018,1,299.05094691641216,3.781120369367106,4.604601765476088,3.606002657964865,2001,5
LPF,2020,2018,2,306.34725221896673,3.8733729065520874,3.391696528557638,3.606002657964865,2001,5
LPF,2021,2018,3,312.2032870506493,3.9474150482477204,4.970937032567688,3.606002657964865,2001,5
LPF,2022,2018,4,314.2606448939789,3.9734277318011526,3.0040670153152296,3.606002657964865,2001,5
LPF,2023,2018,5,311.2995283857905,3.93598816486238,2.971088139469183,3.606002657964865,2001,5
MPF,2019,2018,1,217.38892656107905,0.08499182412051542,0.11601638667606916,0.1108619298161498,2001,5
MPF,2020,2018,2,222.89730191016682,0.0871454152728592,0.05797671431916668,0.1108619298161498,2001,5
MPF,2021,2018,3,229.18849921455742,0.08960506371613901,0.05882532751091702,0.1108619298161498,2001,5
MPF,2022,2018,4,234.81886437780463,0.09180634881956645,0.11967652359302516,0.1108619298161498,2001,5
MPF,2023,2018,5,236.72382142770033,0.09255112352867005,0.06544736842105262,0.1108619298161498,2001,5
NTU,2019,2018,1,170.7365081985449,0.2976231847527564,0.347744517636968,0.515669359008297,2001,5
NTU,2020,2018,2,175.31075849914504,0.30559689205581153,0.3415946700420802,0.515669359008297,2001,5
NTU,2021,2018,3,175.4632582937148,0.3058627255029921,0.4298561958845015,0.515669359008297,2001,5
NTU,2022,2018,4,175.26711696460382,0.3055208173332188,0.262905487759869,0.515669359008297,2001,5
NTU,2023,2018,5,173.15798335618047,0.30184423364159224,0.31066452314777493,0.515669359008297,2001,5
SAR,2019,2018,1,670.5537311609405,1.2141757416568868,1.2096015716470407,0.9698245108921388,2001,5
SAR,2020,2018,2,708.1162755192272,1.2821904704330305,1.285029171299113,0.9698245108921388,2001,5
SAR,2021,2018,3,738.798065049722,1.337746174364544,1.7757065090593287,0.9698245108921388,2001,5
SAR,2022,2018,4,760.0624465103845,1.376249719913645,0.9396314451618436,0.9698245108921388,2001,5
SAR,2023,2018,5,770.0622575436602,1.3943564389035392,0.7877984966191535,0.9698245108921388,2001,5
SCP,2019,2018,1,206.9283212934443,1.6999496513613273,1.9560199988394813,1.2441045134099813,2001,5
SCP,2020,2018,2,210.58386632147923,1.7299805454269648,0.951875864518764,1.2441045134099813,2001,5
SCP,2021,2018,3,213.6224003575127,1.7549425943283312,1.439682798305725,1.2441045134099813,2001,5
SCP,2022,2018,4,214.01533542734296,1.7581706195246423,1.3023615838579825,1.2441045134099813,2001,5
SCP,2023,2018,5,211.90524259153253,1.7408358653539495,1.2720672101834425,1.2441045134099813,2001,5
ANC,2023,2022,1,777.5801044573202,12.148788474844926,11.620189588654467,9.670712896110878,2002,1
CMA,2023,2022,1,267.35768334578637,0.009643343021904914,NA,0.00293172690763052,2002,1
DMF,2023,2022,1,239.1063892553079,0.696719132445635,0.49158609242439266,1.0582687169226213,2002,1
LPF,2023,2022,1,310.80589089142717,3.785156912016827,2.971088139469183,3.0040670153152296,2002,1
MPF,2023,2022,1,824.4359183318077,0.12040609859995548,0.06544736842105262,0.11967652359302516,2002,1
NTU,2023,2022,1,168.01071968602983,0.31784326436776544,0.31066452314777493,0.262905487759869,2002,1
SAR,2023,2022,1,696.1248502982819,1.4060345158430427,0.7877984966191535,0.9396314451618436,2002,1
SCP,2023,2022,1,198.03923715655242,1.9214910298998293,1.2720672101834425,1.3023615838579825,2002,1
ANC,2022,2021,1,799.51433765479,11.675464589103829,9.670712896110878,10.34666461209007,2002,2
ANC,2023,2021,2,845.8041890126495,12.35144436196054,11.620189588654467,10.34666461209007,2002,2
CMA,2022,2021,1,261.1696871204397,0.009468142347634304,NA,0.00293172690763052,2002,2
CMA,2023,2021,2,258.8828373533671,0.009385237553586317,NA,0.00293172690763052,2002,2
DMF,2022,2021,1,134.83555820534457,0.6766032720094458,1.0582687169226213,0.3833456358538275,2002,2
DMF,2023,2021,2,132.17668607784336,0.6632610824174222,0.49158609242439266,0.3833456358538275,2002,2
LPF,2022,2021,1,333.8381340063153,3.965797992320969,3.0040670153152296,4.970937032567688,2002,2
LPF,2023,2021,2,328.3261647018192,3.9003190833084602,2.971088139469183,4.970937032567688,2002,2
MPF,2022,2021,1,165.7952745299466,0.07101314858494032,0.11967652359302516,0.05882532751091702,2002,2
MPF,2023,2021,2,164.3206789296458,0.07038155231801567,0.06544736842105262,0.05882532751091702,2002,2
NTU,2022,2021,1,154.6898853274516,0.2889006250325178,0.262905487759869,0.4298561958845015,2002,2
NTU,2023,2021,2,173.33855938088783,0.32372910511485015,0.31066452314777493,0.4298561958845015,2002,2
SAR,2022,2021,1,807.2665766558151,1.5391261652719632,0.9396314451618436,1.7757065090593287,2002,2
SAR,2023,2021,2,834.0554782831243,1.5902016100207028,0.7877984966191535,1.7757065090593287,2002,2
SCP,2022,2021,1,166.06299314854894,1.5999124084618346,1.3023615838579825,1.439682798305725,2002,2
SCP,2023,2021,2,170.5741113792121,1.6433741930318633,1.2720672101834425,1.439682798305725,2002,2
ANC,2021,2020,1,764.5982152784984,10.351908487667936,10.34666461209007,5.958320968763964,2002,3
ANC,2022,2020,2,822.2633936292982,11.132638336736571,9.670712896110878,5.958320968763964,2002,3
ANC,2023,2020,3,856.88468005898,11.601376533718712,11.620189588654467,5.958320968763964,2002,3
CMA,2021,2020,1,286.6619783543512,0.009806140163373516,NA,0.00293172690763052,2002,3
CMA,2022,2020,2,289.2338273603133,0.00989411803883603,NA,0.00293172690763052,2002,3
CMA,2023,2020,3,287.74222293055675,0.009843093196998021,NA,0.00293172690763052,2002,3
DMF,2021,2020,1,375.9020098161148,0.7713786160259516,0.3833456358538275,2.9020302341101365,2002,3
DMF,2022,2020,2,386.78874749195774,0.7937190037390617,1.0582687169226213,2.9020302341101365,2002,3
DMF,2023,2020,3,390.38220740951454,0.8010930482122628,0.49158609242439266,2.9020302341101365,2002,3
LPF,2021,2020,1,325.45238388990595,3.8921063245761633,4.970937032567688,3.391696528557638,2002,3
LPF,2022,2020,2,326.0880543096206,3.8997083486613646,3.0040670153152296,3.391696528557638,2002,3
LPF,2023,2020,3,322.0638185478446,3.851582250235574,2.971088139469183,3.391696528557638,2002,3
MPF,2021,2020,1,208.12662813822686,0.08242423924357375,0.05882532751091702,0.05797671431916668,2002,3
MPF,2022,2020,2,212.0255402176027,0.0839683225975149,0.11967652359302516,0.05797671431916668,2002,3
MPF,2023,2020,3,215.0742373637351,0.08517569594133867,0.06544736842105262,0.05797671431916668,2002,3
NTU,2021,2020,1,232.0955447512848,0.339363522384061,0.4298561958845015,0.3415946700420802,2002,3
NTU,2022,2020,2,238.7101630402053,0.34903522962928013,0.262905487759869,0.3415946700420802,2002,3
NTU,2023,2020,3,242.64326806993944,0.354786104245281,0.31066452314777493,0.3415946700420802,2002,3
SAR,2021,2020,1,746.0333928585931,1.3525301567604546,1.7757065090593287,1.285029171299113,2002,3
SAR,2022,2020,2,773.4179613690407,1.4021773375633568,0.9396314451618436,1.285029171299113,2002,3
SAR,2023,2020,3,788.8834790000652,1.430215732608545,0.7877984966191535,1.285029171299113,2002,3
SCP,2021,2020,1,136.7400744519178,2.120932588479274,1.439682798305725,0.951875864518764,2002,3
SCP,2022,2020,2,52.61372219772725,0.816075012812676,1.3023615838579825,0.951875864518764,2002,3
SCP,2023,2020,3,123.84180859011137,1.920871615053416,1.2720672101834425,0.951875864518764,2002,3
ANC,2020,2019,1,742.0897475205778,11.976968892081695,5.958320968763964,11.169724519839384,2002,4
ANC,2021,2019,2,841.241410683541,13.577228684470272,10.34666461209007,11.169724519839384,2002,4
ANC,2022,2019,3,923.5353510941192,14.905413001256012,9.670712896110878,11.169724519839384,2002,4
ANC,2023,2019,4,975.4538882055766,15.743353029377841,11.620189588654467,11.169724519839384,2002,4
CMA,2020,2019,1,256.1229642437337,0.00955144200642556,NA,0.00293172690763052,2002,4
CMA,2021,2019,2,259.6443252734278,0.009682762037638393,NA,0.00293172690763052,2002,4
CMA,2022,2019,3,261.362299613002,0.009746829437144807,NA,0.00293172690763052,2002,4
CMA,2023,2019,4,259.73581290339837,0.00968617383163566,NA,0.00293172690763052,2002,4
DMF,2020,2019,1,255.903562905872,0.5759260599425273,2.9020302341101365,0.5974387098186917,2002,4
DMF,2021,2019,2,260.1590632236447,0.5855033143709875,0.3833456358538275,0.5974387098186917,2002,4
DMF,2022,2019,3,265.4612811918243,0.5974362686006767,1.0582687169226213,0.5974387098186917,2002,4
DMF,2023,2019,4,263.5864462297209,0.5932168419521939,0.49158609242439266,0.5974387098186917,2002,4
LPF,2020,2019,1,310.80024314195003,3.959017638429112,3.391696528557638,4.604601765476088,2002,4
LPF,2021,2019,2,314.6197078379932,4.007670522185339,4.970937032567688,4.604601765476088,2002,4
LPF,2022,2019,3,314.94710665105157,4.011840974764769,3.0040670153152296,4.604601765476088,2002,4
LPF,2023,2019,4,311.0806877222393,3.962589981322872,2.971088139469183,4.604601765476088,2002,4
MPF,2020,2019,1,354.7543844568116,0.10299611564917316,0.05797671431916668,0.11601638667606916,2002,4
MPF,2021,2019,2,365.0558336658143,0.10598694338963678,0.05882532751091702,0.11601638667606916,2002,4
MPF,2022,2019,3,374.103750701597,0.10861383216178964,0.11967652359302516,0.11601638667606916,2002,4
MPF,2023,2019,4,380.1374625009343,0.11036560438929817,0.06544736842105262,0.11601638667606916,2002,4
NTU,2020,2019,1,153.30477591256118,0.29344102087534474,0.3415946700420802,0.347744517636968,2002,4
NTU,2021,2019,2,165.73771683309494,0.31723894141948444,0.4298561958845015,0.347744517636968,2002,4
NTU,2022,2019,3,153.89513491622316,0.2945710283893724,0.262905487759869,0.347744517636968,2002,4
NTU,2023,2019,4,162.53790900000317,0.3111141819554811,0.31066452314777493,0.347744517636968,2002,4
SAR,2020,2019,1,725.1079828201558,1.2951322898627513,1.285029171299113,1.2096015716470407,2002,4
SAR,2021,2019,2,759.8537679305322,1.357192547506118,1.7757065090593287,1.2096015716470407,2002,4
SAR,2022,2019,3,784.3047456198533,1.400865009366199,0.9396314451618436,1.2096015716470407,2002,4
SAR,2023,2019,4,796.7551675972118,1.4231029986137855,0.7877984966191535,1.2096015716470407,2002,4
SCP,2020,2019,1,165.49306407116143,1.6817827074506044,0.951875864518764,1.9560199988394813,2002,4
SCP,2021,2019,2,173.00370979173073,1.7581078040069769,1.439682798305725,1.9560199988394813,2002,4
SCP,2022,2019,3,165.64845741559805,1.6833618542323332,1.3023615838579825,1.9560199988394813,2002,4
SCP,2023,2019,4,170.858146556842,1.7363040434298807,1.2720672101834425,1.9560199988394813,2002,4
ANC,2019,2018,1,625.5971212030457,9.61958637833341,11.169724519839384,17.190188776339156,2002,5
ANC,2020,2018,2,716.2408938659157,11.013383714087919,5.958320968763964,17.190188776339156,2002,5
ANC,2021,2018,3,804.7685325763764,12.374642004099728,10.34666461209007,17.190188776339156,2002,5
ANC,2022,2018,4,878.2935830700602,13.505210784268012,9.670712896110878,17.190188776339156,2002,5
ANC,2023,2018,5,923.9819166967551,14.2077441830134,11.620189588654467,17.190188776339156,2002,5
CMA,2019,2018,1,253.48162544470674,0.00946970164949108,NA,0.00293172690763052,2002,5
CMA,2020,2018,2,259.3674276963161,0.009689586586684689,NA,0.00293172690763052,2002,5
CMA,2021,2018,3,263.97647425773084,0.00986177380439184,NA,0.00293172690763052,2002,5
CMA,2022,2018,4,266.2308462930302,0.009945993836292725,NA,0.00293172690763052,2002,5
CMA,2023,2018,5,265.10971521592097,0.009904110024037809,NA,0.00293172690763052,2002,5
DMF,2019,2018,1,247.04921232700593,0.5466481638237194,0.5974387098186917,1.055181899380611,2002,5
DMF,2020,2018,2,256.9526552979616,0.5685616071600211,2.9020302341101365,1.055181899380611,2002,5
DMF,2021,2018,3,261.78337124500354,0.5792505787116045,0.3833456358538275,1.055181899380611,2002,5
DMF,2022,2018,4,267.0383959969423,0.5908784224292082,1.0582687169226213,1.055181899380611,2002,5
DMF,2023,2018,5,265.6271775731999,0.5877558058750948,0.49158609242439266,1.055181899380611,2002,5
LPF,2019,2018,1,284.95915369340986,3.8172262846257374,4.604601765476088,3.606002657964865,2002,5
LPF,2020,2018,2,291.4632144680387,3.9043527075671407,3.391696528557638,3.606002657964865,2002,5
LPF,2021,2018,3,295.8943386012623,3.9637107007831758,4.970937032567688,3.606002657964865,2002,5
LPF,2022,2018,4,296.6389925816608,3.9736858593632247,3.0040670153152296,3.606002657964865,2002,5
LPF,2023,2018,5,293.0658193066359,3.9258207152955165,2.971088139469183,3.606002657964865,2002,5
MPF,2019,2018,1,243.58205842931787,0.0884645244659064,0.11601638667606916,0.1108619298161498,2002,5
MPF,2020,2018,2,250.30898179035475,0.09090761933130843,0.05797671431916668,0.1108619298161498,2002,5
MPF,2021,2018,3,257.9137225545399,0.09366952133561944,0.05882532751091702,0.1108619298161498,2002,5
MPF,2022,2018,4,264.47496465434165,0.09605244381360267,0.11967652359302516,0.1108619298161498,2002,5
MPF,2023,2018,5,267.55240378988225,0.09717011311754843,0.06544736842105262,0.1108619298161498,2002,5
NTU,2019,2018,1,157.72736513622564,0.30934613639898983,0.347744517636968,0.515669359008297,2002,5
NTU,2020,2018,2,151.27457970816772,0.29669047427303347,0.3415946700420802,0.515669359008297,2002,5
NTU,2021,2018,3,159.3304255523086,0.31249017260159245,0.4298561958845015,0.515669359008297,2002,5
NTU,2022,2018,4,151.67811375141852,0.2974819139644103,0.262905487759869,0.515669359008297,2002,5
NTU,2023,2018,5,156.4271310684085,0.3067960247874366,0.31066452314777493,0.515669359008297,2002,5
SAR,2019,2018,1,714.4158832158148,1.21064095304958,1.2096015716470407,0.9698245108921388,2002,5
SAR,2020,2018,2,752.471391142896,1.2751293798441308,1.285029171299113,0.9698245108921388,2002,5
SAR,2021,2018,3,783.4525905412896,1.327629764630453,1.7757065090593287,0.9698245108921388,2002,5
SAR,2022,2018,4,804.8202373107597,1.3638391335109086,0.9396314451618436,0.9698245108921388,2002,5
SAR,2023,2018,5,815.0356197145352,1.3811500032432613,0.7877984966191535,0.9698245108921388,2002,5
SCP,2019,2018,1,177.9894818322247,1.719379544415201,1.9560199988394813,1.2441045134099813,2002,5
SCP,2020,2018,2,172.32397065638594,1.6646506698540904,0.951875864518764,1.2441045134099813,2002,5
SCP,2021,2018,3,180.08122039523076,1.739585752447691,1.439682798305725,1.2441045134099813,2002,5
SCP,2022,2018,4,172.72289554286934,1.6685042868348074,1.3023615838579825,1.2441045134099813,2002,5
SCP,2023,2018,5,177.7576991719564,1.717140522419558,1.2720672101834425,1.2441045134099813,2002,5
ANC,2023,2022,1,805.5936583391244,12.14482261466492,11.620189588654467,9.670712896110878,2003,1
CMA,2023,2022,1,251.4602121346864,0.01091368527660821,NA,0.00293172690763052,2003,1
DMF,2023,2022,1,273.5055429441597,0.702203061011128,0.49158609242439266,1.0582687169226213,2003,1
LPF,2023,2022,1,278.6385920664895,3.803086031819664,2.971088139469183,3.0040670153152296,2003,1
MPF,2023,2022,1,261.78190541547923,0.088909031017339,0.06544736842105262,0.11967652359302516,2003,1
NTU,2023,2022,1,269.1440661452595,0.3441752607790866,0.31066452314777493,0.262905487759869,2003,1
SAR,2023,2022,1,731.4001311789052,1.3931015400307638,0.7877984966191535,0.9396314451618436,2003,1
SCP,2023,2022,1,208.42280183253408,2.090944076466873,1.2720672101834425,1.3023615838579825,2003,1
ANC,2022,2021,1,825.3497124390334,11.769613066165315,9.670712896110878,10.34666461209007,2003,2
ANC,2023,2021,2,871.4698640185035,12.427293477828817,11.620189588654467,10.34666461209007,2003,2
CMA,2022,2021,1,234.20566623387836,0.01054511101228779,NA,0.00293172690763052,2003,2
CMA,2023,2021,2,231.65795927452325,0.01043040049676017,NA,0.00293172690763052,2003,2
DMF,2022,2021,1,270.7729348797513,0.6733231351190687,1.0582687169226213,0.3833456358538275,2003,2
DMF,2023,2021,2,271.69821103193914,0.6756239922557641,0.49158609242439266,0.3833456358538275,2003,2
LPF,2022,2021,1,227.20720899845423,3.9562046722266615,3.0040670153152296,4.970937032567688,2003,2
LPF,2023,2021,2,223.40643607199127,3.8900243970671364,2.971088139469183,4.970937032567688,2003,2
MPF,2022,2021,1,171.33895302165618,0.07181122232969307,0.11967652359302516,0.05882532751091702,2003,2
MPF,2023,2021,2,170.075910770801,0.07128185871278983,0.06544736842105262,0.05882532751091702,2003,2
NTU,2022,2021,1,255.66067360785678,0.37202820063286673,0.262905487759869,0.4298561958845015,2003,2
NTU,2023,2021,2,261.7837933397394,0.38093834384717257,0.31066452314777493,0.4298561958845015,2003,2
SAR,2022,2021,1,846.0516995051347,1.5353855794781885,0.9396314451618436,1.7757065090593287,2003,2
SAR,2023,2021,2,873.8989789464661,1.5859218662168455,0.7877984966191535,1.7757065090593287,2003,2
SCP,2022,2021,1,141.01621178680975,1.597962871934689,1.3023615838579825,1.439682798305725,2003,2
SCP,2023,2021,2,143.90152603818748,1.630658581095676,1.2720672101834425,1.439682798305725,2003,2
ANC,2021,2020,1,791.6228312015177,10.574069930643988,10.34666461209007,5.958320968763964,2003,3
ANC,2022,2020,2,854.8000404258671,11.417956946064264,9.670712896110878,5.958320968763964,2003,3
ANC,2023,2020,3,894.3655033988701,11.946451016504152,11.620189588654467,5.958320968763964,2003,3
CMA,2021,2020,1,240.5713619261677,0.010717979774885516,NA,0.00293172690763052,2003,3
CMA,2022,2020,2,240.1974546049461,0.010701321386811192,NA,0.00293172690763052,2003,3
CMA,2023,2020,3,237.44260046651215,0.010578586616129898,NA,0.00293172690763052,2003,3
DMF,2021,2020,1,296.5283120240441,0.717656386727874,0.3833456358538275,2.9020302341101365,2003,3
DMF,2022,2020,2,305.59796317742695,0.7396067125877913,1.0582687169226213,2.9020302341101365,2003,3
DMF,2023,2020,3,306.70174327720184,0.7422780758473049,0.49158609242439266,2.9020302341101365,2003,3
LPF,2021,2020,1,206.6786244524924,4.059607705335363,4.970937032567688,3.391696528557638,2003,3
LPF,2022,2020,2,190.725963193867,3.746263513415764,3.0040670153152296,3.391696528557638,2003,3
LPF,2023,2020,3,200.3735033635025,3.9357617187281733,2.971088139469183,3.391696528557638,2003,3
MPF,2021,2020,1,886.6948702231074,0.12744384882865756,0.05882532751091702,0.05797671431916668,2003,3
MPF,2022,2020,2,886.2512916829421,0.12738009368772363,0.11967652359302516,0.05797671431916668,2003,3
MPF,2023,2020,3,884.7159360687363,0.12715941841896308,0.06544736842105262,0.05797671431916668,2003,3
NTU,2021,2020,1,221.43385530532143,0.3457257967925341,0.4298561958845015,0.3415946700420802,2003,3
NTU,2022,2020,2,229.37053598061985,0.3581173764205546,0.262905487759869,0.3415946700420802,2003,3
NTU,2023,2020,3,234.8131743642075,0.3666149952206471,0.31066452314777493,0.3415946700420802,2003,3
SAR,2021,2020,1,763.7694825065164,1.3605228747846847,1.7757065090593287,1.285029171299113,2003,3
SAR,2022,2020,2,793.332547348451,1.413184347764985,0.9396314451618436,1.285029171299113,2003,3
SAR,2023,2020,3,811.6843345343141,1.4458748739399874,0.7877984966191535,1.285029171299113,2003,3
SCP,2021,2020,1,151.33878847665673,2.0312094387273367,1.439682798305725,0.951875864518764,2003,3
SCP,2022,2020,2,75.99676578065525,1.019998570890025,1.3023615838579825,0.951875864518764,2003,3
SCP,2023,2020,3,152.87002647280596,2.051761110258631,1.2720672101834425,0.951875864518764,2003,3
ANC,2020,2019,1,797.7151389778343,12.005940080224915,5.958320968763964,11.169724519839384,2003,4
ANC,2021,2019,2,901.2034841238304,13.563482127648674,10.34666461209007,11.169724519839384,2003,4
ANC,2022,2019,3,987.3519085170481,14.860051254562908,9.670712896110878,11.169724519839384,2003,4
ANC,2023,2019,4,1041.9339292806615,15.681533057685293,11.620189588654467,11.169724519839384,2003,4
CMA,2020,2019,1,229.3752717578837,0.010714563350594706,NA,0.00293172690763052,2003,4
CMA,2021,2019,2,230.9620327000798,0.010788684028500018,NA,0.00293172690763052,2003,4
CMA,2022,2019,3,230.72091554477313,0.01077742097901936,NA,0.00293172690763052,2003,4
CMA,2023,2019,4,228.37365378264286,0.010667775834370462,NA,0.00293172690763052,2003,4
DMF,2020,2019,1,232.39694606489005,0.5709548099587286,2.9020302341101365,0.5974387098186917,2003,4
DMF,2021,2019,2,235.71285449957892,0.5791013622358816,0.3833456358538275,0.5974387098186917,2003,4
DMF,2022,2019,3,239.12843096490633,0.5874927797853876,1.0582687169226213,0.5974387098186917,2003,4
DMF,2023,2019,4,237.45465731687216,0.5833806383338367,0.49158609242439266,0.5974387098186917,2003,4
LPF,2020,2019,1,281.1310434053798,3.947025720361404,3.391696528557638,4.604601765476088,2003,4
LPF,2021,2019,2,284.9269747526039,4.000319865606742,4.970937032567688,4.604601765476088,2003,4
LPF,2022,2019,3,284.9773363944357,4.001026933361416,3.0040670153152296,4.604601765476088,2003,4
LPF,2023,2019,4,281.13895826627987,3.9471368434845115,2.971088139469183,4.604601765476088,2003,4
MPF,2020,2019,1,416.86519081305613,0.10727888285617757,0.05797671431916668,0.11601638667606916,2003,4
MPF,2021,2019,2,429.91756489707956,0.11063786830570362,0.05882532751091702,0.11601638667606916,2003,4
MPF,2022,2019,3,442.0288386353642,0.11375466468314738,0.11967652359302516,0.11601638667606916,2003,4
MPF,2023,2019,4,450.6615511378112,0.11597626479198542,0.06544736842105262,0.11601638667606916,2003,4
NTU,2020,2019,1,209.1409262123907,0.33603448675912406,0.3415946700420802,0.347744517636968,2003,4
NTU,2021,2019,2,217.16896104628043,0.34893342822384193,0.4298561958845015,0.347744517636968,2003,4
NTU,2022,2019,3,225.16990110335317,0.3617888355052393,0.262905487759869,0.347744517636968,2003,4
NTU,2023,2019,4,231.24119981018762,0.37154381642581047,0.31066452314777493,0.347744517636968,2003,4
SAR,2020,2019,1,759.3136966057428,1.2919990757619464,1.285029171299113,1.2096015716470407,2003,4
SAR,2021,2019,2,794.9720633991092,1.3526730464095889,1.7757065090593287,1.2096015716470407,2003,4
SAR,2022,2019,3,820.2550136213339,1.3956928792740164,0.9396314451618436,1.2096015716470407,2003,4
SAR,2023,2019,4,833.3858413160115,1.418035446412406,0.7877984966191535,1.2096015716470407,2003,4
SCP,2020,2019,1,142.1611684975616,1.6892048354967526,0.951875864518764,1.9560199988394813,2003,4
SCP,2021,2019,2,147.48780302332852,1.7524976241882284,1.439682798305725,1.9560199988394813,2003,4
SCP,2022,2019,3,142.6645931894855,1.6951866899855252,1.3023615838579825,1.9560199988394813,2003,4
SCP,2023,2019,4,144.3633921857698,1.715372367336016,1.2720672101834425,1.9560199988394813,2003,4
ANC,2019,2018,1,665.5408217292592,9.76663135248462,11.169724519839384,17.190188776339156,2003,5
ANC,2020,2018,2,761.2786243640159,11.171557683526368,5.958320968763964,17.190188776339156,2003,5
ANC,2021,2018,3,853.5106760518987,12.525038068663887,10.34666461209007,17.190188776339156,2003,5
ANC,2022,2018,4,929.9541579072475,13.646825466530299,9.670712896110878,17.190188776339156,2003,5
ANC,2023,2018,5,977.2595858200613,14.341019812409108,11.620189588654467,17.190188776339156,2003,5
CMA,2019,2018,1,231.21202627696522,0.010662954435523828,NA,0.00293172690763052,2003,5
CMA,2020,2018,2,236.4832414636477,0.010906050472786644,NA,0.00293172690763052,2003,5
CMA,2021,2018,3,237.46147566403266,0.010951164331585151,NA,0.00293172690763052,2003,5
CMA,2022,2018,4,237.29656346143412,0.010943558968964161,NA,0.00293172690763052,2003,5
CMA,2023,2018,5,235.169008367118,0.010845441135756887,NA,0.00293172690763052,2003,5
DMF,2019,2018,1,229.86257073199425,0.5436722237500446,0.5974387098186917,1.055181899380611,2003,5
DMF,2020,2018,2,238.67978474931476,0.5645267471150767,2.9020302341101365,1.055181899380611,2003,5
DMF,2021,2018,3,242.40081413806607,0.5733277464077384,0.3833456358538275,1.055181899380611,2003,5
DMF,2022,2018,4,245.9646163360188,0.5817568710790417,1.0582687169226213,1.055181899380611,2003,5
DMF,2023,2018,5,244.41591015421503,0.5780938626513739,0.49158609242439266,1.055181899380611,2003,5
LPF,2019,2018,1,263.10857954683337,3.788463185536041,4.604601765476088,3.606002657964865,2003,5
LPF,2020,2018,2,269.6072743209861,3.882036971492841,3.391696528557638,3.606002657964865,2003,5
LPF,2021,2018,3,274.141404843316,3.947323274933982,4.970937032567688,3.606002657964865,2003,5
LPF,2022,2018,4,274.90969436720934,3.9583857670127887,3.0040670153152296,3.606002657964865,2003,5
LPF,2023,2018,5,271.3316329865092,3.906865767780084,2.971088139469183,3.606002657964865,2003,5
MPF,2019,2018,1,284.4996652708477,0.09318666318261552,0.11601638667606916,0.1108619298161498,2003,5
MPF,2020,2018,2,293.80279572147924,0.09623386425057323,0.05797671431916668,0.1108619298161498,2003,5
MPF,2021,2018,3,303.6083790769669,0.09944564164436027,0.05882532751091702,0.1108619298161498,2003,5
MPF,2022,2018,4,312.5325787314773,0.1023687255312519,0.11967652359302516,0.1108619298161498,2003,5
MPF,2023,2018,5,317.5138087971374,0.1040003063906595,0.06544736842105262,0.1108619298161498,2003,5
NTU,2019,2018,1,189.24970827116815,0.3207719338713519,0.347744517636968,0.515669359008297,2003,5
NTU,2020,2018,2,195.55133651394843,0.33145298324490546,0.3415946700420802,0.515669359008297,2003,5
NTU,2021,2018,3,203.51501145378293,0.34495114625138823,0.4298561958845015,0.515669359008297,2003,5
NTU,2022,2018,4,211.47473716150432,0.35844261544135836,0.262905487759869,0.515669359008297,2003,5
NTU,2023,2018,5,217.664172698026,0.36893350192545976,0.31066452314777493,0.515669359008297,2003,5
SAR,2019,2018,1,754.7974346580412,1.208194764279575,1.2096015716470407,0.9698245108921388,2003,5
SAR,2020,2018,2,793.7871259122726,1.270605072888508,1.285029171299113,0.9698245108921388,2003,5
SAR,2021,2018,3,825.4989681994928,1.3213658201536829,1.7757065090593287,0.9698245108921388,2003,5
SAR,2022,2018,4,847.486002951824,1.3565601902588684,0.9396314451618436,0.9698245108921388,2003,5
SAR,2023,2018,5,858.2126697413627,1.3737302309323156,0.7877984966191535,0.9698245108921388,2003,5
SCP,2019,2018,1,147.86932438366017,1.7179606913843315,1.9560199988394813,1.2441045134099813,2003,5
SCP,2020,2018,2,144.06211836057298,1.673728188673389,0.951875864518764,1.2441045134099813,2003,5
SCP,2021,2018,3,149.6637819925962,1.7388088804685595,1.439682798305725,1.2441045134099813,2003,5
SCP,2022,2018,4,144.67231509239338,1.6808175157102716,1.3023615838579825,1.2441045134099813,2003,5
SCP,2023,2018,5,146.4951732777064,1.701995665548914,1.2720672101834425,1.2441045134099813,2003,5
ANC,2023,2022,1,846.3331789649012,12.207647613236793,11.620189588654467,9.670712896110878,2004,1
CMA,2023,2022,1,230.93327228174545,0.012091488111761499,NA,0.00293172690763052,2004,1
DMF,2023,2022,1,286.2207953638166,0.7441901361624417,0.49158609242439266,1.0582687169226213,2004,1
LPF,2023,2022,1,329.00347426103883,3.666318695067385,2.971088139469183,3.0040670153152296,2004,1
MPF,2023,2022,1,305.7099187025724,0.09202306248079126,0.06544736842105262,0.11967652359302516,2004,1
NTU,2023,2022,1,225.38701114978872,0.30370812550734166,0.31066452314777493,0.262905487759869,2004,1
SAR,2023,2022,1,534.8375609981144,1.3861768567901613,0.7877984966191535,0.9396314451618436,2004,1
SCP,2023,2022,1,159.55891039472263,1.5604521137450738,1.2720672101834425,1.3023615838579825,2004,1
ANC,2022,2021,1,876.6978886337113,11.747908323659919,9.670712896110878,10.34666461209007,2004,2
ANC,2023,2021,2,923.3360046030398,12.372867409223323,11.620189588654467,10.34666461209007,2004,2
CMA,2022,2021,1,214.4779845478835,0.011868862661513825,NA,0.00293172690763052,2004,2
CMA,2023,2021,2,211.8558099153903,0.011723755784212772,NA,0.00293172690763052,2004,2
DMF,2022,2021,1,259.8148194148788,0.6846543297809804,1.0582687169226213,0.3833456358538275,2004,2
DMF,2023,2021,2,262.65684872701314,0.692143539512355,0.49158609242439266,0.3833456358538275,2004,2
LPF,2022,2021,1,285.44476554513125,3.9424984679759114,3.0040670153152296,4.970937032567688,2004,2
LPF,2023,2021,2,279.2586806523975,3.8570576641629732,2.971088139469183,4.970937032567688,2004,2
MPF,2022,2021,1,209.6239011924239,0.0758173156512459,0.11967652359302516,0.05882532751091702,2004,2
MPF,2023,2021,2,209.72557022102447,0.07585408756890184,0.06544736842105262,0.05882532751091702,2004,2
NTU,2022,2021,1,238.09541183690737,0.31507160172332754,0.262905487759869,0.4298561958845015,2004,2
NTU,2023,2021,2,235.5811919886459,0.3117445351974974,0.31066452314777493,0.4298561958845015,2004,2
SAR,2022,2021,1,612.8846189884595,1.5309204340427083,0.9396314451618436,1.7757065090593287,2004,2
SAR,2023,2021,2,626.5051476519808,1.5649430624582565,0.7877984966191535,1.7757065090593287,2004,2
SCP,2022,2021,1,136.41514133223785,1.6678062010209673,1.3023615838579825,1.439682798305725,2004,2
SCP,2023,2021,2,137.25173790631297,1.6780343981284804,1.2720672101834425,1.439682798305725,2004,2
ANC,2021,2020,1,849.827658003352,10.507772629250617,10.34666461209007,5.958320968763964,2004,3
ANC,2022,2020,2,915.8777937700173,11.324455638130184,9.670712896110878,5.958320968763964,2004,3
ANC,2023,2020,3,955.7608852269274,11.817593808951127,11.620189588654467,5.958320968763964,2004,3
CMA,2021,2020,1,213.50534667127235,0.01188990661776476,NA,0.00293172690763052,2004,3
CMA,2022,2020,2,215.3076507696952,0.011990275192890218,NA,0.00293172690763052,2004,3
CMA,2023,2020,3,213.36267649176446,0.011881961453215321,NA,0.00293172690763052,2004,3
DMF,2021,2020,1,333.0405730102454,0.7760292075678371,0.3833456358538275,2.9020302341101365,2004,3
DMF,2022,2020,2,346.57663500323866,0.8075700476734915,1.0582687169226213,2.9020302341101365,2004,3
DMF,2023,2020,3,354.59245497814254,0.8262479834183947,0.49158609242439266,2.9020302341101365,2004,3
LPF,2021,2020,1,288.23561370885335,3.7290705024031188,4.970937032567688,3.391696528557638,2004,3
LPF,2022,2020,2,290.5793786469855,3.759393142214671,3.0040670153152296,3.391696528557638,2004,3
LPF,2023,2020,3,287.4226020259371,3.718552100995809,2.971088139469183,3.391696528557638,2004,3
MPF,2021,2020,1,304.3098190428341,0.09033445919459857,0.05882532751091702,0.05797671431916668,2004,3
MPF,2022,2020,2,312.61819726195137,0.09280080371009544,0.11967652359302516,0.05797671431916668,2004,3
MPF,2023,2020,3,318.2330101230186,0.0944675625576369,0.06544736842105262,0.05797671431916668,2004,3
NTU,2021,2020,1,249.2739079757149,0.3490874747063377,0.4298561958845015,0.3415946700420802,2004,3
NTU,2022,2020,2,257.5349145902472,0.3606563306729252,0.262905487759869,0.3415946700420802,2004,3
NTU,2023,2020,3,263.56423680968214,0.369099897369759,0.31066452314777493,0.3415946700420802,2004,3
SAR,2021,2020,1,563.7511389021387,1.3562869504412736,1.7757065090593287,1.285029171299113,2004,3
SAR,2022,2020,2,582.071593617226,1.4003627703227417,0.9396314451618436,1.285029171299113,2004,3
SAR,2023,2020,3,588.5131934218739,1.4158601363626986,0.7877984966191535,1.285029171299113,2004,3
SCP,2021,2020,1,117.15533224584458,1.7358058587311378,1.439682798305725,0.951875864518764,2004,3
SCP,2022,2020,2,122.63658871438271,1.8170176730711882,1.3023615838579825,0.951875864518764,2004,3
SCP,2023,2020,3,123.8518784960515,1.8350237431547083,1.2720672101834425,0.951875864518764,2004,3
ANC,2020,2019,1,881.2047572321933,11.62792011490275,5.958320968763964,11.169724519839384,2004,4
ANC,2021,2019,2,983.0097871652277,12.971286393444851,10.34666461209007,11.169724519839384,2004,4
ANC,2022,2019,3,1066.1752986399792,14.068695271241715,9.670712896110878,11.169724519839384,2004,4
ANC,2023,2019,4,1118.2786952860852,14.756224621195475,11.620189588654467,11.169724519839384,2004,4
CMA,2020,2019,1,210.75931762770867,0.011993257146039585,NA,0.00293172690763052,2004,4
CMA,2021,2019,2,213.8235657706509,0.01216762816010074,NA,0.00293172690763052,2004,4
CMA,2022,2019,3,214.87063265220655,0.012227211491936067,NA,0.00293172690763052,2004,4
CMA,2023,2019,4,212.782231842358,0.012108371061921227,NA,0.00293172690763052,2004,4
DMF,2020,2019,1,191.03181291110752,0.5659695672491216,2.9020302341101365,0.5974387098186917,2004,4
DMF,2021,2019,2,194.58804735017847,0.5765056158571824,0.3833456358538275,0.5974387098186917,2004,4
DMF,2022,2019,3,197.98797171511353,0.5865785649235112,1.0582687169226213,0.5974387098186917,2004,4
DMF,2023,2019,4,196.40352732135688,0.5818843347102324,0.49158609242439266,0.5974387098186917,2004,4
LPF,2020,2019,1,269.67869850929685,3.915885773210232,3.391696528557638,4.604601765476088,2004,4
LPF,2021,2019,2,273.79179169723807,3.975610190405874,4.970937032567688,4.604601765476088,2004,4
LPF,2022,2019,3,274.0482200149185,3.9793336732267406,3.0040670153152296,4.604601765476088,2004,4
LPF,2023,2019,4,270.2934350571364,3.9248120922530916,2.971088139469183,4.604601765476088,2004,4
MPF,2020,2019,1,451.2437295822724,0.11134942544743415,0.05797671431916668,0.11601638667606916,2004,4
MPF,2021,2019,2,467.4120951297774,0.11533915005990773,0.05882532751091702,0.11601638667606916,2004,4
MPF,2022,2019,3,482.33530687767023,0.11902161907836155,0.11967652359302516,0.11601638667606916,2004,4
MPF,2023,2019,4,493.42810363089046,0.12175889045545009,0.06544736842105262,0.11601638667606916,2004,4
NTU,2020,2019,1,234.9772864227747,0.34193100180499003,0.3415946700420802,0.347744517636968,2004,4
NTU,2021,2019,2,243.87615190491368,0.3548803299530774,0.4298561958845015,0.347744517636968,2004,4
NTU,2022,2019,3,252.646275305705,0.36764231697760413,0.262905487759869,0.347744517636968,2004,4
NTU,2023,2019,4,259.2127380276815,0.37719761149573394,0.31066452314777493,0.347744517636968,2004,4
SAR,2020,2019,1,563.8267231584834,1.294621555671073,1.285029171299113,1.2096015716470407,2004,4
SAR,2021,2019,2,586.0185693036195,1.3455770020867506,1.7757065090593287,1.2096015716470407,2004,4
SAR,2022,2019,3,598.8395361323741,1.375015656445075,0.9396314451618436,1.2096015716470407,2004,4
SAR,2023,2019,4,601.9415850997926,1.3821383757044077,0.7877984966191535,1.2096015716470407,2004,4
SCP,2020,2019,1,88.6175084202427,2.0569696350939615,0.951875864518764,1.9560199988394813,2004,4
SCP,2021,2019,2,96.81130646874522,2.2471622288863164,1.439682798305725,1.9560199988394813,2004,4
SCP,2022,2019,3,101.72729628820493,2.3612710767350538,1.3023615838579825,1.9560199988394813,2004,4
SCP,2023,2019,4,101.88321780403167,2.364890291822805,1.2720672101834425,1.9560199988394813,2004,4
ANC,2019,2018,1,752.0529160457687,9.379893852746525,11.169724519839384,17.190188776339156,2004,5
ANC,2020,2018,2,844.5933300614907,10.534093566671794,5.958320968763964,17.190188776339156,2004,5
ANC,2021,2018,3,930.3990959120902,11.604296152766498,10.34666461209007,17.190188776339156,2004,5
ANC,2022,2018,4,999.5951143562073,12.467335566869387,9.670712896110878,17.190188776339156,2004,5
ANC,2023,2018,5,1041.2585483034013,12.98697797450791,11.620189588654467,17.190188776339156,2004,5
CMA,2019,2018,1,208.45261693285332,0.011804911288193621,NA,0.00293172690763052,2004,5
CMA,2020,2018,2,214.14276048706287,0.012127150657806179,NA,0.00293172690763052,2004,5
CMA,2021,2018,3,218.20261657670545,0.012357064974480367,NA,0.00293172690763052,2004,5
CMA,2022,2018,4,219.73019283871335,0.012443573373963606,NA,0.00293172690763052,2004,5
CMA,2023,2018,5,218.09141509289745,0.01235076750663955,NA,0.00293172690763052,2004,5
DMF,2019,2018,1,181.89767510677396,0.5340437145967363,0.5974387098186917,1.055181899380611,2004,5
DMF,2020,2018,2,190.22981449338602,0.5585065158169943,2.9020302341101365,1.055181899380611,2004,5
DMF,2021,2018,3,194.28904827826955,0.5704242508162088,0.3833456358538275,1.055181899380611,2004,5
DMF,2022,2018,4,197.91350390004624,0.5810654959146326,1.0582687169226213,1.055181899380611,2004,5
DMF,2023,2018,5,196.51321949126813,0.5769543213945802,0.49158609242439266,1.055181899380611,2004,5
LPF,2019,2018,1,285.6443655282476,3.5510059259634787,4.604601765476088,3.606002657964865,2004,5
LPF,2020,2018,2,292.2728413822031,3.633408241142961,3.391696528557638,3.606002657964865,2004,5
LPF,2021,2018,3,299.91848310574676,3.72845551791276,4.970937032567688,3.606002657964865,2004,5
LPF,2022,2018,4,305.2296208097586,3.7944812608875123,3.0040670153152296,3.606002657964865,2004,5
LPF,2023,2018,5,305.33301872621485,3.7957666586001166,2.971088139469183,3.606002657964865,2004,5
MPF,2019,2018,1,307.546739722948,0.0979790094474752,0.11601638667606916,0.1108619298161498,2004,5
MPF,2020,2018,2,320.2088739631224,0.1020129438389139,0.05797671431916668,0.1108619298161498,2004,5
MPF,2021,2018,3,332.99559700982934,0.10608657004390686,0.05882532751091702,0.1108619298161498,2004,5
MPF,2022,2018,4,344.53730473869535,0.10976355615543343,0.11967652359302516,0.1108619298161498,2004,5
MPF,2023,2018,5,351.582082122905,0.11200789895192881,0.06544736842105262,0.1108619298161498,2004,5
NTU,2019,2018,1,211.9534771699408,0.3289205426203091,0.347744517636968,0.515669359008297,2004,5
NTU,2020,2018,2,219.45921816642385,0.3405683458755077,0.3415946700420802,0.515669359008297,2004,5
NTU,2021,2018,3,228.7300759295556,0.3549553500743587,0.4298561958845015,0.515669359008297,2004,5
NTU,2022,2018,4,237.93096294408687,0.3692337699890332,0.262905487759869,0.515669359008297,2004,5
NTU,2023,2018,5,245.13134867400947,0.3804077068971914,0.31066452314777493,0.515669359008297,2004,5
SAR,2019,2018,1,562.2593676855851,1.2128826585998096,1.2096015716470407,0.9698245108921388,2004,5
SAR,2020,2018,2,588.6660422574166,1.2698460450726754,1.285029171299113,0.9698245108921388,2004,5
SAR,2021,2018,3,607.3969836850332,1.3102516573976781,1.7757065090593287,0.9698245108921388,2004,5
SAR,2022,2018,4,617.873788316762,1.3328517871343655,0.9396314451618436,0.9698245108921388,2004,5
SAR,2023,2018,5,619.6895262153341,1.3367686218485753,0.7877984966191535,0.9698245108921388,2004,5
SCP,2019,2018,1,79.84057201355441,1.8379544140472521,1.9560199988394813,1.2441045134099813,2004,5
SCP,2020,2018,2,87.77960196206531,2.0207133143046523,0.951875864518764,1.2441045134099813,2004,5
SCP,2021,2018,3,95.50584686683683,2.1985738377027575,1.439682798305725,1.2441045134099813,2004,5
SCP,2022,2018,4,100.21043132094569,2.3068748123277825,1.3023615838579825,1.2441045134099813,2004,5
SCP,2023,2018,5,100.35520878383686,2.3102076338527864,1.2720672101834425,1.2441045134099813,2004,5
ANC,2023,2022,1,796.3909226874526,12.261139231160541,11.620189588654467,9.670712896110878,2005,1
CMA,2023,2022,1,183.23905026059808,0.010441980341967264,NA,0.00293172690763052,2005,1
DMF,2023,2022,1,311.86251483735634,0.8215860895562624,0.49158609242439266,1.0582687169226213,2005,1
LPF,2023,2022,1,326.60155379786266,3.6800570464393725,2.971088139469183,3.0040670153152296,2005,1
MPF,2023,2022,1,858.7911267538332,0.1145647086340575,0.06544736842105262,0.11967652359302516,2005,1
NTU,2023,2022,1,292.47202209063704,0.35597142560269057,0.31066452314777493,0.262905487759869,2005,1
SAR,2023,2022,1,624.0965288049894,1.3823256202617393,0.7877984966191535,0.9396314451618436,2005,1
SCP,2023,2022,1,125.47295692743293,2.0332476358076876,1.2720672101834425,1.3023615838579825,2005,1
ANC,2022,2021,1,835.8931169972434,11.835002616890709,9.670712896110878,10.34666461209007,2005,2
ANC,2023,2021,2,880.8141826480587,12.471018058004422,11.620189588654467,10.34666461209007,2005,2
CMA,2022,2021,1,184.70887162214868,0.010813908803409055,NA,0.00293172690763052,2005,2
CMA,2023,2021,2,182.05543776085236,0.010658561680447718,NA,0.00293172690763052,2005,2
DMF,2022,2021,1,280.2823509854861,0.7296476885696377,1.0582687169226213,0.3833456358538275,2005,2
DMF,2023,2021,2,288.228230526699,0.7503328748488087,0.49158609242439266,0.3833456358538275,2005,2
LPF,2022,2021,1,228.8990580334238,3.853837705000439,3.0040670153152296,4.970937032567688,2005,2
LPF,2023,2021,2,229.21417177684006,3.859143088238687,2.971088139469183,4.970937032567688,2005,2
MPF,2022,2021,1,936.7989617144923,0.11438398056351648,0.11967652359302516,0.05882532751091702,2005,2
MPF,2023,2021,2,935.3361890200516,0.11420537472567105,0.06544736842105262,0.05882532751091702,2005,2
NTU,2022,2021,1,307.8690469909098,0.38515788520153843,0.262905487759869,0.4298561958845015,2005,2
NTU,2023,2021,2,315.74011362428354,0.3950049400075389,0.31066452314777493,0.4298561958845015,2005,2
SAR,2022,2021,1,711.7452484819092,1.520458233621676,0.9396314451618436,1.7757065090593287,2005,2
SAR,2023,2021,2,730.3591006272893,1.5602218777263954,0.7877984966191535,1.7757065090593287,2005,2
SCP,2022,2021,1,66.42537921982783,1.0713677922989164,1.3023615838579825,1.439682798305725,2005,2
SCP,2023,2021,2,121.84027697906356,1.9651487141406216,1.2720672101834425,1.439682798305725,2005,2
ANC,2021,2020,1,817.0601500554613,10.634997686321313,10.34666461209007,5.958320968763964,2005,3
ANC,2022,2020,2,881.3686639820111,11.472048540867572,9.670712896110878,5.958320968763964,2005,3
ANC,2023,2020,3,919.7742955092656,11.971942951831485,11.620189588654467,5.958320968763964,2005,3
CMA,2021,2020,1,188.73715608999854,0.011055440327369869,NA,0.00293172690763052,2005,3
CMA,2022,2020,2,190.61590748940029,0.011165489797311783,NA,0.00293172690763052,2005,3
CMA,2023,2020,3,189.21093659169577,0.011083192425437339,NA,0.00293172690763052,2005,3
DMF,2021,2020,1,338.4072838169591,0.8612044469219412,0.3833456358538275,2.9020302341101365,2005,3
DMF,2022,2020,2,359.97695622796016,0.9160965804170677,1.0582687169226213,2.9020302341101365,2005,3
DMF,2023,2020,3,376.16063849891185,0.9572820389039896,0.49158609242439266,2.9020302341101365,2005,3
LPF,2021,2020,1,287.3060356039045,3.723581164610626,4.970937032567688,3.391696528557638,2005,3
LPF,2022,2020,2,289.7250560054013,3.7549324684037715,3.0040670153152296,3.391696528557638,2005,3
LPF,2023,2020,3,285.4675282458475,3.6997535016968643,2.971088139469183,3.391696528557638,2005,3
MPF,2021,2020,1,934.0600699951552,0.11928518685830315,0.05882532751091702,0.05797671431916668,2005,3
MPF,2022,2020,2,933.3688189101961,0.11919690986468776,0.11967652359302516,0.05797671431916668,2005,3
MPF,2023,2020,3,931.94088390085,0.11901455382583874,0.06544736842105262,0.05797671431916668,2005,3
NTU,2021,2020,1,268.0324858958491,0.3604273448662887,0.4298561958845015,0.3415946700420802,2005,3
NTU,2022,2020,2,278.33284472311584,0.3742783934467372,0.262905487759869,0.3415946700420802,2005,3
NTU,2023,2020,3,285.9826593760526,0.3845652151163635,0.31066452314777493,0.3415946700420802,2005,3
SAR,2021,2020,1,672.371750479589,1.3471789416444018,1.7757065090593287,1.285029171299113,2005,3
SAR,2022,2020,2,695.3575065973876,1.3932337120561342,0.9396314451618436,1.285029171299113,2005,3
SAR,2023,2020,3,706.6522144601682,1.415864039064832,0.7877984966191535,1.285029171299113,2005,3
SCP,2021,2020,1,113.54045088530744,2.021920573606656,1.439682798305725,0.951875864518764,2005,3
SCP,2022,2020,2,53.936738105512966,0.9605017383534363,1.3023615838579825,0.951875864518764,2005,3
SCP,2023,2020,3,111.2104467002686,1.9804280186486127,1.2720672101834425,0.951875864518764,2005,3
ANC,2020,2019,1,838.9854210398175,11.894803337075528,5.958320968763964,11.169724519839384,2005,4
ANC,2021,2019,2,939.5303345212592,13.320289337681805,10.34666461209007,11.169724519839384,2005,4
ANC,2022,2019,3,1020.5442706713312,14.468872869530527,9.670712896110878,11.169724519839384,2005,4
ANC,2023,2019,4,1069.5112714844868,15.16310763222405,11.620189588654467,11.169724519839384,2005,4
CMA,2020,2019,1,189.87376893238815,0.011264032996034406,NA,0.00293172690763052,2005,4
CMA,2021,2019,2,193.07693551481412,0.011454057001346529,NA,0.00293172690763052,2005,4
CMA,2022,2019,3,194.91187436178473,0.011562912541709991,NA,0.00293172690763052,2005,4
CMA,2023,2019,4,193.535349491159,0.011481251859195645,NA,0.00293172690763052,2005,4
DMF,2020,2019,1,200.04097170681706,0.5413488400303677,2.9020302341101365,0.5974387098186917,2005,4
DMF,2021,2019,2,204.5718346418071,0.5536102151540012,0.3833456358538275,0.5974387098186917,2005,4
DMF,2022,2019,3,211.40941912237724,0.5721140166281876,1.0582687169226213,0.5974387098186917,2005,4
DMF,2023,2019,4,215.24938446031803,0.5825056917121185,0.49158609242439266,0.5974387098186917,2005,4
LPF,2020,2019,1,289.80694762380114,3.8453404065365175,3.391696528557638,4.604601765476088,2005,4
LPF,2021,2019,2,294.4823385447428,3.9073764266252726,4.970937032567688,4.604601765476088,2005,4
LPF,2022,2019,3,295.3835883063805,3.9193347739086013,3.0040670153152296,4.604601765476088,2005,4
LPF,2023,2019,4,291.6936044994774,3.870373753655322,2.971088139469183,4.604601765476088,2005,4
MPF,2020,2019,1,910.9812418247219,0.12495272721398103,0.05797671431916668,0.11601638667606916,2005,4
MPF,2021,2019,2,911.6004541580149,0.12503766010416273,0.05882532751091702,0.11601638667606916,2005,4
MPF,2022,2019,3,911.6706417750372,0.12504728723341735,0.11967652359302516,0.11601638667606916,2005,4
MPF,2023,2019,4,909.8784071467093,0.12480145933451535,0.06544736842105262,0.11601638667606916,2005,4
NTU,2020,2019,1,253.63665119639563,0.3551039849121292,0.3415946700420802,0.347744517636968,2005,4
NTU,2021,2019,2,265.14076706630726,0.3712103219459409,0.4298561958845015,0.347744517636968,2005,4
NTU,2022,2019,3,276.5765806815114,0.38722103241036404,0.262905487759869,0.347744517636968,2005,4
NTU,2023,2019,4,285.64188492508663,0.3999129113093713,0.31066452314777493,0.347744517636968,2005,4
SAR,2020,2019,1,680.2131305199009,1.2811201361606257,1.285029171299113,1.2096015716470407,2005,4
SAR,2021,2019,2,707.9294229979104,1.3333212754802324,1.7757065090593287,1.2096015716470407,2005,4
SAR,2022,2019,3,725.977264136903,1.367312757943559,0.9396314451618436,1.2096015716470407,2005,4
SAR,2023,2019,4,733.089076906388,1.3807072164372192,0.7877984966191535,1.2096015716470407,2005,4
SCP,2020,2019,1,119.91588488394,1.9462397780550804,0.951875864518764,1.9560199988394813,2005,4
SCP,2021,2019,2,130.7086018591009,2.121406021548828,1.439682798305725,1.9560199988394813,2005,4
SCP,2022,2019,3,139.12591256409374,2.258019322898864,1.3023615838579825,1.9560199988394813,2005,4
SCP,2023,2019,4,142.75961792599534,2.3169945114146273,1.2720672101834425,1.9560199988394813,2005,4
ANC,2019,2018,1,719.6538856419867,9.51818672149362,11.169724519839384,17.190188776339156,2005,5
ANC,2020,2018,2,812.0026629043842,10.739597350995044,5.958320968763964,17.190188776339156,2005,5
ANC,2021,2018,3,897.6261833947983,11.8720593192263,10.34666461209007,17.190188776339156,2005,5
ANC,2022,2018,4,966.2263370186646,12.779369186291946,9.670712896110878,17.190188776339156,2005,5
ANC,2023,2018,5,1006.6385004899896,13.313862955329903,11.620189588654467,17.190188776339156,2005,5
CMA,2019,2018,1,184.3014022763138,0.0110324857765684,NA,0.00293172690763052,2005,5
CMA,2020,2018,2,188.9325505933829,0.011309711436851994,NA,0.00293172690763052,2005,5
CMA,2021,2018,3,193.55093090518875,0.01158617279021919,NA,0.00293172690763052,2005,5
CMA,2022,2018,4,196.355893803895,0.011754080971608842,NA,0.00293172690763052,2005,5
CMA,2023,2018,5,195.85838832779538,0.011724299743571278,NA,0.00293172690763052,2005,5
DMF,2019,2018,1,181.48645276019127,0.5141129767024485,0.5974387098186917,1.055181899380611,2005,5
DMF,2020,2018,2,183.527893487543,0.5198959492226466,2.9020302341101365,1.055181899380611,2005,5
DMF,2021,2018,3,188.15964560262879,0.5330167294848576,0.3833456358538275,1.055181899380611,2005,5
DMF,2022,2018,4,195.00282380594282,0.552402015067908,1.0582687169226213,1.055181899380611,2005,5
DMF,2023,2018,5,198.84710361615856,0.5632920517976393,0.49158609242439266,1.055181899380611,2005,5
LPF,2019,2018,1,280.0504058922085,3.632535668464204,4.604601765476088,3.606002657964865,2005,5
LPF,2020,2018,2,287.46117990812854,3.728660867276159,3.391696528557638,3.606002657964865,2005,5
LPF,2021,2018,3,294.02051066857837,3.8137419899857594,4.970937032567688,3.606002657964865,2005,5
LPF,2022,2018,4,296.8083040918056,3.8499024769306724,3.0040670153152296,3.606002657964865,2005,5
LPF,2023,2018,5,294.2741062471577,3.817031379914045,2.971088139469183,3.606002657964865,2005,5
MPF,2019,2018,1,834.9066959381958,0.12369574867744014,0.11601638667606916,0.1108619298161498,2005,5
MPF,2020,2018,2,845.647283286208,0.12528702228886435,0.05797671431916668,0.1108619298161498,2005,5
MPF,2021,2018,3,847.1817223621954,0.12551435738059083,0.05882532751091702,0.1108619298161498,2005,5
MPF,2022,2018,4,847.342077446405,0.12553811481635227,0.11967652359302516,0.1108619298161498,2005,5
MPF,2023,2018,5,845.0238901712421,0.12519466337205218,0.06544736842105262,0.1108619298161498,2005,5
NTU,2019,2018,1,233.67023938181342,0.3422285785594315,0.347744517636968,0.515669359008297,2005,5
NTU,2020,2018,2,243.70834473654065,0.35693017914008934,0.3415946700420802,0.515669359008297,2005,5
NTU,2021,2018,3,255.74736710703,0.3745622812169207,0.4298561958845015,0.515669359008297,2005,5
NTU,2022,2018,4,267.7608765812689,0.39215701763588395,0.262905487759869,0.515669359008297,2005,5
NTU,2023,2018,5,277.57678369335514,0.40653319128610077,0.31066452314777493,0.515669359008297,2005,5
SAR,2019,2018,1,679.0434920291158,1.1999008349084777,1.2096015716470407,0.9698245108921388,2005,5
SAR,2020,2018,2,710.167957923104,1.254899186340547,1.285029171299113,0.9698245108921388,2005,5
SAR,2021,2018,3,733.9503984605357,1.2969238439537913,1.7757065090593287,0.9698245108921388,2005,5
SAR,2022,2018,4,748.944271794601,1.3234187022997508,0.9396314451618436,0.9698245108921388,2005,5
SAR,2023,2018,5,754.0925444727867,1.3325159350358045,0.7877984966191535,0.9698245108921388,2005,5
SCP,2019,2018,1,114.0540800742762,1.7036829793467805,1.9560199988394813,1.2441045134099813,2005,5
SCP,2020,2018,2,123.21478128678594,1.840520966418093,0.951875864518764,1.2441045134099813,2005,5
SCP,2021,2018,3,133.50020662921366,1.9941595217404846,1.439682798305725,1.2441045134099813,2005,5
SCP,2022,2018,4,141.97640939149332,2.12077281226182,1.3023615838579825,1.2441045134099813,2005,5
SCP,2023,2018,5,146.19541336614603,2.183794189986591,1.2720672101834425,1.2441045134099813,2005,5
ANC,2023,2022,1,695.9849288459867,12.467258605309853,11.620189588654467,9.670712896110878,2006,1
CMA,2023,2022,1,223.7024298736458,0.00980913055877232,NA,0.00293172690763052,2006,1
DMF,2023,2022,1,309.35028887017614,0.8673350175376295,0.49158609242439266,1.0582687169226213,2006,1
LPF,2023,2022,1,385.4083691178213,3.717212364638193,2.971088139469183,3.0040670153152296,2006,1
MPF,2023,2022,1,410.045267027918,0.09669682120084491,0.06544736842105262,0.11967652359302516,2006,1
NTU,2023,2022,1,282.3243702840929,0.36236552601590594,0.31066452314777493,0.262905487759869,2006,1
SAR,2023,2022,1,650.3318939045788,1.389587912243092,0.7877984966191535,0.9396314451618436,2006,1
SCP,2023,2022,1,126.64902743952236,1.3902029248678704,1.2720672101834425,1.3023615838579825,2006,1
ANC,2022,2021,1,743.2101419403103,12.13983375762536,9.670712896110878,10.34666461209007,2006,2
ANC,2023,2021,2,780.5665151876748,12.750024786271508,11.620189588654467,10.34666461209007,2006,2
CMA,2022,2021,1,206.10111997933217,0.009586782215412377,NA,0.00293172690763052,2006,2
CMA,2023,2021,2,203.84855512519695,0.009482004285603689,NA,0.00293172690763052,2006,2
DMF,2022,2021,1,280.620568912757,0.7623280821518854,1.0582687169226213,0.3833456358538275,2006,2
DMF,2023,2021,2,291.3645769303522,0.7915150339794408,0.49158609242439266,0.3833456358538275,2006,2
LPF,2022,2021,1,405.4828726333319,3.8218347328551223,3.0040670153152296,4.970937032567688,2006,2
LPF,2023,2021,2,402.21936836950056,3.791074928216937,2.971088139469183,4.970937032567688,2006,2
MPF,2022,2021,1,364.88086816506654,0.08592065354113954,0.11967652359302516,0.05882532751091702,2006,2
MPF,2023,2021,2,370.39866015649085,0.08721996061742278,0.06544736842105262,0.05882532751091702,2006,2
NTU,2022,2021,1,300.7591709392406,0.39450217056226233,0.262905487759869,0.4298561958845015,2006,2
NTU,2023,2021,2,310.06656385387646,0.40671056539069944,0.31066452314777493,0.4298561958845015,2006,2
SAR,2022,2021,1,696.9772981926599,1.538244427335571,0.9396314451618436,1.7757065090593287,2006,2
SAR,2023,2021,2,716.9623723859306,1.5823519313925956,0.7877984966191535,1.7757065090593287,2006,2
SCP,2022,2021,1,138.58234770209458,1.5051443561909577,1.3023615838579825,1.439682798305725,2006,2
SCP,2023,2021,2,139.40436715537479,1.5140723182387905,1.2720672101834425,1.439682798305725,2006,2
ANC,2021,2020,1,724.7642759818706,10.92999350290843,10.34666461209007,5.958320968763964,2006,3
ANC,2022,2020,2,782.5993004522047,11.802189419083959,9.670712896110878,5.958320968763964,2006,3
ANC,2023,2020,3,813.4353089430432,12.267219751882708,11.620189588654467,5.958320968763964,2006,3
CMA,2021,2020,1,204.68197836748854,0.009573973903757317,NA,0.00293172690763052,2006,3
CMA,2022,2020,2,206.82936096353816,0.009674417455749226,NA,0.00293172690763052,2006,3
CMA,2023,2020,3,205.4950751319458,0.009612006403082523,NA,0.00293172690763052,2006,3
DMF,2021,2020,1,321.63083722028745,0.9019198765931725,0.3833456358538275,2.9020302341101365,2006,3
DMF,2022,2020,2,346.192014222324,0.9707945340175402,1.0582687169226213,2.9020302341101365,2006,3
DMF,2023,2020,3,365.7890572415075,1.025748725519232,0.49158609242439266,2.9020302341101365,2006,3
LPF,2021,2020,1,352.19395403445026,3.7409110296613175,4.970937032567688,3.391696528557638,2006,3
LPF,2022,2020,2,354.1835991644186,3.7620445140001273,3.0040670153152296,3.391696528557638,2006,3
LPF,2023,2020,3,350.39924355977337,3.72184808967368,2.971088139469183,3.391696528557638,2006,3
MPF,2021,2020,1,967.3000865995236,0.1188576227657947,0.05882532751091702,0.05797671431916668,2006,3
MPF,2022,2020,2,967.20489349971206,0.11884592585218531,0.11967652359302516,0.05797671431916668,2006,3
MPF,2023,2020,3,965.8200775555096,0.11867576569880964,0.06544736842105262,0.05797671431916668,2006,3
NTU,2021,2020,1,171.37485833003936,0.3193069574038975,0.4298561958845015,0.3415946700420802,2006,3
NTU,2022,2020,2,167.41036128548183,0.31192027594274335,0.262905487759869,0.3415946700420802,2006,3
NTU,2023,2020,3,167.32757486186458,0.3117660276399459,0.31066452314777493,0.3415946700420802,2006,3
SAR,2021,2020,1,672.6365395488468,1.3567595961870544,1.7757065090593287,1.285029171299113,2006,3
SAR,2022,2020,2,698.2770184494417,1.408478412745172,0.9396314451618436,1.285029171299113,2006,3
SAR,2023,2020,3,711.0525460469801,1.4342476337808572,0.7877984966191535,1.285029171299113,2006,3
SCP,2021,2020,1,137.88762040885808,1.5326824313270144,1.439682798305725,0.951875864518764,2006,3
SCP,2022,2020,2,143.2242946176425,1.5920019465762196,1.3023615838579825,0.951875864518764,2006,3
SCP,2023,2020,3,145.24545857961857,1.6144680859306197,1.2720672101834425,0.951875864518764,2006,3
ANC,2020,2019,1,747.608721371969,12.42276766965975,5.958320968763964,11.169724519839384,2006,4
ANC,2021,2019,2,841.0388451676754,13.975265237012403,10.34666461209007,11.169724519839384,2006,4
ANC,2022,2019,3,912.8097859626354,15.167859300511944,9.670712896110878,11.169724519839384,2006,4
ANC,2023,2019,4,951.3907174382792,15.80894592042381,11.620189588654467,11.169724519839384,2006,4
CMA,2020,2019,1,204.90645330986598,0.009694276523305165,NA,0.00293172690763052,2006,4
CMA,2021,2019,2,208.3208203275117,0.009855812763313456,NA,0.00293172690763052,2006,4
CMA,2022,2019,3,210.22807908397294,0.00994604659191167,NA,0.00293172690763052,2006,4
CMA,2023,2019,4,208.8846192911569,0.009882486511108329,NA,0.00293172690763052,2006,4
DMF,2020,2019,1,199.88314940653464,0.5572500319338325,2.9020302341101365,0.5974387098186917,2006,4
DMF,2021,2019,2,206.02492490469163,0.5743725587833445,0.3833456358538275,0.5974387098186917,2006,4
DMF,2022,2019,3,214.44470946297196,0.5978458992220373,1.0582687169226213,0.5974387098186917,2006,4
DMF,2023,2019,4,219.96427090093698,0.6132337685681974,0.49158609242439266,0.5974387098186917,2006,4
LPF,2020,2019,1,361.881397859283,3.8270349224467783,3.391696528557638,4.604601765476088,2006,4
LPF,2021,2019,2,366.9379534715904,3.8805099422462743,4.970937032567688,4.604601765476088,2006,4
LPF,2022,2019,3,368.1853650568816,3.893701799379065,3.0040670153152296,4.604601765476088,2006,4
LPF,2023,2019,4,364.63622371684625,3.856168265095834,2.971088139469183,4.604601765476088,2006,4
MPF,2020,2019,1,957.2126492299763,0.1252577385774567,0.05797671431916668,0.11601638667606916,2006,4
MPF,2021,2019,2,959.5561951114515,0.12556440738046745,0.05882532751091702,0.11601638667606916,2006,4
MPF,2022,2019,3,959.9879308354596,0.1256209029151805,0.11967652359302516,0.11601638667606916,2006,4
MPF,2023,2019,4,958.332284536001,0.12540425041740882,0.06544736842105262,0.11601638667606916,2006,4
NTU,2020,2019,1,165.37238639513262,0.31336081187459763,0.3415946700420802,0.347744517636968,2006,4
NTU,2021,2019,2,166.23135553026722,0.31498845522805247,0.4298561958845015,0.347744517636968,2006,4
NTU,2022,2019,3,165.54371977629916,0.31368546805568026,0.262905487759869,0.347744517636968,2006,4
NTU,2023,2019,4,163.5536391712227,0.3099145043071581,0.31066452314777493,0.347744517636968,2006,4
SAR,2020,2019,1,696.5568316451644,1.284645282485778,1.285029171299113,1.2096015716470407,2006,4
SAR,2021,2019,2,726.8331637777281,1.3404832923624566,1.7757065090593287,1.2096015716470407,2006,4
SAR,2022,2019,3,747.198173295278,1.3780420560066349,0.9396314451618436,1.2096015716470407,2006,4
SAR,2023,2019,4,756.1612577847528,1.394572486379028,0.7877984966191535,1.2096015716470407,2006,4
SCP,2020,2019,1,140.20746630727317,1.8647875474186808,0.951875864518764,1.9560199988394813,2006,4
SCP,2021,2019,2,150.554703497039,2.0024078865479518,1.439682798305725,1.9560199988394813,2006,4
SCP,2022,2019,3,158.55603912049634,2.108827262251104,1.3023615838579825,1.9560199988394813,2006,4
SCP,2023,2019,4,161.85633686089443,2.1527218870607467,1.2720672101834425,1.9560199988394813,2006,4
ANC,2019,2018,1,624.4482849983104,10.121619206405393,11.169724519839384,17.190188776339156,2006,5
ANC,2020,2018,2,716.4620144234126,11.613060456827952,5.958320968763964,17.190188776339156,2006,5
ANC,2021,2018,3,800.7143492219056,12.978698045348565,10.34666461209007,17.190188776339156,2006,5
ANC,2022,2018,4,865.9295032560833,14.035763892879565,9.670712896110878,17.190188776339156,2006,5
ANC,2023,2018,5,900.5702341747167,14.59725200296527,11.620189588654467,17.190188776339156,2006,5
CMA,2019,2018,1,204.2291967271023,0.009570091757168254,NA,0.00293172690763052,2006,5
CMA,2020,2018,2,209.2220619640625,0.009804055260989566,NA,0.00293172690763052,2006,5
CMA,2021,2018,3,213.9552965595335,0.010025852585332905,NA,0.00293172690763052,2006,5
CMA,2022,2018,4,216.74794790096416,0.010156715018381508,NA,0.00293172690763052,2006,5
CMA,2023,2018,5,216.2149519230129,0.010131739057564254,NA,0.00293172690763052,2006,5
DMF,2019,2018,1,184.8284652073086,0.5273656361815424,0.5974387098186917,1.055181899380611,2006,5
DMF,2020,2018,2,187.99747685383934,0.5364076841213168,2.9020302341101365,1.055181899380611,2006,5
DMF,2021,2018,3,193.70951540835253,0.5527056761152211,0.3833456358538275,1.055181899380611,2006,5
DMF,2022,2018,4,201.70620842974026,0.5755224056587064,1.0582687169226213,1.055181899380611,2006,5
DMF,2023,2018,5,206.88050264842846,0.5902860675187361,0.49158609242439266,1.055181899380611,2006,5
LPF,2019,2018,1,335.99108639594374,3.6792879042086883,4.604601765476088,3.606002657964865,2006,5
LPF,2020,2018,2,343.2954819643495,3.7592750686024496,3.391696528557638,3.606002657964865,2006,5
LPF,2021,2018,3,349.08304960767157,3.822652129742014,4.970937032567688,3.606002657964865,2006,5
LPF,2022,2018,4,350.9028773357772,3.842580248132251,3.0040670153152296,3.606002657964865,2006,5
LPF,2023,2018,5,347.79122638065985,3.808505952161818,2.971088139469183,3.606002657964865,2006,5
MPF,2019,2018,1,872.2667663140805,0.12402837345713831,0.11601638667606916,0.1108619298161498,2006,5
MPF,2020,2018,2,885.129374865655,0.12585731900301644,0.05797671431916668,0.1108619298161498,2006,5
MPF,2021,2018,3,889.3541057978247,0.12645803718470902,0.05882532751091702,0.1108619298161498,2006,5
MPF,2022,2018,4,890.5130687114829,0.12662283113379594,0.11967652359302516,0.1108619298161498,2006,5
MPF,2023,2018,5,888.517656676284,0.12633910175345017,0.06544736842105262,0.1108619298161498,2006,5
NTU,2019,2018,1,157.32619679469337,0.3050354830134392,0.347744517636968,0.515669359008297,2006,5
NTU,2020,2018,2,161.46812572813542,0.31306615634414064,0.3415946700420802,0.515669359008297,2006,5
NTU,2021,2018,3,161.2996517177391,0.3127395066686037,0.4298561958845015,0.515669359008297,2006,5
NTU,2022,2018,4,161.2654138823743,0.31267312386103185,0.262905487759869,0.515669359008297,2006,5
NTU,2023,2018,5,159.0326114705375,0.3083440040065869,0.31066452314777493,0.515669359008297,2006,5
SAR,2019,2018,1,700.9952095029339,1.1988351304109761,1.2096015716470407,0.9698245108921388,2006,5
SAR,2020,2018,2,734.2864681980354,1.25576951443849,1.285029171299113,0.9698245108921388,2006,5
SAR,2021,2018,3,760.2757454940111,1.3002161215108847,1.7757065090593287,0.9698245108921388,2006,5
SAR,2022,2018,4,777.2103961453636,1.329177594923056,0.9396314451618436,0.9698245108921388,2006,5
SAR,2023,2018,5,783.8591748830355,1.3405482710945844,0.7877984966191535,0.9698245108921388,2006,5
SCP,2019,2018,1,128.42417000563162,1.6430768572409369,1.9560199988394813,1.2441045134099813,2006,5
SCP,2020,2018,2,136.86048963611486,1.7510123147527632,0.951875864518764,1.2441045134099813,2006,5
SCP,2021,2018,3,146.62687709828703,1.8759648467974666,1.439682798305725,1.2441045134099813,2006,5
SCP,2022,2018,4,154.67515566244424,1.9789356524395443,1.3023615838579825,1.2441045134099813,2006,5
SCP,2023,2018,5,158.53141180289117,2.0282731347817213,1.2720672101834425,1.2441045134099813,2006,5
ANC,2023,2022,1,583.4483385415664,12.568739470112819,11.620189588654467,9.670712896110878,2007,1
CMA,2023,2022,1,289.6918194630187,0.009522104339805127,NA,0.00293172690763052,2007,1
DMF,2023,2022,1,340.8486911669714,0.8281920635544963,0.49158609242439266,1.0582687169226213,2007,1
LPF,2023,2022,1,278.91882646498783,3.8344161032246054,2.971088139469183,3.0040670153152296,2007,1
MPF,2023,2022,1,378.73965830389847,0.09679962635996499,0.06544736842105262,0.11967652359302516,2007,1
NTU,2023,2022,1,281.11759193682656,0.3613268984572735,0.31066452314777493,0.262905487759869,2007,1
SAR,2023,2022,1,631.2287398318128,1.3910127292539565,0.7877984966191535,0.9396314451618436,2007,1
SCP,2023,2022,1,210.68416829614924,2.1449475418041515,1.2720672101834425,1.3023615838579825,2007,1
ANC,2022,2021,1,627.0153270154763,12.424651947967817,9.670712896110878,10.34666461209007,2007,2
ANC,2023,2021,2,651.9155385225177,12.918063269949963,11.620189588654467,10.34666461209007,2007,2
CMA,2022,2021,1,264.77926301596426,0.009315486341313848,NA,0.00293172690763052,2007,2
CMA,2023,2021,2,262.4412748292225,0.009233231043932675,NA,0.00293172690763052,2007,2
DMF,2022,2021,1,327.1117470216891,0.7490931035263845,1.0582687169226213,0.3833456358538275,2007,2
DMF,2023,2021,2,333.4607589328056,0.7636324806050955,0.49158609242439266,0.3833456358538275,2007,2
LPF,2022,2021,1,308.7979963197381,3.897214497581287,3.0040670153152296,4.970937032567688,2007,2
LPF,2023,2021,2,306.86015127068197,3.8727577397355266,2.971088139469183,4.970937032567688,2007,2
MPF,2022,2021,1,346.3696482391075,0.08583747704213293,0.11967652359302516,0.05882532751091702,2007,2
MPF,2023,2021,2,352.1127756182281,0.0872607413698866,0.06544736842105262,0.05882532751091702,2007,2
NTU,2022,2021,1,297.6594395455431,0.3944642439530233,0.262905487759869,0.4298561958845015,2007,2
NTU,2023,2021,2,307.1256600317902,0.40700906871282655,0.31066452314777493,0.4298561958845015,2007,2
SAR,2022,2021,1,630.9994268009104,1.5527973263843733,0.9396314451618436,1.7757065090593287,2007,2
SAR,2023,2021,2,649.4517646497542,1.598205831781108,0.7877984966191535,1.7757065090593287,2007,2
SCP,2022,2021,1,111.90361172724658,1.1667148037062787,1.3023615838579825,1.439682798305725,2007,2
SCP,2023,2021,2,203.51597333099164,2.121871628725513,1.2720672101834425,1.439682798305725,2007,2
ANC,2021,2020,1,623.7294366153574,11.39111486759383,10.34666461209007,5.958320968763964,2007,3
ANC,2022,2020,2,671.0556270621802,12.255428847307172,9.670712896110878,5.958320968763964,2007,3
ANC,2023,2020,3,691.2937373812855,12.625035644444969,11.620189588654467,5.958320968763964,2007,3
CMA,2021,2020,1,267.37484801583344,0.009283565209948708,NA,0.00293172690763052,2007,3
CMA,2022,2020,2,269.5263370932995,0.009358267409117292,NA,0.00293172690763052,2007,3
CMA,2023,2020,3,267.7880992656311,0.009297913773226292,NA,0.00293172690763052,2007,3
DMF,2021,2020,1,389.4499731268237,0.8796074546859395,0.3833456358538275,2.9020302341101365,2007,3
DMF,2022,2020,2,410.2270220041472,0.9265342702975469,1.0582687169226213,2.9020302341101365,2007,3
DMF,2023,2020,3,423.3031290728235,0.9560678228705075,0.49158609242439266,2.9020302341101365,2007,3
LPF,2021,2020,1,298.8826230139849,3.9397392018102098,4.970937032567688,3.391696528557638,2007,3
LPF,2022,2020,2,286.4382211043006,3.775702572473043,3.0040670153152296,3.391696528557638,2007,3
LPF,2023,2020,3,291.9444835115784,3.848283700283847,2.971088139469183,3.391696528557638,2007,3
MPF,2021,2020,1,490.33266064643163,0.10054642050424895,0.05882532751091702,0.05797671431916668,2007,3
MPF,2022,2020,2,503.95031523042957,0.10333882356848531,0.11967652359302516,0.05797671431916668,2007,3
MPF,2023,2020,3,516.0013456894895,0.10580997850735625,0.06544736842105262,0.05797671431916668,2007,3
NTU,2021,2020,1,262.57713610448553,0.36889159649270487,0.4298561958845015,0.3415946700420802,2007,3
NTU,2022,2020,2,274.55951656955085,0.3857255049019353,0.262905487759869,0.3415946700420802,2007,3
NTU,2023,2020,3,283.91031614851073,0.3988623356113433,0.31066452314777493,0.3415946700420802,2007,3
SAR,2021,2020,1,627.0169896398529,1.3659636667150703,1.7757065090593287,1.285029171299113,2007,3
SAR,2022,2020,2,650.3431075900631,1.4167798808399839,0.9396314451618436,1.285029171299113,2007,3
SAR,2023,2020,3,662.8249748375949,1.4439717710672046,0.7877984966191535,1.285029171299113,2007,3
SCP,2021,2020,1,169.70424988339008,2.0448612597898235,1.439682798305725,0.951875864518764,2007,3
SCP,2022,2020,2,80.10134463006517,0.9651858253617344,1.3023615838579825,0.951875864518764,2007,3
SCP,2023,2020,3,173.33817704407988,2.0886484771217324,1.2720672101834425,0.951875864518764,2007,3
ANC,2020,2019,1,636.2096078898779,13.422455429633125,5.958320968763964,11.169724519839384,2007,4
ANC,2021,2019,2,722.4115694900222,15.241104461612466,10.34666461209007,11.169724519839384,2007,4
ANC,2022,2019,3,783.7736819165709,16.535693868781635,9.670712896110878,11.169724519839384,2007,4
ANC,2023,2019,4,810.1945670351982,17.093109457163656,11.620189588654467,11.169724519839384,2007,4
CMA,2020,2019,1,229.68753617573597,0.008771848007605268,NA,0.00293172690763052,2007,4
CMA,2021,2019,2,233.2793580588339,0.008909020952004042,NA,0.00293172690763052,2007,4
CMA,2022,2019,3,234.99692867242717,0.008974615579451489,NA,0.00293172690763052,2007,4
CMA,2023,2019,4,233.45925035274365,0.008915891102148838,NA,0.00293172690763052,2007,4
DMF,2020,2019,1,229.64712124441485,0.5720758295023797,2.9020302341101365,0.5974387098186917,2007,4
DMF,2021,2019,2,237.38301967139083,0.5913467895979271,0.3833456358538275,0.5974387098186917,2007,4
DMF,2022,2019,3,246.95892279029053,0.615201400490909,1.0582687169226213,0.5974387098186917,2007,4
DMF,2023,2019,4,253.09344778731756,0.6304831660852717,0.49158609242439266,0.5974387098186917,2007,4
LPF,2020,2019,1,294.0915640136757,3.8642440110943177,3.391696528557638,4.604601765476088,2007,4
LPF,2021,2019,2,301.71003688227546,3.9643476582523243,4.970937032567688,4.604601765476088,2007,4
LPF,2022,2019,3,296.37854357420986,3.894293996036689,3.0040670153152296,4.604601765476088,2007,4
LPF,2023,2019,4,296.9569429375367,3.9018939293542343,2.971088139469183,4.604601765476088,2007,4
MPF,2020,2019,1,656.5023124134517,0.11734029293283577,0.05797671431916668,0.11601638667606916,2007,4
MPF,2021,2019,2,677.6967519441315,0.12112849245026718,0.05882532751091702,0.11601638667606916,2007,4
MPF,2022,2019,3,696.363720959214,0.12446494316945136,0.11967652359302516,0.11601638667606916,2007,4
MPF,2023,2019,4,710.5872446268685,0.1270071923011629,0.06544736842105262,0.11601638667606916,2007,4
NTU,2020,2019,1,245.01418558503295,0.3602854145852361,0.3415946700420802,0.347744517636968,2007,4
NTU,2021,2019,2,257.65387055903574,0.3788716614599295,0.4298561958845015,0.347744517636968,2007,4
NTU,2022,2019,3,270.3082515407984,0.3974795183374718,0.262905487759869,0.347744517636968,2007,4
NTU,2023,2019,4,280.69032715770817,0.4127460238622936,0.31066452314777493,0.347744517636968,2007,4
SAR,2020,2019,1,626.6188978508187,1.3076646511009586,1.285029171299113,1.2096015716470407,2007,4
SAR,2021,2019,2,658.0892571030041,1.373338821625781,1.7757065090593287,1.2096015716470407,2007,4
SAR,2022,2019,3,679.6096160420611,1.4182487545373623,0.9396314451618436,1.2096015716470407,2007,4
SAR,2023,2019,4,689.484296751938,1.4388558108350624,0.7877984966191535,1.2096015716470407,2007,4
SCP,2020,2019,1,153.7918279325669,1.801426168828962,0.951875864518764,1.9560199988394813,2007,4
SCP,2021,2019,2,160.5694626142297,1.8808153577243798,1.439682798305725,1.9560199988394813,2007,4
SCP,2022,2019,3,164.00900381994944,1.9211041014115011,1.3023615838579825,1.9560199988394813,2007,4
SCP,2023,2019,4,162.91805386123391,1.9083253612734052,1.2720672101834425,1.9560199988394813,2007,4
ANC,2019,2018,1,513.9461568042664,11.343662539302834,11.169724519839384,17.190188776339156,2007,5
ANC,2020,2018,2,607.9951848480824,13.41948395007522,5.958320968763964,17.190188776339156,2007,5
ANC,2021,2018,3,692.8796927550792,15.293028872561079,10.34666461209007,17.190188776339156,2007,5
ANC,2022,2018,4,754.4262431331243,16.65146552726426,9.670712896110878,17.190188776339156,2007,5
ANC,2023,2018,5,780.6657556249031,17.230616029630834,11.620189588654467,17.190188776339156,2007,5
CMA,2019,2018,1,234.5007238716592,0.008704303373299829,NA,0.00293172690763052,2007,5
CMA,2020,2018,2,240.27191609889152,0.008918521082917446,NA,0.00293172690763052,2007,5
CMA,2021,2018,3,244.96764443817676,0.0090928192400784,NA,0.00293172690763052,2007,5
CMA,2022,2018,4,247.36950981065414,0.009181972759601474,NA,0.00293172690763052,2007,5
CMA,2023,2018,5,246.47472669952586,0.009148759797509176,NA,0.00293172690763052,2007,5
DMF,2019,2018,1,214.98848858854106,0.544308003512264,0.5974387098186917,1.055181899380611,2007,5
DMF,2020,2018,2,219.8833811648078,0.5567008959089073,2.9020302341101365,1.055181899380611,2007,5
DMF,2021,2018,3,226.96646820539297,0.5746338605577411,0.3833456358538275,1.055181899380611,2007,5
DMF,2022,2018,4,235.95848971850538,0.5973998668191685,1.0582687169226213,1.055181899380611,2007,5
DMF,2023,2018,5,241.5944750552718,0.6116690583773775,0.49158609242439266,1.055181899380611,2007,5
LPF,2019,2018,1,288.57878701199513,3.87161614732436,4.604601765476088,3.606002657964865,2007,5
LPF,2020,2018,2,285.68532631822393,3.832797046101971,3.391696528557638,3.606002657964865,2007,5
LPF,2021,2018,3,291.8289212818205,3.9152204345636195,4.970937032567688,3.606002657964865,2007,5
LPF,2022,2018,4,287.6138099680571,3.8586698710446954,3.0040670153152296,3.606002657964865,2007,5
LPF,2023,2018,5,287.26971200340387,3.854053401310357,2.971088139469183,3.606002657964865,2007,5
MPF,2019,2018,1,491.6285500780747,0.10737220009087613,0.11601638667606916,0.1108619298161498,2007,5
MPF,2020,2018,2,510.0990798799336,0.11140618351465152,0.05797671431916668,0.1108619298161498,2007,5
MPF,2021,2018,3,527.3706187083117,0.11517830603004132,0.05882532751091702,0.1108619298161498,2007,5
MPF,2022,2018,4,542.5030185422165,0.11848323830576685,0.11967652359302516,0.1108619298161498,2007,5
MPF,2023,2018,5,552.8759566583886,0.12074869906219167,0.06544736842105262,0.1108619298161498,2007,5
NTU,2019,2018,1,220.74247370375286,0.3470667294664769,0.347744517636968,0.515669359008297,2007,5
NTU,2020,2018,2,232.01617215509646,0.36479202530487626,0.3415946700420802,0.515669359008297,2007,5
NTU,2021,2018,3,245.30207856890985,0.38568105499486793,0.4298561958845015,0.515669359008297,2007,5
NTU,2022,2018,4,258.6797524748669,0.4067143679432433,0.262905487759869,0.515669359008297,2007,5
NTU,2023,2018,5,269.97959342134044,0.42448076683776315,0.31066452314777493,0.515669359008297,2007,5
SAR,2019,2018,1,639.3660741999745,1.211786604207591,1.2096015716470407,0.9698245108921388,2007,5
SAR,2020,2018,2,673.8225391422943,1.2770917311611871,1.285029171299113,0.9698245108921388,2007,5
SAR,2021,2018,3,701.3193171732795,1.3292062061409713,1.7757065090593287,0.9698245108921388,2007,5
SAR,2022,2018,4,719.6523051045144,1.3639526058744385,0.9396314451618436,0.9698245108921388,2007,5
SAR,2023,2018,5,727.3836358678617,1.3786057497145228,0.7877984966191535,0.9698245108921388,2007,5
SCP,2019,2018,1,132.8374599785589,1.6223134239831418,1.9560199988394813,1.2441045134099813,2007,5
SCP,2020,2018,2,139.87007928230614,1.708201190160496,0.951875864518764,1.2441045134099813,2007,5
SCP,2021,2018,3,147.57081329972655,1.8022484880612633,1.439682798305725,1.2441045134099813,2007,5
SCP,2022,2018,4,152.42850237367708,1.8615743303009311,1.3023615838579825,1.2441045134099813,2007,5
SCP,2023,2018,5,152.5581408017399,1.8631575746820292,1.2720672101834425,1.2441045134099813,2007,5
ANC,2023,2022,1,483.2199056823227,12.754786257018171,11.620189588654467,9.670712896110878,2008,1
CMA,2023,2022,1,271.69895893878675,0.008367845716968107,NA,0.00293172690763052,2008,1
DMF,2023,2022,1,356.3381882672476,0.8965742291063299,0.49158609242439266,1.0582687169226213,2008,1
LPF,2023,2022,1,374.6734437593322,3.7693873809380345,2.971088139469183,3.0040670153152296,2008,1
MPF,2023,2022,1,865.9065979076832,0.11026573672926034,0.06544736842105262,0.11967652359302516,2008,1
NTU,2023,2022,1,289.66304922101835,0.3799190013373162,0.31066452314777493,0.262905487759869,2008,1
SAR,2023,2022,1,561.4768988342355,1.4279041852904018,0.7877984966191535,0.9396314451618436,2008,1
SCP,2023,2022,1,118.73360466728431,2.030086383556693,1.2720672101834425,1.3023615838579825,2008,1
ANC,2022,2021,1,527.3106728011254,12.854722703508687,9.670712896110878,10.34666461209007,2008,2
ANC,2023,2021,2,542.3775519000441,13.222021457002601,11.620189588654467,10.34666461209007,2008,2
CMA,2022,2021,1,243.88290655581278,0.008094725283630262,NA,0.00293172690763052,2008,2
CMA,2023,2021,2,242.33193088300885,0.008043246800901634,NA,0.00293172690763052,2008,2
DMF,2022,2021,1,335.2293303397869,0.7936824141107179,1.0582687169226213,0.3833456358538275,2008,2
DMF,2023,2021,2,349.45131848589034,0.8273541154317574,0.49158609242439266,0.3833456358538275,2008,2
LPF,2022,2021,1,361.78011546180323,3.8965746986478536,3.0040670153152296,4.970937032567688,2008,2
LPF,2023,2021,2,358.97957542614057,3.866411312162159,2.971088139469183,4.970937032567688,2008,2
MPF,2022,2021,1,1011.3655676997088,0.10935387366125607,0.11967652359302516,0.05882532751091702,2008,2
MPF,2023,2021,2,1010.5668185162515,0.10926750892818186,0.06544736842105262,0.05882532751091702,2008,2
NTU,2022,2021,1,310.72001241186916,0.42001599881322205,0.262905487759869,0.4298561958845015,2008,2
NTU,2023,2021,2,325.3383191277006,0.4397763053623519,0.31066452314777493,0.4298561958845015,2008,2
SAR,2022,2021,1,530.5100147296934,1.6324687172739258,0.9396314451618436,1.7757065090593287,2008,2
SAR,2023,2021,2,549.804759644422,1.6918418989416153,0.7877984966191535,1.7757065090593287,2008,2
SCP,2022,2021,1,120.3341076862188,1.4470234575268768,1.3023615838579825,1.439682798305725,2008,2
SCP,2023,2021,2,118.88151422216059,1.4295559509557272,1.2720672101834425,1.439682798305725,2008,2
ANC,2021,2020,1,511.7787519820861,11.985601596481674,10.34666461209007,5.958320968763964,2008,3
ANC,2022,2020,2,550.5651462036856,12.893959488839899,9.670712896110878,5.958320968763964,2008,3
ANC,2023,2020,3,561.7281078649623,13.155390450150199,11.620189588654467,5.958320968763964,2008,3
CMA,2021,2020,1,247.29740985600426,0.00810542053910517,NA,0.00293172690763052,2008,3
CMA,2022,2020,2,250.21384600762696,0.008201009657883713,NA,0.00293172690763052,2008,3
CMA,2023,2020,3,249.37110504812424,0.008173387978035646,NA,0.00293172690763052,2008,3
DMF,2021,2020,1,377.32664873908703,0.9332608518064919,0.3833456358538275,2.9020302341101365,2008,3
DMF,2022,2020,2,409.293547658823,1.0123261799913401,1.0582687169226213,2.9020302341101365,2008,3
DMF,2023,2020,3,433.52880670607846,1.0722684570019212,0.49158609242439266,2.9020302341101365,2008,3
LPF,2021,2020,1,330.3157681831753,3.7800272075204266,4.970937032567688,3.391696528557638,2008,3
LPF,2022,2020,2,333.3170753320379,3.8143731993670373,3.0040670153152296,3.391696528557638,2008,3
LPF,2023,2020,3,329.7681166963063,3.7737600603842485,2.971088139469183,3.391696528557638,2008,3
MPF,2021,2020,1,1032.3858502827593,0.11445527836330878,0.05882532751091702,0.05797671431916668,2008,3
MPF,2022,2020,2,1034.6963874136263,0.11471143566187086,0.11967652359302516,0.05797671431916668,2008,3
MPF,2023,2020,3,1033.8194895844426,0.11461421853601825,0.06544736842105262,0.05797671431916668,2008,3
NTU,2021,2020,1,281.04385932045085,0.3901003574382041,0.4298561958845015,0.3415946700420802,2008,3
NTU,2022,2020,2,297.7648123809299,0.4133097233406373,0.262905487759869,0.3415946700420802,2008,3
NTU,2023,2020,3,311.81596646398395,0.4328132992005487,0.31066452314777493,0.3415946700420802,2008,3
SAR,2021,2020,1,522.5989115982984,1.423303475780029,1.7757065090593287,1.285029171299113,2008,3
SAR,2022,2020,2,549.0313696797341,1.4952925454580681,0.9396314451618436,1.285029171299113,2008,3
SAR,2023,2020,3,562.9537051247037,1.5332101683042332,0.7877984966191535,1.285029171299113,2008,3
SCP,2021,2020,1,110.192554151098,2.028820119790792,1.439682798305725,0.951875864518764,2008,3
SCP,2022,2020,2,55.53490329712202,1.022485866017241,1.3023615838579825,0.951875864518764,2008,3
SCP,2023,2020,3,109.77722572208941,2.0211732630717956,1.2720672101834425,0.951875864518764,2008,3
ANC,2020,2019,1,569.5378064240674,14.461122926785059,5.958320968763964,11.169724519839384,2008,4
ANC,2021,2019,2,646.2259375840031,16.40830971442301,10.34666461209007,11.169724519839384,2008,4
ANC,2022,2019,3,693.7092717821155,17.613958092928097,9.670712896110878,11.169724519839384,2008,4
ANC,2023,2019,4,706.4955326083864,17.938613783028085,11.620189588654467,11.169724519839384,2008,4
CMA,2020,2019,1,246.73463634952046,0.008140583997416873,NA,0.00293172690763052,2008,4
CMA,2021,2019,2,250.85022560203595,0.008276370770221272,NA,0.00293172690763052,2008,4
CMA,2022,2019,3,253.12351419444036,0.008351374008561197,NA,0.00293172690763052,2008,4
CMA,2023,2019,4,252.08837946190366,0.008317221522458996,NA,0.00293172690763052,2008,4
DMF,2020,2019,1,250.7632378153518,0.585954229654313,2.9020302341101365,0.5974387098186917,2008,4
DMF,2021,2019,2,260.38982942712596,0.608448523958438,0.3833456358538275,0.5974387098186917,2008,4
DMF,2022,2019,3,271.5363502111632,0.6344944111316834,1.0582687169226213,0.5974387098186917,2008,4
DMF,2023,2019,4,278.82924417412113,0.6515355934885734,0.49158609242439266,0.5974387098186917,2008,4
LPF,2020,2019,1,333.6187640326836,3.891331835035449,3.391696528557638,4.604601765476088,2008,4
LPF,2021,2019,2,339.3118328207332,3.9577358332584436,4.970937032567688,4.604601765476088,2008,4
LPF,2022,2019,3,341.28265006470247,3.9807234607821256,3.0040670153152296,4.604601765476088,2008,4
LPF,2023,2019,4,338.2564058712763,3.945425325185302,2.971088139469183,4.604601765476088,2008,4
MPF,2020,2019,1,985.6975742058829,0.12107767628670796,0.05797671431916668,0.11601638667606916,2008,4
MPF,2021,2019,2,990.1791513351712,0.1216281686071857,0.05882532751091702,0.11601638667606916,2008,4
MPF,2022,2019,3,991.5502688316831,0.12179658914989369,0.11967652359302516,0.11601638667606916,2008,4
MPF,2023,2019,4,990.3113950114297,0.12164441269405776,0.06544736842105262,0.11601638667606916,2008,4
NTU,2020,2019,1,269.58032484380186,0.38533585698512185,0.3415946700420802,0.347744517636968,2008,4
NTU,2021,2019,2,288.132787908369,0.4118545922018405,0.4298561958845015,0.347744517636968,2008,4
NTU,2022,2019,3,306.83666742106544,0.43858976082049744,0.262905487759869,0.347744517636968,2008,4
NTU,2023,2019,4,323.07518592960844,0.4618009630819523,0.31066452314777493,0.347744517636968,2008,4
SAR,2020,2019,1,532.9221783686174,1.3443550796335406,1.285029171299113,1.2096015716470407,2008,4
SAR,2021,2019,2,564.5643289650947,1.424175900780677,1.7757065090593287,1.2096015716470407,2008,4
SAR,2022,2019,3,586.289923221463,1.4789811128399954,0.9396314451618436,1.2096015716470407,2008,4
SAR,2023,2019,4,596.15108149611,1.503856974186532,0.7877984966191535,1.2096015716470407,2008,4
SCP,2020,2019,1,143.43591551648132,1.7975635251320135,0.951875864518764,1.9560199988394813,2008,4
SCP,2021,2019,2,151.15543314472143,1.8943058457019515,1.439682798305725,1.9560199988394813,2008,4
SCP,2022,2019,3,155.9589785485804,1.9545047016035635,1.3023615838579825,1.9560199988394813,2008,4
SCP,2023,2019,4,156.08885514427467,1.9561323374041764,1.2720672101834425,1.9560199988394813,2008,4
ANC,2019,2018,1,471.4746910457731,12.36603734152235,11.169724519839384,17.190188776339156,2008,5
ANC,2020,2018,2,566.9028706220174,14.868967943069254,5.958320968763964,17.190188776339156,2008,5
ANC,2021,2018,3,648.2078388352105,17.001468991525368,10.34666461209007,17.190188776339156,2008,5
ANC,2022,2018,4,701.1650390018181,18.390452805927325,9.670712896110878,17.190188776339156,2008,5
ANC,2023,2018,5,716.7994032959078,18.800517516384726,11.620189588654467,17.190188776339156,2008,5
CMA,2019,2018,1,254.63956598715114,0.008115305152555402,NA,0.00293172690763052,2008,5
CMA,2020,2018,2,260.7077256875993,0.008308696024443948,NA,0.00293172690763052,2008,5
CMA,2021,2018,3,265.85516804856053,0.00847274384377026,NA,0.00293172690763052,2008,5
CMA,2022,2018,4,268.8356173656664,0.00856773008680077,NA,0.00293172690763052,2008,5
CMA,2023,2018,5,268.50454152817287,0.008557178775030025,NA,0.00293172690763052,2008,5
DMF,2019,2018,1,236.44522730133764,0.5574433700578834,0.5974387098186917,1.055181899380611,2008,5
DMF,2020,2018,2,243.19350993837588,0.5733531241190195,2.9020302341101365,1.055181899380611,2008,5
DMF,2021,2018,3,251.83594002560054,0.5937285210272103,0.3833456358538275,1.055181899380611,2008,5
DMF,2022,2018,4,262.149278453114,0.6180432521604957,1.0582687169226213,1.055181899380611,2008,5
DMF,2023,2018,5,268.7389453978911,0.6335790537970162,0.49158609242439266,1.055181899380611,2008,5
LPF,2019,2018,1,311.0317622508181,3.7010750811488586,4.604601765476088,3.606002657964865,2008,5
LPF,2020,2018,2,319.4944951975608,3.801776082875973,3.391696528557638,3.606002657964865,2008,5
LPF,2021,2018,3,326.91034267071745,3.8900198303629825,4.970937032567688,3.606002657964865,2008,5
LPF,2022,2018,4,330.6904097954398,3.93500016336543,3.0040670153152296,3.606002657964865,2008,5
LPF,2023,2018,5,329.1203707931268,3.9163177233926065,2.971088139469183,3.606002657964865,2008,5
MPF,2019,2018,1,865.0896507527303,0.11900296527033932,0.11601638667606916,0.1108619298161498,2008,5
MPF,2020,2018,2,879.4925647849087,0.12098425065142282,0.05797671431916668,0.1108619298161498,2008,5
MPF,2021,2018,3,885.2263198214062,0.12177299416590508,0.05882532751091702,0.1108619298161498,2008,5
MPF,2022,2018,4,887.281867843002,0.122055758281292,0.11967652359302516,0.1108619298161498,2008,5
MPF,2023,2018,5,885.7617520837991,0.12184664899100987,0.06544736842105262,0.1108619298161498,2008,5
NTU,2019,2018,1,248.2805488120534,0.3715264644642757,0.347744517636968,0.515669359008297,2008,5
NTU,2020,2018,2,265.780664284146,0.3977135985759572,0.3415946700420802,0.515669359008297,2008,5
NTU,2021,2018,3,285.65789280450485,0.4274578393988971,0.4298561958845015,0.515669359008297,2008,5
NTU,2022,2018,4,305.7905506591526,0.45758430411308765,0.262905487759869,0.515669359008297,2008,5
NTU,2023,2018,5,323.6119396760379,0.4842521912470814,0.31066452314777493,0.515669359008297,2008,5
SAR,2019,2018,1,542.7886114579685,1.2354905987592584,1.2096015716470407,0.9698245108921388,2008,5
SAR,2020,2018,2,577.5657377627285,1.3146499836365173,1.285029171299113,0.9698245108921388,2008,5
SAR,2021,2018,3,605.5853651827332,1.378428009791426,1.7757065090593287,0.9698245108921388,2008,5
SAR,2022,2018,4,624.4621649303443,1.4213952131013663,0.9396314451618436,0.9698245108921388,2008,5
SAR,2023,2018,5,632.5301911463168,1.4397595824524523,0.7877984966191535,0.9698245108921388,2008,5
SCP,2019,2018,1,123.7647033402698,1.5787094045365568,1.9560199988394813,1.2441045134099813,2008,5
SCP,2020,2018,2,130.50040564669598,1.6646282189506956,0.951875864518764,1.2441045134099813,2008,5
SCP,2021,2018,3,138.54865790744557,1.7672895690061747,1.439682798305725,1.2441045134099813,2008,5
SCP,2022,2018,4,144.63035286931137,1.844866040913704,1.3023615838579825,1.2441045134099813,2008,5
SCP,2023,2018,5,146.3938808193763,1.8673611310710019,1.2720672101834425,1.2441045134099813,2008,5
ANC,2023,2022,1,466.551830906885,12.742022865419882,11.620189588654467,9.670712896110878,2009,1
CMA,2023,2022,1,302.2923563904632,0.007544593724683201,NA,0.00293172690763052,2009,1
DMF,2023,2022,1,392.9447860004909,0.8830598076595157,0.49158609242439266,1.0582687169226213,2009,1
LPF,2023,2022,1,466.3038863389542,3.83053746537377,2.971088139469183,3.0040670153152296,2009,1
MPF,2023,2022,1,857.8434126455485,0.10770646000116961,0.06544736842105262,0.11967652359302516,2009,1
NTU,2023,2022,1,280.45669056288773,0.3909339024483195,0.31066452314777493,0.262905487759869,2009,1
SAR,2023,2022,1,649.776442930101,1.3671166236494658,0.7877984966191535,0.9396314451618436,2009,1
SCP,2023,2022,1,127.39430813999529,2.0675463102889857,1.2720672101834425,1.3023615838579825,2009,1
ANC,2022,2021,1,510.89452829273654,12.833132258850894,9.670712896110878,10.34666461209007,2009,2
ANC,2023,2021,2,521.1668327131516,13.091161722722605,11.620189588654467,10.34666461209007,2009,2
CMA,2022,2021,1,271.1782488326673,0.0072633620497536714,NA,0.00293172690763052,2009,2
CMA,2023,2021,2,269.97496060505796,0.007231132628386156,NA,0.00293172690763052,2009,2
DMF,2022,2021,1,376.0625358331312,0.7951374855848451,1.0582687169226213,0.3833456358538275,2009,2
DMF,2023,2021,2,389.88763820972594,0.8243689460315098,0.49158609242439266,0.3833456358538275,2009,2
LPF,2022,2021,1,525.4698071276754,4.15486142330826,3.0040670153152296,4.970937032567688,2009,2
LPF,2023,2021,2,529.3520321942003,4.185557967518241,2.971088139469183,4.970937032567688,2009,2
MPF,2022,2021,1,1003.8400657709566,0.10689931640133078,0.11967652359302516,0.05882532751091702,2009,2
MPF,2023,2021,2,1002.7854520258433,0.1067870101762017,0.06544736842105262,0.05882532751091702,2009,2
NTU,2022,2021,1,314.70538754726965,0.4416269988924761,0.262905487759869,0.4298561958845015,2009,2
NTU,2023,2021,2,331.36864773578725,0.4650106010804563,0.31066452314777493,0.4298561958845015,2009,2
SAR,2022,2021,1,624.1371726062314,1.5628362064047392,0.9396314451618436,1.7757065090593287,2009,2
SAR,2023,2021,2,643.7877728751055,1.6120412064042482,0.7877984966191535,1.7757065090593287,2009,2
SCP,2022,2021,1,102.40041811813244,1.4482789934485336,1.3023615838579825,1.439682798305725,2009,2
SCP,2023,2021,2,100.36094720338717,1.4194341611924064,1.2720672101834425,1.439682798305725,2009,2
ANC,2021,2020,1,493.5116437331203,12.011814118346683,10.34666461209007,5.958320968763964,2009,3
ANC,2022,2020,2,526.3333574889623,12.810677386695335,9.670712896110878,5.958320968763964,2009,3
ANC,2023,2020,3,532.1822335783901,12.953035957723179,11.620189588654467,5.958320968763964,2009,3
CMA,2021,2020,1,272.42175382507094,0.007241319135764089,NA,0.00293172690763052,2009,3
CMA,2022,2020,2,275.6247608921703,0.00732645916603446,NA,0.00293172690763052,2009,3
CMA,2023,2020,3,275.0127230770029,0.007310190417006331,NA,0.00293172690763052,2009,3
DMF,2021,2020,1,429.0182499713646,0.9305778460410107,0.3833456358538275,2.9020302341101365,2009,3
DMF,2022,2020,2,461.2973988085245,1.0005941234346332,1.0582687169226213,2.9020302341101365,2009,3
DMF,2023,2020,3,486.1766232778138,1.0545593221630027,0.49158609242439266,2.9020302341101365,2009,3
LPF,2021,2020,1,472.5317070788325,3.8881977250072834,4.970937032567688,3.391696528557638,2009,3
LPF,2022,2020,2,477.99251889945845,3.933131675003804,3.0040670153152296,3.391696528557638,2009,3
LPF,2023,2020,3,478.6661825124237,3.938674874091002,2.971088139469183,3.391696528557638,2009,3
MPF,2021,2020,1,1025.3999030241143,0.1121609887173612,0.05882532751091702,0.05797671431916668,2009,3
MPF,2022,2020,2,1026.4185680253956,0.11227241302448131,0.11967652359302516,0.05797671431916668,2009,3
MPF,2023,2020,3,1025.225815572644,0.11214194656549185,0.06544736842105262,0.05797671431916668,2009,3
NTU,2021,2020,1,293.0964752878334,0.41212603531723374,0.4298561958845015,0.3415946700420802,2009,3
NTU,2022,2020,2,313.1118220052507,0.4402698247642009,0.262905487759869,0.3415946700420802,2009,3
NTU,2023,2020,3,329.9522136626511,0.4639492765219817,0.31066452314777493,0.3415946700420802,2009,3
SAR,2021,2020,1,645.3639844282775,1.3494896569147714,1.7757065090593287,1.285029171299113,2009,3
SAR,2022,2020,2,670.1078160552471,1.4012302957770677,0.9396314451618436,1.285029171299113,2009,3
SAR,2023,2020,3,682.208692076175,1.42653385690516,0.7877984966191535,1.285029171299113,2009,3
SCP,2021,2020,1,103.26339836969757,1.4882981996656877,1.439682798305725,0.951875864518764,2009,3
SCP,2022,2020,2,106.07119548248988,1.5287659690202704,1.3023615838579825,0.951875864518764,2009,3
SCP,2023,2020,3,105.10893832422528,1.514897302882309,1.2720672101834425,0.951875864518764,2009,3
ANC,2020,2019,1,574.8237867181131,14.429879103605973,5.958320968763964,11.169724519839384,2009,4
ANC,2021,2019,2,644.260395068821,16.172955655092704,10.34666461209007,11.169724519839384,2009,4
ANC,2022,2019,3,682.7410029174201,17.1389395477545,9.670712896110878,11.169724519839384,2009,4
ANC,2023,2019,4,689.2501955043712,17.302340687829194,11.620189588654467,11.169724519839384,2009,4
CMA,2020,2019,1,275.2708570593525,0.007295057751793474,NA,0.00293172690763052,2009,4
CMA,2021,2019,2,279.7467088346371,0.007413674003212083,NA,0.00293172690763052,2009,4
CMA,2022,2019,3,282.2640600016827,0.007480387284600903,NA,0.00293172690763052,2009,4
CMA,2023,2019,4,281.42231242827387,0.0074580798117864985,NA,0.00293172690763052,2009,4
DMF,2020,2019,1,289.8554769675923,0.5960214797562213,2.9020302341101365,0.5974387098186917,2009,4
DMF,2021,2019,2,300.0936268808385,0.6170738929281182,0.3833456358538275,0.5974387098186917,2009,4
DMF,2022,2019,3,311.0414262244858,0.6395855378110763,1.0582687169226213,0.5974387098186917,2009,4
DMF,2023,2019,4,317.31665499672226,0.6524891102319464,0.49158609242439266,0.5974387098186917,2009,4
LPF,2020,2019,1,489.3541594825985,4.154570006371497,3.391696528557638,4.604601765476088,2009,4
LPF,2021,2019,2,503.49409804342133,4.274616732241453,4.970937032567688,4.604601765476088,2009,4
LPF,2022,2019,3,516.1545961489296,4.382103150157021,3.0040670153152296,4.604601765476088,2009,4
LPF,2023,2019,4,522.9901630851756,4.440136459611055,2.971088139469183,4.604601765476088,2009,4
MPF,2020,2019,1,998.7683613946625,0.11899677839911335,0.05797671431916668,0.11601638667606916,2009,4
MPF,2021,2019,2,1001.1162008498088,0.11927650825656559,0.05882532751091702,0.11601638667606916,2009,4
MPF,2022,2019,3,1001.5984817067987,0.11933396889557224,0.11967652359302516,0.11601638667606916,2009,4
MPF,2023,2019,4,1000.1076270620185,0.11915634322514905,0.06544736842105262,0.11601638667606916,2009,4
NTU,2020,2019,1,291.8686557316168,0.410716058677564,0.3415946700420802,0.347744517636968,2009,4
NTU,2021,2019,2,315.4022845333384,0.44383245907895474,0.4298561958845015,0.347744517636968,2009,4
NTU,2022,2019,3,338.76471487336585,0.4767079498929065,0.262905487759869,0.347744517636968,2009,4
NTU,2023,2019,4,358.8179943704593,0.5049268208023586,0.31066452314777493,0.347744517636968,2009,4
SAR,2020,2019,1,663.4597118091166,1.2764469408442767,1.285029171299113,1.2096015716470407,2009,4
SAR,2021,2019,2,691.5540447603099,1.3304983394632313,1.7757065090593287,1.2096015716470407,2009,4
SAR,2022,2019,3,710.0878371390019,1.3661559719659127,0.9396314451618436,1.2096015716470407,2009,4
SAR,2023,2019,4,717.4914863123421,1.3804000400987388,0.7877984966191535,1.2096015716470407,2009,4
SCP,2020,2019,1,132.01822897825915,1.8046013180371108,0.951875864518764,1.9560199988394813,2009,4
SCP,2021,2019,2,137.62102918921832,1.8811878676647427,1.439682798305725,1.9560199988394813,2009,4
SCP,2022,2019,3,139.82913559518792,1.9113712125059703,1.3023615838579825,1.9560199988394813,2009,4
SCP,2023,2019,4,137.67545013071705,1.8819317657121375,1.2720672101834425,1.9560199988394813,2009,4
ANC,2019,2018,1,482.5638232493468,12.263009513081865,11.169724519839384,17.190188776339156,2009,5
ANC,2020,2018,2,575.4946783693697,14.624587206001504,5.958320968763964,17.190188776339156,2009,5
ANC,2021,2018,3,650.1757274831217,16.52239713622427,10.34666461209007,17.190188776339156,2009,5
ANC,2022,2018,4,695.3571248373994,17.670555947299402,9.670712896110878,17.190188776339156,2009,5
ANC,2023,2018,5,705.6339327563466,17.931712269432246,11.620189588654467,17.190188776339156,2009,5
CMA,2019,2018,1,285.1973135611724,0.007278209263363454,NA,0.00293172690763052,2009,5
CMA,2020,2018,2,291.66766976396707,0.007443332159734427,NA,0.00293172690763052,2009,5
CMA,2021,2018,3,297.03889260269074,0.007580405273545518,NA,0.00293172690763052,2009,5
CMA,2022,2018,4,300.16450377970904,0.007660170583878174,NA,0.00293172690763052,2009,5
CMA,2023,2018,5,299.953053287384,0.007654774386723419,NA,0.00293172690763052,2009,5
DMF,2019,2018,1,275.89651387991887,0.571508335524308,0.5974387098186917,1.055181899380611,2009,5
DMF,2020,2018,2,284.0032984937818,0.588301208025551,2.9020302341101365,1.055181899380611,2009,5
DMF,2021,2018,3,293.23182485431187,0.6074177226399555,0.3833456358538275,1.055181899380611,2009,5
DMF,2022,2018,4,303.4005754252145,0.6284818732209514,1.0582687169226213,1.055181899380611,2009,5
DMF,2023,2018,5,309.02379580834435,0.6401301440753182,0.49158609242439266,1.055181899380611,2009,5
LPF,2019,2018,1,434.53364967997163,3.855224027329894,4.604601765476088,3.606002657964865,2009,5
LPF,2020,2018,2,444.5561086234464,3.944144239976874,3.391696528557638,3.606002657964865,2009,5
LPF,2021,2018,3,456.45111937306245,4.049677911030982,4.970937032567688,3.606002657964865,2009,5
LPF,2022,2018,4,466.5145227909116,4.13896138696381,3.0040670153152296,3.606002657964865,2009,5
LPF,2023,2018,5,471.01320636312045,4.1788741371310465,2.971088139469183,3.606002657964865,2009,5
MPF,2019,2018,1,880.932876858905,0.11699742322073639,0.11601638667606916,0.1108619298161498,2009,5
MPF,2020,2018,2,893.2133536650807,0.1186284034917505,0.05797671431916668,0.1108619298161498,2009,5
MPF,2021,2018,3,896.3371278886591,0.11904327452731131,0.05882532751091702,0.1108619298161498,2009,5
MPF,2022,2018,4,897.0599616305022,0.11913927467378581,0.11967652359302516,0.1108619298161498,2009,5
MPF,2023,2018,5,895.0728016244742,0.1188753583115522,0.06544736842105262,0.1108619298161498,2009,5
NTU,2019,2018,1,280.64433549523153,0.39894318411967206,0.347744517636968,0.515669359008297,2009,5
NTU,2020,2018,2,304.5592079365915,0.43293879405327806,0.3415946700420802,0.515669359008297,2009,5
NTU,2021,2018,3,331.0208061858533,0.4705546406151817,0.4298561958845015,0.515669359008297,2009,5
NTU,2022,2018,4,357.38350827449784,0.5080299037259915,0.262905487759869,0.515669359008297,2009,5
NTU,2023,2018,5,380.4385034991246,0.5408031759480945,0.31066452314777493,0.515669359008297,2009,5
SAR,2019,2018,1,674.278056362901,1.1867072041720927,1.2096015716470407,0.9698245108921388,2009,5
SAR,2020,2018,2,704.0458522557784,1.2390975459681033,1.285029171299113,0.9698245108921388,2009,5
SAR,2021,2018,3,727.1699168910186,1.2797951392434974,1.7757065090593287,0.9698245108921388,2009,5
SAR,2022,2018,4,741.700041384968,1.3053676804996923,0.9396314451618436,0.9698245108921388,2009,5
SAR,2023,2018,5,746.4013475794187,1.3136418247897608,0.7877984966191535,0.9698245108921388,2009,5
SCP,2019,2018,1,115.38359591378682,1.6172794733355833,1.9560199988394813,1.2441045134099813,2009,5
SCP,2020,2018,2,121.61452106096826,1.7046155219360841,0.951875864518764,1.2441045134099813,2009,5
SCP,2021,2018,3,128.39433362491638,1.7996450762319027,1.439682798305725,1.2441045134099813,2009,5
SCP,2022,2018,4,132.1225118779956,1.8519012580044514,1.3023615838579825,1.2441045134099813,2009,5
SCP,2023,2018,5,131.07757966401581,1.837254917618602,1.2720672101834425,1.2441045134099813,2009,5
ANC,2023,2022,1,559.2059920236867,12.458731742273208,11.620189588654467,9.670712896110878,2010,1
CMA,2023,2022,1,362.9244857666077,0.00546586662019239,NA,0.00293172690763052,2010,1
DMF,2023,2022,1,419.14653638616625,0.8380311149268322,0.49158609242439266,1.0582687169226213,2010,1
LPF,2023,2022,1,472.50902857120036,3.918990732468551,2.971088139469183,3.0040670153152296,2010,1
MPF,2023,2022,1,389.5997203813371,0.09759992978405711,0.06544736842105262,0.11967652359302516,2010,1
NTU,2023,2022,1,268.8385687272621,0.3940006787946874,0.31066452314777493,0.262905487759869,2010,1
SAR,2023,2022,1,660.0022612700074,1.3310336508936589,0.7877984966191535,0.9396314451618436,2010,1
SCP,2023,2022,1,267.3424430619333,1.998096441640395,1.2720672101834425,1.3023615838579825,2010,1
ANC,2022,2021,1,635.2977925663431,12.408808369175754,9.670712896110878,10.34666461209007,2010,2
ANC,2023,2021,2,643.1122788941478,12.561443030400625,11.620189588654467,10.34666461209007,2010,2
CMA,2022,2021,1,378.206565992992,0.005667882810551947,NA,0.00293172690763052,2010,2
CMA,2023,2021,2,378.0158941570695,0.005665025362483999,NA,0.00293172690763052,2010,2
DMF,2022,2021,1,433.32229990369456,0.7735476874069817,1.0582687169226213,0.3833456358538275,2010,2
DMF,2023,2021,2,438.81715499910644,0.7833568582081082,0.49158609242439266,0.3833456358538275,2010,2
LPF,2022,2021,1,557.5036701553539,4.236500652853418,3.0040670153152296,4.970937032567688,2010,2
LPF,2023,2021,2,560.0136123006491,4.255573839464377,2.971088139469183,4.970937032567688,2010,2
MPF,2022,2021,1,389.39448251790395,0.08909067679331446,0.11967652359302516,0.05882532751091702,2010,2
MPF,2023,2021,2,398.08497442447344,0.09107899927959288,0.06544736842105262,0.05882532751091702,2010,2
NTU,2022,2021,1,313.40340317866867,0.4462696313302159,0.262905487759869,0.4298561958845015,2010,2
NTU,2023,2021,2,327.45401970736293,0.4662769554199545,0.31066452314777493,0.4298561958845015,2010,2
SAR,2022,2021,1,659.2299314861584,1.5001406205341015,0.9396314451618436,1.7757065090593287,2010,2
SAR,2023,2021,2,675.1958621542618,1.5364726194253804,0.7877984966191535,1.7757065090593287,2010,2
SCP,2022,2021,1,130.93721476974346,1.0762675769742645,1.3023615838579825,1.439682798305725,2010,2
SCP,2023,2021,2,263.38887833148857,2.164983502836089,1.2720672101834425,1.439682798305725,2010,2
ANC,2021,2020,1,655.3665685387899,11.622411851190096,10.34666461209007,5.958320968763964,2010,3
ANC,2022,2020,2,690.4706216257144,12.244954687837902,9.670712896110878,5.958320968763964,2010,3
ANC,2023,2020,3,695.5187027252246,12.334478445095659,11.620189588654467,5.958320968763964,2010,3
CMA,2021,2020,1,389.84325067861715,0.005733378199180423,NA,0.00293172690763052,2010,3
CMA,2022,2020,2,394.377694547143,0.005800065724425398,NA,0.00293172690763052,2010,3
CMA,2023,2020,3,394.4912445286095,0.005801735690462066,NA,0.00293172690763052,2010,3
DMF,2021,2020,1,491.78825892315865,0.9033252047421312,0.3833456358538275,2.9020302341101365,2010,3
DMF,2022,2020,2,516.254967337746,0.948266079167168,1.0582687169226213,2.9020302341101365,2010,3
DMF,2023,2020,3,529.510911664017,0.9726148276484733,0.49158609242439266,2.9020302341101365,2010,3
LPF,2021,2020,1,472.51265766501814,4.008633940485276,4.970937032567688,3.391696528557638,2010,3
LPF,2022,2020,2,479.64142328169766,4.0691119220614755,3.0040670153152296,3.391696528557638,2010,3
LPF,2023,2020,3,479.8013984507726,4.0704690960587975,2.971088139469183,3.391696528557638,2010,3
MPF,2021,2020,1,989.3045785616954,0.11235961464926031,0.05882532751091702,0.05797671431916668,2010,3
MPF,2022,2020,2,989.4328473684194,0.11237418269433697,0.11967652359302516,0.05797671431916668,2010,3
MPF,2023,2020,3,988.2167902880151,0.11223606981392921,0.06544736842105262,0.05797671431916668,2010,3
NTU,2021,2020,1,298.4629513987772,0.42242022959686054,0.4298561958845015,0.3415946700420802,2010,3
NTU,2022,2020,2,317.7830668273494,0.44976435239979795,0.262905487759869,0.3415946700420802,2010,3
NTU,2023,2020,3,332.72142516582414,0.4709068919664845,0.31066452314777493,0.3415946700420802,2010,3
SAR,2021,2020,1,678.714522889669,1.3070781151381687,1.7757065090593287,1.285029171299113,2010,3
SAR,2022,2020,2,698.6632700497074,1.3454956971375884,0.9396314451618436,1.285029171299113,2010,3
SAR,2023,2020,3,707.1909917957786,1.361918505388134,0.7877984966191535,1.285029171299113,2010,3
SCP,2021,2020,1,222.29644570532915,2.1017580616845266,1.439682798305725,0.951875864518764,2010,3
SCP,2022,2020,2,109.97716161449218,1.0398069356936177,1.3023615838579825,0.951875864518764,2010,3
SCP,2023,2020,3,234.26984035997233,2.2149635547425897,1.2720672101834425,0.951875864518764,2010,3
ANC,2020,2019,1,725.2211224017602,13.8222552680524,5.958320968763964,11.169724519839384,2010,4
ANC,2021,2019,2,797.448761193114,15.198868317430335,10.34666461209007,11.169724519839384,2010,4
ANC,2022,2019,3,838.4074940345693,15.979515823828972,9.670712896110878,11.169724519839384,2010,4
ANC,2023,2019,4,844.8685514338108,16.102659485693223,11.620189588654467,11.169724519839384,2010,4
CMA,2020,2019,1,336.4499134034443,0.005300749047281251,NA,0.00293172690763052,2010,4
CMA,2021,2019,2,341.71324587337364,0.005383672547820386,NA,0.00293172690763052,2010,4
CMA,2022,2019,3,344.7743902368036,0.00543190070131848,NA,0.00293172690763052,2010,4
CMA,2023,2019,4,344.21571313776417,0.005423098775734626,NA,0.00293172690763052,2010,4
DMF,2020,2019,1,299.99738344737864,0.5928528181978904,2.9020302341101365,0.5974387098186917,2010,4
DMF,2021,2019,2,304.52155023026404,0.601793446267406,0.3833456358538275,0.5974387098186917,2010,4
DMF,2022,2019,3,309.08389283445786,0.6108095171390877,1.0582687169226213,0.5974387098186917,2010,4
DMF,2023,2019,4,307.21935305712066,0.6071248261296732,0.49158609242439266,0.5974387098186917,2010,4
LPF,2020,2019,1,487.06740079837283,4.285074268895644,3.391696528557638,4.604601765476088,2010,4
LPF,2021,2019,2,502.0148420721576,4.416577415858745,4.970937032567688,4.604601765476088,2010,4
LPF,2022,2019,3,515.9949491454274,4.539570243951696,3.0040670153152296,4.604601765476088,2010,4
LPF,2023,2019,4,520.9946814117129,4.583556402849848,2.971088139469183,4.604601765476088,2010,4
MPF,2020,2019,1,963.9441347074568,0.11959208732587114,0.05797671431916668,0.11601638667606916,2010,4
MPF,2021,2019,2,965.2077206123719,0.11974885458078079,0.05882532751091702,0.11601638667606916,2010,4
MPF,2022,2019,3,965.4284648796878,0.11977624130034577,0.11967652359302516,0.11601638667606916,2010,4
MPF,2023,2019,4,963.9050788932116,0.11958724185176157,0.06544736842105262,0.11601638667606916,2010,4
NTU,2020,2019,1,291.12412905663564,0.4227563068180851,0.3415946700420802,0.347744517636968,2010,4
NTU,2021,2019,2,315.5504133679005,0.4582269693776628,0.4298561958845015,0.347744517636968,2010,4
NTU,2022,2019,3,339.170741228024,0.49252726116156886,0.262905487759869,0.347744517636968,2010,4
NTU,2023,2019,4,358.62457210746,0.5207771685900735,0.31066452314777493,0.347744517636968,2010,4
SAR,2020,2019,1,672.6671506033068,1.2389227153907303,1.285029171299113,1.2096015716470407,2010,4
SAR,2021,2019,2,695.4447221949807,1.2808745942970416,1.7757065090593287,1.2096015716470407,2010,4
SAR,2022,2019,3,709.3879397826781,1.3065553027715682,0.9396314451618436,1.2096015716470407,2010,4
SAR,2023,2019,4,713.5392709196595,1.314201251351192,0.7877984966191535,1.2096015716470407,2010,4
SCP,2020,2019,1,161.0895094294814,1.5151064519109845,0.951875864518764,1.9560199988394813,2010,4
SCP,2021,2019,2,221.12445629852442,2.0797573448435167,1.439682798305725,1.9560199988394813,2010,4
SCP,2022,2019,3,138.1306488399013,1.2991698714906115,1.3023615838579825,1.9560199988394813,2010,4
SCP,2023,2019,4,228.18271921984137,2.1461429197282227,1.2720672101834425,1.9560199988394813,2010,4
ANC,2019,2018,1,604.9569805716488,11.977654865322332,11.169724519839384,17.190188776339156,2010,5
ANC,2020,2018,2,708.098707031433,14.019776935856013,5.958320968763964,17.190188776339156,2010,5
ANC,2021,2018,3,787.9547527400806,15.600861517281555,10.34666461209007,17.190188776339156,2010,5
ANC,2022,2018,4,835.7101777460862,16.54637998725311,9.670712896110878,17.190188776339156,2010,5
ANC,2023,2018,5,848.032128483352,16.790344563145783,11.620189588654467,17.190188776339156,2010,5
CMA,2019,2018,1,317.9539373124935,0.00503883464538742,NA,0.00293172690763052,2010,5
CMA,2020,2018,2,325.1847698414548,0.005153426619840988,NA,0.00293172690763052,2010,5
CMA,2021,2018,3,331.076146099858,0.005246791309867389,NA,0.00293172690763052,2010,5
CMA,2022,2018,4,334.5870392302482,0.0053024308471261335,NA,0.00293172690763052,2010,5
CMA,2023,2018,5,334.6514263437087,0.005303451233980794,NA,0.00293172690763052,2010,5
DMF,2019,2018,1,297.1116670404051,0.5731182191515368,0.5974387098186917,1.055181899380611,2010,5
DMF,2020,2018,2,306.28303362715775,0.590809470854119,2.9020302341101365,1.055181899380611,2010,5
DMF,2021,2018,3,316.37757704182417,0.6102814990063312,0.3833456358538275,1.055181899380611,2010,5
DMF,2022,2018,4,327.24030781243346,0.6312353342306058,1.0582687169226213,1.055181899380611,2010,5
DMF,2023,2018,5,333.3006922261156,0.642925607982363,0.49158609242439266,1.055181899380611,2010,5
LPF,2019,2018,1,441.6420472854633,3.950390719458262,4.604601765476088,3.606002657964865,2010,5
LPF,2020,2018,2,453.09128795608046,4.052801652402823,3.391696528557638,3.606002657964865,2010,5
LPF,2021,2018,3,466.03043725941217,4.168539489503572,4.970937032567688,3.606002657964865,2010,5
LPF,2022,2018,4,476.6299241966962,4.263349562696176,3.0040670153152296,3.606002657964865,2010,5
LPF,2023,2018,5,481.03660061953775,4.302766311512206,2.971088139469183,3.606002657964865,2010,5
MPF,2019,2018,1,706.8533672069581,0.11213466103388227,0.11601638667606916,0.1108619298161498,2010,5
MPF,2020,2018,2,727.8482254724355,0.11546526880102956,0.05797671431916668,0.1108619298161498,2010,5
MPF,2021,2018,3,744.578169534651,0.11811929394056472,0.05882532751091702,0.1108619298161498,2010,5
MPF,2022,2018,4,757.3574854602507,0.1201465945463811,0.11967652359302516,0.1108619298161498,2010,5
MPF,2023,2018,5,764.595085756463,0.1212947617527161,0.06544736842105262,0.1108619298161498,2010,5
NTU,2019,2018,1,279.75141446277837,0.41269330271539173,0.347744517636968,0.515669359008297,2010,5
NTU,2020,2018,2,306.18896223664325,0.4516943527277552,0.3415946700420802,0.515669359008297,2010,5
NTU,2021,2018,3,335.17434984087106,0.49445401263455485,0.4298561958845015,0.515669359008297,2010,5
NTU,2022,2018,4,363.7640435873975,0.5366299392819085,0.262905487759869,0.515669359008297,2010,5
NTU,2023,2018,5,388.381898577087,0.5729465523756211,0.31066452314777493,0.515669359008297,2010,5
SAR,2019,2018,1,649.6264633636043,1.158574057403645,1.2096015716470407,0.9698245108921388,2010,5
SAR,2020,2018,2,673.6636084442458,1.201443020223116,1.285029171299113,0.9698245108921388,2010,5
SAR,2021,2018,3,691.9676200021765,1.2340872459950047,1.7757065090593287,0.9698245108921388,2010,5
SAR,2022,2018,4,702.597883294006,1.2530457521025222,0.9396314451618436,0.9698245108921388,2010,5
SAR,2023,2018,5,704.4181313166847,1.2562920671097595,0.7877984966191535,0.9698245108921388,2010,5
SCP,2019,2018,1,159.52340275582674,1.7660203974261957,1.9560199988394813,1.2441045134099813,2010,5
SCP,2020,2018,2,159.11124636664152,1.761457577315439,0.951875864518764,1.2441045134099813,2010,5
SCP,2021,2018,3,162.29136593075475,1.7966634212195738,1.439682798305725,1.2441045134099813,2010,5
SCP,2022,2018,4,159.71743974818727,1.7681685041017312,1.3023615838579825,1.2441045134099813,2010,5
SCP,2023,2018,5,159.26843049743636,1.763197700559677,1.2720672101834425,1.2441045134099813,2010,5
