species,B_peel,B_base,floor,peel,cutoff,rel_diff
ANC,757.7004038870406,762.7610086424746,1971,1,2022,-0.006634587633734272
CMA,65.1810058102163,68.01384289194273,1971,1,2022,-0.04165088989644514
DMF,183.01029154864918,177.07352231552935,1971,1,2022,0.03352714259866044
LPF,245.9272209526726,251.57008938463886,1971,1,2022,-0.022430601530448967
MPF,112.90256857864897,113.28424141809174,1971,1,2022,-0.0033691609235758833
NTU,27.852292221719154,28.240001069604848,1971,1,2022,-0.013729066331480813
SAR,141.46951691347542,129.3376386646238,1971,1,2022,0.0938000598596819
SCP,89.51320963833851,87.57540483008688,1971,1,2022,0.02212727205784936
ANC,748.0712881958029,682.9513131751277,1971,2,2021,0.09535083067330848
CMA,68.00521097252322,72.19023840585376,1971,2,2021,-0.05797220684883056
DMF,162.23459876844618,176.4339090960062,1971,2,2021,-0.08047948605975452
LPF,259.262854135707,265.06863386078425,1971,2,2021,-0.02190292997143699
MPF,106.87830093056834,109.19995011519929,1971,2,2021,-0.021260533381029425
NTU,28.830695380900384,27.974489498548728,1971,2,2021,0.030606666920448163
SAR,153.5642564650077,124.84110965657531,1971,2,2021,0.2300776313783715
SCP,22.982450737641138,86.26347763630575,1971,2,2021,-0.7335784347283433
ANC,667.1131222375101,604.8733378185668,1971,3,2020,0.10289721918212938
CMA,61.92337838854271,76.71362878337202,1971,3,2020,-0.19279821107921769
DMF,169.3515321662729,176.9714111657277,1971,3,2020,-0.043057118374442004
LPF,212.51327553051212,284.13209189275,1971,3,2020,-0.2520616938591769
MPF,110.32740616858374,105.4782140319112,1971,3,2020,0.04597340011090324
NTU,133.7949827458351,26.8483152511991,1971,3,2020,3.9833660508682964
SAR,138.79022271822996,117.50421425977646,1971,3,2020,0.18115102162544336
SCP,90.64792242432166,85.56367402468312,1971,3,2020,0.05942064149994135
ANC,609.7594564528372,547.9703382462095,1971,4,2019,0.11275996873185698
CMA,61.64227298255088,85.86547951928718,1971,4,2019,-0.2821064608542163
DMF,116.63321786336874,186.94570158968523,1971,4,2019,-0.3761117967860032
LPF,209.43850569147187,300.1469164939388,1971,4,2019,-0.30221336891294936
MPF,127.48696115628843,110.85381450270546,1971,4,2019,0.15004577630638977
NTU,125.05412876926466,26.282073042428586,1971,4,2019,3.7581531550948415
SAR,135.31841283699018,116.06358309344168,1971,4,2019,0.16589897735663234
SCP,29.187503805911934,86.25501142179644,1971,4,2019,-0.6616138201735103
ANC,514.7873077530023,488.106528614037,1971,5,2018,0.054661795273922134
CMA,55.64429075727674,93.75312066093021,1971,5,2018,-0.4064806550971117
DMF,110.48237475653382,194.34495820310582,1971,5,2018,-0.43151406767614203
LPF,165.16992937052225,311.54487049436443,1971,5,2018,-0.46983582458466433
MPF,125.29838703050658,114.26793445023084,1971,5,2018,0.09653147782311604
NTU,116.37135435421496,26.571264189817867,1971,5,2018,3.3795941932942943
SAR,126.72627609517177,110.57373702796772,1971,5,2018,0.14607934489107968
SCP,87.06378774300718,86.80886617691078,1971,5,2018,0.0029365844449216285
ANC,760.1363309630535,765.3648388015022,1972,1,2022,-0.006831392786002632
CMA,69.01151579453608,71.83772043841742,1972,1,2022,-0.039341513436580884
DMF,184.67558570660046,179.23386966650907,1972,1,2022,0.030360980601582193
LPF,260.1315473891572,265.121461372558,1972,1,2022,-0.018821237471940276
MPF,118.59321715167953,118.0378496903893,1972,1,2022,0.004704994734713891
NTU,27.86645495621121,28.18599814999714,1972,1,2022,-0.011336947944345246
SAR,141.37522644865692,129.3279430803882,1972,1,2022,0.09315298056492186
SCP,88.92699739347438,86.81832238057034,1972,1,2022,0.024288363966083255
ANC,733.9444257152328,685.4852039024124,1972,2,2021,0.0706933155332105
CMA,71.49542080184312,75.98613098923666,1972,2,2021,-0.05909907675164611
DMF,162.32812601045873,178.69165567824916,1972,2,2021,-0.09157411187265777
LPF,269.226319444006,278.62580578849645,1972,2,2021,-0.03373516073965373
MPF,111.1441097988891,114.13361616999784,1972,2,2021,-0.026193039977424105
NTU,28.67399037606987,27.874897077443208,1972,2,2021,0.028667130013308662
SAR,151.54382287283568,124.95719779435649,1972,2,2021,0.21276585541101126
SCP,90.55051513713745,85.4871222929765,1972,2,2021,0.05922988993369075
ANC,669.9742915983263,607.2809516963744,1972,3,2020,0.10323613761772837
CMA,65.85289265536917,80.48618215159918,1972,3,2020,-0.18181120168760864
DMF,170.9982824228256,179.33233133625816,1972,3,2020,-0.0464726513692935
LPF,226.21222640776105,297.77975533863287,1972,3,2020,-0.24033712046504224
MPF,118.16292293646285,110.57791012698523,1972,3,2020,0.06859428615323944
NTU,128.2713365252115,26.71151953982249,1972,3,2020,3.802098073603787
SAR,138.12213488512504,117.60901846448868,1972,3,2020,0.17441788638708994
SCP,89.98964897747452,84.77016187778041,1972,3,2020,0.06157222050866716
ANC,613.5847536345213,550.2246375783292,1972,4,2019,0.11515317877268322
CMA,66.22536776865395,89.67776295327032,1972,4,2019,-0.2615185126421702
DMF,119.4438297077126,189.42187393617004,1972,4,2019,-0.3694295847376007
LPF,221.55877536500063,313.95004494048044,1972,4,2019,-0.2942865308173331
MPF,133.10800471058462,116.35190573059204,1972,4,2019,0.14401224350197264
NTU,121.42866721329287,26.128824492491702,1972,4,2019,3.6473069329309564
SAR,133.21276270627507,116.20582853375659,1972,4,2019,0.14635181717738147
SCP,100.40649890667198,85.44665781941106,1972,4,2019,0.17507813025148508
ANC,519.1462954779355,490.170637008872,1972,5,2018,0.05911341129260469
CMA,59.04897345814973,97.5773172726189,1972,5,2018,-0.3948493860189429
DMF,112.37417706462125,196.93158054661242,1972,5,2018,-0.4293745231074149
LPF,178.11793391747528,325.50461142665074,1972,5,2018,-0.452794437729149
MPF,134.61319149276338,120.0884946097161,1972,5,2018,0.12094994554017936
NTU,112.32392717119514,26.377336616476743,1972,5,2018,3.2583498404092626
SAR,126.988650573075,110.68440174771646,1972,5,2018,0.1473039431745848
SCP,86.1979188225706,85.98586521992114,1972,5,2018,0.0024661448961071047
ANC,785.7941560264214,763.8781247668122,1973,1,2022,0.02869048156903234
CMA,73.12762301644555,76.06873360489416,1973,1,2022,-0.03866385634503822
DMF,190.2947331426246,181.61609824779813,1973,1,2022,0.04778560369128341
LPF,287.71268037323443,283.81444551102004,1973,1,2022,0.013735153103977693
MPF,119.0732305496237,115.53081451844818,1973,1,2022,0.030662088257067212
NTU,27.72699556756244,27.561769961006192,1973,1,2022,0.005994738610401508
SAR,147.11063034517704,129.44597574194722,1973,1,2022,0.13646352852594362
SCP,21.296072715915255,86.38297043552556,1973,1,2022,-0.7534690853006705
ANC,733.8403351965653,684.4361248584414,1973,2,2021,0.07218235353714261
CMA,75.5453834316962,80.40969702992743,1973,2,2021,-0.06049411672849359
DMF,170.28528521615473,181.16042896809356,1973,2,2021,-0.06003045926687544
LPF,293.1025200802191,297.43459725560194,1973,2,2021,-0.014564805894655364
MPF,114.04568974157903,111.54831091408064,1973,2,2021,0.022388315941618962
NTU,28.461707032172352,27.139732427335094,1973,2,2021,0.04870993508785547
SAR,158.38555211926038,124.15703617431754,1973,2,2021,0.2756872828124353
SCP,91.60890900250422,85.0147858437079,1973,2,2021,0.07756442709764663
ANC,670.6654388469109,606.4904372013168,1973,3,2020,0.10581370737143544
CMA,70.09852975744623,85.11961916422716,1973,3,2020,-0.17647035494601668
DMF,172.5957601606858,181.91412317834602,1973,3,2020,-0.05122396686333481
LPF,246.99933495111978,316.75018994400847,1973,3,2020,-0.2202077763717157
MPF,109.4821534926086,107.9560850243143,1973,3,2020,0.014136011582400295
NTU,127.17952376409104,25.94845683182431,1973,3,2020,3.9012365008200636
SAR,142.52280551297514,116.24768813969278,1973,3,2020,0.22602701003144263
SCP,88.7333510264094,84.26473299054393,1973,3,2020,0.05303070308627125
ANC,616.3049147641171,549.5794924436743,1973,4,2019,0.1214117761631752
CMA,70.32300664181084,94.59143524859286,1973,4,2019,-0.25656052837133625
DMF,122.85862212620906,192.11448263232168,1973,4,2019,-0.3604926581129126
LPF,242.52339648785212,333.0934242520013,1973,4,2019,-0.2719057812910427
MPF,123.03430346716355,113.44160113834953,1973,4,2019,0.0845607099384563
NTU,121.67965584304974,25.379192399114007,1973,4,2019,3.794465242609438
SAR,138.05447114909728,114.22677670988115,1973,4,2019,0.20859990210294468
SCP,74.19437007848083,84.9181302390593,1973,4,2019,-0.12628351719932146
ANC,523.1293760722134,489.5554229128495,1973,5,2018,0.06858049484897795
CMA,62.517073988745246,102.76192600481706,1973,5,2018,-0.391631935880467
DMF,115.81182661503307,199.73130455833683,1973,5,2018,-0.4201618676094555
LPF,193.58850149288423,344.8177190219326,1973,5,2018,-0.43857728065137286
MPF,126.27338364178502,116.91883668107947,1973,5,2018,0.08000889528367466
NTU,113.09470276039649,25.611389320535864,1973,5,2018,3.415797258984083
SAR,131.5175836096406,108.35583412991474,1973,5,2018,0.21375636730326644
SCP,87.2128115643042,85.43324755166145,1973,5,2018,0.020829876700714785
ANC,760.1613227097241,765.0094080061479,1974,1,2022,-0.006337288464280915
CMA,74.78511155738492,78.19544851173211,1974,1,2022,-0.04361298540074893
DMF,189.87609858218505,185.96046865179594,1974,1,2022,0.021056248990859384
LPF,290.51047299012396,290.6087899313601,1974,1,2022,-3.383137215476404e-4
MPF,115.59960133239709,113.22433604361473,1974,1,2022,0.020978398918297843
NTU,26.754360550506423,26.7502588243204,1974,1,2022,1.5333407474520382e-4
SAR,145.75552189974434,128.09795574077805,1974,1,2022,0.1378442462789847
SCP,89.11305811590324,86.52123798281114,1974,1,2022,0.02995588359018865
ANC,732.680478935253,685.4080070179657,1974,2,2021,0.06896982736305875
CMA,77.86512756425232,82.71376705977438,1974,2,2021,-0.0586194979128217
DMF,171.2304991651829,185.30291078280618,1974,2,2021,-0.0759427445482364
LPF,304.8610667513673,304.10806822809354,1974,2,2021,0.002476088607780547
MPF,114.74415520060943,109.22678355331308,1974,2,2021,0.05051299203187962
NTU,28.461646093375343,26.178273749199917,1974,2,2021,0.08722394631713301
SAR,160.37942346394817,122.25255139342428,1974,2,2021,0.31186974534238354
SCP,92.46884668170507,85.14256765464295,1974,2,2021,0.08604719388754088
ANC,672.0496028736077,607.2722500607161,1974,3,2020,0.10666937737796348
CMA,72.30840816650797,87.62157284444389,1974,3,2020,-0.17476477744951743
DMF,174.8452444652214,185.9261768890381,1974,3,2020,-0.059598560080272325
LPF,255.43417873336637,323.29475567173097,1974,3,2020,-0.20990311704056622
MPF,109.22264266660424,105.6404416267445,1974,3,2020,0.03390937206147433
NTU,131.30012749603296,24.96598469431392,1974,3,2020,4.259160778302366
SAR,144.47014530101347,114.12260549497776,1974,3,2020,0.26592049554434005
SCP,88.614465980333,84.3824757969021,1974,3,2020,0.050152477080866384
ANC,614.2731713176835,550.1644802805271,1974,4,2019,0.11652640861959608
CMA,72.17983783924906,97.3125594617627,1974,4,2019,-0.25826801557294476
DMF,124.6072324069168,196.09716021159966,1974,4,2019,-0.36456380973361
LPF,251.31365725829636,339.4855757647235,1974,4,2019,-0.2597221349031148
MPF,123.4294164252248,110.91646842051281,1974,4,2019,0.11281415810384611
NTU,125.24542872119542,24.4281754710767,1974,4,2019,4.127088957973458
SAR,140.48241519822335,111.91725994692219,1974,4,2019,0.25523458369914037
SCP,101.36534382876836,85.02445408632065,1974,4,2019,0.19219046941316095
ANC,526.7098052263206,489.9407998926938,1974,5,2018,0.07504785341755545
CMA,64.14992349164464,105.70774622798572,1974,5,2018,-0.3931388589698151
DMF,118.58417600780915,203.75082268271385,1974,5,2018,-0.417994124163751
LPF,201.05496926839604,351.0510841957189,1974,5,2018,-0.42727717326660253
MPF,124.43423303568503,114.18042802441849,1974,5,2018,0.08980352577653387
NTU,116.10416185265379,24.63810083661581,1974,5,2018,3.7123827693775033
SAR,133.47622260931678,106.05656565417834,1974,5,2018,0.2585380432225808
SCP,87.34538306704384,85.52837761092977,1974,5,2018,0.02124447472135701
ANC,760.1992046692403,763.9351543306167,1975,1,2022,-0.004890401548086788
CMA,77.15114554878517,80.65841457326196,1975,1,2022,-0.043482989878150274
DMF,191.94384397938177,187.34554085029052,1975,1,2022,0.0245445026778929
LPF,296.82963548474316,294.00840932224486,1975,1,2022,0.009595732887375103
MPF,118.26725705843167,113.91737503403895,1975,1,2022,0.03818453526595878
NTU,26.278138538915492,26.05625373126478,1975,1,2022,0.008515606653940242
SAR,146.12336350505953,126.94531062367841,1975,1,2022,0.15107334636592668
SCP,90.7453774467044,87.81633155118443,1975,1,2022,0.03335422744017433
ANC,734.5906390765043,684.6415623573034,1975,2,2021,0.07295653589481217
CMA,80.53133251225277,85.44547921169863,1975,2,2021,-0.057512073719788316
DMF,173.11760457197465,186.24744418485366,1975,2,2021,-0.07049675054787559
LPF,311.5120223985024,306.7878117323529,1975,2,2021,0.015398951605909818
MPF,121.33407290808795,109.99743032822039,1975,2,2021,0.10306279470384215
NTU,28.57165716800581,25.444407164147144,1975,2,2021,0.12290520206205349
SAR,162.00073633403497,120.74323682133414,1975,2,2021,0.3416961529178671
SCP,94.11793569111117,86.43662045061946,1975,2,2021,0.08886644573152865
ANC,676.341326440804,606.6087225524294,1975,3,2020,0.11495483216093642
CMA,74.07394863970484,90.63986269690082,1975,3,2020,-0.1827663189715137
DMF,183.079554200459,186.49336046350206,1975,3,2020,-0.018305242902795782
LPF,257.8522787670989,325.29531295559264,1975,3,2020,-0.20732863801729806
MPF,122.9534545531272,106.54037963238262,1975,3,2020,0.15405496936821383
NTU,25.18176096751234,24.295350183745892,1975,3,2020,0.036484791413275236
SAR,146.48039828719894,112.52558168849897,1975,3,2020,0.3017519757657953
SCP,90.30039809034493,85.67863610160937,1975,3,2020,0.0539429920809482
ANC,617.3343254813237,549.489240101997,1975,4,2019,0.12346936105015131
CMA,75.26235698842324,100.66903638579225,1975,4,2019,-0.25237829137455364
DMF,128.7828318949057,196.28841675351168,1975,4,2019,-0.3439101806163927
LPF,257.4355383868531,340.82374085778014,1975,4,2019,-0.24466664869371135
MPF,132.569022415838,111.84293368046609,1975,4,2019,0.18531424430072702
NTU,128.7059141136406,23.836106176412994,1975,4,2019,4.399619936288145
SAR,142.14629577440076,110.2763685313623,1975,4,2019,0.28900051450256764
SCP,101.57887329576192,86.32665738836762,1975,4,2019,0.17668025577287685
ANC,533.7867630817365,489.1423292428128,1975,5,2018,0.09127084525281784
CMA,66.6527862057148,109.40885717608322,1975,5,2018,-0.39079167879028803
DMF,122.88130838122892,203.513818511415,1975,5,2018,-0.3962016472393172
LPF,205.754049238472,351.7548849973314,1975,5,2018,-0.4150641312627884
MPF,133.10407639268544,115.11036676937412,1975,5,2018,0.15631702103218964
NTU,118.96660000708827,24.078233774787787,1975,5,2018,3.9408358237495675
SAR,134.89256094721046,104.50128341796234,1975,5,2018,0.2908220505550678
SCP,87.82845057284415,86.83820330889183,1975,5,2018,0.01140335965300788
ANC,780.3507619589967,770.663897277686,1976,1,2022,0.012569506260159355
CMA,79.639360303144,87.73779416983572,1976,1,2022,-0.09230268373302648
DMF,195.86503180309435,186.78757411164221,1976,1,2022,0.04859775996676619
LPF,301.78482178859673,256.7274254996222,1976,1,2022,0.17550675079332667
MPF,119.40016745756324,125.07014779393255,1976,1,2022,-0.045334401824736394
NTU,26.593789472948906,24.953264635629473,1976,1,2022,0.0657438960903341
SAR,147.56502718103278,585.4856386900676,1976,1,2022,-0.7479613206035483
SCP,21.456981085443847,87.5673437532086,1976,1,2022,-0.7549659477405625
ANC,739.8470329508749,689.9202637001173,1976,2,2021,0.07236599919966828
CMA,87.8456367609316,91.58705426835006,1976,2,2021,-0.04085094271572605
DMF,176.6408365114225,185.7027171649636,1976,2,2021,-0.048797781701229705
LPF,294.9070542016953,268.0431715888979,1976,2,2021,0.10022222335885117
MPF,119.4579105666501,122.04149889006774,1976,2,2021,-0.021169752476941323
NTU,27.05330426181176,24.446197448274507,1976,2,2021,0.10664672160378348
SAR,599.8226865903658,561.721704800526,1976,2,2021,0.0678289292797933
SCP,94.13428111597997,86.08977097709538,1976,2,2021,0.09344327493942192
ANC,674.4439469426949,610.788431287629,1976,3,2020,0.10421860073687214
CMA,78.00655035726051,95.75383097896473,1976,3,2020,-0.1853427736546954
DMF,180.11744602362347,186.0935998766897,1976,3,2020,-0.03211369900429769
LPF,258.61255306470144,284.954614434766,1976,3,2020,-0.09244300683572526
MPF,115.18353279305471,119.23073585718247,1976,3,2020,-0.03394429326491449
NTU,141.5096573446823,23.503159535909447,1976,3,2020,5.02087804954376
SAR,147.24701455356788,541.4266090512662,1976,3,2020,-0.7280388291007961
SCP,94.31510586492307,85.22915933616584,1976,3,2020,0.10660607941608237
ANC,615.9706833931695,552.8276309813547,1976,4,2019,0.11421833655406492
CMA,77.58152746497554,104.8079646378482,1976,4,2019,-0.25977450537228225
DMF,129.5683824660066,196.00086048289617,1976,4,2019,-0.33893972635230724
LPF,256.5589941519853,298.70681550280864,1976,4,2019,-0.14110096979165523
MPF,131.26238059630884,126.49937958016486,1976,4,2019,0.03765236661200849
NTU,134.6691870286242,23.264061911552638,1976,4,2019,4.788722001369383
SAR,143.07442616319022,534.8423899396835,1976,4,2019,-0.7324923587688602
SCP,108.80566251809155,85.77982119303492,1976,4,2019,0.268429579414025
ANC,532.6762219053683,491.9036821278721,1976,5,2018,0.08288724248032195
CMA,68.9224652718818,112.47346932885411,1976,5,2018,-0.38721135141333873
DMF,124.35003489049653,203.47877277153813,1976,5,2018,-0.3888795710886548
LPF,203.86878588428075,307.8675907240808,1976,5,2018,-0.3378036791570132
MPF,132.64765162931744,132.17460414668966,1976,5,2018,0.003578958951167206
NTU,124.6863408623062,23.726437614184313,1976,5,2018,4.255164845638913
SAR,135.83502200253415,523.1734029649945,1976,5,2018,-0.7403632882850834
SCP,93.84717239227756,86.16274398660157,1976,5,2018,0.08918504738975035
ANC,764.0252772618916,767.6454649100277,1977,1,2022,-0.00471596305015683
CMA,91.16020372542286,93.65563340788565,1977,1,2022,-0.02664473659149556
DMF,195.78759064772592,190.3138652481268,1977,1,2022,0.028761569171340207
LPF,274.16593080579617,263.88623684169943,1977,1,2022,0.03895502125131042
MPF,127.8502141786847,125.8049710629601,1977,1,2022,0.016257251986497655
NTU,25.509009264376623,25.49578194460628,1977,1,2022,5.188042398182797e-4
SAR,643.9775970145834,616.3196054823756,1977,1,2022,0.04487605340829729
SCP,89.35340178116061,86.43289921555426,1977,1,2022,0.033789246827448646
ANC,739.0923315856147,687.9572542163104,1977,2,2021,0.07432885845146743
CMA,93.746311493101,97.00318217362998,1977,2,2021,-0.03357488494242766
DMF,185.02794583416673,189.18907455072107,1977,2,2021,-0.021994550829301494
LPF,304.38992183677937,275.23591278710643,1977,2,2021,0.10592371015269149
MPF,118.79977065226214,122.79176962600987,1977,2,2021,-0.03251031389079466
NTU,28.125297134146724,25.0054527054487,1977,2,2021,0.12476656453487074
SAR,642.7786440319651,590.0176469127035,1977,2,2021,0.08942274421000132
SCP,93.16490212215537,84.86712330746631,1977,2,2021,0.0977737725906758
ANC,675.2877728725005,609.5552058056205,1977,3,2020,0.1078369382146516
CMA,83.35306854696275,100.66067148821348,1977,3,2020,-0.1719400703906223
DMF,185.25885779529347,189.53241075879757,1977,3,2020,-0.0225478742469155
LPF,269.82940760325465,292.2336002850121,1977,3,2020,-0.07666535490753586
MPF,123.53047842595105,120.07299125796712,1977,3,2020,0.028794878279960526
NTU,150.10779941953325,24.088662327009988,1977,3,2020,5.23147094603179
SAR,148.36221535914478,567.392613021079,1977,3,2020,-0.7385193039980007
SCP,92.79378482249102,83.932602128804,1977,3,2020,0.10557497883943277
ANC,616.508247223532,552.1005383972446,1977,4,2019,0.1166593842006817
CMA,82.80433275589702,109.27587936307107,1977,4,2019,-0.24224510259232834
DMF,134.8620380719142,199.52370166079933,1977,4,2019,-0.3240801120400889
LPF,268.4165913542025,306.11725855612383,1977,4,2019,-0.12315760104394516
MPF,143.1797303058798,127.32141600685881,1977,4,2019,0.12455339248007331
NTU,142.3900349398954,23.87279116449659,1977,4,2019,4.964532339714705
SAR,144.60368540525408,558.7943494502562,1977,4,2019,-0.7412219977751822
SCP,106.85566411961054,84.41721012224387,1977,4,2019,0.2658042591655626
ANC,520.7041954573124,491.4446545708229,1977,5,2018,0.05953781491843018
CMA,73.43540665310249,116.45212334832941,1977,5,2018,-0.3693940089572787
DMF,132.23580477522097,207.02189425693336,1977,5,2018,-0.3612472475442425
LPF,221.29774175256432,315.4116079798066,1977,5,2018,-0.2983842821449605
MPF,148.4051635859138,132.9756135757701,1977,5,2018,0.11603292961195391
NTU,132.35273858924432,24.34796252152055,1977,5,2018,4.435885588876732
SAR,137.66731392288202,545.2454301230692,1977,5,2018,-0.7475131265349465
SCP,25.621995185160564,84.74239033405075,1977,5,2018,-0.6976484250189333
ANC,732.207759878164,730.3686226648159,1978,1,2022,0.0025180945022498487
CMA,90.32147289133832,100.80761964367753,1978,1,2022,-0.1040213705015986
DMF,195.86392664737622,191.90148132220307,1978,1,2022,0.02064833110131231
LPF,302.8203662986309,249.59575432432973,1978,1,2022,0.21324325855775597
MPF,115.49283322348334,119.06286607742507,1978,1,2022,-0.029984435714995962
NTU,176.12580326100564,167.70187580158765,1978,1,2022,0.05023156371479445
SAR,145.32319946232045,614.7562774199164,1978,1,2022,-0.7636084334555632
SCP,95.46498328505805,86.17884962670499,1978,1,2022,0.10775420765741449
ANC,728.969753762133,661.4712895521557,1978,2,2021,0.10204292351929087
CMA,92.8173688032236,102.48389391902684,1978,2,2021,-0.09432238321702355
DMF,178.25660849182904,190.16940195089157,1978,2,2021,-0.06264306106478071
LPF,321.8661277311217,260.0706590744009,1978,2,2021,0.23761030512497136
MPF,123.83307480878793,115.3013611718228,1978,2,2021,0.07399490821492653
NTU,173.37347550815,161.9615802032217,1978,2,2021,0.07046050853918065
SAR,164.81083852745803,586.8855320545406,1978,2,2021,-0.7191771997675659
SCP,23.22058772261353,84.50410384211692,1978,2,2021,-0.7252134906252876
ANC,680.8837040407145,590.8872887400482,1978,3,2020,0.15230724541826932
CMA,85.54679791948637,104.43090280858723,1978,3,2020,-0.1808287047342087
DMF,190.0722036697901,189.96612160797946,1978,3,2020,5.584262125935992e-4
LPF,263.83382565784797,276.22818605759954,1978,3,2020,-0.044870006123006886
MPF,124.50796863015775,111.91063078670237,1978,3,2020,0.11256605163333812
NTU,156.89867556522626,157.2317076332043,1978,3,2020,-0.002118097379918825
SAR,147.36992126015124,562.7196501557975,1978,3,2020,-0.7381112935733635
SCP,22.665638263649434,83.45547448280553,1978,3,2020,-0.7284104080156026
ANC,616.9130555726899,539.1459859228506,1978,4,2019,0.1442412105076257
CMA,84.98664972078265,111.39245189671757,1978,4,2019,-0.23705198805048502
DMF,135.6473025329045,199.50560383882302,1978,4,2019,-0.3200827449313579
LPF,260.6602529430811,289.26494631787057,1978,4,2019,-0.09888752072764471
MPF,136.2015317347059,118.35828386122559,1978,4,2019,0.15075622331936997
NTU,149.80617585187278,156.6631246633469,1978,4,2019,-0.043768747918241833
SAR,142.15641146086642,552.7164516686,1978,4,2019,-0.7428040887299278
SCP,107.90673980690157,83.83380929070894,1978,4,2019,0.2871506224024173
ANC,536.7670226332367,481.8413027875406,1978,5,2018,0.1139913069467908
CMA,76.00399453050524,116.84017827634793,1978,5,2018,-0.3495046340074714
DMF,131.15214178973255,206.57644029817928,1978,5,2018,-0.36511568501992187
LPF,207.12653091263962,297.75550450236204,1978,5,2018,-0.30437379735830705
MPF,137.1988170230418,123.28375977756323,1978,5,2018,0.11287015638219544
NTU,139.47022745034326,156.22074785234355,1978,5,2018,-0.10722340426786664
SAR,134.72224858612546,537.7969284089913,1978,5,2018,-0.7494923427980793
SCP,93.20557626728338,84.05370527397125,1978,5,2018,0.10888123210608983
ANC,729.3852962820092,730.2259739680171,1979,1,2022,-0.0011512568930405014
CMA,107.77299999049447,109.11171601232928,1979,1,2022,-0.012269223423115646
DMF,208.85724300709276,199.46137091130313,1979,1,2022,0.047106224392530635
LPF,265.13434535460914,252.30911821591704,1979,1,2022,0.05083140565580643
MPF,123.26756873470727,118.70281240902311,1979,1,2022,0.038455334233826216
NTU,185.31978588467192,184.49752736457603,1979,1,2022,0.00445674547426895
SAR,695.9865879222442,666.1833078296625,1979,1,2022,0.044737356433737316
SCP,89.9861177778533,86.4470653391818,1979,1,2022,0.04093895408462672
ANC,721.7747768966111,661.3918496114129,1979,2,2021,0.09129675142001666
CMA,110.56921093569802,110.88968996859235,1979,2,2021,-0.0028900706006581536
DMF,186.8247763726267,197.44413537282082,1979,2,2021,-0.053784119645500145
LPF,296.82014816381263,262.5583926636494,1979,2,2021,0.13049194562999283
MPF,111.30054155658802,114.57437933756052,1979,2,2021,-0.028573908057813485
NTU,183.8163730275496,177.95842641315363,1979,2,2021,0.03291750063464807
SAR,677.9585228348658,634.1973007833358,1979,2,2021,0.06900253595762369
SCP,92.74846573140259,84.54919724415026,1979,2,2021,0.09697630201710296
ANC,681.9623466278051,590.8516076719723,1979,3,2020,0.15420240509257532
CMA,90.0273379909469,112.93111102764765,1979,3,2020,-0.20281189858384968
DMF,197.66009703792022,196.9784174649289,1979,3,2020,0.003460681539451895
LPF,272.1909540899239,278.556071631091,1979,3,2020,-0.022850399576272225
MPF,124.14023941309225,110.87442314257595,1979,3,2020,0.11964721794725805
NTU,173.60618197258697,172.58036664011323,1979,3,2020,0.005943986285606303
SAR,147.44276669349753,606.3460616731476,1979,3,2020,-0.7568339665856081
SCP,22.368847529175927,83.33088690525774,1979,3,2020,-0.7315659491947089
ANC,622.863846253082,539.1415984609775,1979,4,2019,0.15528805054385755
CMA,98.29767594184932,120.18906931729587,1979,4,2019,-0.1821413003677886
DMF,146.68585267739988,206.42160885504964,1979,4,2019,-0.28938712622667584
LPF,246.8449000255084,291.49907771474,1979,4,2019,-0.15318805822408135
MPF,150.17706512076614,116.95780573048823,1979,4,2019,0.284027724210445
NTU,159.63017800527737,171.42893879008903,1979,4,2019,-0.0688259570880211
SAR,574.5772769065637,592.9821851979494,1979,4,2019,-0.0310378772766028
SCP,106.01641806697666,83.58581788279207,1979,4,2019,0.268354138923876
ANC,523.9370198475478,481.8511747614055,1979,5,2018,0.08734199954370074
CMA,79.33129001543661,125.88913579649561,1979,5,2018,-0.36983211844683295
DMF,136.75031974050256,213.4025782659298,1979,5,2018,-0.3591908736449645
LPF,220.9774291078289,299.9065829486526,1979,5,2018,-0.26317913086401734
MPF,141.2388619864684,121.47573195937431,1979,5,2018,0.16269200200171313
NTU,155.0867261761135,170.41927494701687,1979,5,2018,-0.08996956932054923
SAR,134.71085683475624,574.9891576229585,1979,5,2018,-0.765715831248611
SCP,24.631077985166982,83.68672066510804,1979,5,2018,-0.7056751920805453
ANC,729.2589795688941,730.3231860246602,1980,1,2022,-0.0014571719426831635
CMA,115.64467157119873,116.67849858165414,1980,1,2022,-0.008860475777650813
DMF,219.08257809044804,208.88663594262022,1980,1,2022,0.0488108877900096
LPF,272.77223837717094,259.7643323465507,1980,1,2022,0.050075797216326184
MPF,125.24760572519325,120.32716006577131,1980,1,2022,0.04089222796193651
NTU,201.88589994956166,199.9689541701891,1980,1,2022,0.009586216957163683
SAR,736.1290776714723,697.1151392234525,1980,1,2022,0.05596484174978486
SCP,91.00390642282062,87.5428376234552,1980,1,2022,0.03953571637981841
ANC,722.0854132359983,661.6795235948267,1980,2,2021,0.09129176207991678
CMA,118.71922521958135,118.28494738548434,1980,2,2021,0.0036714547683038188
DMF,195.5132140897337,206.5098429116041,1980,2,2021,-0.053249901635814334
LPF,304.6190067816452,269.8450112167635,1980,2,2021,0.12886654975788361
MPF,112.46586705171745,116.15360009081995,1980,2,2021,-0.031748762295951874
NTU,201.7665944432391,192.6767611021888,1980,2,2021,0.047176594048253494
SAR,723.0238977873646,662.9216638530123,1980,2,2021,0.09066264871331552
SCP,93.56526950040957,85.54431824838659,1980,2,2021,0.09376369367668977
ANC,679.1678955691502,591.2805942452438,1980,3,2020,0.1486389071099019
CMA,95.68279087246377,120.13994114363392,1980,3,2020,-0.2035721845570931
DMF,207.35915284098257,205.7416219317669,1980,3,2020,0.007861952744555105
LPF,278.54657162717245,285.7569989465984,1980,3,2020,-0.02523272341887036
MPF,134.23730336169493,112.40790683517118,1980,3,2020,0.1941980519086899
NTU,188.47778933624542,186.67278225091974,1980,3,2020,0.009669364025974873
SAR,147.33960012317615,632.9898930790145,1980,3,2020,-0.767232302230797
SCP,23.79355554999923,84.26224546160128,1980,3,2020,-0.7176249526741836
ANC,618.4001421894096,539.6738588712597,1980,4,2019,0.14587751847533956
CMA,92.79290346861626,127.40265824695945,1980,4,2019,-0.27165645720872683
DMF,147.493122917186,215.03880427635548,1980,4,2019,-0.3141092677969119
LPF,291.71552572869444,298.6908823695262,1980,4,2019,-0.023353095298711466
MPF,154.17328451101952,118.55682787656193,1980,4,2019,0.3004167475831966
NTU,181.25235280325907,184.9543806718373,1980,4,2019,-0.020015897191138707
SAR,142.72512050285417,617.7213829802081,1980,4,2019,-0.7689490368387861
SCP,27.04396115484557,84.48064266444281,1980,4,2019,-0.6798797890036868
ANC,547.4012532714751,482.43567337499167,1980,5,2018,0.1346616419179815
CMA,93.03534449168531,133.058828638319,1980,5,2018,-0.30079540423000173
DMF,148.74208770575785,221.8982893168115,1980,5,2018,-0.3296834862327674
LPF,208.87374340319568,307.1023934524297,1980,5,2018,-0.31985634805692154
MPF,146.7209036705989,123.11780410757062,1980,5,2018,0.19171150536770246
NTU,165.61133126245835,183.39433228965865,1980,5,2018,-0.09696592476540268
SAR,555.4713855905521,597.9320693484838,1980,5,2018,-0.07101255466059458
SCP,92.46563952156451,84.53842706497312,1980,5,2018,0.09377052225609578
ANC,729.3446751655214,732.8550949784717,1981,1,2022,-0.0047900599136224044
CMA,124.53617072314142,122.36941388236178,1981,1,2022,0.017706686434427348
DMF,228.2302639167226,218.44969583152567,1981,1,2022,0.0447726331133918
LPF,283.2771037085507,273.6373477693043,1981,1,2022,0.035228217265771085
MPF,123.8106921950882,120.15600341024349,1981,1,2022,0.030416197951979657
NTU,220.4383329603622,245.95521540187954,1981,1,2022,-0.10374605149081276
SAR,787.2354925384121,745.1363804772566,1981,1,2022,0.05649853256955627
SCP,89.38574056055866,87.98820036600571,1981,1,2022,0.015883268310291365
ANC,722.6196725729355,663.0138423666544,1981,2,2021,0.08990133598646402
CMA,128.17403207541787,124.14820822769555,1981,2,2021,0.03242756303287688
DMF,202.66172415515868,215.67772314345157,1981,2,2021,-0.06034929708357358
LPF,315.1612332687958,283.6964136568104,1981,2,2021,0.11091017756061095
MPF,110.82531033025252,115.93247432830829,1981,2,2021,-0.0440529198367045
NTU,222.2783817732601,246.1677134572975,1981,2,2021,-0.09704494285023887
SAR,775.0636431258547,708.0732091040763,1981,2,2021,0.09460947421883285
SCP,91.58544519661064,85.95452546096725,1981,2,2021,0.0655104510838169
ANC,684.5669057356539,591.7165006979233,1981,3,2020,0.15691704545709742
CMA,115.89643953374853,126.1512503716059,1981,3,2020,-0.08128980733563552
DMF,221.55083981244957,214.42508330188517,1981,3,2020,0.03323191671812097
LPF,259.1062023016921,299.6619085753839,1981,3,2020,-0.135338209872909
MPF,121.75703659514001,112.21220729192822,1981,3,2020,0.08506052535247094
NTU,204.92085209036685,241.35766446079134,1981,3,2020,-0.15096604639354086
SAR,701.3040503377215,675.3876459406616,1981,3,2020,0.03837263614877675
SCP,88.73271823811464,84.67484599652664,1981,3,2020,0.04792299523939441
ANC,625.8622046497995,539.4950047231343,1981,4,2019,0.16008897055680493
CMA,113.42782385220471,133.77477017530552,1981,4,2019,-0.15209853320201633
DMF,159.3805915548096,223.35080765971117,1981,4,2019,-0.28641139369580504
LPF,267.4677165311515,312.75746981055585,1981,4,2019,-0.14480790277155448
MPF,156.50327147787553,118.31839156520077,1981,4,2019,0.3227298766281193
NTU,194.2798706921886,241.56583967135265,1981,4,2019,-0.19574774746088278
SAR,645.2821315210126,657.7913468019282,1981,4,2019,-0.019016995802290913
SCP,103.12117198530325,84.90795998548803,1981,4,2019,0.21450535383170327
ANC,550.5503430881262,481.96551701015915,1981,5,2018,0.1423023508059838
CMA,100.06509510299291,139.7393005048911,1981,5,2018,-0.283915872331918
DMF,154.98103022958958,229.90854232661587,1981,5,2018,-0.3259013838232323
LPF,219.9792272528736,321.31452552295957,1981,5,2018,-0.3153772712427376
MPF,147.4708661619698,122.80781383942535,1981,5,2018,0.20082640958654382
NTU,185.02244194184817,241.42968792032357,1981,5,2018,-0.23363839991828542
SAR,588.0415951026622,635.7513803800705,1981,5,2018,-0.07504472148984719
SCP,89.61787116598248,84.98017285842005,1981,5,2018,0.05457388649101714
ANC,730.8226684846323,730.8486687481103,1982,1,2022,-3.5575440703053414e-5
CMA,128.52393528388194,133.320577816939,1982,1,2022,-0.035978260907654255
DMF,238.1018778109971,221.6274392369479,1982,1,2022,0.07433393008902626
LPF,281.18173364224117,261.8138864785412,1982,1,2022,0.07397562988045488
MPF,127.37462914387363,118.56755102914654,1982,1,2022,0.07427899149710965
NTU,274.3991638258912,225.32589907116974,1982,1,2022,0.2177879460683814
SAR,829.8052796791068,767.6502571449327,1982,1,2022,0.08096789124430559
SCP,90.66862246289236,85.72604015408955,1982,1,2022,0.0576555536674585
ANC,722.6563921401537,662.5241898164722,1982,2,2021,0.09076227441648407
CMA,134.7776381750383,134.17717054517425,1982,2,2021,0.004475184768200884
DMF,209.1927256576935,217.93481331145932,1982,2,2021,-0.04011331425636966
LPF,311.1933697957825,270.9975040776324,1982,2,2021,0.1483255938277394
MPF,111.76715646666753,114.16864102085864,1982,2,2021,-0.021034537441435974
NTU,234.97225936339217,215.82067302505348,1982,2,2021,0.08873842375663189
SAR,815.0396141384888,728.3611656518789,1982,2,2021,0.11900476380976904
SCP,90.8979431285494,83.58403291846162,1982,2,2021,0.08750367689511575
ANC,684.7487612706167,592.3522282099409,1982,3,2020,0.1559824183322371
CMA,122.72279719969852,135.28981791584025,1982,3,2020,-0.0928896269485653
DMF,231.02023197734187,216.02797948484027,1982,3,2020,0.06939958670285888
LPF,254.9898462231823,286.140788627882,1982,3,2020,-0.10886578790139077
MPF,123.2627170362762,110.26673527559947,1982,3,2020,0.11785949523394079
NTU,217.89423047041495,207.8996065163869,1982,3,2020,0.04807428028123879
SAR,733.9723185918092,693.4156492785548,1982,3,2020,0.058488252111775135
SCP,87.94786923632645,82.17644085255475,1982,3,2020,0.07023215320467704
ANC,625.6236525571954,540.9045509524786,1982,4,2019,0.15662486376854282
CMA,119.61813289964938,142.05982109025132,1982,4,2019,-0.15797350734620888
DMF,162.43599843945825,224.28011132805696,1982,4,2019,-0.2757449714216463
LPF,264.5230492521687,298.43333013162425,1982,4,2019,-0.1136276597004075
MPF,158.8739973832781,116.179679032889,1982,4,2019,0.36748524962186263
NTU,209.01949206744726,204.45540566084685,1982,4,2019,0.022323138837284512
SAR,673.4306583775784,673.7894282742699,1982,4,2019,-5.324659034950256e-4
SCP,102.88672542143189,82.28529260787184,1982,4,2019,0.25036591790145996
ANC,549.7653905461157,483.73326342365846,1982,5,2018,0.13650524393362962
CMA,106.74325555571338,147.16200032075,1982,5,2018,-0.27465476601936034
DMF,158.3320456133554,230.22355065299945,1982,5,2018,-0.3122682489942191
LPF,218.5059118360215,306.2170959818274,1982,5,2018,-0.28643464162109084
MPF,149.4580864290226,120.51216274001303,1982,5,2018,0.2401908905365516
NTU,201.22121161335397,201.2539308489171,1982,5,2018,-1.6257687700859747e-4
SAR,611.9641006827266,649.7524431455632,1982,5,2018,-0.058158061368568034
SCP,89.17422483608364,82.23734195375744,1982,5,2018,0.08435198314443157
ANC,729.5370891753632,730.5781286401406,1983,1,2022,-0.0014249529570712213
CMA,141.04497723740752,143.28583616413027,1983,1,2022,-0.015639081898896862
DMF,241.16176087141406,227.48072959474382,1983,1,2022,0.06014149550620377
LPF,274.4121197042759,256.08649024358715,1983,1,2022,0.07156031324908065
MPF,123.5051701200107,116.5194425967986,1983,1,2022,0.05995332081518248
NTU,234.59036620958057,227.4692020129544,1983,1,2022,0.031306058726229685
SAR,875.3876849536525,808.1239203950994,1983,1,2022,0.08323446795841317
SCP,87.63772359392452,84.14961377100353,1983,1,2022,0.04145128737504593
ANC,722.434577250439,662.4939948798836,1983,2,2021,0.09047717086314595
CMA,142.6639760379709,143.06395735499507,1983,2,2021,-0.0027958217039366086
DMF,212.97703411674092,223.63647785242327,1983,2,2021,-0.04766415496275373
LPF,311.3759399395986,264.45881952482296,1983,2,2021,0.17740803842003025
MPF,110.17207740267727,111.93508498872085,1983,2,2021,-0.01575026798989093
NTU,240.27733598185893,217.08854415877317,1983,2,2021,0.10681720637513716
SAR,871.1004459820443,765.8453390930645,1983,2,2021,0.13743650514818817
SCP,89.87762954632176,81.78979644519282,1983,2,2021,0.09888560007052441
ANC,684.0575042662186,592.4695487551685,1983,3,2020,0.15458677277757926
CMA,130.83903793790796,143.1226012937709,1983,3,2020,-0.0858254618405791
DMF,235.40208994824425,221.60808641139175,1983,3,2020,0.0622450369940265
LPF,255.7392481769062,278.86965840340434,1983,3,2020,-0.0829434451884271
MPF,121.68494370565155,107.82465802967315,1983,3,2020,0.1285446754875316
NTU,223.84699860674075,208.3959059477798,1983,3,2020,0.0741429760277187
SAR,781.8871879807512,727.889572265681,1983,3,2020,0.07418380173656475
SCP,86.96691243810396,80.17374007897062,1983,3,2020,0.0847306406367235
ANC,623.1150415499932,541.109658183626,1983,4,2019,0.15155039671928855
CMA,127.14917864959565,148.90404619583316,1983,4,2019,-0.14609990864604377
DMF,162.92666408215726,229.87872367182814,1983,4,2019,-0.2912494837288673
LPF,266.54904143921004,290.5132226423105,1983,4,2019,-0.08248912385170827
MPF,157.55027639349228,113.51812317585883,1983,4,2019,0.3878865504974935
NTU,216.88452671396655,204.2603399122145,1983,4,2019,0.061804395347513745
SAR,715.8630244796819,705.5183821813835,1983,4,2019,0.014662470262382125
SCP,102.4971838441993,80.10364607408773,1983,4,2019,0.2795570347621857
ANC,545.9583093744732,483.9521798404174,1983,5,2018,0.12812449683458854
CMA,114.94660631955267,153.0110088435827,1983,5,2018,-0.2487690448661887
DMF,159.6765939646383,235.910332476801,1983,5,2018,-0.32314709454135243
LPF,220.85478018934057,297.65661189199403,1983,5,2018,-0.25802158807922376
MPF,147.56609732080565,117.63921472514048,1983,5,2018,0.2543954638390625
NTU,210.81348271310387,200.4091048949217,1983,5,2018,0.05191569426766996
SAR,647.9664896302271,678.7831848739013,1983,5,2018,-0.04539990961826649
SCP,88.80281957682591,79.87517481310186,1983,5,2018,0.11176995586693417
ANC,729.5406854803006,730.2278118113903,1984,1,2022,-9.409752956208063e-4
CMA,151.93153783369047,155.81558950958714,1984,1,2022,-0.024927234098470554
DMF,245.8535467277105,233.7034307370067,1984,1,2022,0.051989463536702106
LPF,257.25899862221434,238.11646773161053,1984,1,2022,0.08039146167824071
MPF,120.47136092615104,112.45323857818896,1984,1,2022,0.07130183576160024
NTU,225.35837399340338,217.86428907483503,1984,1,2022,0.03439794998249656
SAR,931.6578359933301,850.9355567410676,1984,1,2022,0.09486297594780803
SCP,84.73538106145385,80.12242812015666,1984,1,2022,0.05757380360938786
ANC,722.6268307403864,662.62880269142,1984,2,2021,0.09054545743449503
CMA,152.80681078991574,155.23479541651653,1984,2,2021,-0.01564072423380447
DMF,215.07188957223664,229.5112236626349,1984,2,2021,-0.06291341164048278
LPF,295.3968990956988,245.4198966929866,1984,2,2021,0.20363875576572354
MPF,106.82227811309156,107.30963572369774,1984,2,2021,-0.0045416015749138935
NTU,231.68618970204682,207.28745799290974,1984,2,2021,0.11770481410395625
SAR,936.2318756160835,805.7906101658754,1984,2,2021,0.16187985291036866
SCP,87.57985303779884,77.35168682077015,1984,2,2021,0.13222938810278487
ANC,683.4518115944737,592.8489881278131,1984,3,2020,0.1528261417005699
CMA,139.03282474035117,154.97155769327685,1984,3,2020,-0.10284940791827085
DMF,238.37522756239233,227.13909853238437,1984,3,2020,0.04946805328808667
LPF,240.86652321377966,258.8547228093544,1984,3,2020,-0.0694914869636086
MPF,118.15342539621908,102.56644159620755,1984,3,2020,0.15196962629722216
NTU,215.0031813658394,198.44609737292606,1984,3,2020,0.08343365887311328
SAR,838.4900013877102,764.679198276922,1984,3,2020,0.09652518765661296
SCP,84.98861623056574,75.32447260490757,1984,3,2020,0.12830018308058525
ANC,620.785650485997,541.5909230043565,1984,4,2019,0.14622609818186258
CMA,133.19618329251287,160.53249694360423,1984,4,2019,-0.17028523303100884
DMF,157.8000640563347,235.29322039796256,1984,4,2019,-0.32934717035433503
LPF,252.51695542996083,269.61730528106204,1984,4,2019,-0.06342452623089229
MPF,151.50325931784215,107.57509780888722,1984,4,2019,0.40834879450442707
NTU,209.23494917545207,194.1268196551216,1984,4,2019,0.07782608063724013
SAR,766.8532600244544,739.1289684678896,1984,4,2019,0.0375094100479288
SCP,101.64739600550051,74.88554852863471,1984,4,2019,0.3573699866354402
ANC,541.53849979034,484.35889293013076,1984,5,2018,0.1180521462387136
CMA,120.30839489683989,164.40593873383264,1984,5,2018,-0.2682235457952958
DMF,154.78785000799232,241.36398299693806,1984,5,2018,-0.35869532775337093
LPF,206.45834257297446,275.9267078108043,1984,5,2018,-0.2517638317399216
MPF,142.0710639166787,110.99771782679234,1984,5,2018,0.2799458105830168
NTU,203.6002465424394,190.09724216599548,1984,5,2018,0.07103208980092894
SAR,692.9304013286567,709.1964279275621,1984,5,2018,-0.022935855227639246
SCP,88.28392809701877,74.28748686512026,1984,5,2018,0.18840913621578143
ANC,728.7097480896772,729.7081933075489,1985,1,2022,-0.001368280124889407
CMA,172.33431151673255,177.24108934222446,1985,1,2022,-0.027684200338092543
DMF,269.34615417519115,255.74095447653744,1985,1,2022,0.053199143353873324
LPF,265.92038531530426,243.83173400648946,1985,1,2022,0.09058973147534162
MPF,119.90596590912918,112.37983848862689,1985,1,2022,0.06697044168882618
NTU,232.52080166438935,224.23857878906273,1985,1,2022,0.03693487052964943
SAR,1007.4742430153302,925.3549597191065,1985,1,2022,0.08874354909293528
SCP,88.22852057464763,83.5553144335898,1985,1,2022,0.05592949021539643
ANC,722.1742248849602,662.303939135097,1985,2,2021,0.09039699481184989
CMA,169.51246218316,174.92791434280642,1985,2,2021,-0.03095819315054394
DMF,236.1182762204958,250.684555401651,1985,2,2021,-0.058106009593677885
LPF,306.7229449522254,249.6285869028606,1985,2,2021,0.22871722649130033
MPF,107.26253357641457,106.98691706454021,1985,2,2021,0.0025761702405920754
NTU,240.21561445109995,213.16081963123534,1985,2,2021,0.12692198719571895
SAR,1014.407873214772,878.097289938999,1985,2,2021,0.15523403253555482
SCP,91.08847049590155,80.7076571094895,1985,2,2021,0.1286224102916188
ANC,683.6558998237693,592.6576835839289,1985,3,2020,0.15354262462194798
CMA,156.6723453357271,172.96842045037062,1985,3,2020,-0.09421416390467244
DMF,264.0098401905024,247.5195029281109,1985,3,2020,0.06662237547875542
LPF,250.77502148158877,261.8501555550157,1985,3,2020,-0.042295694077218185
MPF,118.02916420724867,101.90029904861859,1985,3,2020,0.15828084224693673
NTU,224.18251158651137,203.88401721730634,1985,3,2020,0.0995590269715464
SAR,909.4720561727966,834.3559614447914,1985,3,2020,0.0900288344532617
SCP,88.57089313685407,78.60797300130724,1985,3,2020,0.12674185270470137
ANC,621.4209932859467,541.4942813538671,1985,4,2019,0.14760398158267415
CMA,150.23462310705656,176.87006629390734,1985,4,2019,-0.15059327869867087
DMF,171.18245682579547,255.19411328174434,1985,4,2019,-0.3292068746240894
LPF,264.5098863600295,271.6477699591538,1985,4,2019,-0.026276245890763487
MPF,152.37485137193164,106.67541526821452,1985,4,2019,0.42839707714110886
NTU,219.00054831479673,199.156870793791,1985,4,2019,0.09963842794834867
SAR,832.7881376537022,806.0411162821873,1985,4,2019,0.033183197272719483
SCP,104.9009844014591,78.1219001728602,1985,4,2019,0.3427858791112975
ANC,543.9950441335153,484.30749299303,1985,5,2018,0.12324308833550159
CMA,138.99658135549717,179.10799861485995,1985,5,2018,-0.22395101039354073
DMF,168.39033142442838,260.9186648389131,1985,5,2018,-0.35462519889717437
LPF,216.11044620216524,277.06181048517084,1985,5,2018,-0.21999193673163375
MPF,144.96965955333877,109.82939899501618,1985,5,2018,0.31995313531595654
NTU,214.21933418725808,194.72947899005655,1985,5,2018,0.10008682454389324
SAR,751.4220613826839,773.0898344435049,1985,5,2018,-0.02802749705849923
SCP,91.73988479191051,77.4644065168339,1985,5,2018,0.18428435609294164
ANC,728.1654100826236,729.6621352020175,1986,1,2022,-0.002051257763265318
CMA,212.41847501097143,217.85379294976272,1986,1,2022,-0.024949384012077656
DMF,295.8457930475267,279.2431650071076,1986,1,2022,0.059455808130510455
LPF,282.1555578959471,258.62213283524767,1986,1,2022,0.0909954024533976
MPF,122.92571232922593,116.61745229950381,1986,1,2022,0.05409361896811873
NTU,240.58485040323882,232.4966701313587,1986,1,2022,0.034788370376704104
SAR,1086.2852516687242,1001.8780192944918,1986,1,2022,0.08424901110583381
SCP,93.2472643143317,89.87783561958491,1986,1,2022,0.037488983479844376
ANC,721.0082726579761,662.0704036375013,1986,2,2021,0.08902054629940036
CMA,208.20906326770407,214.72857577523405,1986,2,2021,-0.030361643688980852
DMF,257.49272697561,273.27775354428746,1986,2,2021,-0.057761842535489494
LPF,325.6758044253832,262.9686016918578,1986,2,2021,0.23845889710819781
MPF,116.23721685898039,111.40756992377732,1986,2,2021,0.04335115592690348
NTU,220.0418619260719,221.295494738496,1986,2,2021,-0.00566497214010389
SAR,1089.7078751374213,952.3596350220156,1986,2,2021,0.14421888020509252
SCP,97.79449022901454,87.20974821489702,1986,2,2021,0.12137108787466326
ANC,682.901330467554,592.3405686016002,1986,3,2020,0.15288630674030973
CMA,191.92802760017645,211.8557410428664,1986,3,2020,-0.09406265482632276
DMF,293.11262728750455,269.2329548039266,1986,3,2020,0.08869520635380143
LPF,267.65970034892223,274.0545965466816,1986,3,2020,-0.023334387667057668
MPF,121.40001628008035,106.45788555255778,1986,3,2020,0.14035719993842732
NTU,232.89223625220262,211.9129406317287,1986,3,2020,0.09899959652267121
SAR,983.5424382169808,905.9240468088493,1986,3,2020,0.08567869644430473
SCP,93.1371251711684,85.32285440474742,1986,3,2020,0.09158473214400804
ANC,621.7732922116795,541.1627204761654,1986,4,2019,0.14895810203737872
CMA,182.30698499659331,215.15735694105538,1986,4,2019,-0.1526806817647503
DMF,186.27125439358875,276.39223642744076,1986,4,2019,-0.3260619154818801
LPF,283.7971797407023,282.96788635724823,1986,4,2019,0.0029306978757549576
MPF,160.4809229812142,111.70848780002804,1986,4,2019,0.4366045601520883
NTU,226.92424257546685,207.07078524520128,1986,4,2019,0.09587763578892237
SAR,902.8098857099919,874.7181717741043,1986,4,2019,0.03211515987933798
SCP,110.07485621203578,85.06946978981553,1986,4,2019,0.29394078138728313
ANC,546.5686055604926,484.04186063607216,1986,5,2018,0.12917631719342418
CMA,168.74128420595338,216.68484844042385,1986,5,2018,-0.22125942159565556
DMF,183.27809826248972,281.83752323346977,1986,5,2018,-0.3497029914264999
LPF,233.43969080620744,287.5266385031777,1986,5,2018,-0.18811108417132805
MPF,154.05244648054767,115.30602295909173,1986,5,2018,0.3360312195938142
NTU,221.59403573093172,202.51955101074077,1986,5,2018,0.09418589279402127
SAR,816.8786013483019,838.6539079900363,1986,5,2018,-0.025964592109183914
SCP,96.60188318460581,84.63148630600718,1986,5,2018,0.14144141147795217
ANC,727.0194578448483,729.0830010022153,1987,1,2022,-0.0028303268002825613
CMA,302.7880560635555,307.62384907650176,1987,1,2022,-0.01571982480377745
DMF,325.6650403479526,309.2115519459197,1987,1,2022,0.053211105143026904
LPF,304.7870101063092,289.53042017945916,1987,1,2022,0.05269425546853962
MPF,131.3600810749386,129.91718607339251,1987,1,2022,0.01110626734734664
NTU,251.51388180041448,192.67905811290606,1987,1,2022,0.30535141838316643
SAR,1163.858432002757,1071.2997547784335,1987,1,2022,0.08639848633538282
SCP,108.72273647847439,108.644890883892,1987,1,2022,7.16514085007256e-4
ANC,719.364940541053,661.4526842593262,1987,2,2021,0.087553135182413
CMA,294.5678825540714,303.5208465486004,1987,2,2021,-0.029497031575705733
DMF,283.06076759330455,302.3053490843729,1987,2,2021,-0.06365941439460675
LPF,314.8964098280055,291.4692966726818,1987,2,2021,0.08037592097267177
MPF,125.32477954677337,125.04430895452073,1987,2,2021,0.0022429696688927247
NTU,208.51606731151577,192.13485604795275,1987,2,2021,0.08525892490571631
SAR,1142.1510269442529,1019.8983428444619,1987,2,2021,0.1198675191086519
SCP,112.1836344329183,106.13368235110953,1987,2,2021,0.0570031298998411
ANC,680.5799154648073,591.6635187290957,1987,3,2020,0.15028203348873984
CMA,291.6813696542932,297.3309364727084,1987,3,2020,-0.019000938433911634
DMF,324.5465123367039,297.1077945916433,1987,3,2020,0.0923527360928833
LPF,293.33087304088417,300.53223661637776,1987,3,2020,-0.023962033679222096
MPF,132.09281275250612,120.3638005165519,1987,3,2020,0.09744634338246318
NTU,242.72768096478467,187.72818666599045,1987,3,2020,0.292974088098184
SAR,1043.2560169023404,970.8742396758386,1987,3,2020,0.07455319573693617
SCP,106.55138906506824,104.45883700550151,1987,3,2020,0.020032312435725473
ANC,620.1876938888696,540.521436570922,1987,4,2019,0.14738778506797404
CMA,292.4509302362147,297.3949906847649,1987,4,2019,-0.01662455859517435
DMF,206.924686183979,303.55866499596783,1987,4,2019,-0.31833707930317995
LPF,310.1474227536921,307.7797015608314,1987,4,2019,0.007692908859334665
MPF,176.8048236307112,126.33275359978138,1987,4,2019,0.3995168995589531
NTU,236.7161746235339,187.74474817382568,1987,4,2019,0.2608404598586558
SAR,968.863444290844,936.8146891535363,1987,4,2019,0.03421034651609222
SCP,122.9962679655297,104.4962219314148,1987,4,2019,0.17704033401568575
ANC,546.7105081524146,483.49980933303783,1987,5,2018,0.13073572646610254
CMA,290.9310845920128,293.95767900541756,1987,5,2018,-0.010296020922620636
DMF,205.3542022334609,308.7024834642946,1987,5,2018,-0.3347827982173886
LPF,269.6974235561146,310.4468356965345,1987,5,2018,-0.1312605169545131
MPF,172.40718040186482,130.5159414074984,1987,5,2018,0.3209664546920986
NTU,230.0872706878024,187.66610566800844,1987,5,2018,0.22604596002455185
SAR,880.2367472662419,897.5660462211911,1987,5,2018,-0.019306990307740163
SCP,107.66892743009507,104.31082760322994,1987,5,2018,0.032193204713497514
ANC,727.0892873885385,730.5284370611495,1988,1,2022,-0.00470775605457103
CMA,309.9548861538445,313.9948349621763,1988,1,2022,-0.012866290647164515
DMF,345.98204489034623,326.7617925661774,1988,1,2022,0.05882037851863065
LPF,337.1320636731052,336.8384914520506,1988,1,2022,8.715518817017194e-4
MPF,131.99606319544762,636.0678580696938,1988,1,2022,-0.7924811613716459
NTU,251.131888279018,195.30890192248592,1988,1,2022,0.28581895554708037
SAR,1250.1840279935793,227.2774453526141,1988,1,2022,4.500695531199572
SCP,179.8823352005139,131.729374594812,1988,1,2022,0.3655445928732008
ANC,719.7779436891773,662.9601013303171,1988,2,2021,0.08570326064094604
CMA,301.83443149078306,310.5323094206125,1988,2,2021,-0.02800957473976803
DMF,301.87157641060577,319.0959735682352,1988,2,2021,-0.05397873550399462
LPF,336.7753853175666,337.79818258279073,1988,2,2021,-0.003027835311024698
MPF,121.971020582894,632.6823759051539,1988,2,2021,-0.8072160293569189
NTU,256.03201558336895,194.59044866433953,1988,2,2021,0.31574811271962056
SAR,1230.2079432036871,222.67659750925614,1988,2,2021,4.524639575798037
SCP,120.74077678986252,129.65381742354197,1988,2,2021,-0.0687449148108234
ANC,680.4595289729285,593.2095035686932,1988,3,2020,0.14708130075352346
CMA,299.38409206677494,304.3537714106407,1988,3,2020,-0.016328627441782474
DMF,345.20671358837757,313.0403894700727,1988,3,2020,0.102754549254035
LPF,318.25458970214254,345.91964065854734,1988,3,2020,-0.07997536914566988
MPF,143.51498560693835,619.0394515972498,1988,3,2020,-0.7681650414418014
NTU,217.07947702785336,190.28131360044569,1988,3,2020,0.140834446222495
SAR,1090.8757427341127,203.66170351619098,1988,3,2020,4.356312570799
SCP,117.30533700487136,128.36730977188085,1988,3,2020,-0.08617437559973422
ANC,619.4955234268241,542.0961840028535,1988,4,2019,0.14277787172831885
CMA,302.1978557345643,304.6384150161606,1988,4,2019,-0.008011331340030807
DMF,226.82459739530464,318.85102102216,1988,4,2019,-0.2886188770286534
LPF,328.4273344578692,352.5046113700784,1988,4,2019,-0.0683034381270308
MPF,528.9298681742988,618.3528620375861,1988,4,2019,-0.14461482974077636
NTU,228.0225473871529,190.3234137593865,1988,4,2019,0.19807932656896832
SAR,206.21856174456823,202.7391150659658,1988,4,2019,0.01716218736315548
SCP,129.60306887614954,128.8854973203258,1988,4,2019,0.005567512022243329
ANC,548.1341215130465,485.0615984224512,1988,5,2018,0.13002992464405308
CMA,299.35003917403805,300.79161531456947,1988,5,2018,-0.00479260746355518
DMF,226.92395341877418,323.64243802247853,1988,5,2018,-0.2988436411327083
LPF,318.8377386126988,354.0146711715771,1988,5,2018,-0.09936574787271862
MPF,183.73109826782277,610.1348559788528,1988,5,2018,-0.6988680511080474
NTU,233.00676820964196,190.12878530452963,1988,5,2018,0.22552073236272238
SAR,188.0259070876506,191.79058993070902,1988,5,2018,-0.01962913219266144
SCP,114.89845099019615,129.08201630155963,1988,5,2018,-0.109880258441486
ANC,726.7557446128238,730.349116796021,1989,1,2022,-0.004920074660952547
CMA,313.1534345830612,314.24183950055817,1989,1,2022,-0.0034635900783512308
DMF,354.9258017275132,336.33450149243015,1989,1,2022,0.05527622100197022
LPF,355.5417122934654,353.68898195128236,1989,1,2022,0.00523830381133632
MPF,127.46320004236956,634.676058558053,1989,1,2022,-0.7991680979239101
NTU,189.5381153646378,183.74068961717515,1989,1,2022,0.031552215024019045
SAR,219.24224675828037,235.4547622874846,1989,1,2022,-0.06885618014983765
SCP,174.48836286899936,170.66022867623883,1989,1,2022,0.022431319953419963
ANC,719.0324918692851,663.0522164343629,1989,2,2021,0.08442815520014751
CMA,306.617985717637,310.80991014051995,1989,2,2021,-0.013487100269704212
DMF,316.7162669127307,327.9285796034394,1989,2,2021,-0.0341913251485053
LPF,360.0693746981007,353.84745550107635,1989,2,2021,0.01758362000431408
MPF,110.64459654473828,632.4636048948057,1989,2,2021,-0.8250577650817691
NTU,225.7516810781507,183.5136632320799,1989,2,2021,0.2301627960674223
SAR,247.73907314787147,233.00021912323558,1989,2,2021,0.06325682473646256
SCP,141.88924349031137,170.2268437170163,1989,2,2021,-0.16646963315499824
ANC,680.0030269326913,593.483511206043,1989,3,2020,0.14578250969572581
CMA,306.44434824036205,304.58872813398517,1989,3,2020,0.006092215288940728
DMF,364.00949319543577,320.93601717015093,1989,3,2020,0.13421203517475114
LPF,338.72450035411777,361.212177594218,1989,3,2020,-0.062256143715516354
MPF,610.8277596371086,619.1304520113636,1989,3,2020,-0.01341024714142572
NTU,204.95551571019234,179.27731623873953,1989,3,2020,0.14323172618926167
SAR,221.09335809761924,214.55750186618192,1989,3,2020,0.030462026144924503
SCP,137.54098304173817,167.79464233609193,1989,3,2020,-0.18030170018036576
ANC,618.7056509308143,542.5541347163442,1989,4,2019,0.14035745254117976
CMA,306.69004831061983,304.85057815511675,1989,4,2019,0.006034005796003785
DMF,240.39730872675474,326.0274817851742,1989,4,2019,-0.2626471013717881
LPF,352.5692968675703,367.2138313075083,1989,4,2019,-0.039880127575245235
MPF,585.0431691996251,619.007227433701,1989,4,2019,-0.05486859721312965
NTU,210.0805087756631,179.3483857053386,1989,4,2019,0.1713543333521609
SAR,216.29466168808392,214.30234362956543,1989,4,2019,0.00929676281078071
SCP,149.3813570005424,168.57574905016358,1989,4,2019,-0.11386211930109497
ANC,549.5595625343569,485.70192194017756,1989,5,2018,0.13147495966063838
CMA,301.8053191832821,300.956543345599,1989,5,2018,0.0028202604543753457
DMF,239.0700986154419,330.4327316046033,1989,5,2018,-0.2764938949767427
LPF,334.3850854709635,367.8820569560513,1989,5,2018,-0.09105356146546045
MPF,178.63223655684877,611.0764779324506,1989,5,2018,-0.7076761370994957
NTU,212.54857053675946,179.56445331923067,1989,5,2018,0.18368957000019068
SAR,190.7256422877672,206.1200884783876,1989,5,2018,-0.07468678237169772
SCP,175.49632829632776,170.6821582803606,1989,5,2018,0.028205467193937534
ANC,727.0607873829251,731.55942550672,1990,1,2022,-0.006149381672827005
CMA,309.9146296499354,313.2407568833616,1990,1,2022,-0.010618436970080159
DMF,337.69027811694474,326.3068946310515,1990,1,2022,0.034885513218359115
LPF,348.1654590979735,347.46372768424357,1990,1,2022,0.002019581780253123
MPF,132.22759767655563,623.2288782502882,1990,1,2022,-0.7878346105402176
NTU,174.91572643892982,156.32257879700654,1990,1,2022,0.11894089635040825
SAR,970.5223618725344,234.8625008487498,1990,1,2022,3.132300211252309
SCP,144.98524975700988,127.70376410999621,1990,1,2022,0.13532479459359126
ANC,720.3570683902693,664.891879826208,1990,2,2021,0.08341986155487274
CMA,303.8493506011217,310.4333985816793,1990,2,2021,-0.021209212702753708
DMF,307.0709947330442,317.40500065988203,1990,2,2021,-0.03255779179708431
LPF,291.63183065774047,349.27522674442025,1990,2,2021,-0.16503717318852373
MPF,116.45077654873396,623.9278966592444,1990,2,2021,-0.8133585993313374
NTU,168.81040845274907,180.37018899778755,1990,2,2021,-0.06408919683052654
SAR,911.814833152472,235.2463290103816,1990,2,2021,2.876000263163439
SCP,126.98517925220258,187.28517645191772,1990,2,2021,-0.3219688730421018
ANC,682.0946217844685,594.5903553177164,1990,3,2020,0.14716731558821627
CMA,302.1664187047615,304.376088937401,1990,3,2020,-0.007259670890553904
DMF,344.0878832467669,310.111259951208,1990,3,2020,0.10956268824584019
LPF,266.01295472257914,356.8782832427836,1990,3,2020,-0.2546115378457729
MPF,127.6007291923389,610.6806123702668,1990,3,2020,-0.7910516125654039
NTU,157.59757226951385,154.84151735203673,1990,3,2020,0.017799198590977016
SAR,820.8977565657096,213.8513233341156,1990,3,2020,2.838637721606057
SCP,113.47004611450116,131.2538583538852,1990,3,2020,-0.13549172925214523
ANC,619.6903042183864,544.2159639556866,1990,4,2019,0.13868453934005762
CMA,303.12992429904955,304.9445425684775,1990,4,2019,-0.005950650089173121
DMF,234.44887682056626,314.67720388286074,1990,4,2019,-0.254954366164254
LPF,299.04165740911463,364.2153382880632,1990,4,2019,-0.17894271335547587
MPF,575.9146583104201,611.9611725920641,1990,4,2019,-0.058903270168208496
NTU,190.16691118340214,177.0521961227986,1990,4,2019,0.07407259185594928
SAR,204.23755848137768,216.28406628199124,1990,4,2019,-0.05569762029953389
SCP,107.65830129127494,183.0230095715849,1990,4,2019,-0.4117772320361333
ANC,549.0318414416131,486.7146527497075,1990,5,2018,0.1280363932744637
CMA,300.6258293205469,300.9614716599588,1990,5,2018,-0.0011152335797690275
DMF,234.9950816599884,319.09211478637377,1990,5,2018,-0.26355095983078985
LPF,316.043570553975,365.4106483566321,1990,5,2018,-0.13510027150187492
MPF,154.66233730456224,604.9464828699265,1990,5,2018,-0.7443371576096638
NTU,194.64785622535962,154.4507619496213,1990,5,2018,0.26025830995155463
SAR,185.1386969656774,205.24130579317804,1990,5,2018,-0.09794621384721679
SCP,181.6949357788463,139.38417592687685,1990,5,2018,0.3035549736590352
ANC,725.2728833619644,727.7064084147825,1991,1,2022,-0.0033441028204206106
CMA,304.5604531911898,310.8299479847036,1991,1,2022,-0.020170176117721827
DMF,327.4984164573704,310.86350463979284,1991,1,2022,0.0535119483930832
LPF,351.1990366890732,346.5672051387446,1991,1,2022,0.013364887045426772
MPF,645.4893090386939,117.27092301891807,1991,1,2022,4.504257086256275
NTU,168.67597530276444,188.1256448414969,1991,1,2022,-0.10338659333297992
SAR,254.0736473574985,249.67150914867233,1991,1,2022,0.017631720270512765
SCP,126.48244854344662,171.9424447420494,1991,1,2022,-0.2643907748712223
ANC,718.8940243012736,660.9429638647375,1991,2,2021,0.08767936660930367
CMA,300.6034844338455,307.61604892679225,1991,2,2021,-0.02279648450531796
DMF,297.7941117129949,301.64285777655374,1991,2,2021,-0.012759281263705116
LPF,347.3435604287564,347.27738697756286,1991,2,2021,1.905492660189378e-4
MPF,113.90634387117336,114.15557323044582,1991,2,2021,-0.0021832430272093937
NTU,173.01626281438138,179.09002484427052,1991,2,2021,-0.03391457472391685
SAR,1119.0582182686608,248.13625330551315,1991,2,2021,3.509853773325259
SCP,162.3515334658286,170.06324863165386,1991,2,2021,-0.04534615931351724
ANC,680.7761727589062,591.8789404596229,1991,3,2020,0.15019495748615472
CMA,299.2182106030496,301.3918422793953,1991,3,2020,-0.00721197912958336
DMF,323.30424123413115,292.39135169221197,1991,3,2020,0.10572436347043492
LPF,329.8449242478189,355.38981495684993,1991,3,2020,-0.07187851095882591
MPF,125.09301762950321,110.42645805932209,1991,3,2020,0.1328174409279895
NTU,178.4708555281319,171.74552893830898,1991,3,2020,0.039158670571497974
SAR,1003.3523550285852,230.40617776048194,1991,3,2020,3.354711166085213
SCP,156.6972465388558,169.21847717123143,1991,3,2020,-0.07399446468074193
ANC,619.9424653018036,541.283583550774,1991,4,2019,0.14531917120972726
CMA,300.2309826997694,301.7774198506869,1991,4,2019,-0.005124429626585807
DMF,231.3657065842502,295.4640976987131,1991,4,2019,-0.2169413868341611
LPF,335.41383086611046,361.89297771781276,1991,4,2019,-0.07316844614860003
MPF,592.1705052410477,117.74561457635946,1991,4,2019,4.029236183204241
NTU,180.39436213016822,168.38230679326674,1991,4,2019,0.07133799011109533
SAR,933.5223115203179,230.5652509591781,1991,4,2019,3.0488421721692975
SCP,134.06070479189128,170.36246061704682,1991,4,2019,-0.21308541619833302
ANC,547.998455355055,484.6036994462926,1991,5,2018,0.13081772999503946
CMA,298.07399697424404,297.860241847878,1991,5,2018,7.176356436157284e-4
DMF,233.72889088916338,298.4923932326704,1991,5,2018,-0.21696868600944488
LPF,321.35326723992114,363.51413913370027,1991,5,2018,-0.1159813810660949
MPF,153.0473569162736,123.43873651540993,1991,5,2018,0.23986490170504435
NTU,146.66674368133542,165.14335179303188,1991,5,2018,-0.1118822399514606
SAR,239.29835256332638,223.49459690266158,1991,5,2018,0.07071202561352205
SCP,104.16759715499127,171.04131504865882,1991,5,2018,-0.3909799095887618
ANC,724.0465621145684,726.5645406734398,1992,1,2022,-0.00346559516452251
CMA,309.9155618741233,313.5696176582986,1992,1,2022,-0.011653092577856886
DMF,341.70404655436244,330.9891375301712,1992,1,2022,0.03237238872594275
LPF,347.5444501807255,342.40342614021023,1992,1,2022,0.015014522776445837
MPF,698.2505992120294,138.8360224408876,1992,1,2022,4.029318666265627
NTU,174.96436986100315,172.94022838989432,1992,1,2022,0.01170428355480947
SAR,1079.8994140847935,1083.0379486839975,1992,1,2022,-0.0028978990099262584
SCP,171.1555585071894,166.18183877890795,1992,1,2022,0.029929381963925677
ANC,716.7308173578666,659.2490573910859,1992,2,2021,0.08719278294345872
CMA,303.76894465085724,310.2946323092218,1992,2,2021,-0.021030617287189968
DMF,319.67712386539336,321.4770308526816,1992,2,2021,-0.005598866527148731
LPF,344.94954926690696,342.67443109539886,1992,2,2021,0.006639299478036387
MPF,125.99467125845105,137.35087868224184,1992,2,2021,-0.08268026774013672
NTU,178.9712734311394,173.56056023018175,1992,2,2021,0.031174785295586614
SAR,923.4925817326908,1041.2785634086938,1992,2,2021,-0.11311668732564974
SCP,167.66469500425427,163.03187682071118,1992,2,2021,0.028416640192628587
ANC,677.5676629679879,589.6099408260346,1992,3,2020,0.14917951013296316
CMA,303.104641364759,304.00976601706685,1992,3,2020,-0.0029772880791501762
DMF,345.1175829840821,311.7305695112672,1992,3,2020,0.10710214761792279
LPF,322.6888361311096,350.3639997417483,1992,3,2020,-0.07898974675205758
MPF,134.41219154655963,135.44453830795467,1992,3,2020,-0.007621915023607985
NTU,183.72274207286307,169.3802738474441,1992,3,2020,0.08467614262057939
SAR,889.3792324086389,996.80131052978,1992,3,2020,-0.10776679061953522
SCP,158.21759829740387,161.04519520089463,1992,3,2020,-0.017557784943310433
ANC,618.0221339867369,538.5974812502668,1992,4,2019,0.14746569655709976
CMA,303.04988175656393,304.4013600376615,1992,4,2019,-0.004439790548013193
DMF,255.87790231427257,314.4540950726923,1992,4,2019,-0.18627899485576327
LPF,334.66660335202084,356.51769531882513,1992,4,2019,-0.06129034337906675
MPF,170.9565812147178,144.65206680478445,1992,4,2019,0.18184679272804768
NTU,185.86756669754146,169.9795253639511,1992,4,2019,0.09347032414387403
SAR,859.007586022123,964.1822265655481,1992,4,2019,-0.10908170431440233
SCP,165.70208145345254,161.2965056028953,1992,4,2019,0.02731352321669978
ANC,548.3676210196725,481.66559333709915,1992,5,2018,0.13848202696074896
CMA,302.32007406796436,300.49089862996874,1992,5,2018,0.0060872906511824304
DMF,258.09122652599945,317.2515778221188,1992,5,2018,-0.1864777212527852
LPF,316.752869123855,357.65658301908616,1992,5,2018,-0.11436589129703878
MPF,155.10891631318177,152.32664470048925,1992,5,2018,0.018265167057038022
NTU,186.904851482174,170.05638975273203,1992,5,2018,0.09907573454864131
SAR,836.5071010547348,923.2173816337249,1992,5,2018,-0.0939218458230798
SCP,149.90480464589314,160.8491449312651,1992,5,2018,-0.06804102247511952
ANC,724.1167956509922,726.3511773449335,1993,1,2022,-0.0030761727434774765
CMA,302.61348359009713,306.0959803163543,1993,1,2022,-0.011377139688858295
DMF,334.2128706882367,324.3741985941293,1993,1,2022,0.030331241315583
LPF,341.67955021830295,344.5000078414142,1993,1,2022,-0.008187104670283732
MPF,139.329099926228,138.60704390588714,1993,1,2022,0.005209374646436636
NTU,173.7243200645212,170.69573380767645,1993,1,2022,0.017742600762694405
SAR,978.7178612626284,961.1031848441356,1993,1,2022,0.018327560137415815
SCP,172.92456644434083,167.10293014975682,1993,1,2022,0.03483862484856901
ANC,718.151973805182,659.0669889612491,1993,2,2021,0.08964943751325852
CMA,296.32168742164913,302.9853277239791,1993,2,2021,-0.021993277207141056
DMF,311.6914279755201,314.8269420857266,1993,2,2021,-0.009959484691601437
LPF,246.15139989278202,345.011107221924,1993,2,2021,-0.28654065118417116
MPF,125.42221135256925,137.059284076861,1993,2,2021,-0.08490539552042187
NTU,177.40254700141108,171.5045310141417,1993,2,2021,0.034389855197371186
SAR,841.8692020234164,922.17734249087,1993,2,2021,-0.08708535415816589
SCP,176.6239083427329,163.92601983305497,1993,2,2021,0.07746109203779658
ANC,677.8693037513426,589.4319949162051,1993,3,2020,0.15003818862549181
CMA,294.1363775718483,296.6721135376211,1993,3,2020,-0.008547267673849782
DMF,335.9603640433586,304.9112055658152,1993,3,2020,0.10183016534248507
LPF,314.277797323214,352.9358729040453,1993,3,2020,-0.10953286007098952
MPF,134.70342537236704,135.18371905428668,1993,3,2020,-0.0035528959055104305
NTU,181.8186492764465,167.26140619587954,1993,3,2020,0.08703288709362518
SAR,806.7329227798871,880.4208728705378,1993,3,2020,-0.08369627795215415
SCP,128.82984651527812,161.89008311256848,1993,3,2020,-0.20421409367182972
ANC,617.9842923437742,538.4235818681085,1993,4,2019,0.1477660213165678
CMA,294.52349876097355,297.2890709748554,1993,4,2019,-0.009302636672155917
DMF,247.37621560502208,307.60150378775046,1993,4,2019,-0.19578996669757737
LPF,324.8820966767015,359.31461891114174,1993,4,2019,-0.09582833656694432
MPF,170.48924025845653,144.17031025618795,1993,4,2019,0.18255443825778234
NTU,183.18193118476594,168.0534068989635,1993,4,2019,0.09002212192519238
SAR,781.5101924557133,849.952871595409,1993,4,2019,-0.08052526372576979
SCP,178.61280560340893,162.1009414337267,1993,4,2019,0.10186161797482804
ANC,548.3057217466782,481.4837445143819,1993,5,2018,0.1387834542569906
CMA,293.4243249292697,293.44512059418327,1993,5,2018,-7.086730517607492e-5
DMF,250.8789015704364,310.30768555911084,1993,5,2018,-0.1915156689773763
LPF,310.95475829726996,360.72076554647754,1993,5,2018,-0.13796269026490357
MPF,152.84833381780095,151.6504355040871,1993,5,2018,0.00789907598835449
NTU,183.6789628994434,167.95425532578196,1993,5,2018,0.0936249429534258
SAR,760.1828109122855,811.2933485149894,1993,5,2018,-0.0629988372223904
SCP,161.3491097080712,161.554450287364,1993,5,2018,-0.0012710301630660522
ANC,724.2414085038653,726.3286538327951,1994,1,2022,-0.002873692670550121
CMA,295.9306552449488,300.51625717382075,1994,1,2022,-0.015259081062691372
DMF,324.0911440291084,316.53029086772017,1994,1,2022,0.023886665445702875
LPF,340.8662677522544,347.3536840364739,1994,1,2022,-0.018676687717347838
MPF,784.8517280718476,145.67476517270111,1994,1,2022,4.387698597910119
NTU,172.65786890949312,171.41671059719235,1994,1,2022,0.0072405911184314714
SAR,912.9678235588464,896.2488445803757,1994,1,2022,0.01865439389916145
SCP,187.3397651452951,166.5164630298535,1994,1,2022,0.125052512745892
ANC,717.2512661774391,659.108577229485,1994,2,2021,0.08821412883496772
CMA,288.76663791573014,297.2418416662808,1994,2,2021,-0.028512822094763867
DMF,305.16444428105035,306.97724933799105,1994,2,2021,-0.005905340089045985
LPF,316.20863310044444,348.18633010789085,1994,2,2021,-0.0918407595080991
MPF,130.41195487297702,144.17410649046505,1994,2,2021,-0.095455085191724
NTU,177.42286165586742,171.99907503737327,1994,2,2021,0.03153381270983944
SAR,809.0790497587246,859.4899257956733,1994,2,2021,-0.058652084828429846
SCP,177.5874399613836,163.32066209585653,1994,2,2021,0.08735439645201527
ANC,677.6736405219463,589.5047044067828,1994,3,2020,0.14956443172728812
CMA,285.90147308559926,290.9588661795678,1994,3,2020,-0.017381814688703503
DMF,323.867855088862,296.92668000344224,1994,3,2020,0.09073342646443022
LPF,305.80007631632355,356.4211342395202,1994,3,2020,-0.14202597169554643
MPF,140.27187278878318,142.37786590012738,1994,3,2020,-0.014791576612206451
NTU,180.2804990181905,167.9170197609082,1994,3,2020,0.07362850576365802
SAR,763.5755089451445,819.5596218296151,1994,3,2020,-0.06830999404227556
SCP,171.33547655536333,161.24734803564246,1994,3,2020,0.0625630662619702
ANC,618.1391976367946,538.5090087184344,1994,4,2019,0.14787160034307942
CMA,285.9780139644243,291.67569636209817,1994,4,2019,-0.019534306316013852
DMF,242.44294959933498,299.5072038175248,1994,4,2019,-0.19052715090270844
LPF,318.6652279354687,363.09257856609304,1994,4,2019,-0.1223581897654714
MPF,181.98483784920487,151.55232185166506,1994,4,2019,0.2008053431693792
NTU,181.4876779770517,168.63504696062498,1994,4,2019,0.07621565770624016
SAR,740.7286860665314,790.5435666038172,1994,4,2019,-0.0630134538331531
SCP,184.3283866175516,161.4184713432827,1994,4,2019,0.14192870917199563
ANC,548.2081038676463,481.57611778319495,1994,5,2018,0.13836231412631844
CMA,283.8497822941777,288.0817149105038,1994,5,2018,-0.01469004243341445
DMF,245.08567663095798,302.09013790880437,1994,5,2018,-0.18870017297636846
LPF,309.82081274056384,364.84970402889905,1994,5,2018,-0.15082619138969203
MPF,158.9916481276241,159.27486521374257,1994,5,2018,-0.0017781655990629758
NTU,181.55109307313532,169.03641184915597,1994,5,2018,0.07403541690856022
SAR,717.0405743759403,753.2440331435149,1994,5,2018,-0.04806338606691198
SCP,167.2962875343432,160.80166293564164,1994,5,2018,0.04038903877070559
ANC,722.6077013612468,726.5604763722112,1995,1,2022,-0.005440393662343136
CMA,288.3611931507378,293.46638179611705,1995,1,2022,-0.017396161748182926
DMF,327.2968814482275,317.71221264736585,1995,1,2022,0.030167769507494033
LPF,342.90503645812873,348.37255101536806,1995,1,2022,-0.01569444705475126
MPF,776.4960379932097,152.07161553901233,1995,1,2022,4.106120792108032
NTU,168.35147226884962,167.90606344586132,1995,1,2022,0.002652726255665648
SAR,846.2101630393587,822.7817011223004,1995,1,2022,0.028474699771641847
SCP,131.70203479812773,166.81290165699568,1995,1,2022,-0.21048052344934134
ANC,718.3195915939098,659.4634438016928,1995,2,2021,0.0892485373456357
CMA,281.7077094582615,290.28350397288756,1995,2,2021,-0.029542824160710992
DMF,307.75092588333047,308.1684520696902,1995,2,2021,-0.0013548634961028272
LPF,236.93995308582876,349.1968619119771,1995,2,2021,-0.32147169997892255
MPF,135.62418442904092,150.36783528992484,1995,2,2021,-0.09805056269152658
NTU,175.68750778715224,169.01658990248995,1995,2,2021,0.03946901241180474
SAR,764.8896084111889,789.0359171445824,1995,2,2021,-0.030602293518875372
SCP,140.57483417783666,163.49440374503502,1995,2,2021,-0.1401856518767504
ANC,678.320744631394,589.9130606867789,1995,3,2020,0.1498656155225493
CMA,278.40969382892,284.13683557243183,1995,3,2020,-0.020156280448375256
DMF,328.3578654403949,298.0737942865245,1995,3,2020,0.10159924063891282
LPF,305.8009587884302,357.43723247141696,1995,3,2020,-0.14446249296963193
MPF,148.0481136798767,148.4496167037708,1995,3,2020,-0.0027046417014015443
NTU,177.63597342872058,164.72222022777382,1995,3,2020,0.07839715360253122
SAR,720.9325053077482,751.6998159308276,1995,3,2020,-0.04093031549433115
SCP,123.8726396439246,161.25872626267355,1995,3,2020,-0.2318391536706729
ANC,618.6157373882547,538.9566072826893,1995,4,2019,0.147802492870791
CMA,278.08971237816485,285.0776836517638,1995,4,2019,-0.0245125159713837
DMF,245.70112068508018,300.6905449013765,1995,4,2019,-0.1828771311526682
LPF,308.5197007351134,364.12673277716317,1995,4,2019,-0.1527134017816811
MPF,195.13804017723524,157.44976808111082,1995,4,2019,0.2393669584620104
NTU,177.89572857409945,165.94678579263592,1995,4,2019,0.07200466537745848
SAR,700.109609929803,724.9677674493878,1995,4,2019,-0.03428863824807246
SCP,196.57951382926535,161.2592507442781,1995,4,2019,0.21902782582685737
ANC,548.4827004270198,481.99942401868236,1995,5,2018,0.1379322735575729
CMA,274.3539803561106,281.6777240026631,1995,5,2018,-0.02600043603903623
DMF,247.5354056320234,303.2832937358899,1995,5,2018,-0.18381456959648354
LPF,308.81368752521934,365.8494512366898,1995,5,2018,-0.15589954698215638
MPF,167.46829045017492,165.0659577432341,1995,5,2018,0.014553774380770493
NTU,176.9080358323884,165.7008531678563,1995,5,2018,0.06763503295410997
SAR,676.0890635161165,689.7506713976351,1995,5,2018,-0.019806588740009706
SCP,181.88327226440694,160.3938543075829,1995,5,2018,0.13397906079128427
ANC,724.8380155936306,726.3701491714725,1996,1,2022,-0.0021093014072638217
CMA,280.59702807650945,284.9405279794873,1996,1,2022,-0.015243531461731992
DMF,330.8059826415813,324.7804206680332,1996,1,2022,0.01855272544186711
LPF,340.7089312007669,348.5046769206297,1996,1,2022,-0.02236912798056434
MPF,166.59519632005453,160.79874369734807,1996,1,2022,0.036047872573037085
NTU,169.63201695567213,166.4148296616386,1996,1,2022,0.019332335348807784
SAR,780.8712200097875,741.3559013321986,1996,1,2022,0.05330141515914395
SCP,225.1328867899544,175.27013381822007,1996,1,2022,0.28449087066624285
ANC,717.5064469021207,659.4497519560509,1996,2,2021,0.088038087471961
CMA,271.22131487137676,282.2966151759955,1996,2,2021,-0.03923284839144788
DMF,311.5539785766501,315.184215666137,1996,2,2021,-0.011517826429900561
LPF,281.4746880129121,349.179716303395,1996,2,2021,-0.19389736897447793
MPF,141.07286731485857,158.98654920561125,1996,2,2021,-0.11267419778754743
NTU,175.15546840503853,167.6523414026818,1996,2,2021,0.04475408419340282
SAR,741.407462111098,711.4659135660927,1996,2,2021,0.04208430505817031
SCP,221.73953846318005,171.24676212723398,1996,2,2021,0.29485390385618293
ANC,678.1648316101923,589.9626135894197,1996,3,2020,0.14950475841873662
CMA,270.205827198998,276.2868751841377,1996,3,2020,-0.022009905396652898
DMF,336.39392791890106,305.0030940664601,1996,3,2020,0.10291972266222615
LPF,311.24789052790163,357.2792034245334,1996,3,2020,-0.1288384894934272
MPF,158.323382074624,156.94680033116802,1996,3,2020,0.00877100865102885
NTU,177.1103496459922,163.38582738731304,1996,3,2020,0.08400069013418515
SAR,693.4917193159525,677.4815810745039,1996,3,2020,0.023631842825979344
SCP,129.669808123057,168.0855215853625,1996,3,2020,-0.22854861679919294
ANC,619.2853027246925,539.0352549648,1996,4,2019,0.1488771782935294
CMA,267.0388540334365,277.66261214786437,1996,4,2019,-0.038261392242360526
DMF,255.67111634727758,307.58667057725717,1996,4,2019,-0.16878349810330892
LPF,308.4438356264697,363.857884576085,1996,4,2019,-0.1522958586267157
MPF,212.3655627131933,165.99636130940496,1996,4,2019,0.27933866163101956
NTU,175.46084951375474,164.83248825785452,1996,4,2019,0.06447977196870204
SAR,675.2916511355743,653.9851469810192,1996,4,2019,0.03257949244399812
SCP,211.55396487071144,167.06906612499145,1996,4,2019,0.2662665194551273
ANC,549.43037864957,482.03311508136676,1996,5,2018,0.13981874161659338
CMA,263.89733510693236,274.2640542442871,1996,5,2018,-0.0377983150796753
DMF,255.74065270936404,310.14522171791504,1996,5,2018,-0.1754164346211767
LPF,303.1670560037586,365.3662162633647,1996,5,2018,-0.17023785312096693
MPF,178.67223747581758,173.6807756196423,1996,5,2018,0.028739288147275936
NTU,173.65645430603595,164.61696382335177,1996,5,2018,0.05491226586091298
SAR,656.6439297051161,621.7034487890303,1996,5,2018,0.05620120168891413
SCP,201.781447940977,164.8719213391344,1996,5,2018,0.22386787454196827
ANC,725.5857175061481,727.4809584905245,1997,1,2022,-0.002605210435072989
CMA,274.2766458430107,279.3299008882761,1997,1,2022,-0.01809063415408047
DMF,330.23911840301287,316.7926417233961,1997,1,2022,0.04244567236936453
LPF,345.21940591325745,351.59426250916107,1997,1,2022,-0.01813128732650329
MPF,172.86041837467727,761.6256654485089,1997,1,2022,-0.7730375613420504
NTU,174.54772735868374,170.05723578958904,1997,1,2022,0.02640576596605841
SAR,755.0830256160701,700.3373710963808,1997,1,2022,0.07817040297875977
SCP,234.80043889104863,240.83833446302415,1997,1,2022,-0.02507032605684508
ANC,717.6574447320872,659.9888984784334,1997,2,2021,0.08737805497426607
CMA,263.2982240441189,276.87671505539726,1997,2,2021,-0.049041650210858545
DMF,312.18961242542184,307.00646416380323,1997,2,2021,0.016882863609194707
LPF,320.4138827237277,352.1193185216358,1997,2,2021,-0.09004173906453818
MPF,144.35659536918808,762.5492348167882,1997,2,2021,-0.8106920985844651
NTU,181.3521239148346,171.3762724819936,1997,2,2021,0.05821022530344257
SAR,739.9601454695945,671.846828792101,1997,2,2021,0.1013822105850422
SCP,218.6103881261787,238.87818495255547,1997,2,2021,-0.0848457419014727
ANC,678.9488131083531,590.2015364426269,1997,3,2020,0.15036774929567343
CMA,259.21272094771064,270.93960727714557,1997,3,2020,-0.04328228879965652
DMF,329.20832268673007,296.66110073507195,1997,3,2020,0.10971179528091837
LPF,313.03205974230906,360.07908120566793,1997,3,2020,-0.13065746920323545
MPF,162.63189196212014,749.8676289364588,1997,3,2020,-0.7831191990607972
NTU,184.08361713256565,167.16791348397257,1997,3,2020,0.10118989521404115
SAR,683.4228262496906,639.1755545728595,1997,3,2020,0.06922553805487784
SCP,206.46220924754203,236.26911946498598,1997,3,2020,-0.12615660601325934
ANC,619.7611644538441,539.1489731991533,1997,4,2019,0.14951747153734068
CMA,258.9334938601184,272.5425593647022,1997,4,2019,-0.049933726080457194
DMF,263.1193187429417,298.98215025844644,1997,4,2019,-0.11994974109492545
LPF,317.7709969538414,366.6416334818526,1997,4,2019,-0.1332926543663517
MPF,226.0161542195559,750.792082573844,1997,4,2019,-0.69896305586397
NTU,184.6414811907581,168.79746127270272,1997,4,2019,0.0938640889418259
SAR,668.8492278119795,617.0382762368371,1997,4,2019,0.08396715985128919
SCP,211.81359239795643,236.4960221613537,1997,4,2019,-0.10436720896116058
ANC,550.1476909615839,482.2020050345543,1997,5,2018,0.14090709955086272
CMA,258.6452508459348,269.2125574310177,1997,5,2018,-0.039252651087015505
DMF,262.7811825407671,301.3701281511905,1997,5,2018,-0.12804502505657836
LPF,304.68806693155716,367.85178784960874,1997,5,2018,-0.1717097021256703
MPF,187.4166859987917,743.1376009641378,1997,5,2018,-0.7478035215071346
NTU,182.12091493858148,168.7001490825546,1997,5,2018,0.07955396559524879
SAR,651.4302548424799,586.1107652784423,1997,5,2018,0.1114456403697115
SCP,205.58205840478487,234.7192391735373,1997,5,2018,-0.1241363122654387
ANC,717.4414818644818,726.7022750933127,1998,1,2022,-0.012743586398765158
CMA,272.76395940050077,275.4877811561171,1998,1,2022,-0.009887268844322145
DMF,349.3230817100535,314.43676817058076,1998,1,2022,0.11094858194365816
LPF,357.71084258950543,342.7070590374011,1998,1,2022,0.04378019990089231
MPF,175.624652772498,160.36945235246742,1998,1,2022,0.0951253508461324
NTU,188.52397343486865,284.90189281260746,1998,1,2022,-0.33828458781469317
SAR,771.5104718860052,692.6668899187331,1998,1,2022,0.11382611629743475
SCP,110.36840397921254,156.30442000550912,1998,1,2022,-0.2938881448437447
ANC,716.4809201215988,659.1969480381862,1998,2,2021,0.08689963182307436
CMA,256.78170671021627,273.0494769314733,1998,2,2021,-0.05957810432041119
DMF,313.3899076380067,304.78062147870435,1998,2,2021,0.028247485412729628
LPF,331.72696750470806,341.9122989784776,1998,2,2021,-0.02978931001955768
MPF,144.38529997583538,157.91749840839358,1998,2,2021,-0.08569157040192162
NTU,191.60526501231791,280.72161866631956,1998,2,2021,-0.31745454474573265
SAR,764.5748259993877,664.8525784967236,1998,2,2021,0.1499915180116212
SCP,153.3050943877989,165.07118198955928,1998,2,2021,-0.07127887169611821
ANC,677.1464011078099,589.4195725239523,1998,3,2020,0.14883596112732178
CMA,251.04357026566925,267.2759957772619,1998,3,2020,-0.060732822131622295
DMF,331.8421414709545,294.2543417504312,1998,3,2020,0.1277391507527968
LPF,311.33216658322374,348.8433514938466,1998,3,2020,-0.10753017006054237
MPF,164.66029253809387,155.2175722409357,1998,3,2020,0.06083538197917917
NTU,189.61759090088069,277.767725538777,1998,3,2020,-0.31735196904865154
SAR,701.6794368046689,632.5737861971551,1998,3,2020,0.10924520129573553
SCP,130.32092484130465,153.84821660091322,1998,3,2020,-0.15292534602880095
ANC,619.9292806847716,538.4244762326003,1998,4,2019,0.15137648463247244
CMA,253.3451348397097,269.05761348014926,1998,4,2019,-0.05839819374447405
DMF,267.4968802746784,296.52953645848305,1998,4,2019,-0.09790814274540066
LPF,318.67455402081373,354.55249822216933,1998,4,2019,-0.10119219123051786
MPF,235.15763943220543,163.78452534858312,1998,4,2019,0.43577446606581843
NTU,187.51682316259448,278.41494977636034,1998,4,2019,-0.32648435971840134
SAR,684.4285048268306,610.7875026208019,1998,4,2019,0.12056730350579486
SCP,149.8577609851796,163.2718480911204,1998,4,2019,-0.08215799148947306
ANC,550.9050144722854,481.4373635850251,1998,5,2018,0.14429218864520446
CMA,252.7575971536014,265.9907740111786,1998,5,2018,-0.049750510733958905
DMF,269.12619517300095,298.7142074797133,1998,5,2018,-0.09905123882907974
LPF,302.3569371277658,354.45921426372314,1998,5,2018,-0.14699089497273574
MPF,189.2742777265916,170.976041167347,1998,5,2018,0.10702222623890766
NTU,183.64203902452766,277.9739316317999,1998,5,2018,-0.33935517641353097
SAR,669.0655858334846,579.9383422503572,1998,5,2018,0.1536839989528603
SCP,140.91312349249273,153.5916411590461,1998,5,2018,-0.08254692489042817
ANC,724.7025191010939,726.6728083574161,1999,1,2022,-0.002711384317208546
CMA,264.30906676657696,271.9049565675351,1999,1,2022,-0.02793582690380825
DMF,308.9634512964828,307.27945076333793,1999,1,2022,0.005480355191215979
LPF,335.78795599273434,335.3401746997213,1999,1,2022,0.0013353046452427865
MPF,819.8282218720261,173.1632470026761,1999,1,2022,3.7344239384663216
NTU,158.9586977546702,157.01718418504237,1999,1,2022,0.012364975080305768
SAR,689.2109637907596,633.8692449599647,1999,1,2022,0.08730778353868593
SCP,110.37401127685126,153.40197238141735,1999,1,2022,-0.28049157671572655
ANC,718.6630740614672,659.8718662136815,1999,2,2021,0.0890948847162212
CMA,253.44175641971557,269.27670121266016,1999,2,2021,-0.05880547675173353
DMF,314.2524137337087,297.519519683561,1999,2,2021,0.05624133188956697
LPF,243.07108947212694,333.7961827824522,1999,2,2021,-0.2717978754402182
MPF,148.40293389445543,170.69628248544134,1999,2,2021,-0.1306024259367647
NTU,175.03274791829043,172.36320642090166,1999,2,2021,0.015487884873004086
SAR,715.7376090385164,608.6105344668947,1999,2,2021,0.17601909350034245
SCP,145.566431731959,149.73140357078918,1999,2,2021,-0.027816287963006312
ANC,679.257623580281,590.0877543379627,1999,3,2020,0.1511128956444126
CMA,250.9065960604503,263.7477893741583,1999,3,2020,-0.048687396941519696
DMF,332.3768965434084,286.90231754456056,1999,3,2020,0.15850195769779696
LPF,296.9141587042755,340.1194381779902,1999,3,2020,-0.127029727278053
MPF,173.94968836921538,167.81057734664856,1999,3,2020,0.03658357607509555
NTU,169.3322422196325,154.32677961795775,1999,3,2020,0.09723174836422668
SAR,659.528774948802,578.5132746120876,1999,3,2020,0.14004086663532148
SCP,93.97844978069163,147.15383937370436,1999,3,2020,-0.36135917227393044
ANC,621.6644307344588,539.3728444295213,1999,4,2019,0.15256902002913214
CMA,250.36297553566376,265.692402163078,1999,4,2019,-0.057696142240474195
DMF,283.0138903592973,288.8789487872754,1999,4,2019,-0.020302823908075845
LPF,307.80719917425625,345.3329133351854,1999,4,2019,-0.10866532760665687
MPF,250.07805456258052,176.59650560213996,1999,4,2019,0.4160985445883598
NTU,207.24064954836675,171.19141782552424,1999,4,2019,0.21057849850617716
SAR,653.454842437705,558.6721581255047,1999,4,2019,0.16965707514443126
SCP,140.8522104437669,146.82711132977224,1999,4,2019,-0.04069344436386667
ANC,553.6336802548038,482.08261476637267,1999,5,2018,0.1484207546524081
CMA,250.08111239584298,263.12464446908643,1999,5,2018,-0.04957168531120198
DMF,283.6262506812116,290.9668114580913,1999,5,2018,-0.025228172038229007
LPF,295.59914409403734,344.32880522835194,1999,5,2018,-0.1415207220377571
MPF,197.78142521008434,183.79700143503135,1999,5,2018,0.07608624550926751
NTU,199.79951194207283,154.36102496394463,1999,5,2018,0.29436502503622036
SAR,638.9540060216692,529.5126856296648,1999,5,2018,0.20668309440379756
SCP,131.80669224953803,145.74180866291334,1999,5,2018,-0.09561509179295204
ANC,723.1643501157043,726.0525240477061,2000,1,2022,-0.003977913217490613
CMA,265.7316905999686,265.16899130151364,2000,1,2022,0.002122040347527418
DMF,294.2287410301752,298.174960118158,2000,1,2022,-0.013234575721647058
LPF,337.3342026142602,351.65217728405673,2000,1,2022,-0.04071629750846324
MPF,851.2427543342556,175.70798106874167,2000,1,2022,3.8446447859487187
NTU,202.87927129849993,282.9765624379761,2000,1,2022,-0.2830527392424318
SAR,657.6159375144731,583.9232476856135,2000,1,2022,0.12620269893507643
SCP,114.0213975247156,153.30753563041236,2000,1,2022,-0.2562570583640859
ANC,713.0978327639431,658.6828176162205,2000,2,2021,0.08261186369586962
CMA,248.44963959402293,262.5616876649465,2000,2,2021,-0.05374755241873619
DMF,309.94502853880266,288.58824088957937,2000,2,2021,0.0740043585400103
LPF,308.26509195955714,351.253364583757,2000,2,2021,-0.12238536896334617
MPF,161.5869198262989,172.50121592239242,2000,2,2021,-0.0632708357314062
NTU,208.52907907756457,279.2188028656472,2000,2,2021,-0.2531696399475528
SAR,715.2474801228656,561.5857367517092,2000,2,2021,0.2736211647039996
SCP,161.00824614487973,149.5135932678443,2000,2,2021,0.07688031988130657
ANC,679.2463675513587,589.0660831154696,2000,3,2020,0.15309026783368862
CMA,246.19675513291622,257.6400389740912,2000,3,2020,-0.044415782138294745
DMF,334.3423957022894,277.8190548887659,2000,3,2020,0.20345379418324827
LPF,299.66814838349654,358.7179325756225,2000,3,2020,-0.16461341580596195
MPF,193.13944114812818,169.14769739178251,2000,3,2020,0.14183902072740381
NTU,203.53509486331026,276.6605303036326,2000,3,2020,-0.26431466519661395
SAR,661.1929149850982,533.9152538491628,2000,3,2020,0.23838551196720975
SCP,97.22447012967834,146.9347262867165,2000,3,2020,-0.33831523298336985
ANC,620.4688264167567,538.0285598724523,2000,4,2019,0.1532265621063834
CMA,244.68230910277032,260.13573010577454,2000,4,2019,-0.059405222791658274
DMF,280.46716474560316,279.659513857212,2000,4,2019,0.002887979304732398
LPF,306.13135281262913,364.92127565471895,2000,4,2019,-0.16110302896593962
MPF,282.189740639121,177.49554094731755,2000,4,2019,0.5898412947899222
NTU,200.5228977562197,277.69489416133445,2000,4,2019,-0.277902107772567
SAR,642.9765560214956,516.3113069093696,2000,4,2019,0.2453272810745556
SCP,152.92508134671547,146.59704500135888,2000,4,2019,0.043166193051830865
ANC,552.1827185127663,481.0533292251467,2000,5,2018,0.14786175454224754
CMA,242.9363002131296,258.53200200057233,2000,5,2018,-0.060324066911485084
DMF,281.0468167990903,281.3803678333051,2000,5,2018,-0.0011854097596901091
LPF,297.04600324989605,365.8323710625198,2000,5,2018,-0.18802701251625534
MPF,215.10534785378417,184.56224385306822,2000,5,2018,0.16548944877930505
NTU,195.70098131750186,277.52930650070334,2000,5,2018,-0.2948457091431319
SAR,629.9421059538781,489.00692668665147,2000,5,2018,0.28820691809450766
SCP,191.55745355631382,145.62909287291288,2000,5,2018,0.3153790206156235
ANC,719.2611166406575,729.1566986659542,2001,1,2022,-0.013571269445101952
CMA,234.80496613124143,270.31265360652395,2001,1,2022,-0.1313578443389065
DMF,280.04614836336185,275.6103553228628,2001,1,2022,0.01609443533173039
LPF,334.76185086566176,360.0515430250075,2001,1,2022,-0.07023908840071057
MPF,860.4263779985423,832.7738753709982,2001,1,2022,0.03320529551341292
NTU,152.94578210025645,159.86479649133776,2001,1,2022,-0.04328041284221201
SAR,639.4534632713932,551.3058580153527,2001,1,2022,0.15988875136092925
SCP,109.81284171241425,147.28782510819252,2001,1,2022,-0.2544336802329075
ANC,714.6389287258452,662.0043985500004,2001,2,2021,0.07950782546329169
CMA,237.58393267608866,267.969310353683,2001,2,2021,-0.11339125975840209
DMF,278.213806400526,266.1073132823597,2001,2,2021,0.0454947779105957
LPF,239.5786232813596,360.4589127101668,2001,2,2021,-0.3353510904195705
MPF,916.4746522939919,833.2455665780685,2001,2,2021,0.09988542280245719
NTU,180.029881251408,176.93877807432585,2001,2,2021,0.017469902362407416
SAR,727.1466928394831,530.5424542750104,2001,2,2021,0.37057211346664726
SCP,141.13519979123154,155.44553912462706,2001,2,2021,-0.09206014797196807
ANC,677.4025216089624,591.7471839813519,2001,3,2020,0.14474988634725772
CMA,234.01234168926018,263.5331664815108,2001,3,2020,-0.11201939090395964
DMF,318.7804279763569,255.76149901975546,2001,3,2020,0.2463972458643346
LPF,302.1259630228143,368.1261359333141,2001,3,2020,-0.17928684347056448
MPF,192.01489352763008,820.8625922070471,2001,3,2020,-0.766081564258689
NTU,174.0513097731674,157.27767813708385,2001,3,2020,0.10664979185071369
SAR,651.2927970826172,504.04466473827944,2001,3,2020,0.2921331037613403
SCP,113.01729443349387,144.5151657551838,2001,3,2020,-0.21795547309580615
ANC,624.0995966057824,540.8394143791003,2001,4,2019,0.15394621769988281
CMA,244.01226903838108,266.6123718082992,2001,4,2019,-0.0847676445644021
DMF,273.2831578099643,255.9784675213388,2001,4,2019,0.06760213253946025
LPF,316.02287161561287,374.86438961703817,2001,4,2019,-0.156967478456777
MPF,300.23593705613587,821.1650027064733,2001,4,2019,-0.6343780652285596
NTU,175.47194041950317,175.6197010012154,2001,4,2019,-8.413667764483726e-4
SAR,645.8903809504924,487.8334869252249,2001,4,2019,0.3239976308750088
SCP,202.11928212256535,153.77781256249173,2001,4,2019,0.3143591962620015
ANC,554.244566556645,483.2858232566662,2001,5,2018,0.1468256255104211
CMA,240.9640703447881,265.6913820796085,2001,5,2018,-0.09306779746213754
DMF,272.717984252405,258.03965954654603,2001,5,2018,0.05688398725859914
LPF,294.1618428565661,375.93208566624315,2001,5,2018,-0.21751333798699374
MPF,223.59010800239608,813.8220957386113,2001,5,2018,-0.7252592315038222
NTU,171.24676763370766,157.32183278378284,2001,5,2018,0.08851241180912714
SAR,631.7097747454327,461.54495456739494,2001,5,2018,0.36868525697032667
SCP,203.217744419272,143.85028900251353,2001,5,2018,0.41270306669819157
ANC,731.4481063572011,730.1572161381322,2002,1,2022,0.0017679620094650185
CMA,270.9250350950833,287.66420052514087,2002,1,2022,-0.05818994994684662
DMF,240.29747264728042,250.16595959860575,2002,1,2022,-0.03944776086706377
LPF,312.05259699317537,362.1352780562956,2002,1,2022,-0.13829826613946913
MPF,823.6874734672267,795.0906643603068,2002,1,2022,0.035966727303895
NTU,151.25187451518266,151.50370810477983,2002,1,2022,-0.0016622272335605208
SAR,680.001524035949,579.8001592870736,2002,1,2022,0.17282051952535465
SCP,114.82729050990375,183.89110981299027,2002,1,2022,-0.37556910376647135
ANC,728.3323281889827,664.083666908395,2002,2,2021,0.09674784139729536
CMA,260.2171930176348,285.1847213200371,2002,2,2021,-0.08754861826690737
DMF,126.24572377463524,242.34013562221534,2002,2,2021,-0.4790556527069044
LPF,326.2053285696482,362.7376966876144,2002,2,2021,-0.10071290756810275
MPF,165.472215638928,798.3398652103145,2002,2,2021,-0.7927296094685989
NTU,177.08452133912493,172.95452557998456,2002,2,2021,0.02387908466280874
SAR,765.8583533909167,558.6797187492987,2002,2,2021,0.37083614759709427
SCP,173.08078433298988,191.6541358084653,2002,2,2021,-0.09691077835146326
ANC,690.5731441232259,593.8443000179117,2002,3,2020,0.16288586773064367
CMA,282.07543985779364,280.0981154334711,2002,3,2020,0.0070593992439488594
DMF,361.80535735438707,232.34447257898304,2002,3,2020,0.5571937362589728
LPF,319.0334351675292,370.5157726563322,2002,3,2020,-0.1389477622496651
MPF,202.39262032373068,785.0740144605835,2002,3,2020,-0.7421993129363826
NTU,225.93167326522874,149.4042210759133,2002,3,2020,0.5122174704182642
SAR,706.7266369283609,531.7550024056765,2002,3,2020,0.32904558251658605
SCP,72.31922803900274,180.8977133348084,2002,3,2020,-0.600220330562426
ANC,640.4316228352083,542.879892889984,2002,4,2019,0.1796930245950246
CMA,252.67086523355343,282.5374154045424,2002,4,2019,-0.10570830106952554
DMF,244.77617581561714,231.79939038841232,2002,4,2019,0.055982828106063594
LPF,306.9469142683872,377.45969380081965,2002,4,2019,-0.1868087657847809
MPF,345.1081373034825,787.1370761703998,2002,4,2019,-0.5615653896237339
NTU,164.14072151886404,171.45725110340234,2002,4,2019,-0.042672616861948016
SAR,682.7720612621022,514.7962617650579,2002,4,2019,0.3262956862217947
SCP,170.64373078912755,189.87529101807576,2002,4,2019,-0.10128521792294398
ANC,552.6224961977628,484.5646946509154,2002,5,2018,0.14045142433638672
CMA,252.574221585319,280.56547551544804,2002,5,2018,-0.09976727848893092
DMF,248.26180848601635,233.26850463784885,2002,5,2018,0.06427487444755871
LPF,280.1193543250525,378.58816445197573,2002,5,2018,-0.26009479263426394
MPF,248.4021080818869,778.8992884337473,2002,5,2018,-0.6810857170233301
NTU,145.08822370116556,150.21868649516998,2002,5,2018,-0.034153292867258406
SAR,674.3694666191166,487.6196193591266,2002,5,2018,0.3829826361487123
SCP,167.93923664095067,179.8153927877533,2002,5,2018,-0.06604638214049204
ANC,760.3132485364463,757.8890705314528,2003,1,2022,0.003198592114929893
CMA,255.1722035566464,256.9738983907952,2003,1,2022,-0.007011197812039612
DMF,271.04487983578315,257.8747291163075,2003,1,2022,0.05107189356866222
LPF,280.58107871011805,362.33867291493976,2003,1,2022,-0.22563860916942363
MPF,257.379987603439,224.2689368306153,2003,1,2022,0.14763993284469737
NTU,267.29578930131277,283.75720964005495,2003,1,2022,-0.058012342169643696
SAR,715.8140018865586,617.2047885873479,2003,1,2022,0.15976741451553933
SCP,121.98843357206654,155.65834840012695,2003,1,2022,-0.21630651471073267
ANC,752.8601051160297,689.6016690739917,2003,2,2021,0.09173184880335686
CMA,235.706585842473,258.25558809358273,2003,2,2021,-0.08731273703529219
DMF,261.7640504349131,251.7170805749543,2003,2,2021,0.039913739016081876
LPF,227.9726854547337,362.3967752212016,2003,2,2021,-0.37093070070620093
MPF,170.50623777878076,220.21296957246747,2003,2,2021,-0.22572118204567998
NTU,247.29006847375646,278.8934719262752,2003,2,2021,-0.11331711435996973
SAR,803.4917112666351,595.892496453345,2003,2,2021,0.34838366995538095
SCP,147.1011857632958,161.5877003173098,2003,2,2021,-0.08965109674540102
ANC,711.1549718264669,617.5638611170896,2003,3,2020,0.15154887875090944
CMA,234.19695058681543,251.06813828824977,2003,3,2020,-0.06719764529446039
DMF,283.70767230996614,240.6286481197693,2003,3,2020,0.17902699668891833
LPF,186.91410353748114,370.1502619524894,2003,3,2020,-0.4950318215323255
MPF,875.8220494173916,215.638112490326,2003,3,2020,3.061536429264947
NTU,214.08221167481577,275.3200210868564,2003,3,2020,-0.22242410548385683
SAR,720.9699798835168,568.4442371382551,2003,3,2020,0.26832138102609515
SCP,78.70346323073456,152.7686774150555,2003,3,2020,-0.4848193715986294
ANC,690.1540017018963,563.6512918511174,2003,4,2019,0.22443434740533372
CMA,226.9119614889288,255.06006417193822,2003,4,2019,-0.11035872187358403
DMF,223.0528119954978,241.849050590039,2003,4,2019,-0.07771888518348138
LPF,277.7518191934395,376.7105967911218,2003,4,2019,-0.2626917810134046
MPF,403.9310389573349,223.9657395857339,2003,4,2019,0.8035394150216018
NTU,203.02812106386773,275.4151222376928,2003,4,2019,-0.26282870957010335
SAR,715.9547499897017,550.8169645926328,2003,4,2019,0.2998051912202808
SCP,145.51578269578448,160.1798177394579,2003,4,2019,-0.09154733255799644
ANC,587.2557030726697,502.9798515313883,2003,5,2018,0.1675531361439081
CMA,229.7816125270244,251.5714351110515,2003,5,2018,-0.08661485185871116
DMF,229.29325573767647,242.2553678827584,2003,5,2018,-0.053505985268219355
LPF,258.4360027398925,377.96782662030944,2003,5,2018,-0.31624867372770743
MPF,287.34053596106077,230.83513747827487,2003,5,2018,0.24478681668688293
NTU,186.57637789288373,274.50982701797653,2003,5,2018,-0.32032896628991864
SAR,713.4736183928555,522.5259993948883,2003,5,2018,0.36543180476970377
SCP,139.4975546218905,152.16940835549596,2003,5,2018,-0.08327464679366876
ANC,799.2929286869215,786.5611114503473,2004,1,2022,0.01618668537158912
CMA,234.7167310823685,246.76920018507184,2004,1,2022,-0.04884105915026763
DMF,279.91280350405293,249.2249258825958,2004,1,2022,0.12313326009740085
LPF,330.3710129724285,342.9705409203759,2004,1,2022,-0.03673647280065529
MPF,299.60142614078285,250.2295074345602,2004,1,2022,0.1973065415521963
NTU,230.5777829581746,230.99845750437973,2004,1,2022,-0.0018211140920590713
SAR,528.1674524612342,455.52670511461724,2004,1,2022,0.15946539803487372
SCP,157.72719423718132,156.99911181859008,2004,1,2022,0.004637493869599273
ANC,802.2500104598548,716.140317018097,2004,2,2021,0.12024137085355832
CMA,214.11442047514925,244.8639044462993,2004,2,2021,-0.12557785534247118
DMF,249.69966198180677,241.86926508922775,2004,2,2021,0.03237450152953627
LPF,278.2570038318387,342.52389064847375,2004,2,2021,-0.18762745773722114
MPF,207.196412264243,244.665866420061,2004,2,2021,-0.15314540889609662
NTU,236.9454987229505,229.596518286258,2004,2,2021,0.03200823989643382
SAR,585.0014738637959,441.52121316639665,2004,2,2021,0.3249679888955317
SCP,131.2331018849102,153.6021746048215,2004,2,2021,-0.14562992208581096
ANC,767.6627416839173,641.2006885128245,2004,3,2020,0.19722694538024255
CMA,208.82965718186088,239.54052907786914,2004,3,2020,-0.12820741447901227
DMF,319.2322246333608,231.32314043423867,2004,3,2020,0.3800271950056514
LPF,283.946600599046,349.8545693569325,2004,3,2020,-0.18838675990149814
MPF,295.5816750266651,238.89412563112896,2004,3,2020,0.23729151667406886
NTU,241.01316290954244,226.69138322158884,2004,3,2020,0.06317743305643952
SAR,533.9831014336299,420.1571288034051,2004,3,2020,0.27091286765595957
SCP,109.21965787267708,151.16164673425754,2004,3,2020,-0.2774644876376252
ANC,772.1924035235003,583.8351268049033,2004,4,2019,0.3226206647575338
CMA,207.75768092409683,242.01570657855694,2004,4,2019,-0.1415529022424838
DMF,182.59740596387255,233.21561854352674,2004,4,2019,-0.21704469407226665
LPF,266.2255576488926,355.93418616767354,2004,4,2019,-0.25203712372972503
MPF,434.73237051293296,245.8511678727681,2004,4,2019,0.7682745795940815
NTU,228.10842745690755,228.40729512383905,2004,4,2019,-0.001308485645213119
SAR,532.7524523725762,409.1472107268338,2004,4,2019,0.30210456873496105
SCP,79.98886402922562,150.81255598012206,2004,4,2019,-0.4696140284250032
ANC,673.4509469759274,519.6227059305049,2004,5,2018,0.29603833568041904
CMA,207.2870968362108,239.38548855583082,2004,5,2018,-0.13408662284946257
DMF,182.21824578139723,234.82877979328524,2004,5,2018,-0.22403784603488525
LPF,283.7947156947989,356.5548958537338,2004,5,2018,-0.20406445404351595
MPF,306.710736842278,251.696889960663,2004,5,2018,0.21857181823030455
NTU,208.35823112088826,227.64313272363538,2004,5,2018,-0.0847154990884767
SAR,532.4696744182921,386.388681569217,2004,5,2018,0.378067474067318
SCP,72.57327507790735,149.8012040571868,2004,5,2018,-0.5155361030996626
ANC,751.8846111086934,740.4109388278276,2005,1,2022,0.01549635706224195
CMA,186.92026234028006,207.74073553138572,2005,1,2022,-0.10022335358469009
DMF,299.7933091192376,287.5839298071908,2005,1,2022,0.04245501242100874
LPF,328.10920407129726,344.4598491941084,2005,1,2022,-0.04746749196187832
MPF,858.62552616027,323.91896950259206,2005,1,2022,1.6507417193836162
NTU,289.5962961842303,287.27833840938547,2005,1,2022,0.008068682754429055
SAR,614.035611647372,542.2981161850001,2005,1,2022,0.13228424241455272
SCP,73.87620284799881,137.92923247408172,2005,1,2022,-0.46439053184841805
ANC,763.927446467357,673.1667312868001,2005,2,2021,0.1348265013142615
CMA,184.72186810676604,205.6719673071274,2005,2,2021,-0.10186171443129555
DMF,266.9574168350611,276.489026753461,2005,2,2021,-0.03447373673494474
LPF,233.54122960867014,342.888543644044,2005,2,2021,-0.3189004592375311
MPF,936.1177743016707,317.0042542069161,2005,2,2021,1.9530132857164901
NTU,297.0814229419086,280.5052634408351,2005,2,2021,0.05909393391675088
SAR,679.8914384251783,525.2103337030895,2005,2,2021,0.2945126833881617
SCP,118.12686610651235,136.537044706579,2005,2,2021,-0.13483651004480512
ANC,735.7366313383542,601.6122557971403,2005,3,2020,0.22294156119459071
CMA,185.522938977819,202.30453157280775,2005,3,2020,-0.08295213391672936
DMF,318.52139166783087,266.3323393388993,2005,3,2020,0.19595461992515548
LPF,282.89480787017834,349.3611855307281,2005,3,2020,-0.19025117961967675
MPF,923.951359542448,310.27775815914544,2005,3,2020,1.9778201474194665
NTU,257.77211035523527,275.0351926594935,2005,3,2020,-0.06276681226620592
SAR,637.6098769349566,501.49596210203,2005,3,2020,0.27141577424153623
SCP,56.6150401581986,136.15114157505553,2005,3,2020,-0.5841750608680086
ANC,730.8915238965435,547.4536973356925,2005,4,2019,0.3350745961778919
CMA,187.73323997033822,206.10808139194037,2005,4,2019,-0.08915148449060611
DMF,198.13183171165025,268.4662025660911,2005,4,2019,-0.26198594155301885
LPF,285.9491546673999,354.6947417932969,2005,4,2019,-0.19381620031446473
MPF,901.0775205069021,316.78468529223403,2005,4,2019,1.8444478610942245
NTU,244.40286292051786,273.40177059659175,2005,4,2019,-0.10606700758665602
SAR,644.4098284965715,487.51661265855125,2005,4,2019,0.3218212708330942
SCP,109.82849426082046,137.79781069132278,2005,4,2019,-0.20297359072819843
ANC,641.5125335645664,486.51618023669613,2005,5,2018,0.31858416970317954
CMA,184.86695190750936,206.5135557204971,2005,5,2018,-0.10481928770954402
DMF,189.58654418624778,269.5665930275731,2005,5,2018,-0.2966986670827732
LPF,276.0867236797402,354.0581986183038,2005,5,2018,-0.22022219861831685
MPF,827.8761485297881,322.52460756314446,2005,5,2018,1.5668619668584667
NTU,227.86328169847195,270.4771362623154,2005,5,2018,-0.1575506719448386
SAR,644.97983305534,462.2776298498395,2005,5,2018,0.39522181349083924
SCP,106.73777269561808,138.48174379604916,2005,5,2018,-0.22922856277129525
ANC,659.2391831055833,647.2246696475177,2006,1,2022,0.01856312656408598
CMA,226.37953191232427,242.1224634373548,2006,1,2022,-0.0650205325913668
DMF,294.06976759059165,274.97240637874614,2006,1,2022,0.06945191869740146
LPF,386.95351183066384,401.96349787040253,2006,1,2022,-0.037341664403015215
MPF,399.54212116004,317.98759684632233,2006,1,2022,0.256470771572677
NTU,278.68128688906523,274.3307853854533,2006,1,2022,0.015858597486604366
SAR,638.1810947870075,591.5550768801369,2006,1,2022,0.07881940284035154
SCP,127.96627183923226,122.88132426802491,2006,1,2022,0.04138096331152993
ANC,677.1935811996959,587.6203941216785,2006,2,2021,0.15243376161561462
CMA,205.3421094421996,239.22147155790464,2006,2,2021,-0.1416234165565042
DMF,265.30773253914873,262.5121063675752,2006,2,2021,0.010649513312955685
LPF,399.14319695876986,399.7165390444041,2006,2,2021,-0.0014343716850068737
MPF,357.33701477048317,310.0020720953071,2006,2,2021,0.15269234284544853
NTU,288.6908046398557,267.36049518451694,2006,2,2021,0.07978108149679251
SAR,662.4515019495466,571.933371947978,2006,2,2021,0.1582669143667349
SCP,134.5925958613305,122.27573947548267,2006,2,2021,0.10073017295730576
ANC,649.0134512196854,522.6764112183187,2006,3,2020,0.24171176905972241
CMA,200.97067033587643,234.560317108701,2006,3,2020,-0.14320259789407733
DMF,298.1651996399635,251.19738335084472,2006,3,2020,0.1869757386107773
LPF,346.6321489897504,405.5971072486047,2006,3,2020,-0.1453781528641736
MPF,957.1338409863771,302.42366349171994,2006,3,2020,2.164877476634967
NTU,164.95704497403656,261.660909134141,2006,3,2020,-0.3695770395360393
SAR,636.0525746619717,546.4325502963893,2006,3,2020,0.16400930785871332
SCP,131.74251022044913,122.54621769178958,2006,3,2020,0.07504346280020435
ANC,644.6473896148083,474.3639937674028,2006,4,2019,0.35897200901572085
CMA,202.3113061267601,237.10688861638818,2006,4,2019,-0.14675061822401694
DMF,196.17334173591956,251.96037500212933,2006,4,2019,-0.2214119314028577
LPF,357.4585693026235,410.4548171149194,2006,4,2019,-0.12911591142919387
MPF,945.6252184354856,307.5158908553793,2006,4,2019,2.075045051509877
NTU,162.56323803872147,259.8022663206078,2006,4,2019,-0.3742809085502317
SAR,658.3386315105464,530.7672660430771,2006,4,2019,0.24035273768581567
SCP,130.6695673897075,124.73709351989429,2006,4,2019,0.047559821240079264
ANC,547.0980803356489,418.86001212007403,2006,5,2018,0.3061597299930675
CMA,204.2042779901687,235.94963803795858,2006,5,2018,-0.13454294870621003
DMF,191.05312523903743,251.55583860520602,2006,5,2018,-0.24051404929273812
LPF,331.2865421002932,409.06130806999175,2006,5,2018,-0.19012985201815033
MPF,862.7596120400483,312.1896059671533,2006,5,2018,1.7635757102394456
NTU,156.61918246432174,256.54313460633057,2006,5,2018,-0.3895015639196258
SAR,664.9009226984914,504.55238465767724,2006,5,2018,0.3178035480886797
SCP,122.09154439768135,125.69458662860876,2006,5,2018,-0.02866505493648159
ANC,557.1039027238259,534.1383259427978,2007,1,2022,0.04299556063589323
CMA,292.42169729217204,274.3165424741656,2007,1,2022,0.06600095880003859
DMF,329.46913762341654,304.18181366517285,2007,1,2022,0.08313226768408524
LPF,276.0450303061771,305.529389130454,2007,1,2022,-0.09650252929248555
MPF,368.0281930058056,299.18292747109643,2007,1,2022,0.23011094288246167
NTU,277.37834501424595,274.830901590123,2007,1,2022,0.009269130252034574
SAR,618.8592270676562,583.5598550672889,2007,1,2022,0.06048971959576791
SCP,123.93033647264436,102.11403753031985,2007,1,2022,0.2136464238410589
ANC,573.0288085122384,484.5977903119308,2007,2,2021,0.1824833294088803
CMA,263.7658638956359,271.2545500741218,2007,2,2021,-0.027607596541475876
DMF,312.9218808393956,289.71735106041604,2007,2,2021,0.08009368335740663
LPF,310.83998476322364,303.95504896449745,2007,2,2021,0.02265116444744553
MPF,339.3118285216049,290.5591010402877,2007,2,2021,0.16778936645511358
NTU,285.3368317864697,267.86616915067157,2007,2,2021,0.06522160932525635
SAR,599.7689069509665,563.0898510718364,2007,2,2021,0.065138904225163885
SCP,183.51309321704366,102.34643588538546,2007,2,2021,0.7930579763671906
ANC,555.8195077585736,428.07789211139834,2007,3,2020,0.29840741136412907
CMA,262.1691329219372,265.60782711416346,2007,3,2020,-0.01294650925610047
DMF,367.8555856663344,276.18628705487504,2007,3,2020,0.33191111546115865
LPF,281.26483065759004,297.1061908215531,2007,3,2020,-0.05331884912986438
MPF,474.61029626370527,282.3507763500302,2007,3,2020,0.6809243537383833
NTU,250.79227961732704,262.2495298167186,2007,3,2020,-0.04368835363555787
SAR,590.6682013367497,537.1686450468576,2007,3,2020,0.09959545625606143
SCP,83.87043969584379,103.1028451180325,2007,3,2020,-0.18653612710853318
ANC,538.1790257684213,387.0508404497932,2007,4,2019,0.3904608116675356
CMA,226.1577477652975,267.35156204665475,2007,4,2019,-0.1540810682608566
DMF,223.9294657414939,274.9138839091132,2007,4,2019,-0.18545595967235617
LPF,298.36310731689366,310.8658362128398,2007,4,2019,-0.04021905092004355
MPF,633.3529029541213,286.35421019633714,2007,4,2019,1.211781354707048
NTU,234.61893966847666,260.53740022141335,2007,4,2019,-0.09948076756316108
SAR,587.6665651236325,521.4131433484592,2007,4,2019,0.12706511644432453
SCP,146.9080751017174,105.67671486666158,2007,4,2019,0.3901650452238207
ANC,435.51850999638583,338.16775914127226,2007,5,2018,0.2878770912470237
CMA,233.13913319963714,264.72378713632247,2007,5,2018,-0.11931173348022729
DMF,219.32545605218257,272.63259987070705,2007,5,2018,-0.195527401505927
LPF,275.60250063344756,299.5089895600235,2007,5,2018,-0.07981893619184653
MPF,483.23404914612604,290.0538966702044,2007,5,2018,0.6660146775948002
NTU,213.76224755836898,257.589117203884,2007,5,2018,-0.17014255152256938
SAR,602.674333714936,495.6177103213699,2007,5,2018,0.21600645248158734
SCP,127.47971419621494,106.52292843393838,2007,5,2018,0.19673497593781605
ANC,465.34052924232327,442.74591054883524,2008,1,2022,0.05103292465305747
CMA,273.0190210958138,291.30825380535913,2008,1,2022,-0.06278309134956912
DMF,336.76098079835987,320.5730725647913,2008,1,2022,0.050496780980557335
LPF,374.35016312995356,396.7162462021584,2008,1,2022,-0.05637803666050911
MPF,864.7457694986603,357.44980523647746,2008,1,2022,1.4192089541818937
NTU,282.6908765251324,273.1789480679078,2008,1,2022,0.034819405098741686
SAR,547.8237573837232,554.8321591749078,2008,1,2022,-0.01263157096302208
SCP,70.96308244779792,105.80425889033762,2008,1,2022,-0.3292984309700742
ANC,481.4802362796756,402.1836221779111,2008,2,2021,0.19716519949856784
CMA,242.00146132634686,287.4409036321796,2008,2,2021,-0.15808272842051313
DMF,315.1141863915777,304.6099227919241,2008,2,2021,0.03448431194682044
LPF,354.20978038169,393.6506278297156,2008,2,2021,-0.10019251757699928
MPF,1008.0966958441586,346.90272165486755,2008,2,2021,1.9059924668077726
NTU,293.4474803727036,263.62275261203763,2008,2,2021,0.11313411860378278
SAR,496.73784183290127,534.5052346560238,2008,2,2021,-0.0706586023379686
SCP,118.44354865013732,106.30301244379793,2008,2,2021,0.11420688771880341
ANC,450.1970980180082,352.8332310274397,2008,3,2020,0.27594868744944423
CMA,242.16069688419364,281.336850436523,2008,3,2020,-0.13924998979530595
DMF,347.116016181278,289.42184274673224,2008,3,2020,0.19934284464159419
LPF,325.02124670281063,398.48891269133793,2008,3,2020,-0.1843656464425498
MPF,1021.1537875597543,336.8844587917588,2008,3,2020,2.031169176583977
NTU,264.5749106087661,255.53251804569106,2008,3,2020,0.03538646522263053
SAR,485.15660831655896,509.25756103780367,2008,3,2020,-0.04732566497811041
SCP,53.686694294108705,107.42031204617562,2008,3,2020,-0.5002184105457543
ANC,475.15409744547804,317.6348158428863,2008,4,2019,0.4959131485148859
CMA,242.56011838935413,282.49147148836886,2008,4,2019,-0.14135418987563608
DMF,242.7820913021933,286.51709241333305,2008,4,2019,-0.1526436023162175
LPF,327.44348942409033,402.16840683906094,2008,4,2019,-0.18580504123207742
MPF,971.748053277011,339.2349913867931,2008,4,2019,1.8645277696870348
NTU,253.56759847575773,251.53822202699425,2008,4,2019,0.008067865123677706
SAR,494.0640108995209,494.32653934636664,2008,4,2019,-5.310830512820189e-4
SCP,136.0746942695252,110.25961410022602,2008,4,2019,0.2341299702521475
ANC,389.8248300594446,273.92883058544777,2008,5,2018,0.42308799415636866
CMA,252.835569770785,279.6013322023489,2008,5,2018,-0.09572830794737901
DMF,238.58193457570948,282.7013141602928,2008,5,2018,-0.15606358150697325
LPF,304.91068345077997,399.81809324902775,2008,5,2018,-0.23737647545413723
MPF,854.132671517808,341.57536230444805,2008,5,2018,1.500568734686768
NTU,235.6325491422871,246.28480363046157,2008,5,2018,-0.043251773276915845
SAR,506.6040007597383,469.8871565994185,2008,5,2018,0.07813970576689142
SCP,119.27642646302557,111.5400624443292,2008,5,2018,0.06935950948169567
ANC,451.7089062180764,433.5430407941506,2009,1,2022,0.0419009503431311
CMA,303.0784031380169,317.92188185147455,2009,1,2022,-0.046689075401208736
DMF,373.6904463910811,358.3738718720113,2009,1,2022,0.042739093782316516
LPF,465.80752356970083,398.5601692222151,2009,1,2022,0.1687257271059425
MPF,857.1487049175639,771.8763612459705,2009,1,2022,0.1104740965689711
NTU,273.6181224273133,259.8239029835709,2009,1,2022,0.053090648263468807
SAR,638.2823200603518,613.8133988809448,2009,1,2022,0.039863778184081405
SCP,75.23739258066082,92.48806521742492,2009,1,2022,-0.18651782363714142
ANC,469.2334711714285,394.21569944850484,2009,2,2021,0.19029625615588402
CMA,268.784093564036,313.52872422671237,2009,2,2021,-0.14271301863341088
DMF,355.1133096381973,341.75122206033564,2009,2,2021,0.039098872850563175
LPF,516.4101233393502,398.3222680814935,2009,2,2021,0.2964631021675566
MPF,1001.4265350658603,768.7960915135011,2009,2,2021,0.3025905648068372
NTU,294.75683516122075,250.02960567046046,2009,2,2021,0.1788877335978799
SAR,590.250192969304,596.4930818755942,2009,2,2021,-0.010465987110295161
SCP,100.93529496659143,93.2041465096277,2009,2,2021,0.08294854624482956
ANC,435.5314663968407,344.91292259363985,2009,3,2020,0.2627287580928458
CMA,266.7983889490176,306.902318874625,2009,3,2020,-0.13067327113286029
DMF,395.60230299903094,325.27214652057575,2009,3,2020,0.2162194249669832
LPF,467.1289352649064,405.5037147740841,2009,3,2020,0.15197202453534908
MPF,1014.9965044229283,755.7143589892352,2009,3,2020,0.3430954332804817
NTU,272.9634665115082,241.31302400515597,2009,3,2020,0.1311592800961957
SAR,610.2912383582717,574.4430648317054,2009,3,2020,0.06240509411854192
SCP,99.17637586772487,94.35475498381783,2009,3,2020,0.051100984626942965
ANC,482.14586493807275,309.0025363277907,2009,4,2019,0.5603297975088823
CMA,270.46815071466506,307.46244600690744,2009,4,2019,-0.12032134581864112
DMF,280.385632185065,321.21429271992963,2009,4,2019,-0.12710723482800812
LPF,477.857961014438,411.23507731004446,2009,4,2019,0.16200681162751157
MPF,986.640875569622,753.2714638151306,2009,4,2019,0.30980784878340417
NTU,270.98669431911316,236.50308870374542,2009,4,2019,0.14580615333342845
SAR,628.0782717546123,563.3209598020075,2009,4,2019,0.1149563331983339
SCP,126.4544394817428,97.1384285978062,2009,4,2019,0.30179622325698896
ANC,399.552006299408,264.31705989033196,2009,5,2018,0.5116391142712714
CMA,282.73861700141265,303.98335448604644,2009,5,2018,-0.06988783159049247
DMF,276.68785924437316,316.3519132744165,2009,5,2018,-0.125379529459767
LPF,429.4131245489393,411.6310487221885,2009,5,2018,0.04319906353505424
MPF,871.7973792037905,743.3019858328217,2009,5,2018,0.17287104813395318
NTU,262.10346083891886,229.913844858502,2009,5,2018,0.1400072970822076
SAR,642.4377045418968,542.2023500162076,2009,5,2018,0.18486706028237054
SCP,110.9143372308962,98.09257147701761,2009,5,2018,0.13071087403272558
ANC,544.310333209573,526.6570978905081,2010,1,2022,0.03351941023822475
CMA,362.49183302882204,354.76022113880947,2010,1,2022,0.02179390875671873
DMF,405.9821974009738,378.7723944443429,2010,1,2022,0.07183681639879674
LPF,471.16820220468327,399.05654257261807,2010,1,2022,0.1807053686356808
MPF,377.3893995044712,298.2296025555623,2010,1,2022,0.26543239259476564
NTU,263.46977331031474,235.72152822021917,2010,1,2022,0.11771621073223401
SAR,651.4446777077976,586.865243137315,2010,1,2022,0.11004133457494988
SCP,163.46143183946236,88.97817362807193,2010,1,2022,0.8370958311948486
ANC,592.1741250521999,482.11004103987284,2010,2,2021,0.2282966016947658
CMA,374.08891826433444,349.4121753853095,2010,2,2021,0.0706235918992032
DMF,416.8022217880882,361.0145518217246,2010,2,2021,0.15453025282458027
LPF,547.4414089701107,397.1551801151169,2010,2,2021,0.3784068202545736
MPF,379.4876659855602,288.5706603560116,2010,2,2021,0.31505976913031863
NTU,294.7392131491541,226.67626424622333,2010,2,2021,0.3002650018486212
SAR,630.5356581882113,572.4000483851042,2010,2,2021,0.10156464865284931
SCP,245.0458679826702,89.6174886756094,2010,2,2021,1.7343532116780094
ANC,594.5103501753545,425.7263644830329,2010,3,2020,0.3964612008403072
CMA,382.58368775734056,341.76310902418777,2010,3,2020,0.11944114989386924
DMF,464.375067411906,343.24686578092286,2010,3,2020,0.35288946151162576
LPF,466.07489585182344,402.74406808372305,2010,3,2020,0.15724831918551085
MPF,979.2200389869619,279.3058785329598,2010,3,2020,2.505905583263289
NTU,277.9994349848539,218.51578494816567,2010,3,2020,0.2722167190383908
SAR,648.2170289427822,553.4558341281844,2010,3,2020,0.17121726607845364
SCP,107.05779085965354,90.72935946866134,2010,3,2020,0.17996855137759643
ANC,622.0348268005922,382.03863906141146,2010,4,2019,0.6281987296593896
CMA,330.1155576600141,341.2939954366496,2010,4,2019,-0.032753104145104836
DMF,288.18447978232217,337.9340827520591,2010,4,2019,-0.14721688491609775
LPF,472.709008168235,406.9629606468678,2010,4,2019,0.16155290254637378
MPF,952.8394347185102,281.86786770062827,2010,4,2019,2.380447166579912
NTU,268.9417911710232,214.10138003785062,2010,4,2019,0.2561422589778612
SAR,643.4838268197509,546.306217735108,2010,4,2019,0.17788120641848926
SCP,209.62473381942706,93.4547619079629,2010,4,2019,1.243061022678244
ANC,507.3269452580149,327.65624910068067,2010,5,2018,0.5483511962627817
CMA,314.3984472088439,336.7504186114389,2010,5,2018,-0.06637548215904644
DMF,296.7348073266737,331.7967138140477,2010,5,2018,-0.10567285638345433
LPF,434.8461842714815,405.56756377824485,2010,5,2018,0.07219172120294494
MPF,693.7169571105718,284.53212642245717,2010,5,2018,1.438097116951146
NTU,258.90838952011615,207.64763153936556,2010,5,2018,0.24686415925255875
SAR,624.3833185806387,529.326937104795,2010,5,2018,0.17957971683013876
SCP,154.0863307953843,94.45653326391111,2010,5,2018,0.6312935216970944
